{
"com.google.gson.Gson": ["<clinit>()V","Gson()V","Gson(Lcom/google/gson/internal/Excluder;Lcom/google/gson/FieldNamingStrategy;Ljava/util/Map;ZZZZZZZLcom/google/gson/LongSerializationPolicy;Ljava/lang/String;IILjava/util/List;Ljava/util/List;Ljava/util/List;)V","longAdapter(Lcom/google/gson/LongSerializationPolicy;)Lcom/google/gson/TypeAdapter;","doubleAdapter(Z)Lcom/google/gson/TypeAdapter;","floatAdapter(Z)Lcom/google/gson/TypeAdapter;","atomicLongAdapter(Lcom/google/gson/TypeAdapter;)Lcom/google/gson/TypeAdapter;","atomicLongArrayAdapter(Lcom/google/gson/TypeAdapter;)Lcom/google/gson/TypeAdapter;","toJson(Ljava/lang/Object;)Ljava/lang/String;","toJson(Ljava/lang/Object;Ljava/lang/reflect/Type;)Ljava/lang/String;","toJson(Ljava/lang/Object;Ljava/lang/reflect/Type;Ljava/lang/Appendable;)V","newJsonWriter(Ljava/io/Writer;)Lcom/google/gson/stream/JsonWriter;","toJson(Ljava/lang/Object;Ljava/lang/reflect/Type;Lcom/google/gson/stream/JsonWriter;)V","getAdapter(Lcom/google/gson/reflect/TypeToken;)Lcom/google/gson/TypeAdapter;","fromJson(Lcom/google/gson/JsonElement;Ljava/lang/Class;)Ljava/lang/Object;","fromJson(Lcom/google/gson/JsonElement;Ljava/lang/reflect/Type;)Ljava/lang/Object;","fromJson(Lcom/google/gson/stream/JsonReader;Ljava/lang/reflect/Type;)Ljava/lang/Object;","toJson(Lcom/google/gson/JsonElement;Lcom/google/gson/stream/JsonWriter;)V","checkValidFloatingPoint(D)V","fromJson(Ljava/lang/String;Ljava/lang/reflect/Type;)Ljava/lang/Object;","fromJson(Ljava/io/Reader;Ljava/lang/reflect/Type;)Ljava/lang/Object;","newJsonReader(Ljava/io/Reader;)Lcom/google/gson/stream/JsonReader;","assertFullConsumption(Ljava/lang/Object;Lcom/google/gson/stream/JsonReader;)V","toJson(Lcom/google/gson/JsonElement;)Ljava/lang/String;","toJson(Lcom/google/gson/JsonElement;Ljava/lang/Appendable;)V","getAdapter(Ljava/lang/Class;)Lcom/google/gson/TypeAdapter;","toJsonTree(Ljava/lang/Object;Ljava/lang/reflect/Type;)Lcom/google/gson/JsonElement;","fromJson(Ljava/lang/String;Ljava/lang/Class;)Ljava/lang/Object;","getDelegateAdapter(Lcom/google/gson/TypeAdapterFactory;Lcom/google/gson/reflect/TypeToken;)Lcom/google/gson/TypeAdapter;","newBuilder()Lcom/google/gson/GsonBuilder;","excluder()Lcom/google/gson/internal/Excluder;","fieldNamingStrategy()Lcom/google/gson/FieldNamingStrategy;","serializeNulls()Z","htmlSafe()Z","fromJson(Ljava/io/Reader;Ljava/lang/Class;)Ljava/lang/Object;","toJsonTree(Ljava/lang/Object;)Lcom/google/gson/JsonElement;","toJson(Ljava/lang/Object;Ljava/lang/Appendable;)V"],
"com.google.gson.reflect.TypeToken": ["get(Ljava/lang/Class;)Lcom/google/gson/reflect/TypeToken;","TypeToken(Ljava/lang/reflect/Type;)V","TypeToken()V","getSuperclassTypeParameter(Ljava/lang/Class;)Ljava/lang/reflect/Type;","getType()Ljava/lang/reflect/Type;","get(Ljava/lang/reflect/Type;)Lcom/google/gson/reflect/TypeToken;","hashCode()I","getRawType()Ljava/lang/Class;","equals(Ljava/lang/Object;)Z","isAssignableFrom(Ljava/lang/reflect/Type;)Z","isAssignableFrom(Ljava/lang/reflect/Type;Ljava/lang/reflect/ParameterizedType;Ljava/util/Map;)Z","typeEquals(Ljava/lang/reflect/ParameterizedType;Ljava/lang/reflect/ParameterizedType;Ljava/util/Map;)Z","matches(Ljava/lang/reflect/Type;Ljava/lang/reflect/Type;Ljava/util/Map;)Z","getArray(Ljava/lang/reflect/Type;)Lcom/google/gson/reflect/TypeToken;","getParameterized(Ljava/lang/reflect/Type;[Ljava/lang/reflect/Type;)Lcom/google/gson/reflect/TypeToken;","isAssignableFrom(Ljava/lang/Class;)Z","toString()Ljava/lang/String;"],
"com.google.gson.internal.$Gson$Preconditions": ["checkNotNull(Ljava/lang/Object;)Ljava/lang/Object;","checkArgument(Z)V"],
"com.google.gson.internal.$Gson$Types": ["<clinit>()V","canonicalize(Ljava/lang/reflect/Type;)Ljava/lang/reflect/Type;","getRawType(Ljava/lang/reflect/Type;)Ljava/lang/Class;","checkNotPrimitive(Ljava/lang/reflect/Type;)V","hashCodeOrZero(Ljava/lang/Object;)I","equals(Ljava/lang/reflect/Type;Ljava/lang/reflect/Type;)Z","equal(Ljava/lang/Object;Ljava/lang/Object;)Z","resolve(Ljava/lang/reflect/Type;Ljava/lang/Class;Ljava/lang/reflect/Type;)Ljava/lang/reflect/Type;","resolve(Ljava/lang/reflect/Type;Ljava/lang/Class;Ljava/lang/reflect/Type;Ljava/util/Collection;)Ljava/lang/reflect/Type;","getCollectionElementType(Ljava/lang/reflect/Type;Ljava/lang/Class;)Ljava/lang/reflect/Type;","getSupertype(Ljava/lang/reflect/Type;Ljava/lang/Class;Ljava/lang/Class;)Ljava/lang/reflect/Type;","getGenericSupertype(Ljava/lang/reflect/Type;Ljava/lang/Class;Ljava/lang/Class;)Ljava/lang/reflect/Type;","resolveTypeVariable(Ljava/lang/reflect/Type;Ljava/lang/Class;Ljava/lang/reflect/TypeVariable;)Ljava/lang/reflect/Type;","declaringClassOf(Ljava/lang/reflect/TypeVariable;)Ljava/lang/Class;","indexOf([Ljava/lang/Object;Ljava/lang/Object;)I","newParameterizedTypeWithOwner(Ljava/lang/reflect/Type;Ljava/lang/reflect/Type;[Ljava/lang/reflect/Type;)Ljava/lang/reflect/ParameterizedType;","getMapKeyAndValueTypes(Ljava/lang/reflect/Type;Ljava/lang/Class;)[Ljava/lang/reflect/Type;","arrayOf(Ljava/lang/reflect/Type;)Ljava/lang/reflect/GenericArrayType;","supertypeOf(Ljava/lang/reflect/Type;)Ljava/lang/reflect/WildcardType;","subtypeOf(Ljava/lang/reflect/Type;)Ljava/lang/reflect/WildcardType;","getArrayComponentType(Ljava/lang/reflect/Type;)Ljava/lang/reflect/Type;","typeToString(Ljava/lang/reflect/Type;)Ljava/lang/String;"],
"com.google.gson.internal.Excluder": ["<clinit>()V","Excluder()V","create(Lcom/google/gson/Gson;Lcom/google/gson/reflect/TypeToken;)Lcom/google/gson/TypeAdapter;","excludeClassChecks(Ljava/lang/Class;)Z","isAnonymousOrLocal(Ljava/lang/Class;)Z","excludeClassInStrategy(Ljava/lang/Class;Z)Z","excludeClass(Ljava/lang/Class;Z)Z","excludeField(Ljava/lang/reflect/Field;Z)Z","withModifiers([I)Lcom/google/gson/internal/Excluder;","clone()Lcom/google/gson/internal/Excluder;","excludeFieldsWithoutExposeAnnotation()Lcom/google/gson/internal/Excluder;","disableInnerClassSerialization()Lcom/google/gson/internal/Excluder;","isInnerClass(Ljava/lang/Class;)Z","isStatic(Ljava/lang/Class;)Z","withVersion(D)Lcom/google/gson/internal/Excluder;","isValidVersion(Lcom/google/gson/annotations/Since;Lcom/google/gson/annotations/Until;)Z","isValidSince(Lcom/google/gson/annotations/Since;)Z","isValidUntil(Lcom/google/gson/annotations/Until;)Z","withExclusionStrategy(Lcom/google/gson/ExclusionStrategy;ZZ)Lcom/google/gson/internal/Excluder;"],
"com.google.gson.FieldNamingPolicy": ["<clinit>()V","FieldNamingPolicy(Ljava/lang/String;ILcom/google/gson/FieldNamingPolicy$1;)V","FieldNamingPolicy(Ljava/lang/String;I)V","upperCaseFirstLetter(Ljava/lang/String;)Ljava/lang/String;","modifyString(CLjava/lang/String;I)Ljava/lang/String;","separateCamelCase(Ljava/lang/String;Ljava/lang/String;)Ljava/lang/String;"],
"com.google.gson.FieldNamingPolicy$1": ["FieldNamingPolicy$1(Ljava/lang/String;I)V","translateName(Ljava/lang/reflect/Field;)Ljava/lang/String;"],
"com.google.gson.FieldNamingPolicy$2": ["FieldNamingPolicy$2(Ljava/lang/String;I)V","translateName(Ljava/lang/reflect/Field;)Ljava/lang/String;"],
"com.google.gson.FieldNamingPolicy$3": ["FieldNamingPolicy$3(Ljava/lang/String;I)V","translateName(Ljava/lang/reflect/Field;)Ljava/lang/String;"],
"com.google.gson.FieldNamingPolicy$4": ["FieldNamingPolicy$4(Ljava/lang/String;I)V","translateName(Ljava/lang/reflect/Field;)Ljava/lang/String;"],
"com.google.gson.FieldNamingPolicy$5": ["FieldNamingPolicy$5(Ljava/lang/String;I)V","translateName(Ljava/lang/reflect/Field;)Ljava/lang/String;"],
"com.google.gson.FieldNamingPolicy$6": ["FieldNamingPolicy$6(Ljava/lang/String;I)V","translateName(Ljava/lang/reflect/Field;)Ljava/lang/String;"],
"com.google.gson.LongSerializationPolicy": ["<clinit>()V","LongSerializationPolicy(Ljava/lang/String;ILcom/google/gson/LongSerializationPolicy$1;)V","LongSerializationPolicy(Ljava/lang/String;I)V"],
"com.google.gson.LongSerializationPolicy$1": ["LongSerializationPolicy$1(Ljava/lang/String;I)V","serialize(Ljava/lang/Long;)Lcom/google/gson/JsonElement;"],
"com.google.gson.LongSerializationPolicy$2": ["LongSerializationPolicy$2(Ljava/lang/String;I)V","serialize(Ljava/lang/Long;)Lcom/google/gson/JsonElement;"],
"com.google.gson.internal.ConstructorConstructor": ["ConstructorConstructor(Ljava/util/Map;)V","get(Lcom/google/gson/reflect/TypeToken;)Lcom/google/gson/internal/ObjectConstructor;","newDefaultConstructor(Ljava/lang/Class;)Lcom/google/gson/internal/ObjectConstructor;","newDefaultImplementationConstructor(Ljava/lang/reflect/Type;Ljava/lang/Class;)Lcom/google/gson/internal/ObjectConstructor;","newUnsafeAllocator(Ljava/lang/reflect/Type;Ljava/lang/Class;)Lcom/google/gson/internal/ObjectConstructor;"],
"com.google.gson.internal.reflect.ReflectionAccessor": ["<clinit>()V","ReflectionAccessor()V","getInstance()Lcom/google/gson/internal/reflect/ReflectionAccessor;"],
"com.google.gson.internal.JavaVersion": ["<clinit>()V","determineMajorJavaVersion()I","getMajorJavaVersion(Ljava/lang/String;)I","parseDotted(Ljava/lang/String;)I","getMajorJavaVersion()I","extractBeginningInt(Ljava/lang/String;)I","isJava9OrLater()Z"],
"com.google.gson.internal.reflect.PreJava9ReflectionAccessor": ["PreJava9ReflectionAccessor()V","makeAccessible(Ljava/lang/reflect/AccessibleObject;)V"],
"com.google.gson.internal.bind.TypeAdapters": ["<clinit>()V","newFactory(Ljava/lang/Class;Lcom/google/gson/TypeAdapter;)Lcom/google/gson/TypeAdapterFactory;","newFactory(Ljava/lang/Class;Ljava/lang/Class;Lcom/google/gson/TypeAdapter;)Lcom/google/gson/TypeAdapterFactory;","newTypeHierarchyFactory(Ljava/lang/Class;Lcom/google/gson/TypeAdapter;)Lcom/google/gson/TypeAdapterFactory;","newFactoryForMultipleTypes(Ljava/lang/Class;Ljava/lang/Class;Lcom/google/gson/TypeAdapter;)Lcom/google/gson/TypeAdapterFactory;","newFactory(Lcom/google/gson/reflect/TypeToken;Lcom/google/gson/TypeAdapter;)Lcom/google/gson/TypeAdapterFactory;"],
"com.google.gson.internal.bind.TypeAdapters$1": ["TypeAdapters$1()V","read(Lcom/google/gson/stream/JsonReader;)Ljava/lang/Object;","read(Lcom/google/gson/stream/JsonReader;)Ljava/lang/Class;","write(Lcom/google/gson/stream/JsonWriter;Ljava/lang/Object;)V","write(Lcom/google/gson/stream/JsonWriter;Ljava/lang/Class;)V"],
"com.google.gson.TypeAdapter": ["TypeAdapter()V","nullSafe()Lcom/google/gson/TypeAdapter;","toJson(Ljava/lang/Object;)Ljava/lang/String;","toJson(Ljava/io/Writer;Ljava/lang/Object;)V","fromJson(Ljava/lang/String;)Ljava/lang/Object;","fromJson(Ljava/io/Reader;)Ljava/lang/Object;","fromJsonTree(Lcom/google/gson/JsonElement;)Ljava/lang/Object;","toJsonTree(Ljava/lang/Object;)Lcom/google/gson/JsonElement;"],
"com.google.gson.TypeAdapter$1": ["TypeAdapter$1(Lcom/google/gson/TypeAdapter;)V","read(Lcom/google/gson/stream/JsonReader;)Ljava/lang/Object;","write(Lcom/google/gson/stream/JsonWriter;Ljava/lang/Object;)V"],
"com.google.gson.internal.bind.TypeAdapters$32": ["TypeAdapters$32(Ljava/lang/Class;Lcom/google/gson/TypeAdapter;)V","create(Lcom/google/gson/Gson;Lcom/google/gson/reflect/TypeToken;)Lcom/google/gson/TypeAdapter;"],
"com.google.gson.internal.bind.TypeAdapters$2": ["TypeAdapters$2()V","write(Lcom/google/gson/stream/JsonWriter;Ljava/lang/Object;)V","write(Lcom/google/gson/stream/JsonWriter;Ljava/util/BitSet;)V","read(Lcom/google/gson/stream/JsonReader;)Ljava/lang/Object;","read(Lcom/google/gson/stream/JsonReader;)Ljava/util/BitSet;"],
"com.google.gson.internal.bind.TypeAdapters$3": ["TypeAdapters$3()V","write(Lcom/google/gson/stream/JsonWriter;Ljava/lang/Object;)V","write(Lcom/google/gson/stream/JsonWriter;Ljava/lang/Boolean;)V","read(Lcom/google/gson/stream/JsonReader;)Ljava/lang/Object;","read(Lcom/google/gson/stream/JsonReader;)Ljava/lang/Boolean;"],
"com.google.gson.internal.bind.TypeAdapters$4": ["TypeAdapters$4()V","read(Lcom/google/gson/stream/JsonReader;)Ljava/lang/Object;","read(Lcom/google/gson/stream/JsonReader;)Ljava/lang/Boolean;"],
"com.google.gson.internal.bind.TypeAdapters$33": ["TypeAdapters$33(Ljava/lang/Class;Ljava/lang/Class;Lcom/google/gson/TypeAdapter;)V","create(Lcom/google/gson/Gson;Lcom/google/gson/reflect/TypeToken;)Lcom/google/gson/TypeAdapter;"],
"com.google.gson.internal.bind.TypeAdapters$5": ["TypeAdapters$5()V","read(Lcom/google/gson/stream/JsonReader;)Ljava/lang/Object;","read(Lcom/google/gson/stream/JsonReader;)Ljava/lang/Number;","write(Lcom/google/gson/stream/JsonWriter;Ljava/lang/Object;)V","write(Lcom/google/gson/stream/JsonWriter;Ljava/lang/Number;)V"],
"com.google.gson.internal.bind.TypeAdapters$6": ["TypeAdapters$6()V","read(Lcom/google/gson/stream/JsonReader;)Ljava/lang/Object;","read(Lcom/google/gson/stream/JsonReader;)Ljava/lang/Number;","write(Lcom/google/gson/stream/JsonWriter;Ljava/lang/Object;)V","write(Lcom/google/gson/stream/JsonWriter;Ljava/lang/Number;)V"],
"com.google.gson.internal.bind.TypeAdapters$7": ["TypeAdapters$7()V","write(Lcom/google/gson/stream/JsonWriter;Ljava/lang/Object;)V","write(Lcom/google/gson/stream/JsonWriter;Ljava/lang/Number;)V","read(Lcom/google/gson/stream/JsonReader;)Ljava/lang/Object;","read(Lcom/google/gson/stream/JsonReader;)Ljava/lang/Number;"],
"com.google.gson.internal.bind.TypeAdapters$8": ["TypeAdapters$8()V","read(Lcom/google/gson/stream/JsonReader;)Ljava/lang/Object;","read(Lcom/google/gson/stream/JsonReader;)Ljava/util/concurrent/atomic/AtomicInteger;","write(Lcom/google/gson/stream/JsonWriter;Ljava/lang/Object;)V","write(Lcom/google/gson/stream/JsonWriter;Ljava/util/concurrent/atomic/AtomicInteger;)V"],
"com.google.gson.internal.bind.TypeAdapters$9": ["TypeAdapters$9()V","read(Lcom/google/gson/stream/JsonReader;)Ljava/lang/Object;","read(Lcom/google/gson/stream/JsonReader;)Ljava/util/concurrent/atomic/AtomicBoolean;","write(Lcom/google/gson/stream/JsonWriter;Ljava/lang/Object;)V","write(Lcom/google/gson/stream/JsonWriter;Ljava/util/concurrent/atomic/AtomicBoolean;)V"],
"com.google.gson.internal.bind.TypeAdapters$10": ["TypeAdapters$10()V","read(Lcom/google/gson/stream/JsonReader;)Ljava/lang/Object;","read(Lcom/google/gson/stream/JsonReader;)Ljava/util/concurrent/atomic/AtomicIntegerArray;","write(Lcom/google/gson/stream/JsonWriter;Ljava/lang/Object;)V","write(Lcom/google/gson/stream/JsonWriter;Ljava/util/concurrent/atomic/AtomicIntegerArray;)V"],
"com.google.gson.internal.bind.TypeAdapters$11": ["TypeAdapters$11()V","write(Lcom/google/gson/stream/JsonWriter;Ljava/lang/Object;)V","write(Lcom/google/gson/stream/JsonWriter;Ljava/lang/Number;)V","read(Lcom/google/gson/stream/JsonReader;)Ljava/lang/Object;","read(Lcom/google/gson/stream/JsonReader;)Ljava/lang/Number;"],
"com.google.gson.internal.bind.TypeAdapters$12": ["TypeAdapters$12()V","write(Lcom/google/gson/stream/JsonWriter;Ljava/lang/Object;)V","write(Lcom/google/gson/stream/JsonWriter;Ljava/lang/Number;)V"],
"com.google.gson.internal.bind.TypeAdapters$13": ["TypeAdapters$13()V","write(Lcom/google/gson/stream/JsonWriter;Ljava/lang/Object;)V","write(Lcom/google/gson/stream/JsonWriter;Ljava/lang/Number;)V"],
"com.google.gson.internal.bind.TypeAdapters$14": ["TypeAdapters$14()V","read(Lcom/google/gson/stream/JsonReader;)Ljava/lang/Object;","read(Lcom/google/gson/stream/JsonReader;)Ljava/lang/Number;","write(Lcom/google/gson/stream/JsonWriter;Ljava/lang/Object;)V","write(Lcom/google/gson/stream/JsonWriter;Ljava/lang/Number;)V"],
"com.google.gson.internal.bind.TypeAdapters$15": ["TypeAdapters$15()V","write(Lcom/google/gson/stream/JsonWriter;Ljava/lang/Object;)V","write(Lcom/google/gson/stream/JsonWriter;Ljava/lang/Character;)V","read(Lcom/google/gson/stream/JsonReader;)Ljava/lang/Object;","read(Lcom/google/gson/stream/JsonReader;)Ljava/lang/Character;"],
"com.google.gson.internal.bind.TypeAdapters$16": ["TypeAdapters$16()V","write(Lcom/google/gson/stream/JsonWriter;Ljava/lang/Object;)V","write(Lcom/google/gson/stream/JsonWriter;Ljava/lang/String;)V","read(Lcom/google/gson/stream/JsonReader;)Ljava/lang/Object;","read(Lcom/google/gson/stream/JsonReader;)Ljava/lang/String;"],
"com.google.gson.internal.bind.TypeAdapters$17": ["TypeAdapters$17()V","read(Lcom/google/gson/stream/JsonReader;)Ljava/lang/Object;","read(Lcom/google/gson/stream/JsonReader;)Ljava/math/BigDecimal;","write(Lcom/google/gson/stream/JsonWriter;Ljava/lang/Object;)V","write(Lcom/google/gson/stream/JsonWriter;Ljava/math/BigDecimal;)V"],
"com.google.gson.internal.bind.TypeAdapters$18": ["TypeAdapters$18()V","read(Lcom/google/gson/stream/JsonReader;)Ljava/lang/Object;","read(Lcom/google/gson/stream/JsonReader;)Ljava/math/BigInteger;","write(Lcom/google/gson/stream/JsonWriter;Ljava/lang/Object;)V","write(Lcom/google/gson/stream/JsonWriter;Ljava/math/BigInteger;)V"],
"com.google.gson.internal.bind.TypeAdapters$19": ["TypeAdapters$19()V","read(Lcom/google/gson/stream/JsonReader;)Ljava/lang/Object;","read(Lcom/google/gson/stream/JsonReader;)Ljava/lang/StringBuilder;","write(Lcom/google/gson/stream/JsonWriter;Ljava/lang/Object;)V","write(Lcom/google/gson/stream/JsonWriter;Ljava/lang/StringBuilder;)V"],
"com.google.gson.internal.bind.TypeAdapters$20": ["TypeAdapters$20()V","write(Lcom/google/gson/stream/JsonWriter;Ljava/lang/Object;)V","write(Lcom/google/gson/stream/JsonWriter;Ljava/lang/StringBuffer;)V","read(Lcom/google/gson/stream/JsonReader;)Ljava/lang/Object;","read(Lcom/google/gson/stream/JsonReader;)Ljava/lang/StringBuffer;"],
"com.google.gson.internal.bind.TypeAdapters$21": ["TypeAdapters$21()V","write(Lcom/google/gson/stream/JsonWriter;Ljava/lang/Object;)V","write(Lcom/google/gson/stream/JsonWriter;Ljava/net/URL;)V","read(Lcom/google/gson/stream/JsonReader;)Ljava/lang/Object;","read(Lcom/google/gson/stream/JsonReader;)Ljava/net/URL;"],
"com.google.gson.internal.bind.TypeAdapters$22": ["TypeAdapters$22()V","write(Lcom/google/gson/stream/JsonWriter;Ljava/lang/Object;)V","write(Lcom/google/gson/stream/JsonWriter;Ljava/net/URI;)V","read(Lcom/google/gson/stream/JsonReader;)Ljava/lang/Object;","read(Lcom/google/gson/stream/JsonReader;)Ljava/net/URI;"],
"com.google.gson.internal.bind.TypeAdapters$23": ["TypeAdapters$23()V","write(Lcom/google/gson/stream/JsonWriter;Ljava/lang/Object;)V","write(Lcom/google/gson/stream/JsonWriter;Ljava/net/InetAddress;)V","read(Lcom/google/gson/stream/JsonReader;)Ljava/lang/Object;","read(Lcom/google/gson/stream/JsonReader;)Ljava/net/InetAddress;"],
"com.google.gson.internal.bind.TypeAdapters$35": ["TypeAdapters$35(Ljava/lang/Class;Lcom/google/gson/TypeAdapter;)V","create(Lcom/google/gson/Gson;Lcom/google/gson/reflect/TypeToken;)Lcom/google/gson/TypeAdapter;"],
"com.google.gson.internal.bind.TypeAdapters$24": ["TypeAdapters$24()V","write(Lcom/google/gson/stream/JsonWriter;Ljava/lang/Object;)V","write(Lcom/google/gson/stream/JsonWriter;Ljava/util/UUID;)V","read(Lcom/google/gson/stream/JsonReader;)Ljava/lang/Object;","read(Lcom/google/gson/stream/JsonReader;)Ljava/util/UUID;"],
"com.google.gson.internal.bind.TypeAdapters$25": ["TypeAdapters$25()V","read(Lcom/google/gson/stream/JsonReader;)Ljava/lang/Object;","read(Lcom/google/gson/stream/JsonReader;)Ljava/util/Currency;","write(Lcom/google/gson/stream/JsonWriter;Ljava/lang/Object;)V","write(Lcom/google/gson/stream/JsonWriter;Ljava/util/Currency;)V"],
"com.google.gson.internal.bind.TypeAdapters$26": ["TypeAdapters$26()V","create(Lcom/google/gson/Gson;Lcom/google/gson/reflect/TypeToken;)Lcom/google/gson/TypeAdapter;"],
"com.google.gson.internal.bind.TypeAdapters$27": ["TypeAdapters$27()V","write(Lcom/google/gson/stream/JsonWriter;Ljava/lang/Object;)V","write(Lcom/google/gson/stream/JsonWriter;Ljava/util/Calendar;)V","read(Lcom/google/gson/stream/JsonReader;)Ljava/lang/Object;","read(Lcom/google/gson/stream/JsonReader;)Ljava/util/Calendar;"],
"com.google.gson.internal.bind.TypeAdapters$34": ["TypeAdapters$34(Ljava/lang/Class;Ljava/lang/Class;Lcom/google/gson/TypeAdapter;)V","create(Lcom/google/gson/Gson;Lcom/google/gson/reflect/TypeToken;)Lcom/google/gson/TypeAdapter;"],
"com.google.gson.internal.bind.TypeAdapters$28": ["TypeAdapters$28()V","write(Lcom/google/gson/stream/JsonWriter;Ljava/lang/Object;)V","write(Lcom/google/gson/stream/JsonWriter;Ljava/util/Locale;)V","read(Lcom/google/gson/stream/JsonReader;)Ljava/lang/Object;","read(Lcom/google/gson/stream/JsonReader;)Ljava/util/Locale;"],
"com.google.gson.internal.bind.TypeAdapters$29": ["TypeAdapters$29()V","read(Lcom/google/gson/stream/JsonReader;)Ljava/lang/Object;","read(Lcom/google/gson/stream/JsonReader;)Lcom/google/gson/JsonElement;","write(Lcom/google/gson/stream/JsonWriter;Ljava/lang/Object;)V","write(Lcom/google/gson/stream/JsonWriter;Lcom/google/gson/JsonElement;)V"],
"com.google.gson.internal.bind.TypeAdapters$30": ["TypeAdapters$30()V","create(Lcom/google/gson/Gson;Lcom/google/gson/reflect/TypeToken;)Lcom/google/gson/TypeAdapter;"],
"com.google.gson.internal.bind.ObjectTypeAdapter": ["<clinit>()V","ObjectTypeAdapter(Lcom/google/gson/Gson;)V","write(Lcom/google/gson/stream/JsonWriter;Ljava/lang/Object;)V","read(Lcom/google/gson/stream/JsonReader;)Ljava/lang/Object;"],
"com.google.gson.internal.bind.ObjectTypeAdapter$1": ["ObjectTypeAdapter$1()V","create(Lcom/google/gson/Gson;Lcom/google/gson/reflect/TypeToken;)Lcom/google/gson/TypeAdapter;"],
"com.google.gson.Gson$1": ["Gson$1(Lcom/google/gson/Gson;)V","write(Lcom/google/gson/stream/JsonWriter;Ljava/lang/Object;)V","write(Lcom/google/gson/stream/JsonWriter;Ljava/lang/Number;)V","read(Lcom/google/gson/stream/JsonReader;)Ljava/lang/Object;","read(Lcom/google/gson/stream/JsonReader;)Ljava/lang/Double;"],
"com.google.gson.Gson$2": ["Gson$2(Lcom/google/gson/Gson;)V","write(Lcom/google/gson/stream/JsonWriter;Ljava/lang/Object;)V","write(Lcom/google/gson/stream/JsonWriter;Ljava/lang/Number;)V","read(Lcom/google/gson/stream/JsonReader;)Ljava/lang/Object;","read(Lcom/google/gson/stream/JsonReader;)Ljava/lang/Float;"],
"com.google.gson.Gson$4": ["Gson$4(Lcom/google/gson/TypeAdapter;)V","read(Lcom/google/gson/stream/JsonReader;)Ljava/lang/Object;","read(Lcom/google/gson/stream/JsonReader;)Ljava/util/concurrent/atomic/AtomicLong;","write(Lcom/google/gson/stream/JsonWriter;Ljava/lang/Object;)V","write(Lcom/google/gson/stream/JsonWriter;Ljava/util/concurrent/atomic/AtomicLong;)V"],
"com.google.gson.Gson$5": ["Gson$5(Lcom/google/gson/TypeAdapter;)V","read(Lcom/google/gson/stream/JsonReader;)Ljava/lang/Object;","read(Lcom/google/gson/stream/JsonReader;)Ljava/util/concurrent/atomic/AtomicLongArray;","write(Lcom/google/gson/stream/JsonWriter;Ljava/lang/Object;)V","write(Lcom/google/gson/stream/JsonWriter;Ljava/util/concurrent/atomic/AtomicLongArray;)V"],
"com.google.gson.internal.bind.DateTypeAdapter": ["<clinit>()V","DateTypeAdapter()V","read(Lcom/google/gson/stream/JsonReader;)Ljava/lang/Object;","read(Lcom/google/gson/stream/JsonReader;)Ljava/util/Date;","deserializeToDate(Ljava/lang/String;)Ljava/util/Date;","write(Lcom/google/gson/stream/JsonWriter;Ljava/lang/Object;)V","write(Lcom/google/gson/stream/JsonWriter;Ljava/util/Date;)V"],
"com.google.gson.internal.bind.DateTypeAdapter$1": ["DateTypeAdapter$1()V","create(Lcom/google/gson/Gson;Lcom/google/gson/reflect/TypeToken;)Lcom/google/gson/TypeAdapter;"],
"com.google.gson.internal.bind.TimeTypeAdapter": ["<clinit>()V","TimeTypeAdapter()V","write(Lcom/google/gson/stream/JsonWriter;Ljava/lang/Object;)V","write(Lcom/google/gson/stream/JsonWriter;Ljava/sql/Time;)V","read(Lcom/google/gson/stream/JsonReader;)Ljava/lang/Object;","read(Lcom/google/gson/stream/JsonReader;)Ljava/sql/Time;"],
"com.google.gson.internal.bind.TimeTypeAdapter$1": ["TimeTypeAdapter$1()V","create(Lcom/google/gson/Gson;Lcom/google/gson/reflect/TypeToken;)Lcom/google/gson/TypeAdapter;"],
"com.google.gson.internal.bind.SqlDateTypeAdapter": ["<clinit>()V","SqlDateTypeAdapter()V","write(Lcom/google/gson/stream/JsonWriter;Ljava/lang/Object;)V","write(Lcom/google/gson/stream/JsonWriter;Ljava/sql/Date;)V","read(Lcom/google/gson/stream/JsonReader;)Ljava/lang/Object;","read(Lcom/google/gson/stream/JsonReader;)Ljava/sql/Date;"],
"com.google.gson.internal.bind.SqlDateTypeAdapter$1": ["SqlDateTypeAdapter$1()V","create(Lcom/google/gson/Gson;Lcom/google/gson/reflect/TypeToken;)Lcom/google/gson/TypeAdapter;"],
"com.google.gson.internal.bind.ArrayTypeAdapter": ["<clinit>()V","ArrayTypeAdapter(Lcom/google/gson/Gson;Lcom/google/gson/TypeAdapter;Ljava/lang/Class;)V","write(Lcom/google/gson/stream/JsonWriter;Ljava/lang/Object;)V","read(Lcom/google/gson/stream/JsonReader;)Ljava/lang/Object;"],
"com.google.gson.internal.bind.ArrayTypeAdapter$1": ["ArrayTypeAdapter$1()V","create(Lcom/google/gson/Gson;Lcom/google/gson/reflect/TypeToken;)Lcom/google/gson/TypeAdapter;"],
"com.google.gson.internal.bind.CollectionTypeAdapterFactory": ["CollectionTypeAdapterFactory(Lcom/google/gson/internal/ConstructorConstructor;)V","create(Lcom/google/gson/Gson;Lcom/google/gson/reflect/TypeToken;)Lcom/google/gson/TypeAdapter;"],
"com.google.gson.internal.bind.MapTypeAdapterFactory": ["MapTypeAdapterFactory(Lcom/google/gson/internal/ConstructorConstructor;Z)V","create(Lcom/google/gson/Gson;Lcom/google/gson/reflect/TypeToken;)Lcom/google/gson/TypeAdapter;","getKeyAdapter(Lcom/google/gson/Gson;Ljava/lang/reflect/Type;)Lcom/google/gson/TypeAdapter;"],
"com.google.gson.internal.bind.JsonAdapterAnnotationTypeAdapterFactory": ["JsonAdapterAnnotationTypeAdapterFactory(Lcom/google/gson/internal/ConstructorConstructor;)V","create(Lcom/google/gson/Gson;Lcom/google/gson/reflect/TypeToken;)Lcom/google/gson/TypeAdapter;","getTypeAdapter(Lcom/google/gson/internal/ConstructorConstructor;Lcom/google/gson/Gson;Lcom/google/gson/reflect/TypeToken;Lcom/google/gson/annotations/JsonAdapter;)Lcom/google/gson/TypeAdapter;"],
"com.google.gson.internal.bind.ReflectiveTypeAdapterFactory": ["ReflectiveTypeAdapterFactory(Lcom/google/gson/internal/ConstructorConstructor;Lcom/google/gson/FieldNamingStrategy;Lcom/google/gson/internal/Excluder;Lcom/google/gson/internal/bind/JsonAdapterAnnotationTypeAdapterFactory;)V","create(Lcom/google/gson/Gson;Lcom/google/gson/reflect/TypeToken;)Lcom/google/gson/TypeAdapter;","getBoundFields(Lcom/google/gson/Gson;Lcom/google/gson/reflect/TypeToken;Ljava/lang/Class;)Ljava/util/Map;","excludeField(Ljava/lang/reflect/Field;Z)Z","excludeField(Ljava/lang/reflect/Field;ZLcom/google/gson/internal/Excluder;)Z","getFieldNames(Ljava/lang/reflect/Field;)Ljava/util/List;","createBoundField(Lcom/google/gson/Gson;Ljava/lang/reflect/Field;Ljava/lang/String;Lcom/google/gson/reflect/TypeToken;ZZ)Lcom/google/gson/internal/bind/ReflectiveTypeAdapterFactory$BoundField;"],
"com.google.gson.JsonStreamParser": ["JsonStreamParser(Ljava/lang/String;)V","JsonStreamParser(Ljava/io/Reader;)V","next()Lcom/google/gson/JsonElement;","hasNext()Z"],
"com.google.gson.stream.JsonReader": ["<clinit>()V","JsonReader(Ljava/io/Reader;)V","setLenient(Z)V","peek()Lcom/google/gson/stream/JsonToken;","doPeek()I","consumeNonExecutePrefix()V","nextNonWhitespace(Z)I","fillBuffer(I)Z","checkLenient()V","nextString()Ljava/lang/String;","nextQuotedValue(C)Ljava/lang/String;","isLenient()Z","peekKeyword()I","peekNumber()I","isLiteral(C)Z","nextUnquotedValue()Ljava/lang/String;","syntaxError(Ljava/lang/String;)Ljava/io/IOException;","locationString()Ljava/lang/String;","getPath()Ljava/lang/String;","beginObject()V","push(I)V","hasNext()Z","nextName()Ljava/lang/String;","endObject()V","nextBoolean()Z","beginArray()V","endArray()V","close()V","nextInt()I","skipValue()V","nextNull()V","skipQuotedValue(C)V","nextDouble()D","readEscapeCharacter()C","skipUnquotedValue()V","nextLong()J","skipToEndOfLine()V","skipTo(Ljava/lang/String;)Z"],
"com.google.gson.stream.JsonReader$1": ["JsonReader$1()V","promoteNameToValue(Lcom/google/gson/stream/JsonReader;)V"],
"com.google.gson.internal.JsonReaderInternalAccess": ["JsonReaderInternalAccess()V"],
"com.google.gson.stream.JsonToken": ["<clinit>()V","JsonToken(Ljava/lang/String;I)V","values()[Lcom/google/gson/stream/JsonToken;"],
"com.google.gson.internal.Streams": ["parse(Lcom/google/gson/stream/JsonReader;)Lcom/google/gson/JsonElement;","writerForAppendable(Ljava/lang/Appendable;)Ljava/io/Writer;","write(Lcom/google/gson/JsonElement;Lcom/google/gson/stream/JsonWriter;)V"],
"com.google.gson.internal.bind.TypeAdapters$36": ["<clinit>()V"],
"com.google.gson.JsonPrimitive": ["<clinit>()V","JsonPrimitive(Ljava/lang/String;)V","setValue(Ljava/lang/Object;)V","isPrimitiveOrString(Ljava/lang/Object;)Z","getAsString()Ljava/lang/String;","isNumber()Z","isBoolean()Z","JsonPrimitive(Ljava/lang/Number;)V","getAsInt()I","getAsNumber()Ljava/lang/Number;","JsonPrimitive(Ljava/lang/Boolean;)V","isString()Z","getAsLong()J","getAsBoolean()Z","getAsBooleanWrapper()Ljava/lang/Boolean;","JsonPrimitive(Ljava/lang/Object;)V","getAsCharacter()C","equals(Ljava/lang/Object;)Z","getAsDouble()D","JsonPrimitive(Ljava/lang/Character;)V","isIntegral(Lcom/google/gson/JsonPrimitive;)Z","hashCode()I","deepCopy()Lcom/google/gson/JsonPrimitive;","getAsBigDecimal()Ljava/math/BigDecimal;","getAsFloat()F","getAsShort()S","getAsByte()B","getAsBigInteger()Ljava/math/BigInteger;"],
"com.google.gson.JsonElement": ["JsonElement()V","isJsonNull()Z","isJsonObject()Z","getAsJsonObject()Lcom/google/gson/JsonObject;","isJsonArray()Z","getAsJsonArray()Lcom/google/gson/JsonArray;","toString()Ljava/lang/String;","isJsonPrimitive()Z","getAsJsonPrimitive()Lcom/google/gson/JsonPrimitive;"],
"com.google.gson.FieldAttributes": ["FieldAttributes(Ljava/lang/reflect/Field;)V","hasModifier(I)Z","getName()Ljava/lang/String;","getDeclaredType()Ljava/lang/reflect/Type;","getDeclaredClass()Ljava/lang/Class;","isSynthetic()Z","getDeclaringClass()Ljava/lang/Class;","getAnnotation(Ljava/lang/Class;)Ljava/lang/annotation/Annotation;"],
"com.google.gson.internal.$Gson$Types$ParameterizedTypeImpl": ["$Gson$Types$ParameterizedTypeImpl(Ljava/lang/reflect/Type;Ljava/lang/reflect/Type;[Ljava/lang/reflect/Type;)V","getRawType()Ljava/lang/reflect/Type;","hashCode()I","equals(Ljava/lang/Object;)Z","getOwnerType()Ljava/lang/reflect/Type;","getActualTypeArguments()[Ljava/lang/reflect/Type;"],
"com.google.gson.JsonParser": ["JsonParser()V","parse(Ljava/lang/String;)Lcom/google/gson/JsonElement;","parse(Ljava/io/Reader;)Lcom/google/gson/JsonElement;","parse(Lcom/google/gson/stream/JsonReader;)Lcom/google/gson/JsonElement;"],
"com.google.gson.stream.MalformedJsonException": ["MalformedJsonException(Ljava/lang/String;)V"],
"com.google.gson.JsonSyntaxException": ["JsonSyntaxException(Ljava/lang/Throwable;)V","JsonSyntaxException(Ljava/lang/String;)V"],
"com.google.gson.JsonParseException": ["JsonParseException(Ljava/lang/Throwable;)V","JsonParseException(Ljava/lang/String;)V"],
"com.google.gson.JsonObject": ["JsonObject()V","add(Ljava/lang/String;Lcom/google/gson/JsonElement;)V","get(Ljava/lang/String;)Lcom/google/gson/JsonElement;","entrySet()Ljava/util/Set;","size()I","remove(Ljava/lang/String;)Lcom/google/gson/JsonElement;","equals(Ljava/lang/Object;)Z","hashCode()I","addProperty(Ljava/lang/String;Ljava/lang/Character;)V","createJsonElement(Ljava/lang/Object;)Lcom/google/gson/JsonElement;","has(Ljava/lang/String;)Z","addProperty(Ljava/lang/String;Ljava/lang/Boolean;)V","deepCopy()Lcom/google/gson/JsonObject;","keySet()Ljava/util/Set;","addProperty(Ljava/lang/String;Ljava/lang/String;)V","addProperty(Ljava/lang/String;Ljava/lang/Number;)V"],
"com.google.gson.internal.LinkedTreeMap": ["<clinit>()V","LinkedTreeMap()V","LinkedTreeMap(Ljava/util/Comparator;)V","put(Ljava/lang/Object;Ljava/lang/Object;)Ljava/lang/Object;","find(Ljava/lang/Object;Z)Lcom/google/gson/internal/LinkedTreeMap$Node;","rebalance(Lcom/google/gson/internal/LinkedTreeMap$Node;Z)V","get(Ljava/lang/Object;)Ljava/lang/Object;","findByObject(Ljava/lang/Object;)Lcom/google/gson/internal/LinkedTreeMap$Node;","rotateRight(Lcom/google/gson/internal/LinkedTreeMap$Node;)V","replaceInParent(Lcom/google/gson/internal/LinkedTreeMap$Node;Lcom/google/gson/internal/LinkedTreeMap$Node;)V","entrySet()Ljava/util/Set;","writeReplace()Ljava/lang/Object;","size()I","remove(Ljava/lang/Object;)Ljava/lang/Object;","removeInternalByKey(Ljava/lang/Object;)Lcom/google/gson/internal/LinkedTreeMap$Node;","removeInternal(Lcom/google/gson/internal/LinkedTreeMap$Node;Z)V","containsKey(Ljava/lang/Object;)Z","keySet()Ljava/util/Set;","rotateLeft(Lcom/google/gson/internal/LinkedTreeMap$Node;)V","clear()V"],
"com.google.gson.internal.LinkedTreeMap$1": ["LinkedTreeMap$1()V"],
"com.google.gson.internal.LinkedTreeMap$Node": ["LinkedTreeMap$Node()V","LinkedTreeMap$Node(Lcom/google/gson/internal/LinkedTreeMap$Node;Ljava/lang/Object;Lcom/google/gson/internal/LinkedTreeMap$Node;Lcom/google/gson/internal/LinkedTreeMap$Node;)V","getKey()Ljava/lang/Object;","getValue()Ljava/lang/Object;","hashCode()I","first()Lcom/google/gson/internal/LinkedTreeMap$Node;"],
"com.google.gson.internal.LazilyParsedNumber": ["LazilyParsedNumber(Ljava/lang/String;)V","intValue()I","longValue()J","writeReplace()Ljava/lang/Object;","hashCode()I","equals(Ljava/lang/Object;)Z","toString()Ljava/lang/String;","doubleValue()D"],
"com.google.gson.stream.JsonWriter": ["<clinit>()V","JsonWriter(Ljava/io/Writer;)V","push(I)V","setSerializeNulls(Z)V","isLenient()Z","setLenient(Z)V","isHtmlSafe()Z","setHtmlSafe(Z)V","getSerializeNulls()Z","beginObject()Lcom/google/gson/stream/JsonWriter;","writeDeferredName()V","open(ILjava/lang/String;)Lcom/google/gson/stream/JsonWriter;","beforeValue()V","peek()I","replaceTop(I)V","name(Ljava/lang/String;)Lcom/google/gson/stream/JsonWriter;","value(Ljava/lang/Number;)Lcom/google/gson/stream/JsonWriter;","beforeName()V","newline()V","string(Ljava/lang/String;)V","value(Ljava/lang/Boolean;)Lcom/google/gson/stream/JsonWriter;","value(Ljava/lang/String;)Lcom/google/gson/stream/JsonWriter;","endObject()Lcom/google/gson/stream/JsonWriter;","close(IILjava/lang/String;)Lcom/google/gson/stream/JsonWriter;","beginArray()Lcom/google/gson/stream/JsonWriter;","setIndent(Ljava/lang/String;)V","endArray()Lcom/google/gson/stream/JsonWriter;","nullValue()Lcom/google/gson/stream/JsonWriter;","close()V","value(Z)Lcom/google/gson/stream/JsonWriter;","value(J)Lcom/google/gson/stream/JsonWriter;","value(D)Lcom/google/gson/stream/JsonWriter;","jsonValue(Ljava/lang/String;)Lcom/google/gson/stream/JsonWriter;","flush()V"],
"com.google.gson.Gson$FutureTypeAdapter": ["Gson$FutureTypeAdapter()V","setDelegate(Lcom/google/gson/TypeAdapter;)V","write(Lcom/google/gson/stream/JsonWriter;Ljava/lang/Object;)V","read(Lcom/google/gson/stream/JsonReader;)Ljava/lang/Object;"],
"com.google.gson.internal.ConstructorConstructor$3": ["ConstructorConstructor$3(Lcom/google/gson/internal/ConstructorConstructor;Ljava/lang/reflect/Constructor;)V","construct()Ljava/lang/Object;"],
"com.google.gson.internal.Primitives": ["<clinit>()V","add(Ljava/util/Map;Ljava/util/Map;Ljava/lang/Class;Ljava/lang/Class;)V","isPrimitive(Ljava/lang/reflect/Type;)Z","wrap(Ljava/lang/Class;)Ljava/lang/Class;","unwrap(Ljava/lang/Class;)Ljava/lang/Class;","isWrapperType(Ljava/lang/reflect/Type;)Z"],
"com.google.gson.internal.bind.ReflectiveTypeAdapterFactory$1": ["ReflectiveTypeAdapterFactory$1(Lcom/google/gson/internal/bind/ReflectiveTypeAdapterFactory;Ljava/lang/String;ZZLjava/lang/reflect/Field;ZLcom/google/gson/TypeAdapter;Lcom/google/gson/Gson;Lcom/google/gson/reflect/TypeToken;Z)V","writeField(Ljava/lang/Object;)Z","write(Lcom/google/gson/stream/JsonWriter;Ljava/lang/Object;)V","read(Lcom/google/gson/stream/JsonReader;Ljava/lang/Object;)V"],
"com.google.gson.internal.bind.ReflectiveTypeAdapterFactory$BoundField": ["ReflectiveTypeAdapterFactory$BoundField(Ljava/lang/String;ZZ)V"],
"com.google.gson.internal.bind.ReflectiveTypeAdapterFactory$Adapter": ["ReflectiveTypeAdapterFactory$Adapter(Lcom/google/gson/internal/ObjectConstructor;Ljava/util/Map;)V","write(Lcom/google/gson/stream/JsonWriter;Ljava/lang/Object;)V","read(Lcom/google/gson/stream/JsonReader;)Ljava/lang/Object;"],
"com.google.gson.internal.bind.TypeAdapterRuntimeTypeWrapper": ["TypeAdapterRuntimeTypeWrapper(Lcom/google/gson/Gson;Lcom/google/gson/TypeAdapter;Ljava/lang/reflect/Type;)V","write(Lcom/google/gson/stream/JsonWriter;Ljava/lang/Object;)V","getRuntimeTypeIfMoreSpecific(Ljava/lang/reflect/Type;Ljava/lang/Object;)Ljava/lang/reflect/Type;","read(Lcom/google/gson/stream/JsonReader;)Ljava/lang/Object;"],
"com.google.gson.internal.bind.JsonTreeReader": ["<clinit>()V","JsonTreeReader(Lcom/google/gson/JsonElement;)V","push(Ljava/lang/Object;)V","peek()Lcom/google/gson/stream/JsonToken;","peekStack()Ljava/lang/Object;","beginObject()V","expect(Lcom/google/gson/stream/JsonToken;)V","hasNext()Z","nextName()Ljava/lang/String;","nextLong()J","popStack()Ljava/lang/Object;","nextInt()I","nextBoolean()Z","nextString()Ljava/lang/String;","endObject()V","getPath()Ljava/lang/String;","skipValue()V","beginArray()V","endArray()V","close()V","nextNull()V","nextDouble()D","locationString()Ljava/lang/String;","promoteNameToValue()V"],
"com.google.gson.internal.bind.JsonTreeReader$1": ["JsonTreeReader$1()V"],
"com.google.gson.internal.LinkedTreeMap$EntrySet": ["LinkedTreeMap$EntrySet(Lcom/google/gson/internal/LinkedTreeMap;)V","iterator()Ljava/util/Iterator;","size()I"],
"com.google.gson.internal.LinkedTreeMap$EntrySet$1": ["LinkedTreeMap$EntrySet$1(Lcom/google/gson/internal/LinkedTreeMap$EntrySet;)V","next()Ljava/lang/Object;","next()Ljava/util/Map$Entry;"],
"com.google.gson.internal.LinkedTreeMap$LinkedTreeMapIterator": ["LinkedTreeMap$LinkedTreeMapIterator(Lcom/google/gson/internal/LinkedTreeMap;)V","hasNext()Z","nextNode()Lcom/google/gson/internal/LinkedTreeMap$Node;","remove()V"],
"com.google.gson.JsonArray": ["JsonArray()V","add(Lcom/google/gson/JsonElement;)V","get(I)Lcom/google/gson/JsonElement;","size()I","deepCopy()Lcom/google/gson/JsonElement;","deepCopy()Lcom/google/gson/JsonArray;","iterator()Ljava/util/Iterator;","set(ILcom/google/gson/JsonElement;)Lcom/google/gson/JsonElement;","equals(Ljava/lang/Object;)Z","hashCode()I","JsonArray(I)V","remove(I)Lcom/google/gson/JsonElement;","remove(Lcom/google/gson/JsonElement;)Z","contains(Lcom/google/gson/JsonElement;)Z","add(Ljava/lang/Character;)V","add(Ljava/lang/String;)V","add(Ljava/lang/Number;)V","add(Ljava/lang/Boolean;)V"],
"com.google.gson.JsonNull": ["<clinit>()V","JsonNull()V","equals(Ljava/lang/Object;)Z","deepCopy()Lcom/google/gson/JsonNull;","hashCode()I"],
"com.google.gson.GsonBuilder": ["GsonBuilder()V","excludeFieldsWithModifiers([I)Lcom/google/gson/GsonBuilder;","create()Lcom/google/gson/Gson;","addTypeAdaptersForDate(Ljava/lang/String;IILjava/util/List;)V","registerTypeAdapter(Ljava/lang/reflect/Type;Ljava/lang/Object;)Lcom/google/gson/GsonBuilder;","serializeSpecialFloatingPointValues()Lcom/google/gson/GsonBuilder;","disableHtmlEscaping()Lcom/google/gson/GsonBuilder;","registerTypeHierarchyAdapter(Ljava/lang/Class;Ljava/lang/Object;)Lcom/google/gson/GsonBuilder;","GsonBuilder(Lcom/google/gson/Gson;)V","setLongSerializationPolicy(Lcom/google/gson/LongSerializationPolicy;)Lcom/google/gson/GsonBuilder;","serializeNulls()Lcom/google/gson/GsonBuilder;","setDateFormat(Ljava/lang/String;)Lcom/google/gson/GsonBuilder;","setDateFormat(I)Lcom/google/gson/GsonBuilder;","registerTypeAdapterFactory(Lcom/google/gson/TypeAdapterFactory;)Lcom/google/gson/GsonBuilder;","generateNonExecutableJson()Lcom/google/gson/GsonBuilder;","setFieldNamingPolicy(Lcom/google/gson/FieldNamingPolicy;)Lcom/google/gson/GsonBuilder;","enableComplexMapKeySerialization()Lcom/google/gson/GsonBuilder;","setPrettyPrinting()Lcom/google/gson/GsonBuilder;","excludeFieldsWithoutExposeAnnotation()Lcom/google/gson/GsonBuilder;","setFieldNamingStrategy(Lcom/google/gson/FieldNamingStrategy;)Lcom/google/gson/GsonBuilder;","disableInnerClassSerialization()Lcom/google/gson/GsonBuilder;","addDeserializationExclusionStrategy(Lcom/google/gson/ExclusionStrategy;)Lcom/google/gson/GsonBuilder;","addSerializationExclusionStrategy(Lcom/google/gson/ExclusionStrategy;)Lcom/google/gson/GsonBuilder;","setLenient()Lcom/google/gson/GsonBuilder;","setVersion(D)Lcom/google/gson/GsonBuilder;"],
"com.google.gson.internal.bind.TypeAdapters$31": ["TypeAdapters$31(Lcom/google/gson/reflect/TypeToken;Lcom/google/gson/TypeAdapter;)V","create(Lcom/google/gson/Gson;Lcom/google/gson/reflect/TypeToken;)Lcom/google/gson/TypeAdapter;"],
"com.google.gson.internal.ConstructorConstructor$8": ["ConstructorConstructor$8(Lcom/google/gson/internal/ConstructorConstructor;)V","construct()Ljava/lang/Object;"],
"com.google.gson.internal.bind.CollectionTypeAdapterFactory$Adapter": ["CollectionTypeAdapterFactory$Adapter(Lcom/google/gson/Gson;Ljava/lang/reflect/Type;Lcom/google/gson/TypeAdapter;Lcom/google/gson/internal/ObjectConstructor;)V","write(Lcom/google/gson/stream/JsonWriter;Ljava/lang/Object;)V","write(Lcom/google/gson/stream/JsonWriter;Ljava/util/Collection;)V","read(Lcom/google/gson/stream/JsonReader;)Ljava/lang/Object;","read(Lcom/google/gson/stream/JsonReader;)Ljava/util/Collection;"],
"com.google.gson.internal.ConstructorConstructor$13": ["ConstructorConstructor$13(Lcom/google/gson/internal/ConstructorConstructor;)V","construct()Ljava/lang/Object;"],
"com.google.gson.internal.bind.MapTypeAdapterFactory$Adapter": ["MapTypeAdapterFactory$Adapter(Lcom/google/gson/internal/bind/MapTypeAdapterFactory;Lcom/google/gson/Gson;Ljava/lang/reflect/Type;Lcom/google/gson/TypeAdapter;Ljava/lang/reflect/Type;Lcom/google/gson/TypeAdapter;Lcom/google/gson/internal/ObjectConstructor;)V","read(Lcom/google/gson/stream/JsonReader;)Ljava/lang/Object;","read(Lcom/google/gson/stream/JsonReader;)Ljava/util/Map;","write(Lcom/google/gson/stream/JsonWriter;Ljava/lang/Object;)V","write(Lcom/google/gson/stream/JsonWriter;Ljava/util/Map;)V","keyToString(Lcom/google/gson/JsonElement;)Ljava/lang/String;"],
"com.google.gson.internal.LinkedTreeMap$KeySet": ["LinkedTreeMap$KeySet(Lcom/google/gson/internal/LinkedTreeMap;)V","size()I","contains(Ljava/lang/Object;)Z","iterator()Ljava/util/Iterator;"],
"com.google.gson.internal.$Gson$Types$WildcardTypeImpl": ["$Gson$Types$WildcardTypeImpl([Ljava/lang/reflect/Type;[Ljava/lang/reflect/Type;)V","hashCode()I","equals(Ljava/lang/Object;)Z","getUpperBounds()[Ljava/lang/reflect/Type;","getLowerBounds()[Ljava/lang/reflect/Type;"],
"com.google.gson.internal.$Gson$Types$GenericArrayTypeImpl": ["$Gson$Types$GenericArrayTypeImpl(Ljava/lang/reflect/Type;)V","getGenericComponentType()Ljava/lang/reflect/Type;","hashCode()I","equals(Ljava/lang/Object;)Z"],
"com.google.gson.internal.LinkedTreeMap$KeySet$1": ["LinkedTreeMap$KeySet$1(Lcom/google/gson/internal/LinkedTreeMap$KeySet;)V","next()Ljava/lang/Object;"],
"com.google.gson.internal.reflect.UnsafeReflectionAccessor": ["UnsafeReflectionAccessor()V","getUnsafeInstance()Ljava/lang/Object;","getOverrideField()Ljava/lang/reflect/Field;","makeAccessibleWithUnsafe(Ljava/lang/reflect/AccessibleObject;)Z"],
"com.google.gson.internal.UnsafeAllocator": ["create()Lcom/google/gson/internal/UnsafeAllocator;","UnsafeAllocator()V","assertInstantiable(Ljava/lang/Class;)V"],
"com.google.gson.internal.UnsafeAllocator$1": ["UnsafeAllocator$1(Ljava/lang/reflect/Method;Ljava/lang/Object;)V","newInstance(Ljava/lang/Class;)Ljava/lang/Object;"],
"com.google.gson.internal.LinkedHashTreeMap$Node": ["LinkedHashTreeMap$Node()V","LinkedHashTreeMap$Node(Lcom/google/gson/internal/LinkedHashTreeMap$Node;Ljava/lang/Object;ILcom/google/gson/internal/LinkedHashTreeMap$Node;Lcom/google/gson/internal/LinkedHashTreeMap$Node;)V","getValue()Ljava/lang/Object;","getKey()Ljava/lang/Object;","hashCode()I"],
"com.google.gson.internal.LinkedHashTreeMap": ["<clinit>()V","doubleCapacity([Lcom/google/gson/internal/LinkedHashTreeMap$Node;)[Lcom/google/gson/internal/LinkedHashTreeMap$Node;","LinkedHashTreeMap()V","LinkedHashTreeMap(Ljava/util/Comparator;)V","put(Ljava/lang/Object;Ljava/lang/Object;)Ljava/lang/Object;","find(Ljava/lang/Object;Z)Lcom/google/gson/internal/LinkedHashTreeMap$Node;","secondaryHash(I)I","rebalance(Lcom/google/gson/internal/LinkedHashTreeMap$Node;Z)V","doubleCapacity()V","rotateLeft(Lcom/google/gson/internal/LinkedHashTreeMap$Node;)V","replaceInParent(Lcom/google/gson/internal/LinkedHashTreeMap$Node;Lcom/google/gson/internal/LinkedHashTreeMap$Node;)V","rotateRight(Lcom/google/gson/internal/LinkedHashTreeMap$Node;)V","containsKey(Ljava/lang/Object;)Z","findByObject(Ljava/lang/Object;)Lcom/google/gson/internal/LinkedHashTreeMap$Node;","get(Ljava/lang/Object;)Ljava/lang/Object;","size()I","clear()V","keySet()Ljava/util/Set;","entrySet()Ljava/util/Set;","removeInternal(Lcom/google/gson/internal/LinkedHashTreeMap$Node;Z)V"],
"com.google.gson.internal.LinkedHashTreeMap$1": ["LinkedHashTreeMap$1()V"],
"com.google.gson.internal.LinkedHashTreeMap$AvlIterator": ["LinkedHashTreeMap$AvlIterator()V","reset(Lcom/google/gson/internal/LinkedHashTreeMap$Node;)V","next()Lcom/google/gson/internal/LinkedHashTreeMap$Node;"],
"com.google.gson.internal.LinkedHashTreeMap$AvlBuilder": ["LinkedHashTreeMap$AvlBuilder()V","reset(I)V","add(Lcom/google/gson/internal/LinkedHashTreeMap$Node;)V","root()Lcom/google/gson/internal/LinkedHashTreeMap$Node;"],
"com.google.gson.internal.LinkedHashTreeMap$KeySet": ["LinkedHashTreeMap$KeySet(Lcom/google/gson/internal/LinkedHashTreeMap;)V","iterator()Ljava/util/Iterator;"],
"com.google.gson.internal.LinkedHashTreeMap$KeySet$1": ["LinkedHashTreeMap$KeySet$1(Lcom/google/gson/internal/LinkedHashTreeMap$KeySet;)V","next()Ljava/lang/Object;"],
"com.google.gson.internal.LinkedHashTreeMap$LinkedTreeMapIterator": ["LinkedHashTreeMap$LinkedTreeMapIterator(Lcom/google/gson/internal/LinkedHashTreeMap;)V","hasNext()Z","nextNode()Lcom/google/gson/internal/LinkedHashTreeMap$Node;","remove()V"],
"com.google.gson.internal.LinkedHashTreeMap$EntrySet": ["LinkedHashTreeMap$EntrySet(Lcom/google/gson/internal/LinkedHashTreeMap;)V","iterator()Ljava/util/Iterator;"],
"com.google.gson.internal.LinkedHashTreeMap$EntrySet$1": ["LinkedHashTreeMap$EntrySet$1(Lcom/google/gson/internal/LinkedHashTreeMap$EntrySet;)V","next()Ljava/lang/Object;","next()Ljava/util/Map$Entry;"],
"com.google.gson.internal.ConstructorConstructor$14": ["ConstructorConstructor$14(Lcom/google/gson/internal/ConstructorConstructor;Ljava/lang/Class;Ljava/lang/reflect/Type;)V","construct()Ljava/lang/Object;"],
"com.google.gson.internal.ConstructorConstructor$6": ["ConstructorConstructor$6(Lcom/google/gson/internal/ConstructorConstructor;)V","construct()Ljava/lang/Object;"],
"com.google.gson.internal.bind.JsonTreeWriter": ["<clinit>()V","JsonTreeWriter()V","beginArray()Lcom/google/gson/stream/JsonWriter;","put(Lcom/google/gson/JsonElement;)V","close()V","beginObject()Lcom/google/gson/stream/JsonWriter;","name(Ljava/lang/String;)Lcom/google/gson/stream/JsonWriter;","peek()Lcom/google/gson/JsonElement;","nullValue()Lcom/google/gson/stream/JsonWriter;","endObject()Lcom/google/gson/stream/JsonWriter;","get()Lcom/google/gson/JsonElement;","value(D)Lcom/google/gson/stream/JsonWriter;","endArray()Lcom/google/gson/stream/JsonWriter;","value(J)Lcom/google/gson/stream/JsonWriter;","value(Ljava/lang/Number;)Lcom/google/gson/stream/JsonWriter;","value(Ljava/lang/String;)Lcom/google/gson/stream/JsonWriter;","value(Ljava/lang/Boolean;)Lcom/google/gson/stream/JsonWriter;"],
"com.google.gson.internal.bind.JsonTreeWriter$1": ["JsonTreeWriter$1()V"],
"com.google.gson.internal.bind.ObjectTypeAdapter$2": ["<clinit>()V"],
"com.google.gson.DefaultDateTypeAdapter": ["DefaultDateTypeAdapter(Ljava/lang/Class;Ljava/lang/String;)V","verifyDateType(Ljava/lang/Class;)Ljava/lang/Class;","DefaultDateTypeAdapter(Ljava/lang/Class;I)V","write(Lcom/google/gson/stream/JsonWriter;Ljava/lang/Object;)V","write(Lcom/google/gson/stream/JsonWriter;Ljava/util/Date;)V","DefaultDateTypeAdapter(Ljava/lang/Class;)V","DefaultDateTypeAdapter(II)V","DefaultDateTypeAdapter(Ljava/lang/Class;II)V","read(Lcom/google/gson/stream/JsonReader;)Ljava/lang/Object;","read(Lcom/google/gson/stream/JsonReader;)Ljava/util/Date;","deserializeToDate(Ljava/lang/String;)Ljava/util/Date;"],
"com.google.gson.internal.bind.util.ISO8601Utils": ["<clinit>()V","parse(Ljava/lang/String;Ljava/text/ParsePosition;)Ljava/util/Date;","parseInt(Ljava/lang/String;II)I","checkOffset(Ljava/lang/String;IC)Z","indexOfNonDigit(Ljava/lang/String;I)I"],
"com.google.gson.internal.bind.TreeTypeAdapter": ["newFactoryWithMatchRawType(Lcom/google/gson/reflect/TypeToken;Ljava/lang/Object;)Lcom/google/gson/TypeAdapterFactory;","newTypeHierarchyFactory(Ljava/lang/Class;Ljava/lang/Object;)Lcom/google/gson/TypeAdapterFactory;","TreeTypeAdapter(Lcom/google/gson/JsonSerializer;Lcom/google/gson/JsonDeserializer;Lcom/google/gson/Gson;Lcom/google/gson/reflect/TypeToken;Lcom/google/gson/TypeAdapterFactory;)V","write(Lcom/google/gson/stream/JsonWriter;Ljava/lang/Object;)V","delegate()Lcom/google/gson/TypeAdapter;","read(Lcom/google/gson/stream/JsonReader;)Ljava/lang/Object;"],
"com.google.gson.internal.bind.TreeTypeAdapter$SingleTypeFactory": ["TreeTypeAdapter$SingleTypeFactory(Ljava/lang/Object;Lcom/google/gson/reflect/TypeToken;ZLjava/lang/Class;)V","create(Lcom/google/gson/Gson;Lcom/google/gson/reflect/TypeToken;)Lcom/google/gson/TypeAdapter;"],
"com.google.gson.internal.bind.TreeTypeAdapter$GsonContextImpl": ["TreeTypeAdapter$GsonContextImpl(Lcom/google/gson/internal/bind/TreeTypeAdapter;Lcom/google/gson/internal/bind/TreeTypeAdapter$1;)V","TreeTypeAdapter$GsonContextImpl(Lcom/google/gson/internal/bind/TreeTypeAdapter;)V","serialize(Ljava/lang/Object;)Lcom/google/gson/JsonElement;","deserialize(Lcom/google/gson/JsonElement;Ljava/lang/reflect/Type;)Ljava/lang/Object;","serialize(Ljava/lang/Object;Ljava/lang/reflect/Type;)Lcom/google/gson/JsonElement;"],
"com.google.gson.Gson$3": ["Gson$3()V","read(Lcom/google/gson/stream/JsonReader;)Ljava/lang/Object;","read(Lcom/google/gson/stream/JsonReader;)Ljava/lang/Number;","write(Lcom/google/gson/stream/JsonWriter;Ljava/lang/Object;)V","write(Lcom/google/gson/stream/JsonWriter;Ljava/lang/Number;)V"],
"com.google.gson.internal.ConstructorConstructor$7": ["ConstructorConstructor$7(Lcom/google/gson/internal/ConstructorConstructor;)V","construct()Ljava/lang/Object;"],
"com.google.gson.internal.bind.TypeAdapters$35$1": ["TypeAdapters$35$1(Lcom/google/gson/internal/bind/TypeAdapters$35;Ljava/lang/Class;)V","read(Lcom/google/gson/stream/JsonReader;)Ljava/lang/Object;","write(Lcom/google/gson/stream/JsonWriter;Ljava/lang/Object;)V"],
"com.google.gson.internal.bind.TypeAdapters$26$1": ["TypeAdapters$26$1(Lcom/google/gson/internal/bind/TypeAdapters$26;Lcom/google/gson/TypeAdapter;)V","read(Lcom/google/gson/stream/JsonReader;)Ljava/lang/Object;","read(Lcom/google/gson/stream/JsonReader;)Ljava/sql/Timestamp;","write(Lcom/google/gson/stream/JsonWriter;Ljava/lang/Object;)V","write(Lcom/google/gson/stream/JsonWriter;Ljava/sql/Timestamp;)V"],
"com.google.gson.internal.bind.TypeAdapters$EnumTypeAdapter": ["TypeAdapters$EnumTypeAdapter(Ljava/lang/Class;)V","write(Lcom/google/gson/stream/JsonWriter;Ljava/lang/Object;)V","write(Lcom/google/gson/stream/JsonWriter;Ljava/lang/Enum;)V","read(Lcom/google/gson/stream/JsonReader;)Ljava/lang/Object;","read(Lcom/google/gson/stream/JsonReader;)Ljava/lang/Enum;"],
"com.google.gson.internal.ConstructorConstructor$1": ["ConstructorConstructor$1(Lcom/google/gson/internal/ConstructorConstructor;Lcom/google/gson/InstanceCreator;Ljava/lang/reflect/Type;)V","construct()Ljava/lang/Object;"],
"com.google.gson.internal.ConstructorConstructor$2": ["ConstructorConstructor$2(Lcom/google/gson/internal/ConstructorConstructor;Lcom/google/gson/InstanceCreator;Ljava/lang/reflect/Type;)V","construct()Ljava/lang/Object;"],
"com.google.gson.internal.ConstructorConstructor$12": ["ConstructorConstructor$12(Lcom/google/gson/internal/ConstructorConstructor;)V","construct()Ljava/lang/Object;"],
"com.google.gson.internal.ConstructorConstructor$10": ["ConstructorConstructor$10(Lcom/google/gson/internal/ConstructorConstructor;)V","construct()Ljava/lang/Object;"],
"com.google.gson.internal.ConstructorConstructor$9": ["ConstructorConstructor$9(Lcom/google/gson/internal/ConstructorConstructor;)V","construct()Ljava/lang/Object;"],
"com.google.gson.internal.ConstructorConstructor$11": ["ConstructorConstructor$11(Lcom/google/gson/internal/ConstructorConstructor;)V","construct()Ljava/lang/Object;"],
"com.google.gson.internal.ConstructorConstructor$4": ["ConstructorConstructor$4(Lcom/google/gson/internal/ConstructorConstructor;)V","construct()Ljava/lang/Object;"],
"com.google.gson.internal.Excluder$1": ["Excluder$1(Lcom/google/gson/internal/Excluder;ZZLcom/google/gson/Gson;Lcom/google/gson/reflect/TypeToken;)V","write(Lcom/google/gson/stream/JsonWriter;Ljava/lang/Object;)V","delegate()Lcom/google/gson/TypeAdapter;","read(Lcom/google/gson/stream/JsonReader;)Ljava/lang/Object;"],
"com.google.gson.internal.ConstructorConstructor$5": ["ConstructorConstructor$5(Lcom/google/gson/internal/ConstructorConstructor;Ljava/lang/reflect/Type;)V","construct()Ljava/lang/Object;"]
}