junit.framework.Protectable,INTERFACE
junit.framework.Test,INTERFACE
junit.framework.TestListener,INTERFACE
junit.framework.TestResult$1,CONSTANT
junit.framework.TestSuite$1,CONSTANT
junit.runner.TestRunListener,INTERFACE
junit.runner.TestCollector,INTERFACE
junit.runner.FailureDetailView,INTERFACE
junit.runner.TestSuiteLoader,INTERFACE
junit.runner.Sorter$Swapper,INTERFACE
junit.swingui.TestRunner$18,CONSTANT
junit.swingui.TestRunner$9,CONSTANT
junit.swingui.TestSelector$1,CONSTANT
junit.swingui.AboutDialog$2,CONSTANT
junit.swingui.TestSelector$3,CONSTANT
junit.swingui.TestSelector$4,CONSTANT
junit.swingui.TestRunner$19,CONSTANT
junit.swingui.TestRunner$8,CONSTANT
junit.swingui.TestSuitePanel$1,CONSTANT
junit.swingui.TestSelector$2,CONSTANT
junit.swingui.AboutDialog$1,CONSTANT
junit.swingui.TestRunner$11,CONSTANT
junit.swingui.TestRunner$13,CONSTANT
junit.swingui.TestRunner$2,CONSTANT
junit.swingui.TestRunContext,INTERFACE
junit.swingui.FailureRunView$1,CONSTANT
junit.swingui.TestRunner$6,CONSTANT
junit.swingui.TestRunner$17,CONSTANT
junit.swingui.TestRunner$15,CONSTANT
junit.swingui.TestRunner$4,CONSTANT
junit.swingui.TestHierarchyRunView$1,CONSTANT
junit.swingui.TestRunner$12,CONSTANT
junit.swingui.TestRunner$3,CONSTANT
junit.swingui.TestRunner$1,CONSTANT
junit.swingui.TestRunner$10,CONSTANT
junit.swingui.TestRunner$14,CONSTANT
junit.swingui.TestRunner$5,CONSTANT
junit.swingui.TestRunner$7,CONSTANT
junit.swingui.TestRunView,INTERFACE
junit.swingui.TestRunner$16,CONSTANT
junit.extensions.ActiveTestSuite$1,CONSTANT
junit.extensions.TestSetup$1,CONSTANT
junit.awtui.TestRunner$9,CONSTANT
junit.awtui.AboutDialog$2,CONSTANT
junit.awtui.TestRunner$8,CONSTANT
junit.awtui.AboutDialog$1,CONSTANT
junit.awtui.TestRunner$2,CONSTANT
junit.awtui.TestRunner$6,CONSTANT
junit.awtui.TestRunner$4,CONSTANT
junit.awtui.TestRunner$3,CONSTANT
junit.awtui.TestRunner$1,CONSTANT
junit.awtui.TestRunner$10,CONSTANT
junit.awtui.TestRunner$5,CONSTANT
junit.awtui.TestRunner$7,CONSTANT
org.w3c.tidy.AttrCheck,INTERFACE
org.w3c.tidy.CheckAttribs,INTERFACE
org.w3c.tidy.DOMExceptionImpl,EXCEPTION
org.w3c.tidy.Parser,INTERFACE
org.w3c.dom.DOMImplementationSource,INTERFACE
org.w3c.dom.ranges.DocumentRange,INTERFACE
org.w3c.dom.ranges.Range,INTERFACE
org.w3c.dom.ranges.RangeException,EXCEPTION
org.w3c.dom.DOMLocator,INTERFACE
org.w3c.dom.TypeInfo,INTERFACE
org.w3c.dom.DocumentFragment,INTERFACE
org.w3c.dom.NameList,INTERFACE
org.w3c.dom.Entity,INTERFACE
org.w3c.dom.bootstrap.DOMImplementationRegistry,CONSTANT
org.w3c.dom.Comment,INTERFACE
org.w3c.dom.DOMImplementationList,INTERFACE
org.w3c.dom.Attr,INTERFACE
org.w3c.dom.xpath.XPathNamespace,INTERFACE
org.w3c.dom.xpath.XPathNSResolver,INTERFACE
org.w3c.dom.xpath.XPathException,EXCEPTION
org.w3c.dom.xpath.XPathResult,INTERFACE
org.w3c.dom.xpath.XPathExpression,INTERFACE
org.w3c.dom.xpath.XPathEvaluator,INTERFACE
org.w3c.dom.css.CSSStyleDeclaration,INTERFACE
org.w3c.dom.css.ElementCSSInlineStyle,INTERFACE
org.w3c.dom.css.CSSMediaRule,INTERFACE
org.w3c.dom.css.Rect,INTERFACE
org.w3c.dom.css.CSSStyleRule,INTERFACE
org.w3c.dom.css.CSSRule,INTERFACE
org.w3c.dom.css.CSSPageRule,INTERFACE
org.w3c.dom.css.CSSFontFaceRule,INTERFACE
org.w3c.dom.css.CSSStyleSheet,INTERFACE
org.w3c.dom.css.CSSPrimitiveValue,INTERFACE
org.w3c.dom.css.CSSCharsetRule,INTERFACE
org.w3c.dom.css.DOMImplementationCSS,INTERFACE
org.w3c.dom.css.DocumentCSS,INTERFACE
org.w3c.dom.css.Counter,INTERFACE
org.w3c.dom.css.ViewCSS,INTERFACE
org.w3c.dom.css.CSSRuleList,INTERFACE
org.w3c.dom.css.RGBColor,INTERFACE
org.w3c.dom.css.CSS2Properties,INTERFACE
org.w3c.dom.css.CSSValueList,INTERFACE
org.w3c.dom.css.CSSUnknownRule,INTERFACE
org.w3c.dom.css.CSSValue,INTERFACE
org.w3c.dom.css.CSSImportRule,INTERFACE
org.w3c.dom.NodeList,INTERFACE
org.w3c.dom.DOMError,INTERFACE
org.w3c.dom.CharacterData,INTERFACE
org.w3c.dom.html.HTMLPreElement,INTERFACE
org.w3c.dom.html.HTMLFormElement,INTERFACE
org.w3c.dom.html.HTMLStyleElement,INTERFACE
org.w3c.dom.html.HTMLTableElement,INTERFACE
org.w3c.dom.html.HTMLTableSectionElement,INTERFACE
org.w3c.dom.html.HTMLLabelElement,INTERFACE
org.w3c.dom.html.HTMLUListElement,INTERFACE
org.w3c.dom.html.HTMLOptionElement,INTERFACE
org.w3c.dom.html.HTMLQuoteElement,INTERFACE
org.w3c.dom.html.HTMLIFrameElement,INTERFACE
org.w3c.dom.html.HTMLCollection,INTERFACE
org.w3c.dom.html.HTMLObjectElement,INTERFACE
org.w3c.dom.html.HTMLParamElement,INTERFACE
org.w3c.dom.html.HTMLFieldSetElement,INTERFACE
org.w3c.dom.html.HTMLTableCaptionElement,INTERFACE
org.w3c.dom.html.HTMLDOMImplementation,INTERFACE
org.w3c.dom.html.HTMLInputElement,INTERFACE
org.w3c.dom.html.HTMLModElement,INTERFACE
org.w3c.dom.html.HTMLFrameElement,INTERFACE
org.w3c.dom.html.HTMLTableCellElement,INTERFACE
org.w3c.dom.html.HTMLHeadingElement,INTERFACE
org.w3c.dom.html.HTMLMapElement,INTERFACE
org.w3c.dom.html.HTMLDListElement,INTERFACE
org.w3c.dom.html.HTMLButtonElement,INTERFACE
org.w3c.dom.html.HTMLAreaElement,INTERFACE
org.w3c.dom.html.HTMLFontElement,INTERFACE
org.w3c.dom.html.HTMLScriptElement,INTERFACE
org.w3c.dom.html.HTMLOListElement,INTERFACE
org.w3c.dom.html.HTMLLIElement,INTERFACE
org.w3c.dom.html.HTMLMetaElement,INTERFACE
org.w3c.dom.html.HTMLHeadElement,INTERFACE
org.w3c.dom.html.HTMLTextAreaElement,INTERFACE
org.w3c.dom.html.HTMLDocument,INTERFACE
org.w3c.dom.html.HTMLIsIndexElement,INTERFACE
org.w3c.dom.html.HTMLParagraphElement,INTERFACE
org.w3c.dom.html.HTMLLegendElement,INTERFACE
org.w3c.dom.html.HTMLHRElement,INTERFACE
org.w3c.dom.html.HTMLTitleElement,INTERFACE
org.w3c.dom.html.HTMLTableRowElement,INTERFACE
org.w3c.dom.html.HTMLMenuElement,INTERFACE
org.w3c.dom.html.HTMLLinkElement,INTERFACE
org.w3c.dom.html.HTMLFrameSetElement,INTERFACE
org.w3c.dom.html.HTMLAppletElement,INTERFACE
org.w3c.dom.html.HTMLAnchorElement,INTERFACE
org.w3c.dom.html.HTMLBaseElement,INTERFACE
org.w3c.dom.html.HTMLSelectElement,INTERFACE
org.w3c.dom.html.HTMLOptGroupElement,INTERFACE
org.w3c.dom.html.HTMLBaseFontElement,INTERFACE
org.w3c.dom.html.HTMLHtmlElement,INTERFACE
org.w3c.dom.html.HTMLElement,INTERFACE
org.w3c.dom.html.HTMLDivElement,INTERFACE
org.w3c.dom.html.HTMLBRElement,INTERFACE
org.w3c.dom.html.HTMLDirectoryElement,INTERFACE
org.w3c.dom.html.HTMLTableColElement,INTERFACE
org.w3c.dom.html.HTMLImageElement,INTERFACE
org.w3c.dom.html.HTMLBodyElement,INTERFACE
org.w3c.dom.DOMStringList,INTERFACE
org.w3c.dom.Element,INTERFACE
org.w3c.dom.Notation,INTERFACE
org.w3c.dom.EntityReference,INTERFACE
org.w3c.dom.CDATASection,INTERFACE
org.w3c.dom.traversal.NodeFilter,INTERFACE
org.w3c.dom.traversal.NodeIterator,INTERFACE
org.w3c.dom.traversal.TreeWalker,INTERFACE
org.w3c.dom.traversal.DocumentTraversal,INTERFACE
org.w3c.dom.ProcessingInstruction,INTERFACE
org.w3c.dom.DOMImplementation,INTERFACE
org.w3c.dom.Document,INTERFACE
org.w3c.dom.DOMConfiguration,INTERFACE
org.w3c.dom.ls.DOMImplementationLS,INTERFACE
org.w3c.dom.ls.LSException,EXCEPTION
org.w3c.dom.ls.LSProgressEvent,INTERFACE
org.w3c.dom.ls.LSOutput,INTERFACE
org.w3c.dom.ls.LSLoadEvent,INTERFACE
org.w3c.dom.ls.LSResourceResolver,INTERFACE
org.w3c.dom.ls.LSParserFilter,INTERFACE
org.w3c.dom.ls.LSInput,INTERFACE
org.w3c.dom.ls.LSParser,INTERFACE
org.w3c.dom.ls.LSSerializerFilter,INTERFACE
org.w3c.dom.ls.LSSerializer,INTERFACE
org.w3c.dom.events.DocumentEvent,INTERFACE
org.w3c.dom.events.Event,INTERFACE
org.w3c.dom.events.EventTarget,INTERFACE
org.w3c.dom.events.MutationEvent,INTERFACE
org.w3c.dom.events.MouseEvent,INTERFACE
org.w3c.dom.events.EventException,EXCEPTION
org.w3c.dom.events.EventListener,INTERFACE
org.w3c.dom.events.UIEvent,INTERFACE
org.w3c.dom.DocumentType,INTERFACE
org.w3c.dom.NamedNodeMap,INTERFACE
org.w3c.dom.views.DocumentView,INTERFACE
org.w3c.dom.views.AbstractView,INTERFACE
org.w3c.dom.Node,INTERFACE
org.w3c.dom.UserDataHandler,INTERFACE
org.w3c.dom.DOMException,EXCEPTION
org.w3c.dom.DOMErrorHandler,INTERFACE
org.w3c.dom.Text,INTERFACE
org.w3c.dom.stylesheets.StyleSheet,INTERFACE
org.w3c.dom.stylesheets.DocumentStyle,INTERFACE
org.w3c.dom.stylesheets.StyleSheetList,INTERFACE
org.w3c.dom.stylesheets.MediaList,INTERFACE
org.w3c.dom.stylesheets.LinkStyle,INTERFACE
org.xml.sax.XMLFilter,INTERFACE
org.xml.sax.SAXNotRecognizedException,EXCEPTION
org.xml.sax.SAXNotSupportedException,EXCEPTION
org.xml.sax.Attributes,INTERFACE
org.xml.sax.SAXParseException,EXCEPTION
org.xml.sax.ext.Locator2,INTERFACE
org.xml.sax.ext.DeclHandler,INTERFACE
org.xml.sax.ext.Attributes2,INTERFACE
org.xml.sax.ext.EntityResolver2,INTERFACE
org.xml.sax.ext.LexicalHandler,INTERFACE
org.xml.sax.ErrorHandler,INTERFACE
org.xml.sax.SAXException,EXCEPTION
org.xml.sax.AttributeList,INTERFACE
org.xml.sax.EntityResolver,INTERFACE
org.xml.sax.Locator,INTERFACE
org.xml.sax.XMLReader,INTERFACE
org.xml.sax.ContentHandler,INTERFACE
org.xml.sax.Parser,INTERFACE
org.xml.sax.helpers.XMLReaderAdapter$AttributesAdapter,CONSTANT
org.xml.sax.helpers.NamespaceSupport$Context,CONSTANT
org.xml.sax.helpers.ParserAdapter$AttributeListAdapter,CONSTANT
org.xml.sax.helpers.XMLReaderFactory,CONSTANT
org.xml.sax.DocumentHandler,INTERFACE
org.xml.sax.DTDHandler,INTERFACE
org.codehaus.doxia.sink.Sink,INTERFACE
org.codehaus.classworlds.ConfigurationException,EXCEPTION
org.codehaus.classworlds.ClassWorldException,EXCEPTION
org.codehaus.classworlds.DuplicateRealmException,EXCEPTION
org.codehaus.classworlds.ClassRealm,INTERFACE
org.codehaus.classworlds.NoSuchRealmException,EXCEPTION
org.codehaus.plexus.configuration.processor.ConfigurationResourceHandler,INTERFACE
org.codehaus.plexus.configuration.processor.ConfigurationProcessingException,EXCEPTION
org.codehaus.plexus.configuration.processor.ConfigurationResourceNotFoundException,EXCEPTION
org.codehaus.plexus.configuration.PlexusConfigurationResourceException,EXCEPTION
org.codehaus.plexus.configuration.PlexusConfiguration,INTERFACE
org.codehaus.plexus.configuration.PlexusConfigurationException,EXCEPTION
org.codehaus.plexus.context.ContextException,EXCEPTION
org.codehaus.plexus.context.Context,INTERFACE
org.codehaus.plexus.embed.PlexusEmbedder,INTERFACE
org.codehaus.plexus.DuplicateChildContainerException,EXCEPTION
org.codehaus.plexus.util.TypeFormat,CONSTANT
org.codehaus.plexus.util.DirectoryWalkListener,INTERFACE
org.codehaus.plexus.util.dag.CycleDetectedException,EXCEPTION
org.codehaus.plexus.util.ReflectionUtils,CONSTANT
org.codehaus.plexus.util.SelectorUtils,CONSTANT
org.codehaus.plexus.util.io.InputStreamFacade,INTERFACE
org.codehaus.plexus.util.cli.Arg,INTERFACE
org.codehaus.plexus.util.cli.CommandLineException,EXCEPTION
org.codehaus.plexus.util.cli.StreamConsumer,INTERFACE
org.codehaus.plexus.util.cli.EnhancedStringTokenizer,CONSTANT
org.codehaus.plexus.util.introspection.MethodMap$AmbiguousException,EXCEPTION
org.codehaus.plexus.util.introspection.ClassMap$MethodInfo,CONSTANT
org.codehaus.plexus.util.introspection.ClassMap$CacheMiss,CONSTANT
org.codehaus.plexus.util.xml.XmlReaderException,EXCEPTION
org.codehaus.plexus.util.xml.pull.XmlPullParserException,EXCEPTION
org.codehaus.plexus.util.xml.pull.XmlSerializer,INTERFACE
org.codehaus.plexus.util.xml.pull.XmlPullParser,INTERFACE
org.codehaus.plexus.util.xml.XMLWriter,INTERFACE
org.codehaus.plexus.util.xml.XmlStreamReaderException,EXCEPTION
org.codehaus.plexus.util.FastMap$EntryImpl,CONSTANT
org.codehaus.plexus.util.IOUtil,CONSTANT
org.codehaus.plexus.util.interpolation.Interpolator,INTERFACE
org.codehaus.plexus.util.interpolation.ValueSource,INTERFACE
org.codehaus.plexus.util.CachedMap,CONSTANT
org.codehaus.plexus.util.reflection.Reflector,CONSTANT
org.codehaus.plexus.util.reflection.ReflectorException,EXCEPTION
org.codehaus.plexus.personality.plexus.lifecycle.phase.StartingException,EXCEPTION
org.codehaus.plexus.personality.plexus.lifecycle.phase.Contextualizable,INTERFACE
org.codehaus.plexus.personality.plexus.lifecycle.phase.Initializable,INTERFACE
org.codehaus.plexus.personality.plexus.lifecycle.phase.ServiceLocator,INTERFACE
org.codehaus.plexus.personality.plexus.lifecycle.phase.Configurable,INTERFACE
org.codehaus.plexus.personality.plexus.lifecycle.phase.Disposable,INTERFACE
org.codehaus.plexus.personality.plexus.lifecycle.phase.InitializationException,EXCEPTION
org.codehaus.plexus.personality.plexus.lifecycle.phase.StoppingException,EXCEPTION
org.codehaus.plexus.personality.plexus.lifecycle.phase.Startable,INTERFACE
org.codehaus.plexus.personality.plexus.lifecycle.phase.Suspendable,INTERFACE
org.codehaus.plexus.personality.plexus.lifecycle.phase.Serviceable,INTERFACE
org.codehaus.plexus.personality.plexus.lifecycle.phase.PhaseExecutionException,EXCEPTION
org.codehaus.plexus.lifecycle.phase.Phase,INTERFACE
org.codehaus.plexus.lifecycle.LifecycleHandlerManager,INTERFACE
org.codehaus.plexus.lifecycle.LifecycleHandler,INTERFACE
org.codehaus.plexus.lifecycle.UndefinedLifecycleHandlerException,EXCEPTION
org.codehaus.plexus.component.repository.ComponentRepository,INTERFACE
org.codehaus.plexus.component.repository.ComponentRequirement,CONSTANT
org.codehaus.plexus.component.repository.exception.ComponentProfileException,EXCEPTION
org.codehaus.plexus.component.repository.exception.ComponentDescriptorUnmarshallingException,EXCEPTION
org.codehaus.plexus.component.repository.exception.ComponentImplementationNotFoundException,EXCEPTION
org.codehaus.plexus.component.repository.exception.ComponentLookupException,EXCEPTION
org.codehaus.plexus.component.repository.exception.ComponentLifecycleException,EXCEPTION
org.codehaus.plexus.component.repository.exception.ComponentRepositoryException,EXCEPTION
org.codehaus.plexus.component.repository.exception.ComponentManagerImplementationNotFoundException,EXCEPTION
org.codehaus.plexus.component.repository.exception.ComponentConfigurationException,EXCEPTION
org.codehaus.plexus.component.MapOrientedComponent,INTERFACE
org.codehaus.plexus.component.discovery.ComponentDiscoverer,INTERFACE
org.codehaus.plexus.component.discovery.ComponentDiscoveryListener,INTERFACE
org.codehaus.plexus.component.discovery.ComponentDiscovererManager,INTERFACE
org.codehaus.plexus.component.composition.UndefinedComponentComposerException,EXCEPTION
org.codehaus.plexus.component.composition.CompositionException,EXCEPTION
org.codehaus.plexus.component.composition.CompositionResolver,INTERFACE
org.codehaus.plexus.component.composition.ComponentComposerManager,INTERFACE
org.codehaus.plexus.component.composition.ComponentComposer,INTERFACE
org.codehaus.plexus.component.manager.ComponentManagerManager,INTERFACE
org.codehaus.plexus.component.manager.ComponentManager,INTERFACE
org.codehaus.plexus.component.manager.UndefinedComponentManagerException,EXCEPTION
org.codehaus.plexus.component.configurator.converters.basic.Converter,INTERFACE
org.codehaus.plexus.component.configurator.converters.lookup.ConverterLookup,INTERFACE
org.codehaus.plexus.component.configurator.converters.ConfigurationConverter,INTERFACE
org.codehaus.plexus.component.configurator.ComponentConfigurator,INTERFACE
org.codehaus.plexus.component.configurator.ConfigurationListener,INTERFACE
org.codehaus.plexus.component.configurator.ComponentConfigurationException,EXCEPTION
org.codehaus.plexus.component.factory.ComponentFactoryManager,INTERFACE
org.codehaus.plexus.component.factory.UndefinedComponentFactoryException,EXCEPTION
org.codehaus.plexus.component.factory.ComponentInstantiationException,EXCEPTION
org.codehaus.plexus.component.factory.ComponentFactory,INTERFACE
org.codehaus.plexus.components.interactivity.InputHandler,INTERFACE
org.codehaus.plexus.components.interactivity.Prompter,INTERFACE
org.codehaus.plexus.components.interactivity.OutputHandler,INTERFACE
org.codehaus.plexus.components.interactivity.PrompterException,EXCEPTION
org.codehaus.plexus.PlexusContainerManager,INTERFACE
org.codehaus.plexus.PlexusContainer,INTERFACE
org.codehaus.plexus.logging.LoggerManager,INTERFACE
org.codehaus.plexus.logging.Logger,INTERFACE
org.codehaus.plexus.logging.LogEnabled,INTERFACE
org.codehaus.plexus.PlexusContainerException,EXCEPTION
org.jdom.IllegalAddException,EXCEPTION
org.jdom.IllegalNameException,EXCEPTION
org.jdom.xpath.XPath$XPathString,CONSTANT
org.jdom.input.JDOMParseException,EXCEPTION
org.jdom.IllegalDataException,EXCEPTION
org.jdom.Verifier,CONSTANT
org.jdom.output.EscapeStrategy,INTERFACE
org.jdom.Parent,INTERFACE
org.jdom.ContentList,CONSTANT
org.jdom.adapters.DOMAdapter,INTERFACE
org.jdom.Namespace,CONSTANT
org.jdom.DataConversionException,EXCEPTION
org.jdom.JDOMException,EXCEPTION
org.jdom.filter.OrFilter,CONSTANT
org.jdom.filter.Filter,INTERFACE
org.jdom.filter.NegateFilter,CONSTANT
org.jdom.filter.AndFilter,CONSTANT
org.jdom.JDOMFactory,INTERFACE
org.jdom.transform.XSLTransformException,EXCEPTION
org.jdom.IllegalTargetException,EXCEPTION
org.apache.tools.ant.Executor,INTERFACE
org.apache.tools.ant.SubBuildListener,INTERFACE
org.apache.tools.ant.filters.LineContainsRegExp,CONSTANT
org.apache.tools.ant.filters.HeadFilter,CONSTANT
org.apache.tools.ant.filters.PrefixLines,CONSTANT
org.apache.tools.ant.filters.LineContains,CONSTANT
org.apache.tools.ant.filters.util.ChainReaderHelper,CONSTANT
org.apache.tools.ant.filters.FixCrLfFilter,CONSTANT
org.apache.tools.ant.filters.ExpandProperties,CONSTANT
org.apache.tools.ant.filters.StripJavaComments,CONSTANT
org.apache.tools.ant.filters.StripLineComments,CONSTANT
org.apache.tools.ant.filters.ReplaceTokens,CONSTANT
org.apache.tools.ant.filters.TokenFilter$Filter,INTERFACE
org.apache.tools.ant.filters.ClassConstants,CONSTANT
org.apache.tools.ant.filters.StripLineBreaks,CONSTANT
org.apache.tools.ant.filters.TabsToSpaces,CONSTANT
org.apache.tools.ant.filters.TailFilter,CONSTANT
org.apache.tools.ant.filters.ChainableReader,INTERFACE
org.apache.tools.ant.filters.ConcatFilter,CONSTANT
org.apache.tools.ant.types.XMLCatalog$CatalogResolver,INTERFACE
org.apache.tools.ant.types.PatternSet$InvertedPatternSet,CONSTANT
org.apache.tools.ant.types.Parameter,CONSTANT
org.apache.tools.ant.types.AntFilterReader,CONSTANT
org.apache.tools.ant.types.ResourceCollection,INTERFACE
org.apache.tools.ant.types.Parameterizable,INTERFACE
org.apache.tools.ant.types.resources.ImmutableResourceException,EXCEPTION
org.apache.tools.ant.types.resources.Touchable,INTERFACE
org.apache.tools.ant.types.resources.selectors.ResourceSelector,INTERFACE
org.apache.tools.ant.types.ResourceFactory,INTERFACE
org.apache.tools.ant.types.selectors.FileSelector,INTERFACE
org.apache.tools.ant.types.selectors.SelectorUtils,CONSTANT
org.apache.tools.ant.types.selectors.SelectorContainer,INTERFACE
org.apache.tools.ant.types.selectors.ExtendFileSelector,INTERFACE
org.apache.tools.ant.types.selectors.modifiedselector.Algorithm,INTERFACE
org.apache.tools.ant.types.selectors.modifiedselector.Cache,INTERFACE
org.apache.tools.ant.types.selectors.SelectorScanner,INTERFACE
org.apache.tools.ant.ExitException,EXCEPTION
org.apache.tools.ant.UnsupportedAttributeException,EXCEPTION
org.apache.tools.ant.util.JavaEnvUtils,CONSTANT
org.apache.tools.ant.util.CollectionUtils$EmptyEnumeration,CONSTANT
org.apache.tools.ant.util.regexp.Regexp,INTERFACE
org.apache.tools.ant.util.regexp.RegexpMatcher,INTERFACE
org.apache.tools.ant.util.StringUtils,CONSTANT
org.apache.tools.ant.util.TaskLogger,CONSTANT
org.apache.tools.ant.util.Tokenizer,INTERFACE
org.apache.tools.ant.util.DateUtils,CONSTANT
org.apache.tools.ant.util.OutputStreamFunneler$Funnel,CONSTANT
org.apache.tools.ant.util.CollectionUtils$CompoundEnumeration,CONSTANT
org.apache.tools.ant.util.Retryable,INTERFACE
org.apache.tools.ant.util.FileNameMapper,INTERFACE
org.apache.tools.ant.util.TimeoutObserver,INTERFACE
org.apache.tools.ant.input.InputHandler,INTERFACE
org.apache.tools.ant.launch.AntMain,INTERFACE
org.apache.tools.ant.launch.Locator,CONSTANT
org.apache.tools.ant.launch.LaunchException,EXCEPTION
org.apache.tools.ant.DynamicAttribute,INTERFACE
org.apache.tools.ant.dispatch.Dispatchable,INTERFACE
org.apache.tools.ant.BuildLogger,INTERFACE
org.apache.tools.ant.MagicNames,CONSTANT
org.apache.tools.ant.TypeAdapter,INTERFACE
org.apache.tools.ant.UnsupportedElementException,EXCEPTION
org.apache.tools.ant.BuildListener,INTERFACE
org.apache.tools.ant.DynamicConfiguratorNS,INTERFACE
org.apache.tools.ant.ExitStatusException,EXCEPTION
org.apache.tools.ant.DynamicConfigurator,INTERFACE
org.apache.tools.ant.DynamicElementNS,INTERFACE
org.apache.tools.ant.DynamicElement,INTERFACE
org.apache.tools.ant.DynamicAttributeNS,INTERFACE
org.apache.tools.ant.TaskContainer,INTERFACE
org.apache.tools.ant.IntrospectionHelper$Creator,CONSTANT
org.apache.tools.ant.IntrospectionHelper,CONSTANT
org.apache.tools.ant.taskdefs.XSLTLiaison,INTERFACE
org.apache.tools.ant.taskdefs.Apt$Option,CONSTANT
org.apache.tools.ant.taskdefs.DependSet$HideMissingBasedir,CONSTANT
org.apache.tools.ant.taskdefs.rmic.RmicAdapter,INTERFACE
org.apache.tools.ant.taskdefs.rmic.RmicAdapterFactory,CONSTANT
org.apache.tools.ant.taskdefs.ExecuteStreamHandler,INTERFACE
org.apache.tools.ant.taskdefs.XSLTLogger,INTERFACE
org.apache.tools.ant.taskdefs.Concat$ReaderFactory,INTERFACE
org.apache.tools.ant.taskdefs.Touch$DateFormatFactory,INTERFACE
org.apache.tools.ant.taskdefs.AntStructure$StructurePrinter,INTERFACE
org.apache.tools.ant.taskdefs.condition.Condition,INTERFACE
org.apache.tools.ant.taskdefs.XSLTLiaison2,INTERFACE
org.apache.tools.ant.taskdefs.Get$DownloadProgress,INTERFACE
org.apache.tools.ant.taskdefs.Concat$MultiReader,CONSTANT
org.apache.tools.ant.taskdefs.ManifestException,EXCEPTION
org.apache.tools.ant.taskdefs.compilers.CompilerAdapter,INTERFACE
org.apache.tools.ant.taskdefs.compilers.CompilerAdapterFactory,CONSTANT
org.apache.tools.ant.taskdefs.XSLTLoggerAware,INTERFACE
org.apache.tools.ant.taskdefs.XSLTLiaison3,INTERFACE
org.apache.tools.ant.Diagnostics,CONSTANT
org.apache.tools.ant.BuildException,EXCEPTION
org.apache.tools.ant.FileScanner,INTERFACE
org.apache.tools.mail.ErrorInQuitException,EXCEPTION
org.apache.tools.zip.ZipShort,CONSTANT
org.apache.tools.zip.ZipExtraField,INTERFACE
org.apache.tools.zip.UnixStat,INTERFACE
org.apache.tools.zip.JarMarker,CONSTANT
org.apache.tools.zip.ZipFile$OffsetEntry,CONSTANT
org.apache.tools.zip.ZipLong,CONSTANT
org.apache.tools.tar.TarConstants,INTERFACE
org.apache.tools.bzip2.CRC,CONSTANT
org.apache.tools.bzip2.BZip2Constants,INTERFACE
org.apache.tools.bzip2.CBZip2InputStream$Data,CONSTANT
org.apache.commons.httpclient.HttpConnectionManager,INTERFACE
org.apache.commons.httpclient.methods.multipart.PartSource,INTERFACE
org.apache.commons.httpclient.util.DateParseException,EXCEPTION
org.apache.commons.httpclient.util.TimeoutController$TimeoutException,EXCEPTION
org.apache.commons.httpclient.util.Base64,CONSTANT
org.apache.commons.httpclient.util.TimeoutController,CONSTANT
org.apache.commons.httpclient.auth.MalformedChallengeException,EXCEPTION
org.apache.commons.httpclient.auth.HttpAuthenticator,CONSTANT
org.apache.commons.httpclient.auth.AuthChallengeParser,CONSTANT
org.apache.commons.httpclient.auth.AuthScheme,INTERFACE
org.apache.commons.httpclient.auth.AuthenticationException,EXCEPTION
org.apache.commons.httpclient.HttpException,EXCEPTION
org.apache.commons.httpclient.HttpRecoverableException,EXCEPTION
org.apache.commons.httpclient.protocol.ProtocolSocketFactory,INTERFACE
org.apache.commons.httpclient.protocol.SecureProtocolSocketFactory,INTERFACE
org.apache.commons.httpclient.HttpUrlMethod,INTERFACE
org.apache.commons.httpclient.ResponseConsumedWatcher,INTERFACE
org.apache.commons.httpclient.HttpMethod,INTERFACE
org.apache.commons.httpclient.HttpConnection$ConnectionTimeoutException,EXCEPTION
org.apache.commons.httpclient.cookie.MalformedCookieException,EXCEPTION
org.apache.commons.httpclient.cookie.CookieSpec,INTERFACE
org.apache.commons.httpclient.NTLM,CONSTANT
org.apache.commons.httpclient.URI$DefaultCharsetChanged,EXCEPTION
org.apache.commons.httpclient.URIException,EXCEPTION
org.apache.commons.httpclient.MethodRetryHandler,INTERFACE
org.apache.commons.httpclient.Credentials,INTERFACE
org.apache.commons.cli.MissingOptionException,EXCEPTION
org.apache.commons.cli.AlreadySelectedException,EXCEPTION
org.apache.commons.cli.CommandLineParser,INTERFACE
org.apache.commons.cli.UnrecognizedOptionException,EXCEPTION
org.apache.commons.cli.ParseException,EXCEPTION
org.apache.commons.cli.MissingArgumentException,EXCEPTION
org.apache.commons.lang.SerializationException,EXCEPTION
org.apache.commons.lang.mutable.Mutable,INTERFACE
org.apache.commons.lang.NumberUtils,CONSTANT
org.apache.commons.lang.NullArgumentException,EXCEPTION
org.apache.commons.lang.IllegalClassException,EXCEPTION
org.apache.commons.lang.math.DoubleRange,CONSTANT
org.apache.commons.lang.math.Fraction,CONSTANT
org.apache.commons.lang.math.FloatRange,CONSTANT
org.apache.commons.lang.math.LongRange,CONSTANT
org.apache.commons.lang.math.NumberRange,CONSTANT
org.apache.commons.lang.math.IntRange,CONSTANT
org.apache.commons.lang.math.JVMRandom,CONSTANT
org.apache.commons.lang.time.FastDateFormat$Rule,INTERFACE
org.apache.commons.lang.time.FastDateFormat$NumberRule,INTERFACE
org.apache.commons.lang.CharRange,CONSTANT
org.apache.commons.lang.IncompleteArgumentException,EXCEPTION
org.apache.commons.lang.NotImplementedException,EXCEPTION
org.apache.commons.lang.Entities$EntityMap,INTERFACE
org.apache.commons.lang.NumberRange,CONSTANT
org.apache.commons.lang.text.FormatFactory,INTERFACE
org.apache.commons.lang.text.StrMatcher$TrimMatcher,CONSTANT
org.apache.commons.lang.text.StrMatcher$StringMatcher,CONSTANT
org.apache.commons.lang.text.StrMatcher$NoMatcher,CONSTANT
org.apache.commons.lang.text.StrMatcher$CharMatcher,CONSTANT
org.apache.commons.lang.text.StrMatcher$CharSetMatcher,CONSTANT
org.apache.commons.lang.builder.ToStringStyle$ShortPrefixToStringStyle,CONSTANT
org.apache.commons.lang.builder.ToStringStyle$DefaultToStringStyle,CONSTANT
org.apache.commons.lang.builder.ToStringStyle$NoFieldNameToStringStyle,CONSTANT
org.apache.commons.lang.builder.ToStringStyle$MultiLineToStringStyle,CONSTANT
org.apache.commons.lang.builder.ToStringStyle$SimpleToStringStyle,CONSTANT
org.apache.commons.lang.exception.NestableRuntimeException,EXCEPTION
org.apache.commons.lang.exception.Nestable,INTERFACE
org.apache.commons.lang.exception.NestableException,EXCEPTION
org.apache.commons.lang.UnhandledException,EXCEPTION
org.apache.commons.logging.impl.Log4jFactory,CONSTANT
org.apache.commons.logging.impl.Log4JCategoryLog,CONSTANT
org.apache.commons.logging.Log,INTERFACE
org.apache.commons.logging.LogConfigurationException,EXCEPTION
org.apache.maven.settings.SettingsUtils,CONSTANT
org.apache.maven.settings.MavenSettingsBuilder,INTERFACE
org.apache.maven.reporting.MavenReportRenderer,INTERFACE
org.apache.maven.reporting.MavenReportException,EXCEPTION
org.apache.maven.reporting.MavenReport,INTERFACE
org.apache.maven.monitor.event.EventMonitor,INTERFACE
org.apache.maven.monitor.event.MavenEvents,CONSTANT
org.apache.maven.monitor.event.EventDispatcher,INTERFACE
org.apache.maven.extension.ExtensionManager,INTERFACE
org.apache.maven.extension.DefaultExtensionManager$ProjectArtifactExceptionFilter,CONSTANT
org.apache.maven.BuildFailureException,EXCEPTION
org.apache.maven.doxia.sink.Sink,INTERFACE
org.apache.maven.doxia.sink.SinkFactory,INTERFACE
org.apache.maven.plugin.ContextEnabled,INTERFACE
org.apache.maven.plugin.PluginParameterException,EXCEPTION
org.apache.maven.plugin.MojoExecutionException,EXCEPTION
org.apache.maven.plugin.PluginConfigurationException,EXCEPTION
org.apache.maven.plugin.PluginManagerException,EXCEPTION
org.apache.maven.plugin.version.PluginVersionResolutionException,EXCEPTION
org.apache.maven.plugin.version.PluginVersionManager,INTERFACE
org.apache.maven.plugin.version.IntervalUtils,CONSTANT
org.apache.maven.plugin.version.PluginVersionNotFoundException,EXCEPTION
org.apache.maven.plugin.InvalidPluginException,EXCEPTION
org.apache.maven.plugin.MojoFailureException,EXCEPTION
org.apache.maven.plugin.descriptor.InvalidPluginDescriptorException,EXCEPTION
org.apache.maven.plugin.descriptor.DuplicateParameterException,EXCEPTION
org.apache.maven.plugin.descriptor.DuplicateMojoDescriptorException,EXCEPTION
org.apache.maven.plugin.descriptor.InvalidParameterException,EXCEPTION
org.apache.maven.plugin.Mojo,INTERFACE
org.apache.maven.plugin.PluginNotFoundException,EXCEPTION
org.apache.maven.plugin.AbstractMojoExecutionException,EXCEPTION
org.apache.maven.plugin.PluginMappingManager,INTERFACE
org.apache.maven.plugin.logging.Log,INTERFACE
org.apache.maven.plugin.PluginManager,INTERFACE
org.apache.maven.lifecycle.mapping.LifecycleMapping,INTERFACE
org.apache.maven.lifecycle.LifecycleExecutor,INTERFACE
org.apache.maven.lifecycle.LifecycleExecutionException,EXCEPTION
org.apache.maven.shared.io.location.Location,INTERFACE
org.apache.maven.shared.io.location.LocatorStrategy,INTERFACE
org.apache.maven.shared.io.location.Locator,CONSTANT
org.apache.maven.shared.io.scan.mapping.SuffixMapping,CONSTANT
org.apache.maven.shared.io.scan.mapping.SourceMapping,INTERFACE
org.apache.maven.shared.io.scan.InclusionScanException,EXCEPTION
org.apache.maven.shared.io.scan.ResourceInclusionScanner,INTERFACE
org.apache.maven.shared.io.download.DownloadFailedException,EXCEPTION
org.apache.maven.shared.io.download.DownloadManager,INTERFACE
org.apache.maven.shared.io.logging.DefaultMessageHolder$Message,CONSTANT
org.apache.maven.shared.io.logging.MessageLevels,CONSTANT
org.apache.maven.shared.io.logging.MessageSink,INTERFACE
org.apache.maven.shared.io.logging.MultiChannelMessageHolder,INTERFACE
org.apache.maven.shared.io.logging.MessageHolder,INTERFACE
org.apache.maven.Maven,INTERFACE
org.apache.maven.project.MavenProjectHelper,INTERFACE
org.apache.maven.project.InvalidProjectModelException,EXCEPTION
org.apache.maven.project.path.PathTranslator,INTERFACE
org.apache.maven.project.ModelUtils,CONSTANT
org.apache.maven.project.ProjectBuildingException,EXCEPTION
org.apache.maven.project.inheritance.ModelInheritanceAssembler,INTERFACE
org.apache.maven.project.injection.ModelDefaultsInjector,INTERFACE
org.apache.maven.project.injection.ProfileInjector,INTERFACE
org.apache.maven.project.MavenProjectBuilder,INTERFACE
org.apache.maven.project.artifact.InvalidDependencyVersionException,EXCEPTION
org.apache.maven.project.DuplicateProjectException,EXCEPTION
org.apache.maven.project.interpolation.ModelInterpolationException,EXCEPTION
org.apache.maven.project.interpolation.ModelInterpolator,INTERFACE
org.apache.maven.project.validation.ModelValidator,INTERFACE
org.apache.maven.project.ProjectUtils,CONSTANT
org.apache.maven.SettingsConfigurationException,EXCEPTION
org.apache.maven.execution.RuntimeInformation,INTERFACE
org.apache.maven.execution.MavenExecutionRequest,INTERFACE
org.apache.maven.artifact.handler.manager.ArtifactHandlerManager,INTERFACE
org.apache.maven.artifact.handler.ArtifactHandler,INTERFACE
org.apache.maven.artifact.deployer.ArtifactDeploymentException,EXCEPTION
org.apache.maven.artifact.deployer.ArtifactDeployer,INTERFACE
org.apache.maven.artifact.repository.ArtifactRepositoryFactory,INTERFACE
org.apache.maven.artifact.repository.layout.ArtifactRepositoryLayout,INTERFACE
org.apache.maven.artifact.repository.ArtifactRepository,INTERFACE
org.apache.maven.artifact.repository.metadata.RepositoryMetadataStoreException,EXCEPTION
org.apache.maven.artifact.repository.metadata.RepositoryMetadataReadException,EXCEPTION
org.apache.maven.artifact.repository.metadata.RepositoryMetadata,INTERFACE
org.apache.maven.artifact.repository.metadata.RepositoryMetadataManager,INTERFACE
org.apache.maven.artifact.repository.metadata.RepositoryMetadataResolutionException,EXCEPTION
org.apache.maven.artifact.InvalidRepositoryException,EXCEPTION
org.apache.maven.artifact.InvalidArtifactRTException,EXCEPTION
org.apache.maven.artifact.ArtifactStatus,CONSTANT
org.apache.maven.artifact.manager.WagonManager,INTERFACE
org.apache.maven.artifact.manager.WagonConfigurationException,EXCEPTION
org.apache.maven.artifact.manager.ChecksumFailedException,EXCEPTION
org.apache.maven.artifact.ArtifactUtils,CONSTANT
org.apache.maven.artifact.versioning.OverConstrainedVersionException,EXCEPTION
org.apache.maven.artifact.versioning.ArtifactVersion,INTERFACE
org.apache.maven.artifact.versioning.InvalidVersionSpecificationException,EXCEPTION
org.apache.maven.artifact.installer.ArtifactInstaller,INTERFACE
org.apache.maven.artifact.installer.ArtifactInstallationException,EXCEPTION
org.apache.maven.artifact.Artifact,INTERFACE
org.apache.maven.artifact.transform.ArtifactTransformation,INTERFACE
org.apache.maven.artifact.transform.ArtifactTransformationManager,INTERFACE
org.apache.maven.artifact.metadata.ArtifactMetadataSource,INTERFACE
org.apache.maven.artifact.metadata.ArtifactMetadata,INTERFACE
org.apache.maven.artifact.metadata.ArtifactMetadataRetrievalException,EXCEPTION
org.apache.maven.artifact.factory.ArtifactFactory,INTERFACE
org.apache.maven.artifact.resolver.ArtifactResolver,INTERFACE
org.apache.maven.artifact.resolver.ResolutionListener,INTERFACE
org.apache.maven.artifact.resolver.MultipleArtifactsNotFoundException,EXCEPTION
org.apache.maven.artifact.resolver.AbstractArtifactResolutionException,EXCEPTION
org.apache.maven.artifact.resolver.ArtifactNotFoundException,EXCEPTION
org.apache.maven.artifact.resolver.conflict.ConflictResolver,INTERFACE
org.apache.maven.artifact.resolver.ArtifactResolutionException,EXCEPTION
org.apache.maven.artifact.resolver.ResolutionListenerForDepMgmt,INTERFACE
org.apache.maven.artifact.resolver.filter.ArtifactFilter,INTERFACE
org.apache.maven.artifact.resolver.ArtifactCollector,INTERFACE
org.apache.maven.artifact.resolver.CyclicDependencyException,EXCEPTION
org.apache.maven.artifact.DependencyResolutionRequiredException,EXCEPTION
org.apache.maven.profiles.activation.ProfileActivator,INTERFACE
org.apache.maven.profiles.activation.ProfileActivationException,EXCEPTION
org.apache.maven.profiles.MavenProfilesBuilder,INTERFACE
org.apache.maven.profiles.ProfileManager,INTERFACE
org.apache.maven.wagon.WagonException,EXCEPTION
org.apache.maven.wagon.CommandExecutor,INTERFACE
org.apache.maven.wagon.ConnectionException,EXCEPTION
org.apache.maven.wagon.CommandExecutionException,EXCEPTION
org.apache.maven.wagon.providers.ssh.interactive.InteractiveUserInfo,INTERFACE
org.apache.maven.wagon.providers.ssh.knownhost.UnknownHostException,EXCEPTION
org.apache.maven.wagon.providers.ssh.knownhost.KnownHostChangedException,EXCEPTION
org.apache.maven.wagon.providers.ssh.knownhost.KnownHostsProvider,INTERFACE
org.apache.maven.wagon.providers.ssh.knownhost.NullKnownHostProvider,CONSTANT
org.apache.maven.wagon.providers.ssh.SshWagon,INTERFACE
org.apache.maven.wagon.ResourceDoesNotExistException,EXCEPTION
org.apache.maven.wagon.Wagon,INTERFACE
org.apache.maven.wagon.WagonConstants,CONSTANT
org.apache.maven.wagon.events.SessionListener,INTERFACE
org.apache.maven.wagon.events.SessionEventSupport,CONSTANT
org.apache.maven.wagon.events.TransferEventSupport,CONSTANT
org.apache.maven.wagon.events.TransferListener,INTERFACE
org.apache.maven.wagon.authorization.AuthorizationException,EXCEPTION
org.apache.maven.wagon.UnsupportedProtocolException,EXCEPTION
org.apache.maven.wagon.authentication.AuthenticationException,EXCEPTION
org.apache.maven.wagon.TransferFailedException,EXCEPTION
org.apache.maven.usability.plugin.ExpressionDocumentationException,EXCEPTION
org.apache.maven.usability.diagnostics.ErrorDiagnoser,INTERFACE
org.apache.maven.usability.diagnostics.DiagnosisUtils,CONSTANT
org.apache.maven.reactor.MavenExecutionException,EXCEPTION
org.apache.html.dom.SecuritySupport,CONSTANT
org.apache.html.dom.ObjectFactory,CONSTANT
org.apache.html.dom.ObjectFactory$ConfigurationError,CONSTANT
org.apache.html.dom.HTMLFormControl,INTERFACE
org.apache.xerces.impl.XML11NSDocumentScannerImpl$NS11ContentDispatcher,CONSTANT
org.apache.xerces.impl.xpath.XPath$Tokens,CONSTANT
org.apache.xerces.impl.xpath.regex.RegularExpression$Context,CONSTANT
org.apache.xerces.impl.xpath.regex.REUtil,CONSTANT
org.apache.xerces.impl.xpath.regex.RangeToken,CONSTANT
org.apache.xerces.impl.xpath.regex.ParseException,EXCEPTION
org.apache.xerces.impl.xpath.XPathException,EXCEPTION
org.apache.xerces.impl.ExternalSubsetResolver,INTERFACE
org.apache.xerces.impl.XMLEntityDescription,INTERFACE
org.apache.xerces.impl.xs.SubstitutionGroupHandler$OneSubGroup,CONSTANT
org.apache.xerces.impl.xs.XMLSchemaException,EXCEPTION
org.apache.xerces.impl.xs.identity.ValueStore,INTERFACE
org.apache.xerces.impl.xs.util.XInt,CONSTANT
org.apache.xerces.impl.xs.util.XIntPool,CONSTANT
org.apache.xerces.impl.xs.XMLSchemaValidator$XSIErrorReporter,CONSTANT
org.apache.xerces.impl.xs.SchemaNamespaceSupport$SchemaRootContext,CONSTANT
org.apache.xerces.impl.xs.models.XSCMValidator,INTERFACE
org.apache.xerces.impl.xs.XSDeclarationPool,CONSTANT
org.apache.xerces.impl.xs.traversers.SchemaContentHandler,CONSTANT
org.apache.xerces.impl.xs.traversers.XSAnnotationInfo,CONSTANT
org.apache.xerces.impl.xs.traversers.XSDComplexTypeTraverser$ComplexTypeRecoverableError,EXCEPTION
org.apache.xerces.impl.xs.SchemaGrammar$Schema4Annotations,CONSTANT
org.apache.xerces.impl.xs.opti.SchemaDOMParser$BooleanStack,CONSTANT
org.apache.xerces.impl.xs.SchemaSymbols,CONSTANT
org.apache.xerces.impl.xs.XMLSchemaValidator$ShortVector,CONSTANT
org.apache.xerces.impl.xs.XSLoaderImpl,CONSTANT
org.apache.xerces.impl.dtd.DTDGrammar$QNameHashtable,CONSTANT
org.apache.xerces.impl.dtd.models.ContentModelValidator,INTERFACE
org.apache.xerces.impl.dtd.XMLContentSpec$Provider,INTERFACE
org.apache.xerces.impl.dv.XSSimpleType,INTERFACE
org.apache.xerces.impl.dv.util.HexBin,CONSTANT
org.apache.xerces.impl.dv.util.Base64,CONSTANT
org.apache.xerces.impl.dv.xs.FloatDV$XFloat,CONSTANT
org.apache.xerces.impl.dv.xs.QNameDV$XQName,CONSTANT
org.apache.xerces.impl.dv.xs.XSSimpleTypeDecl$XSFacetImpl,CONSTANT
org.apache.xerces.impl.dv.xs.DoubleDV$XDouble,CONSTANT
org.apache.xerces.impl.dv.xs.AbstractDateTimeDV$DateTimeData,CONSTANT
org.apache.xerces.impl.dv.xs.ListDV$ListData,CONSTANT
org.apache.xerces.impl.dv.xs.SchemaDateTimeException,EXCEPTION
org.apache.xerces.impl.dv.xs.XSSimpleTypeDecl$XSMVFacetImpl,CONSTANT
org.apache.xerces.impl.dv.InvalidDatatypeFacetException,EXCEPTION
org.apache.xerces.impl.validation.ConfigurableValidationState,CONSTANT
org.apache.xerces.xinclude.SecuritySupport,CONSTANT
org.apache.xerces.xinclude.ObjectFactory,CONSTANT
org.apache.xerces.xinclude.ObjectFactory$ConfigurationError,CONSTANT
org.apache.xerces.parsers.CachingParserPool$SynchronizedGrammarPool,CONSTANT
org.apache.xerces.parsers.CachingParserPool$ShadowedGrammarPool,CONSTANT
org.apache.xerces.parsers.AbstractSAXParser$AttributesProxy,CONSTANT
org.apache.xerces.util.HTTPInputSource,CONSTANT
org.apache.xerces.util.SynchronizedSymbolTable,CONSTANT
org.apache.xerces.util.NamespaceSupport$Prefixes,CONSTANT
org.apache.xerces.util.AttributesProxy,CONSTANT
org.apache.xerces.util.SAXInputSource,CONSTANT
org.apache.xerces.util.ShadowedSymbolTable,CONSTANT
org.apache.xerces.util.SymbolHash$Entry,CONSTANT
org.apache.xerces.util.SecurityManager,CONSTANT
org.apache.xerces.util.DOMInputSource,CONSTANT
org.apache.xerces.util.XMLGrammarPoolImpl$Entry,CONSTANT
org.apache.xerces.util.XMLErrorCode,CONSTANT
org.apache.xerces.util.SAXLocatorWrapper,CONSTANT
org.apache.xerces.util.JAXPNamespaceContextWrapper,CONSTANT
org.apache.xerces.util.IntStack,CONSTANT
org.apache.xerces.xs.XSObjectList,INTERFACE
org.apache.xerces.xs.XSImplementation,INTERFACE
org.apache.xerces.xs.XSModelGroup,INTERFACE
org.apache.xerces.xs.XSIDCDefinition,INTERFACE
org.apache.xerces.xs.XSConstants,INTERFACE
org.apache.xerces.xs.XSWildcard,INTERFACE
org.apache.xerces.xs.LSInputList,INTERFACE
org.apache.xerces.xs.XSParticle,INTERFACE
org.apache.xerces.xs.XSTerm,INTERFACE
org.apache.xerces.xs.ElementPSVI,INTERFACE
org.apache.xerces.xs.XSAttributeGroupDefinition,INTERFACE
org.apache.xerces.xs.XSMultiValueFacet,INTERFACE
org.apache.xerces.xs.datatypes.ObjectList,INTERFACE
org.apache.xerces.xs.datatypes.XSDecimal,INTERFACE
org.apache.xerces.xs.datatypes.XSFloat,INTERFACE
org.apache.xerces.xs.datatypes.XSDateTime,INTERFACE
org.apache.xerces.xs.datatypes.XSQName,INTERFACE
org.apache.xerces.xs.datatypes.XSDouble,INTERFACE
org.apache.xerces.xs.datatypes.ByteList,INTERFACE
org.apache.xerces.xs.XSNamespaceItemList,INTERFACE
org.apache.xerces.xs.XSElementDeclaration,INTERFACE
org.apache.xerces.xs.XSException,EXCEPTION
org.apache.xerces.xs.AttributePSVI,INTERFACE
org.apache.xerces.xs.XSLoader,INTERFACE
org.apache.xerces.xs.XSNamedMap,INTERFACE
org.apache.xerces.xs.ShortList,INTERFACE
org.apache.xerces.xs.XSNamespaceItem,INTERFACE
org.apache.xerces.xs.XSAttributeDeclaration,INTERFACE
org.apache.xerces.xs.XSAttributeUse,INTERFACE
org.apache.xerces.xs.PSVIProvider,INTERFACE
org.apache.xerces.xs.XSModelGroupDefinition,INTERFACE
org.apache.xerces.xs.XSAnnotation,INTERFACE
org.apache.xerces.xs.XSFacet,INTERFACE
org.apache.xerces.xs.XSComplexTypeDefinition,INTERFACE
org.apache.xerces.xs.XSModel,INTERFACE
org.apache.xerces.xs.XSNotationDeclaration,INTERFACE
org.apache.xerces.xs.StringList,INTERFACE
org.apache.xerces.xpointer.ElementSchemePointer$Tokens,CONSTANT
org.apache.xerces.xpointer.XPointerProcessor,INTERFACE
org.apache.xerces.xpointer.XPointerPart,INTERFACE
org.apache.xerces.xpointer.XPointerHandler$Tokens,CONSTANT
org.apache.xerces.dom3.as.NodeEditAS,INTERFACE
org.apache.xerces.dom3.as.ASNamedObjectMap,INTERFACE
org.apache.xerces.dom3.as.DOMASBuilder,INTERFACE
org.apache.xerces.dom3.as.DocumentAS,INTERFACE
org.apache.xerces.dom3.as.ASElementDeclaration,INTERFACE
org.apache.xerces.dom3.as.ASAttributeDeclaration,INTERFACE
org.apache.xerces.dom3.as.ASDataType,INTERFACE
org.apache.xerces.dom3.as.DocumentEditAS,INTERFACE
org.apache.xerces.dom3.as.DOMImplementationAS,INTERFACE
org.apache.xerces.dom3.as.ASContentModel,INTERFACE
org.apache.xerces.dom3.as.ASModel,INTERFACE
org.apache.xerces.dom3.as.DOMASWriter,INTERFACE
org.apache.xerces.dom3.as.ASObjectList,INTERFACE
org.apache.xerces.dom3.as.ASNotationDeclaration,INTERFACE
org.apache.xerces.dom3.as.ASEntityDeclaration,INTERFACE
org.apache.xerces.dom3.as.CharacterDataEditAS,INTERFACE
org.apache.xerces.dom3.as.DOMASException,EXCEPTION
org.apache.xerces.dom3.as.ASObject,INTERFACE
org.apache.xerces.dom3.as.ElementEditAS,INTERFACE
org.apache.xerces.jaxp.SchemaValidatorConfiguration,CONSTANT
org.apache.xerces.jaxp.JAXPValidatorComponent$SAX2XNI,CONSTANT
org.apache.xerces.jaxp.JAXPValidatorComponent$DraconianErrorHandler,CONSTANT
org.apache.xerces.jaxp.datatype.XMLGregorianCalendarImpl$Parser,CONSTANT
org.apache.xerces.jaxp.UnparsedEntityHandler,CONSTANT
org.apache.xerces.jaxp.validation.XMLSchema,CONSTANT
org.apache.xerces.jaxp.validation.DOMValidatorHelper$DOMNamespaceContext,CONSTANT
org.apache.xerces.jaxp.validation.DOMValidatorHelper,CONSTANT
org.apache.xerces.jaxp.validation.DOMResultAugmentor,CONSTANT
org.apache.xerces.jaxp.validation.DOMDocumentHandler,INTERFACE
org.apache.xerces.jaxp.validation.SoftReferenceGrammarPool$SoftGrammarReference,CONSTANT
org.apache.xerces.jaxp.validation.XSGrammarPoolContainer,INTERFACE
org.apache.xerces.jaxp.validation.ValidatorImpl,CONSTANT
org.apache.xerces.jaxp.validation.SoftReferenceGrammarPool,CONSTANT
org.apache.xerces.jaxp.validation.JAXPValidationMessageFormatter,CONSTANT
org.apache.xerces.jaxp.validation.ValidatorHandlerImpl,CONSTANT
org.apache.xerces.jaxp.validation.StreamValidatorHelper,CONSTANT
org.apache.xerces.jaxp.validation.Util,CONSTANT
org.apache.xerces.jaxp.validation.ReadOnlyGrammarPool,CONSTANT
org.apache.xerces.jaxp.validation.XMLSchemaValidatorComponentManager,CONSTANT
org.apache.xerces.jaxp.validation.WeakReferenceXMLSchema,CONSTANT
org.apache.xerces.jaxp.validation.DraconianErrorHandler,CONSTANT
org.apache.xerces.jaxp.validation.EmptyXMLSchema,CONSTANT
org.apache.xerces.jaxp.validation.ValidatorHandlerImpl$ResolutionForwarder,CONSTANT
org.apache.xerces.jaxp.validation.XMLSchemaFactory,CONSTANT
org.apache.xerces.jaxp.validation.ValidatorHelper,INTERFACE
org.apache.xerces.jaxp.validation.SoftReferenceGrammarPool$Entry,CONSTANT
org.apache.xerces.jaxp.validation.SimpleXMLSchema,CONSTANT
org.apache.xerces.jaxp.validation.DOMResultBuilder,CONSTANT
org.apache.xerces.dom.RangeExceptionImpl,EXCEPTION
org.apache.xerces.dom.SecuritySupport,CONSTANT
org.apache.xerces.dom.ObjectFactory,CONSTANT
org.apache.xerces.dom.DOMNormalizer$XMLAttributesProxy,CONSTANT
org.apache.xerces.dom.ObjectFactory$ConfigurationError,CONSTANT
org.apache.xerces.xni.XMLDocumentFragmentHandler,INTERFACE
org.apache.xerces.xni.grammars.XMLSchemaDescription,INTERFACE
org.apache.xerces.xni.grammars.XSGrammar,INTERFACE
org.apache.xml.serialize.SecuritySupport,CONSTANT
org.apache.xml.serialize.HTMLdtd,CONSTANT
org.apache.xml.serialize.ObjectFactory,CONSTANT
org.apache.xml.serialize.ObjectFactory$ConfigurationError,CONSTANT
org.apache.xml.serialize.Method,CONSTANT
org.apache.xml.serialize.LineSeparator,CONSTANT
org.apache.xml.serialize.SerializerFactoryImpl,CONSTANT
org.apache.wml.WMLGoElement,INTERFACE
org.apache.wml.WMLDocument,INTERFACE
org.apache.wml.WMLBrElement,INTERFACE
org.apache.wml.WMLTimerElement,INTERFACE
org.apache.wml.WMLAElement,INTERFACE
org.apache.wml.WMLDoElement,INTERFACE
org.apache.wml.WMLRefreshElement,INTERFACE
org.apache.wml.WMLTrElement,INTERFACE
org.apache.wml.WMLDOMImplementation,INTERFACE
org.apache.wml.WMLOneventElement,INTERFACE
org.apache.wml.WMLEmElement,INTERFACE
org.apache.wml.WMLPostfieldElement,INTERFACE
org.apache.wml.WMLTemplateElement,INTERFACE
org.apache.wml.WMLOptgroupElement,INTERFACE
org.apache.wml.WMLSmallElement,INTERFACE
org.apache.wml.WMLWmlElement,INTERFACE
org.apache.wml.WMLAnchorElement,INTERFACE
org.apache.wml.WMLUElement,INTERFACE
org.apache.wml.WMLSelectElement,INTERFACE
org.apache.wml.WMLPElement,INTERFACE
org.apache.wml.WMLInputElement,INTERFACE
org.apache.wml.WMLTdElement,INTERFACE
org.apache.wml.WMLIElement,INTERFACE
org.apache.wml.WMLOptionElement,INTERFACE
org.apache.wml.WMLSetvarElement,INTERFACE
org.apache.wml.WMLImgElement,INTERFACE
org.apache.wml.WMLTableElement,INTERFACE
org.apache.wml.WMLAccessElement,INTERFACE
org.apache.wml.WMLElement,INTERFACE
org.apache.wml.WMLPrevElement,INTERFACE
org.apache.wml.WMLHeadElement,INTERFACE
org.apache.wml.WMLMetaElement,INTERFACE
org.apache.wml.WMLStrongElement,INTERFACE
org.apache.wml.WMLNoopElement,INTERFACE
org.apache.wml.WMLBElement,INTERFACE
org.apache.wml.WMLBigElement,INTERFACE
org.apache.wml.WMLFieldsetElement,INTERFACE
org.apache.wml.WMLCardElement,INTERFACE
org.apache.webdav.lib.Subscriber,INTERFACE
org.apache.webdav.lib.methods.DepthSupport,INTERFACE
org.apache.webdav.lib.Property,INTERFACE
org.apache.webdav.lib.ResponseEntity,INTERFACE
org.apache.webdav.lib.properties.LockEntryProperty,INTERFACE
org.apache.webdav.lib.WebdavException,EXCEPTION
javax.xml.parsers.ParserConfigurationException,EXCEPTION
javax.xml.xpath.XPathFunction,INTERFACE
javax.xml.xpath.XPath,INTERFACE
javax.xml.xpath.XPathVariableResolver,INTERFACE
javax.xml.xpath.XPathExpressionException,EXCEPTION
javax.xml.xpath.XPathFunctionException,EXCEPTION
javax.xml.xpath.XPathFactoryConfigurationException,EXCEPTION
javax.xml.xpath.XPathException,EXCEPTION
javax.xml.xpath.XPathExpression,INTERFACE
javax.xml.xpath.XPathFunctionResolver,INTERFACE
javax.xml.datatype.DatatypeConstants,CONSTANT
javax.xml.datatype.DatatypeConfigurationException,EXCEPTION
javax.xml.datatype.DatatypeConstants$Field,CONSTANT
javax.xml.namespace.NamespaceContext,INTERFACE
javax.xml.XMLConstants,CONSTANT
javax.xml.transform.SourceLocator,INTERFACE
javax.xml.transform.Source,INTERFACE
javax.xml.transform.sax.TransformerHandler,INTERFACE
javax.xml.transform.sax.TemplatesHandler,INTERFACE
javax.xml.transform.TransformerConfigurationException,EXCEPTION
javax.xml.transform.Result,INTERFACE
javax.xml.transform.Templates,INTERFACE
javax.xml.transform.URIResolver,INTERFACE
javax.xml.transform.dom.DOMLocator,INTERFACE
javax.xml.transform.ErrorListener,INTERFACE
javax.xml.transform.TransformerException,EXCEPTION
de.zeigermann.xml.simpleImporter.SimpleImporter$ParseElement,CONSTANT
de.zeigermann.xml.simpleImporter.Item,CONSTANT
de.zeigermann.xml.simpleImporter.SimpleImportHandler,INTERFACE
de.zeigermann.xml.simpleImporter.SimpleImporter$PathStack,CONSTANT
de.zeigermann.xml.simpleImporter.SimpleImporter$SAXHandler,CONSTANT
de.zeigermann.xml.simpleImporter.SimpleImporterException,EXCEPTION
de.zeigermann.xml.XMLEncode,CONSTANT
com.google.code.configprocessor.log.LogAdapter,INTERFACE
com.jcraft.jsch.HASH,INTERFACE
com.jcraft.jsch.SocketFactory,INTERFACE
com.jcraft.jsch.Cipher,INTERFACE
com.jcraft.jsch.JSchPartialAuthException,EXCEPTION
com.jcraft.jsch.UserInfo,INTERFACE
com.jcraft.jsch.KeyPairGenRSA,INTERFACE
com.jcraft.jsch.SftpProgressMonitor,INTERFACE
com.jcraft.jsch.Random,INTERFACE
com.jcraft.jsch.MAC,INTERFACE
com.jcraft.jsch.Proxy,INTERFACE
com.jcraft.jsch.JSchAuthCancelException,EXCEPTION
com.jcraft.jsch.Identity,INTERFACE
com.jcraft.jsch.KeyPairGenDSA,INTERFACE
com.jcraft.jsch.DH,INTERFACE
com.jcraft.jsch.SignatureDSA,INTERFACE
com.jcraft.jsch.Compression,INTERFACE
com.jcraft.jsch.JSchException,EXCEPTION
com.jcraft.jsch.UIKeyboardInteractive,INTERFACE
com.jcraft.jsch.Request,INTERFACE
com.jcraft.jsch.ForwardedTCPIPDaemon,INTERFACE
com.jcraft.jsch.ServerSocketFactory,INTERFACE
com.jcraft.jsch.SignatureRSA,INTERFACE
com.jcraft.jsch.HostKeyRepository,INTERFACE
com.jcraft.jsch.SftpException,EXCEPTION
com.thoughtworks.xstream.alias.NameMapper,INTERFACE
com.thoughtworks.xstream.core.util.Primitives,CONSTANT
com.thoughtworks.xstream.core.util.ObjectIdDictionary$Wrapper,INTERFACE
com.thoughtworks.xstream.core.TreeMarshaller$CircularReferenceException,EXCEPTION
com.thoughtworks.xstream.core.ReferenceByIdMarshaller$IDGenerator,INTERFACE
com.thoughtworks.xstream.core.AbstractReferenceMarshaller$ReferencedImplicitElementException,EXCEPTION
com.thoughtworks.xstream.io.ExtendedHierarchicalStreamWriter,INTERFACE
com.thoughtworks.xstream.io.xml.DocumentReader,INTERFACE
com.thoughtworks.xstream.io.xml.SaxWriter,CONSTANT
com.thoughtworks.xstream.io.xml.XmlFriendlyWriter,INTERFACE
com.thoughtworks.xstream.io.xml.DocumentWriter,INTERFACE
com.thoughtworks.xstream.mapper.CGLIBMapper$Marker,INTERFACE
com.thoughtworks.xstream.mapper.AnnotationMapper$UnprocessedTypesSet,CONSTANT
com.thoughtworks.xstream.converters.javabean.JavaBeanConverter$DuplicateFieldException,EXCEPTION
com.thoughtworks.xstream.converters.javabean.BeanProvider$Visitor,INTERFACE
com.thoughtworks.xstream.converters.reflection.CGLIBEnhancedConverter$ReverseEngineeringInvocationHandler,CONSTANT
com.thoughtworks.xstream.annotations.XStreamImplicit,ANNOTATION
com.thoughtworks.xstream.annotations.XStreamInclude,ANNOTATION
com.thoughtworks.xstream.annotations.XStreamContainedType,ANNOTATION
com.thoughtworks.xstream.annotations.XStreamConverters,ANNOTATION
com.thoughtworks.xstream.annotations.XStreamImplicitCollection,ANNOTATION
com.thoughtworks.xstream.annotations.XStreamConverter,ANNOTATION
com.thoughtworks.xstream.annotations.XStreamAsAttribute,ANNOTATION
com.thoughtworks.xstream.annotations.XStreamAlias,ANNOTATION
com.thoughtworks.xstream.annotations.XStreamOmitField,ANNOTATION
com.thoughtworks.xstream.persistence.PersistenceStrategy,INTERFACE
com.thoughtworks.xstream.persistence.StreamStrategy,INTERFACE
