{
"com.google.code.configprocessor.util.PropertiesUtils": ["escapePropertyValue(Ljava/lang/String;)Ljava/lang/String;"],
"com.google.code.configprocessor.processing.RemoveAction": ["RemoveAction(Ljava/lang/String;)V","RemoveAction(Ljava/lang/String;Lcom/google/code/configprocessor/processing/NodeSetPolicy;)V","setNodeSetPolicy(Ljava/lang/String;)V","validate()V","getNodeSetPolicy()Ljava/lang/String;","toString()Ljava/lang/String;","getActionName()Ljava/lang/String;","RemoveAction()V","equals(Ljava/lang/Object;)Z","getNodeSetPolicyAsEnum()Lcom/google/code/configprocessor/processing/NodeSetPolicy;"],
"com.google.code.configprocessor.processing.NodeSetPolicy": ["<clinit>()V","NodeSetPolicy(Ljava/lang/String;I)V","valueOfName(Ljava/lang/String;)Lcom/google/code/configprocessor/processing/NodeSetPolicy;","values()[Lcom/google/code/configprocessor/processing/NodeSetPolicy;"],
"com.google.code.configprocessor.processing.AbstractAction": ["AbstractAction(Ljava/lang/String;Ljava/lang/String;)V","getName()Ljava/lang/String;","getValue()Ljava/lang/String;","toString()Ljava/lang/String;","setValue(Ljava/lang/String;)V","setName(Ljava/lang/String;)V","equals(Ljava/lang/Object;)Z"],
"org.apache.commons.lang.StringUtils": ["trimToNull(Ljava/lang/String;)Ljava/lang/String;","trim(Ljava/lang/String;)Ljava/lang/String;","isEmpty(Ljava/lang/String;)Z","isBlank(Ljava/lang/String;)Z","splitPreserveAllTokens(Ljava/lang/String;Ljava/lang/String;I)[Ljava/lang/String;","splitWorker(Ljava/lang/String;Ljava/lang/String;IZ)[Ljava/lang/String;","endsWith(Ljava/lang/String;Ljava/lang/String;)Z","endsWith(Ljava/lang/String;Ljava/lang/String;Z)Z","equals(Ljava/lang/String;Ljava/lang/String;)Z","split(Ljava/lang/String;C)[Ljava/lang/String;","splitWorker(Ljava/lang/String;CZ)[Ljava/lang/String;"],
"com.google.code.configprocessor.processing.ActionValidationException": ["ActionValidationException(Ljava/lang/String;Lcom/google/code/configprocessor/processing/Action;)V"],
"com.google.code.configprocessor.ConfigProcessorException": ["ConfigProcessorException(Ljava/lang/String;)V"],
"org.codehaus.plexus.component.configurator.expression.DefaultExpressionEvaluator": ["DefaultExpressionEvaluator()V","evaluate(Ljava/lang/String;)Ljava/lang/Object;"],
"com.google.code.configprocessor.maven.MavenExpressionResolver": ["MavenExpressionResolver(Lorg/codehaus/plexus/component/configurator/expression/ExpressionEvaluator;)V","MavenExpressionResolver(Lorg/codehaus/plexus/component/configurator/expression/ExpressionEvaluator;Z)V","resolve(Ljava/lang/String;Z)Ljava/lang/String;"],
"com.google.code.configprocessor.processing.xml.MapBasedNamespaceContext": ["MapBasedNamespaceContext()V","MapBasedNamespaceContext(Ljava/util/Map;)V"],
"com.google.code.configprocessor.processing.xml.XmlHelper": ["parse(Ljava/io/InputStream;Ljava/util/List;)Lorg/w3c/dom/Document;","newDocumentBuilder(Ljava/util/List;)Ljavax/xml/parsers/DocumentBuilder;"],
"org.apache.xerces.jaxp.DocumentBuilderFactoryImpl": ["DocumentBuilderFactoryImpl()V","newDocumentBuilder()Ljavax/xml/parsers/DocumentBuilder;"],
"com.google.code.configprocessor.processing.properties.PropertiesActionProcessor": ["<clinit>()V","PropertiesActionProcessor(Ljava/lang/String;Lcom/google/code/configprocessor/io/FileResolver;Lcom/google/code/configprocessor/expression/ExpressionResolver;)V","process(Ljava/io/Reader;Ljava/io/Writer;Lcom/google/code/configprocessor/processing/Action;)V","process(Ljava/io/BufferedReader;Ljava/io/BufferedWriter;Lcom/google/code/configprocessor/processing/Action;)V","getAdvisorFor(Lcom/google/code/configprocessor/processing/Action;)Lcom/google/code/configprocessor/processing/properties/PropertiesActionProcessingAdvisor;","processAdvice(Lcom/google/code/configprocessor/processing/properties/model/PropertiesFileItemAdvice;Lcom/google/code/configprocessor/processing/properties/model/PropertiesFileItem;Ljava/io/BufferedWriter;Lcom/google/code/configprocessor/processing/Action;)V","append(Lcom/google/code/configprocessor/processing/properties/model/PropertiesFileItem;Ljava/io/BufferedWriter;)V","isBlankLine(Ljava/lang/String;)Z","isComment(Ljava/lang/String;)Z","readPropertyMapping(Ljava/io/BufferedReader;Ljava/lang/String;)Lcom/google/code/configprocessor/processing/properties/model/PropertyMapping;","readComment(Ljava/io/BufferedReader;Ljava/lang/String;)Lcom/google/code/configprocessor/processing/properties/model/Comment;","appendFile(Lcom/google/code/configprocessor/processing/properties/model/PropertiesFileItem;Ljava/io/BufferedWriter;Lcom/google/code/configprocessor/processing/Action;)V"],
"com.google.code.configprocessor.io.ClasspathFileResolver": ["ClasspathFileResolver()V","resolve(Ljava/lang/String;)Ljava/io/File;"],
"com.google.code.configprocessor.processing.properties.PropertiesRemoveActionProcessingAdvisor": ["PropertiesRemoveActionProcessingAdvisor(Lcom/google/code/configprocessor/processing/RemoveAction;Lcom/google/code/configprocessor/expression/ExpressionResolver;)V","process(Lcom/google/code/configprocessor/processing/properties/model/PropertiesFileItem;)Lcom/google/code/configprocessor/processing/properties/model/PropertiesFileItemAdvice;"],
"com.google.code.configprocessor.processing.properties.AbstractPropertiesActionProcessingAdvisor": ["AbstractPropertiesActionProcessingAdvisor(Lcom/google/code/configprocessor/expression/ExpressionResolver;)V","onStartProcessing()Lcom/google/code/configprocessor/processing/properties/model/PropertiesFileItemAdvice;","process(Lcom/google/code/configprocessor/processing/properties/model/PropertiesFileItem;)Lcom/google/code/configprocessor/processing/properties/model/PropertiesFileItemAdvice;","onEndProcessing()Lcom/google/code/configprocessor/processing/properties/model/PropertiesFileItemAdvice;","createPropertyMapping(Ljava/lang/String;Ljava/lang/String;)Lcom/google/code/configprocessor/processing/properties/model/PropertyMapping;","resolve(Ljava/lang/String;)Ljava/lang/String;"],
"com.google.code.configprocessor.processing.properties.model.PropertiesFileItemAdviceType": ["<clinit>()V","PropertiesFileItemAdviceType(Ljava/lang/String;I)V","values()[Lcom/google/code/configprocessor/processing/properties/model/PropertiesFileItemAdviceType;"],
"com.google.code.configprocessor.processing.properties.model.PropertiesFileItemAdvice": ["PropertiesFileItemAdvice(Lcom/google/code/configprocessor/processing/properties/model/PropertiesFileItemAdviceType;Lcom/google/code/configprocessor/processing/properties/model/PropertiesFileItem;)V","getType()Lcom/google/code/configprocessor/processing/properties/model/PropertiesFileItemAdviceType;","getItem()Lcom/google/code/configprocessor/processing/properties/model/PropertiesFileItem;"],
"com.google.code.configprocessor.processing.properties.PropertiesActionProcessor$1": ["<clinit>()V"],
"com.google.code.configprocessor.processing.properties.model.PropertyMapping": ["PropertyMapping()V","PropertyMapping(Ljava/lang/String;Ljava/lang/String;)V","parse(Ljava/lang/String;Z)V","getPropertyName()Ljava/lang/String;","getAsText()Ljava/lang/String;","equals(Ljava/lang/Object;)Z","getPropertyValue()Ljava/lang/String;","toString()Ljava/lang/String;"],
"com.google.code.configprocessor.processing.properties.model.Comment": ["Comment(Ljava/lang/String;)V","getAsText()Ljava/lang/String;","equals(Ljava/lang/Object;)Z","toString()Ljava/lang/String;"],
"com.google.code.configprocessor.processing.NestedAction": ["NestedAction()V","addAction(Lcom/google/code/configprocessor/processing/Action;)V","getActions()Ljava/util/List;","equals(Ljava/lang/Object;)Z"],
"com.google.code.configprocessor.processing.properties.NestedPropertiesActionProcessingAdvisor": ["NestedPropertiesActionProcessingAdvisor(Ljava/util/List;)V","onStartProcessing()Lcom/google/code/configprocessor/processing/properties/model/PropertiesFileItemAdvice;","process(Lcom/google/code/configprocessor/processing/properties/model/PropertiesFileItem;)Lcom/google/code/configprocessor/processing/properties/model/PropertiesFileItemAdvice;","onEndProcessing()Lcom/google/code/configprocessor/processing/properties/model/PropertiesFileItemAdvice;"],
"com.google.code.configprocessor.processing.properties.model.NestedPropertiesFileItemAdvice": ["NestedPropertiesFileItemAdvice(Lcom/google/code/configprocessor/processing/properties/model/PropertiesFileItem;)V","addAdvice(Lcom/google/code/configprocessor/processing/properties/model/PropertiesFileItemAdvice;)V","getType()Lcom/google/code/configprocessor/processing/properties/model/PropertiesFileItemAdviceType;","getItem()Lcom/google/code/configprocessor/processing/properties/model/PropertiesFileItem;"],
"com.google.code.configprocessor.processing.properties.model.NestedPropertiesFileItemAdvice$1": ["<clinit>()V"],
"com.google.code.configprocessor.processing.properties.model.CompositePropertiesFileItem": ["CompositePropertiesFileItem()V","addAllPropertiesFileItems(Ljava/util/List;)V","getAsText()Ljava/lang/String;"],
"com.google.code.configprocessor.processing.AddAction": ["AddAction()V","AddAction(Ljava/lang/String;Ljava/lang/String;)V","AddAction(Ljava/lang/String;Ljava/lang/String;Ljava/lang/String;Ljava/lang/String;)V","isFirst()Z","getBefore()Ljava/lang/String;","getFile()Ljava/lang/String;","getAfter()Ljava/lang/String;","isLast()Z","AddAction(Ljava/lang/String;Ljava/lang/String;Ljava/lang/String;)V","setFirst(Z)V","setLast(Z)V","setFile(Ljava/lang/String;)V","validate()V","toString()Ljava/lang/String;","getActionName()Ljava/lang/String;","getInside()Ljava/lang/String;","isIgnoreRoot()Z","setBefore(Ljava/lang/String;)V","setInside(Ljava/lang/String;)V","setAfter(Ljava/lang/String;)V","setIgnoreRoot(Z)V","setNestedAction(Lcom/google/code/configprocessor/processing/NestedAction;)V","equals(Ljava/lang/Object;)Z"],
"com.google.code.configprocessor.processing.properties.PropertiesAddActionProcessingAdvisor": ["PropertiesAddActionProcessingAdvisor(Lcom/google/code/configprocessor/processing/AddAction;Lcom/google/code/configprocessor/expression/ExpressionResolver;)V","onStartProcessing()Lcom/google/code/configprocessor/processing/properties/model/PropertiesFileItemAdvice;","process(Lcom/google/code/configprocessor/processing/properties/model/PropertiesFileItem;)Lcom/google/code/configprocessor/processing/properties/model/PropertiesFileItemAdvice;","onEndProcessing()Lcom/google/code/configprocessor/processing/properties/model/PropertiesFileItemAdvice;"],
"com.google.code.configprocessor.processing.UncommentAction": ["UncommentAction(Ljava/lang/String;)V","UncommentAction()V","validate()V","getActionName()Ljava/lang/String;"],
"com.google.code.configprocessor.processing.properties.PropertiesUncommentActionProcessingAdvisor": ["PropertiesUncommentActionProcessingAdvisor(Lcom/google/code/configprocessor/processing/UncommentAction;Lcom/google/code/configprocessor/expression/ExpressionResolver;)V","process(Lcom/google/code/configprocessor/processing/properties/model/PropertiesFileItem;)Lcom/google/code/configprocessor/processing/properties/model/PropertiesFileItemAdvice;"],
"com.google.code.configprocessor.processing.ModifyAction": ["ModifyAction()V","ModifyAction(Ljava/lang/String;Ljava/lang/String;)V","ModifyAction(Ljava/lang/String;Ljava/lang/String;Lcom/google/code/configprocessor/processing/NodeSetPolicy;)V","setFind(Ljava/lang/String;)V","setReplace(Ljava/lang/String;)V","getFind()Ljava/lang/String;","getPattern()Ljava/util/regex/Pattern;","parseFlags()I","getFlags()Ljava/lang/String;","getReplace()Ljava/lang/String;","validate()V","toString()Ljava/lang/String;","getActionName()Ljava/lang/String;","equals(Ljava/lang/Object;)Z","setFlags(Ljava/lang/String;)V"],
"com.google.code.configprocessor.processing.properties.PropertiesModifyActionProcessingAdvisor": ["PropertiesModifyActionProcessingAdvisor(Lcom/google/code/configprocessor/processing/ModifyAction;Lcom/google/code/configprocessor/expression/ExpressionResolver;)V","process(Lcom/google/code/configprocessor/processing/properties/model/PropertiesFileItem;)Lcom/google/code/configprocessor/processing/properties/model/PropertiesFileItemAdvice;"],
"com.google.code.configprocessor.processing.properties.model.FilePropertiesFileItem": ["FilePropertiesFileItem(Ljava/lang/String;)V","getFile()Ljava/lang/String;"],
"com.google.code.configprocessor.util.IOUtils": ["close(Ljava/io/Closeable;Lcom/google/code/configprocessor/log/LogAdapter;)V"],
"com.google.code.configprocessor.processing.CommentAction": ["CommentAction(Ljava/lang/String;)V","CommentAction()V","validate()V","getActionName()Ljava/lang/String;"],
"com.google.code.configprocessor.processing.properties.PropertiesCommentActionProcessingAdvisor": ["PropertiesCommentActionProcessingAdvisor(Lcom/google/code/configprocessor/processing/CommentAction;Lcom/google/code/configprocessor/expression/ExpressionResolver;)V","process(Lcom/google/code/configprocessor/processing/properties/model/PropertiesFileItem;)Lcom/google/code/configprocessor/processing/properties/model/PropertiesFileItemAdvice;"],
"com.google.code.configprocessor.ConfigProcessor": ["ConfigProcessor(Ljava/lang/String;IILjava/util/Map;Ljava/io/File;Ljava/io/File;ZLcom/google/code/configprocessor/log/LogAdapter;Lcom/google/code/configprocessor/io/FileResolver;Ljava/util/List;Z)V","getMatchingFiles(Ljava/lang/String;)Ljava/util/List;","getInputType(Lcom/google/code/configprocessor/Transformation;Ljava/io/File;)Ljava/lang/String;","getLog()Lcom/google/code/configprocessor/log/LogAdapter;"],
"com.google.code.configprocessor.Transformation": ["Transformation()V","setType(Ljava/lang/String;)V","getType()Ljava/lang/String;"],
"com.google.code.configprocessor.parsing.ProcessingConfigurationParser": ["ProcessingConfigurationParser()V","parse(Ljava/io/InputStream;Ljava/nio/charset/Charset;)Lcom/google/code/configprocessor/processing/NestedAction;","parse(Ljava/io/Reader;)Lcom/google/code/configprocessor/processing/NestedAction;","getXStream()Lcom/thoughtworks/xstream/XStream;"],
"com.thoughtworks.xstream.converters.reflection.PureJavaReflectionProvider": ["PureJavaReflectionProvider()V","PureJavaReflectionProvider(Lcom/thoughtworks/xstream/converters/reflection/FieldDictionary;)V","newInstance(Ljava/lang/Class;)Ljava/lang/Object;","fieldDefinedInClass(Ljava/lang/String;Ljava/lang/Class;)Z","getFieldType(Ljava/lang/Object;Ljava/lang/String;Ljava/lang/Class;)Ljava/lang/Class;","writeField(Ljava/lang/Object;Ljava/lang/String;Ljava/lang/Object;Ljava/lang/Class;)V","validateFieldAccess(Ljava/lang/reflect/Field;)V","fieldModifiersSupported(Ljava/lang/reflect/Field;)Z","getField(Ljava/lang/Class;Ljava/lang/String;)Ljava/lang/reflect/Field;"],
"com.thoughtworks.xstream.converters.reflection.ImmutableFieldKeySorter": ["ImmutableFieldKeySorter()V","sort(Ljava/lang/Class;Ljava/util/Map;)Ljava/util/Map;"],
"com.thoughtworks.xstream.converters.reflection.FieldDictionary": ["FieldDictionary(Lcom/thoughtworks/xstream/converters/reflection/FieldKeySorter;)V","init()V","class$(Ljava/lang/String;)Ljava/lang/Class;","FieldDictionary()V","fieldsFor(Ljava/lang/Class;)Ljava/util/Iterator;","buildMap(Ljava/lang/Class;Z)Ljava/util/Map;","field(Ljava/lang/Class;Ljava/lang/String;Ljava/lang/Class;)Ljava/lang/reflect/Field;"],
"com.thoughtworks.xstream.XStream": ["XStream(Lcom/thoughtworks/xstream/converters/reflection/ReflectionProvider;)V","XStream(Lcom/thoughtworks/xstream/converters/reflection/ReflectionProvider;Lcom/thoughtworks/xstream/mapper/Mapper;Lcom/thoughtworks/xstream/io/HierarchicalStreamDriver;)V","XStream(Lcom/thoughtworks/xstream/converters/reflection/ReflectionProvider;Lcom/thoughtworks/xstream/io/HierarchicalStreamDriver;Ljava/lang/ClassLoader;Lcom/thoughtworks/xstream/mapper/Mapper;Lcom/thoughtworks/xstream/converters/ConverterLookup;Lcom/thoughtworks/xstream/converters/ConverterRegistry;)V","buildMapper()Lcom/thoughtworks/xstream/mapper/Mapper;","useXStream11XmlFriendlyMapper()Z","class$(Ljava/lang/String;)Ljava/lang/Class;","buildMapperDynamically(Ljava/lang/String;[Ljava/lang/Class;[Ljava/lang/Object;)Lcom/thoughtworks/xstream/mapper/Mapper;","wrapMapper(Lcom/thoughtworks/xstream/mapper/MapperWrapper;)Lcom/thoughtworks/xstream/mapper/MapperWrapper;","setupMappers()V","setupAliases()V","alias(Ljava/lang/String;Ljava/lang/Class;)V","aliasType(Ljava/lang/String;Ljava/lang/Class;)V","setupDefaultImplementations()V","addDefaultImplementation(Ljava/lang/Class;Ljava/lang/Class;)V","setupConverters()V","registerConverter(Lcom/thoughtworks/xstream/converters/Converter;I)V","registerConverter(Lcom/thoughtworks/xstream/converters/SingleValueConverter;I)V","dynamicallyRegisterConverter(Ljava/lang/String;I[Ljava/lang/Class;[Ljava/lang/Object;)V","setupImmutableTypes()V","addImmutableType(Ljava/lang/Class;)V","setMode(I)V","setMarshallingStrategy(Lcom/thoughtworks/xstream/MarshallingStrategy;)V","addImplicitCollection(Ljava/lang/Class;Ljava/lang/String;)V","registerConverter(Lcom/thoughtworks/xstream/converters/Converter;)V","fromXML(Ljava/io/Reader;)Ljava/lang/Object;","unmarshal(Lcom/thoughtworks/xstream/io/HierarchicalStreamReader;Ljava/lang/Object;)Ljava/lang/Object;","unmarshal(Lcom/thoughtworks/xstream/io/HierarchicalStreamReader;Ljava/lang/Object;Lcom/thoughtworks/xstream/converters/DataHolder;)Ljava/lang/Object;"],
"com.thoughtworks.xstream.io.xml.XppDriver": ["XppDriver()V","createReader(Ljava/io/Reader;)Lcom/thoughtworks/xstream/io/HierarchicalStreamReader;","loadLibrary()V"],
"com.thoughtworks.xstream.io.xml.XmlFriendlyReplacer": ["XmlFriendlyReplacer()V","XmlFriendlyReplacer(Ljava/lang/String;Ljava/lang/String;)V","unescapeName(Ljava/lang/String;)Ljava/lang/String;","escapeName(Ljava/lang/String;)Ljava/lang/String;"],
"com.thoughtworks.xstream.io.xml.AbstractXmlDriver": ["AbstractXmlDriver(Lcom/thoughtworks/xstream/io/xml/XmlFriendlyReplacer;)V","xmlFriendlyReplacer()Lcom/thoughtworks/xstream/io/xml/XmlFriendlyReplacer;"],
"com.thoughtworks.xstream.core.util.CompositeClassLoader": ["CompositeClassLoader()V","class$(Ljava/lang/String;)Ljava/lang/Class;","add(Ljava/lang/ClassLoader;)V","loadClass(Ljava/lang/String;)Ljava/lang/Class;"],
"com.thoughtworks.xstream.core.util.ClassLoaderReference": ["ClassLoaderReference(Ljava/lang/ClassLoader;)V","getReference()Ljava/lang/ClassLoader;","loadClass(Ljava/lang/String;)Ljava/lang/Class;"],
"com.thoughtworks.xstream.core.DefaultConverterLookup": ["DefaultConverterLookup()V","registerConverter(Lcom/thoughtworks/xstream/converters/Converter;I)V","lookupConverterForType(Ljava/lang/Class;)Lcom/thoughtworks/xstream/converters/Converter;"],
"com.thoughtworks.xstream.core.util.PrioritizedList": ["PrioritizedList()V","add(Ljava/lang/Object;I)V","iterator()Ljava/util/Iterator;"],
"com.thoughtworks.xstream.core.JVM": ["<clinit>()V","getMajorJavaVersion()F","isHarmony()Z","isIBM()Z","JVM()V","loadClass(Ljava/lang/String;)Ljava/lang/Class;","is15()Z","supportsAWT()Z","supportsSQL()Z","is14()Z","reverseFieldDefinition()Z","supportsSwing()Z"],
"com.thoughtworks.xstream.mapper.DefaultMapper": ["DefaultMapper(Ljava/lang/ClassLoader;)V","aliasForSystemAttribute(Ljava/lang/String;)Ljava/lang/String;","aliasForAttribute(Ljava/lang/String;)Ljava/lang/String;","realClass(Ljava/lang/String;)Ljava/lang/Class;","defaultImplementationOf(Ljava/lang/Class;)Ljava/lang/Class;","realMember(Ljava/lang/Class;Ljava/lang/String;)Ljava/lang/String;"],
"com.thoughtworks.xstream.mapper.DynamicProxyMapper": ["DynamicProxyMapper(Lcom/thoughtworks/xstream/mapper/Mapper;)V","DynamicProxyMapper(Lcom/thoughtworks/xstream/mapper/Mapper;Ljava/lang/String;)V","realClass(Ljava/lang/String;)Ljava/lang/Class;"],
"com.thoughtworks.xstream.mapper.MapperWrapper": ["MapperWrapper(Lcom/thoughtworks/xstream/mapper/Mapper;)V","lookupMapperOfType(Ljava/lang/Class;)Lcom/thoughtworks/xstream/mapper/Mapper;","aliasForSystemAttribute(Ljava/lang/String;)Ljava/lang/String;","aliasForAttribute(Ljava/lang/String;)Ljava/lang/String;","realClass(Ljava/lang/String;)Ljava/lang/Class;","defaultImplementationOf(Ljava/lang/Class;)Ljava/lang/Class;","realMember(Ljava/lang/Class;Ljava/lang/String;)Ljava/lang/String;","getImplicitCollectionDefForFieldName(Ljava/lang/Class;Ljava/lang/String;)Lcom/thoughtworks/xstream/mapper/Mapper$ImplicitCollectionMapping;","getItemTypeForItemFieldName(Ljava/lang/Class;Ljava/lang/String;)Ljava/lang/Class;","shouldSerializeMember(Ljava/lang/Class;Ljava/lang/String;)Z","getFieldNameForItemTypeAndName(Ljava/lang/Class;Ljava/lang/Class;Ljava/lang/String;)Ljava/lang/String;","getLocalConverter(Ljava/lang/Class;Ljava/lang/String;)Lcom/thoughtworks/xstream/converters/Converter;"],
"com.thoughtworks.xstream.mapper.PackageAliasingMapper": ["<clinit>()V","PackageAliasingMapper(Lcom/thoughtworks/xstream/mapper/Mapper;)V","realClass(Ljava/lang/String;)Ljava/lang/Class;"],
"com.thoughtworks.xstream.mapper.PackageAliasingMapper$1": ["PackageAliasingMapper$1()V"],
"com.thoughtworks.xstream.mapper.ClassAliasingMapper": ["ClassAliasingMapper(Lcom/thoughtworks/xstream/mapper/Mapper;)V","addClassAlias(Ljava/lang/String;Ljava/lang/Class;)V","addTypeAlias(Ljava/lang/String;Ljava/lang/Class;)V","realClass(Ljava/lang/String;)Ljava/lang/Class;","primitiveClassNamed(Ljava/lang/String;)Ljava/lang/Class;"],
"com.thoughtworks.xstream.mapper.FieldAliasingMapper": ["FieldAliasingMapper(Lcom/thoughtworks/xstream/mapper/Mapper;)V","realMember(Ljava/lang/Class;Ljava/lang/String;)Ljava/lang/String;","getMember(Ljava/lang/Class;Ljava/lang/String;Ljava/util/Map;)Ljava/lang/String;","class$(Ljava/lang/String;)Ljava/lang/Class;","key(Ljava/lang/Class;Ljava/lang/String;)Ljava/lang/Object;","shouldSerializeMember(Ljava/lang/Class;Ljava/lang/String;)Z"],
"com.thoughtworks.xstream.mapper.AttributeAliasingMapper": ["AttributeAliasingMapper(Lcom/thoughtworks/xstream/mapper/Mapper;)V","aliasForAttribute(Ljava/lang/String;)Ljava/lang/String;"],
"com.thoughtworks.xstream.mapper.AbstractAttributeAliasingMapper": ["AbstractAttributeAliasingMapper(Lcom/thoughtworks/xstream/mapper/Mapper;)V"],
"com.thoughtworks.xstream.mapper.SystemAttributeAliasingMapper": ["SystemAttributeAliasingMapper(Lcom/thoughtworks/xstream/mapper/Mapper;)V","aliasForSystemAttribute(Ljava/lang/String;)Ljava/lang/String;"],
"com.thoughtworks.xstream.mapper.ImplicitCollectionMapper": ["ImplicitCollectionMapper(Lcom/thoughtworks/xstream/mapper/Mapper;)V","add(Ljava/lang/Class;Ljava/lang/String;Ljava/lang/String;Ljava/lang/Class;)V","class$(Ljava/lang/String;)Ljava/lang/Class;","getOrCreateMapper(Ljava/lang/Class;)Lcom/thoughtworks/xstream/mapper/ImplicitCollectionMapper$ImplicitCollectionMapperForClass;","getMapper(Ljava/lang/Class;)Lcom/thoughtworks/xstream/mapper/ImplicitCollectionMapper$ImplicitCollectionMapperForClass;","getImplicitCollectionDefForFieldName(Ljava/lang/Class;Ljava/lang/String;)Lcom/thoughtworks/xstream/mapper/Mapper$ImplicitCollectionMapping;","getItemTypeForItemFieldName(Ljava/lang/Class;Ljava/lang/String;)Ljava/lang/Class;","getFieldNameForItemTypeAndName(Ljava/lang/Class;Ljava/lang/Class;Ljava/lang/String;)Ljava/lang/String;"],
"com.thoughtworks.xstream.mapper.OuterClassMapper": ["OuterClassMapper(Lcom/thoughtworks/xstream/mapper/Mapper;)V","OuterClassMapper(Lcom/thoughtworks/xstream/mapper/Mapper;Ljava/lang/String;)V","realMember(Ljava/lang/Class;Ljava/lang/String;)Ljava/lang/String;"],
"com.thoughtworks.xstream.mapper.ArrayMapper": ["<clinit>()V","class$(Ljava/lang/String;)Ljava/lang/Class;","ArrayMapper(Lcom/thoughtworks/xstream/mapper/Mapper;)V","realClass(Ljava/lang/String;)Ljava/lang/Class;"],
"com.thoughtworks.xstream.mapper.DefaultImplementationsMapper": ["DefaultImplementationsMapper(Lcom/thoughtworks/xstream/mapper/Mapper;)V","addDefaults()V","class$(Ljava/lang/String;)Ljava/lang/Class;","addDefaultImplementation(Ljava/lang/Class;Ljava/lang/Class;)V","defaultImplementationOf(Ljava/lang/Class;)Ljava/lang/Class;"],
"com.thoughtworks.xstream.mapper.AttributeMapper": ["AttributeMapper(Lcom/thoughtworks/xstream/mapper/Mapper;Lcom/thoughtworks/xstream/converters/ConverterLookup;)V"],
"com.thoughtworks.xstream.mapper.EnumMapper": ["EnumMapper(Lcom/thoughtworks/xstream/mapper/Mapper;)V","readResolve()Ljava/lang/Object;"],
"com.thoughtworks.xstream.mapper.LocalConversionMapper": ["LocalConversionMapper(Lcom/thoughtworks/xstream/mapper/Mapper;)V","readResolve()Ljava/lang/Object;","class$(Ljava/lang/String;)Ljava/lang/Class;","getLocalConverter(Ljava/lang/Class;Ljava/lang/String;)Lcom/thoughtworks/xstream/converters/Converter;"],
"com.thoughtworks.xstream.mapper.ImmutableTypesMapper": ["ImmutableTypesMapper(Lcom/thoughtworks/xstream/mapper/Mapper;)V","addImmutableType(Ljava/lang/Class;)V"],
"com.thoughtworks.xstream.mapper.AnnotationMapper": ["AnnotationMapper(Lcom/thoughtworks/xstream/mapper/Mapper;Lcom/thoughtworks/xstream/converters/ConverterRegistry;Ljava/lang/ClassLoader;Lcom/thoughtworks/xstream/converters/reflection/ReflectionProvider;Lcom/thoughtworks/xstream/core/JVM;)V","defaultImplementationOf(Ljava/lang/Class;)Ljava/lang/Class;","realMember(Ljava/lang/Class;Ljava/lang/String;)Ljava/lang/String;","getLocalConverter(Ljava/lang/Class;Ljava/lang/String;)Lcom/thoughtworks/xstream/converters/Converter;"],
"com.thoughtworks.xstream.mapper.AnnotationMapper$WeakHashSet": ["<clinit>()V","AnnotationMapper$WeakHashSet(Lcom/thoughtworks/xstream/mapper/AnnotationMapper$1;)V","AnnotationMapper$WeakHashSet()V","add(Ljava/lang/Object;)Z"],
"com.thoughtworks.xstream.mapper.CachingMapper": ["CachingMapper(Lcom/thoughtworks/xstream/mapper/Mapper;)V","readResolve()Ljava/lang/Object;","realClass(Ljava/lang/String;)Ljava/lang/Class;"],
"com.thoughtworks.xstream.converters.reflection.ReflectionConverter": ["ReflectionConverter(Lcom/thoughtworks/xstream/mapper/Mapper;Lcom/thoughtworks/xstream/converters/reflection/ReflectionProvider;)V","canConvert(Ljava/lang/Class;)Z"],
"com.thoughtworks.xstream.converters.reflection.AbstractReflectionConverter": ["AbstractReflectionConverter(Lcom/thoughtworks/xstream/mapper/Mapper;Lcom/thoughtworks/xstream/converters/reflection/ReflectionProvider;)V","unmarshal(Lcom/thoughtworks/xstream/io/HierarchicalStreamReader;Lcom/thoughtworks/xstream/converters/UnmarshallingContext;)Ljava/lang/Object;","instantiateNewInstance(Lcom/thoughtworks/xstream/io/HierarchicalStreamReader;Lcom/thoughtworks/xstream/converters/UnmarshallingContext;)Ljava/lang/Object;","doUnmarshal(Ljava/lang/Object;Lcom/thoughtworks/xstream/io/HierarchicalStreamReader;Lcom/thoughtworks/xstream/converters/UnmarshallingContext;)Ljava/lang/Object;","determineWhichClassDefinesField(Lcom/thoughtworks/xstream/io/HierarchicalStreamReader;)Ljava/lang/Class;","determineType(Lcom/thoughtworks/xstream/io/HierarchicalStreamReader;ZLjava/lang/Object;Ljava/lang/String;Ljava/lang/Class;)Ljava/lang/Class;","writeValueToImplicitCollection(Lcom/thoughtworks/xstream/converters/UnmarshallingContext;Ljava/lang/Object;Ljava/util/Map;Ljava/lang/Object;Ljava/lang/String;)Ljava/util/Map;","class$(Ljava/lang/String;)Ljava/lang/Class;","unmarshallField(Lcom/thoughtworks/xstream/converters/UnmarshallingContext;Ljava/lang/Object;Ljava/lang/Class;Ljava/lang/reflect/Field;)Ljava/lang/Object;"],
"com.thoughtworks.xstream.converters.reflection.SerializationMethodInvoker": ["<clinit>()V","SerializationMethodInvoker()V","supportsReadObject(Ljava/lang/Class;Z)Z","class$(Ljava/lang/String;)Ljava/lang/Class;","getMethod(Ljava/lang/Class;Ljava/lang/String;[Ljava/lang/Class;Z)Ljava/lang/reflect/Method;","supportsWriteObject(Ljava/lang/Class;Z)Z","callReadResolve(Ljava/lang/Object;)Ljava/lang/Object;"],
"com.thoughtworks.xstream.core.util.PrioritizedList$PrioritizedItem": ["PrioritizedList$PrioritizedItem(Ljava/lang/Object;II)V","compareTo(Ljava/lang/Object;)I"],
"com.thoughtworks.xstream.converters.reflection.SerializableConverter": ["SerializableConverter(Lcom/thoughtworks/xstream/mapper/Mapper;Lcom/thoughtworks/xstream/converters/reflection/ReflectionProvider;)V","canConvert(Ljava/lang/Class;)Z","isSerializable(Ljava/lang/Class;)Z","class$(Ljava/lang/String;)Ljava/lang/Class;"],
"com.thoughtworks.xstream.converters.reflection.SerializableConverter$UnserializableParentsReflectionProvider": ["SerializableConverter$UnserializableParentsReflectionProvider(Lcom/thoughtworks/xstream/converters/reflection/ReflectionProvider;)V"],
"com.thoughtworks.xstream.converters.reflection.ReflectionProviderWrapper": ["ReflectionProviderWrapper(Lcom/thoughtworks/xstream/converters/reflection/ReflectionProvider;)V"],
"com.thoughtworks.xstream.converters.reflection.ExternalizableConverter": ["ExternalizableConverter(Lcom/thoughtworks/xstream/mapper/Mapper;)V","canConvert(Ljava/lang/Class;)Z","class$(Ljava/lang/String;)Ljava/lang/Class;"],
"com.thoughtworks.xstream.converters.basic.NullConverter": ["NullConverter()V","canConvert(Ljava/lang/Class;)Z","class$(Ljava/lang/String;)Ljava/lang/Class;"],
"com.thoughtworks.xstream.converters.basic.IntConverter": ["IntConverter()V","canConvert(Ljava/lang/Class;)Z","class$(Ljava/lang/String;)Ljava/lang/Class;"],
"com.thoughtworks.xstream.converters.basic.AbstractSingleValueConverter": ["AbstractSingleValueConverter()V"],
"com.thoughtworks.xstream.converters.SingleValueConverterWrapper": ["SingleValueConverterWrapper(Lcom/thoughtworks/xstream/converters/SingleValueConverter;)V","canConvert(Ljava/lang/Class;)Z","unmarshal(Lcom/thoughtworks/xstream/io/HierarchicalStreamReader;Lcom/thoughtworks/xstream/converters/UnmarshallingContext;)Ljava/lang/Object;","fromString(Ljava/lang/String;)Ljava/lang/Object;"],
"com.thoughtworks.xstream.converters.basic.FloatConverter": ["FloatConverter()V","canConvert(Ljava/lang/Class;)Z","class$(Ljava/lang/String;)Ljava/lang/Class;"],
"com.thoughtworks.xstream.converters.basic.DoubleConverter": ["DoubleConverter()V","canConvert(Ljava/lang/Class;)Z","class$(Ljava/lang/String;)Ljava/lang/Class;"],
"com.thoughtworks.xstream.converters.basic.LongConverter": ["LongConverter()V","canConvert(Ljava/lang/Class;)Z","class$(Ljava/lang/String;)Ljava/lang/Class;"],
"com.thoughtworks.xstream.converters.basic.ShortConverter": ["ShortConverter()V","canConvert(Ljava/lang/Class;)Z","class$(Ljava/lang/String;)Ljava/lang/Class;"],
"com.thoughtworks.xstream.converters.basic.CharConverter": ["CharConverter()V","canConvert(Ljava/lang/Class;)Z","class$(Ljava/lang/String;)Ljava/lang/Class;"],
"com.thoughtworks.xstream.converters.basic.BooleanConverter": ["<clinit>()V","BooleanConverter(Ljava/lang/String;Ljava/lang/String;Z)V","BooleanConverter()V","canConvert(Ljava/lang/Class;)Z","class$(Ljava/lang/String;)Ljava/lang/Class;"],
"com.thoughtworks.xstream.converters.basic.ByteConverter": ["ByteConverter()V","canConvert(Ljava/lang/Class;)Z","class$(Ljava/lang/String;)Ljava/lang/Class;"],
"com.thoughtworks.xstream.converters.basic.StringConverter": ["StringConverter()V","StringConverter(Ljava/util/Map;)V","canConvert(Ljava/lang/Class;)Z","class$(Ljava/lang/String;)Ljava/lang/Class;","fromString(Ljava/lang/String;)Ljava/lang/Object;"],
"com.thoughtworks.xstream.converters.basic.StringBufferConverter": ["StringBufferConverter()V","canConvert(Ljava/lang/Class;)Z","class$(Ljava/lang/String;)Ljava/lang/Class;"],
"com.thoughtworks.xstream.converters.basic.DateConverter": ["DateConverter()V","DateConverter(Z)V","DateConverter(Ljava/lang/String;[Ljava/lang/String;Z)V","canConvert(Ljava/lang/Class;)Z","class$(Ljava/lang/String;)Ljava/lang/Class;"],
"com.thoughtworks.xstream.core.util.ThreadSafeSimpleDateFormat": ["ThreadSafeSimpleDateFormat(Ljava/lang/String;IIZ)V"],
"com.thoughtworks.xstream.core.util.ThreadSafeSimpleDateFormat$1": ["ThreadSafeSimpleDateFormat$1(Lcom/thoughtworks/xstream/core/util/ThreadSafeSimpleDateFormat;Z)V"],
"com.thoughtworks.xstream.core.util.Pool": ["Pool(IILcom/thoughtworks/xstream/core/util/Pool$Factory;)V"],
"com.thoughtworks.xstream.converters.collections.BitSetConverter": ["BitSetConverter()V","canConvert(Ljava/lang/Class;)Z","class$(Ljava/lang/String;)Ljava/lang/Class;"],
"com.thoughtworks.xstream.converters.basic.URLConverter": ["URLConverter()V","canConvert(Ljava/lang/Class;)Z","class$(Ljava/lang/String;)Ljava/lang/Class;"],
"com.thoughtworks.xstream.converters.basic.BigIntegerConverter": ["BigIntegerConverter()V","canConvert(Ljava/lang/Class;)Z","class$(Ljava/lang/String;)Ljava/lang/Class;"],
"com.thoughtworks.xstream.converters.basic.BigDecimalConverter": ["BigDecimalConverter()V","canConvert(Ljava/lang/Class;)Z","class$(Ljava/lang/String;)Ljava/lang/Class;"],
"com.thoughtworks.xstream.converters.collections.ArrayConverter": ["ArrayConverter(Lcom/thoughtworks/xstream/mapper/Mapper;)V","canConvert(Ljava/lang/Class;)Z"],
"com.thoughtworks.xstream.converters.collections.AbstractCollectionConverter": ["AbstractCollectionConverter(Lcom/thoughtworks/xstream/mapper/Mapper;)V"],
"com.thoughtworks.xstream.converters.collections.CharArrayConverter": ["CharArrayConverter()V","canConvert(Ljava/lang/Class;)Z"],
"com.thoughtworks.xstream.converters.collections.CollectionConverter": ["CollectionConverter(Lcom/thoughtworks/xstream/mapper/Mapper;)V","canConvert(Ljava/lang/Class;)Z","class$(Ljava/lang/String;)Ljava/lang/Class;"],
"com.thoughtworks.xstream.converters.collections.MapConverter": ["MapConverter(Lcom/thoughtworks/xstream/mapper/Mapper;)V","canConvert(Ljava/lang/Class;)Z","class$(Ljava/lang/String;)Ljava/lang/Class;"],
"com.thoughtworks.xstream.converters.collections.TreeMapConverter": ["TreeMapConverter(Lcom/thoughtworks/xstream/mapper/Mapper;)V","canConvert(Ljava/lang/Class;)Z","class$(Ljava/lang/String;)Ljava/lang/Class;"],
"com.thoughtworks.xstream.converters.collections.TreeSetConverter": ["TreeSetConverter(Lcom/thoughtworks/xstream/mapper/Mapper;)V","canConvert(Ljava/lang/Class;)Z","class$(Ljava/lang/String;)Ljava/lang/Class;"],
"com.thoughtworks.xstream.converters.collections.PropertiesConverter": ["<clinit>()V","class$(Ljava/lang/String;)Ljava/lang/Class;","PropertiesConverter()V","PropertiesConverter(Z)V","canConvert(Ljava/lang/Class;)Z"],
"com.thoughtworks.xstream.core.util.Fields": ["find(Ljava/lang/Class;Ljava/lang/String;)Ljava/lang/reflect/Field;"],
"com.thoughtworks.xstream.converters.extended.EncodedByteArrayConverter": ["<clinit>()V","EncodedByteArrayConverter()V","canConvert(Ljava/lang/Class;)Z"],
"com.thoughtworks.xstream.core.util.Base64Encoder": ["<clinit>()V","Base64Encoder()V"],
"com.thoughtworks.xstream.converters.extended.FileConverter": ["FileConverter()V","canConvert(Ljava/lang/Class;)Z","class$(Ljava/lang/String;)Ljava/lang/Class;"],
"com.thoughtworks.xstream.converters.extended.SqlTimestampConverter": ["SqlTimestampConverter()V","canConvert(Ljava/lang/Class;)Z","class$(Ljava/lang/String;)Ljava/lang/Class;"],
"com.thoughtworks.xstream.converters.extended.SqlTimeConverter": ["SqlTimeConverter()V","canConvert(Ljava/lang/Class;)Z","class$(Ljava/lang/String;)Ljava/lang/Class;"],
"com.thoughtworks.xstream.converters.extended.SqlDateConverter": ["SqlDateConverter()V","canConvert(Ljava/lang/Class;)Z","class$(Ljava/lang/String;)Ljava/lang/Class;"],
"com.thoughtworks.xstream.converters.extended.DynamicProxyConverter": ["DynamicProxyConverter(Lcom/thoughtworks/xstream/mapper/Mapper;Ljava/lang/ClassLoader;)V","canConvert(Ljava/lang/Class;)Z","class$(Ljava/lang/String;)Ljava/lang/Class;"],
"com.thoughtworks.xstream.converters.extended.JavaClassConverter": ["JavaClassConverter(Ljava/lang/ClassLoader;)V","canConvert(Ljava/lang/Class;)Z","class$(Ljava/lang/String;)Ljava/lang/Class;"],
"com.thoughtworks.xstream.converters.extended.JavaMethodConverter": ["JavaMethodConverter(Ljava/lang/ClassLoader;)V","canConvert(Ljava/lang/Class;)Z","class$(Ljava/lang/String;)Ljava/lang/Class;"],
"com.thoughtworks.xstream.converters.extended.FontConverter": ["FontConverter()V","canConvert(Ljava/lang/Class;)Z"],
"com.thoughtworks.xstream.converters.extended.ColorConverter": ["ColorConverter()V","canConvert(Ljava/lang/Class;)Z"],
"com.thoughtworks.xstream.converters.reflection.AbstractAttributedCharacterIteratorAttributeConverter": ["<clinit>()V","class$(Ljava/lang/String;)Ljava/lang/Class;","AbstractAttributedCharacterIteratorAttributeConverter(Ljava/lang/Class;)V","readResolve()Ljava/lang/Object;","toString(Ljava/lang/Object;)Ljava/lang/String;","canConvert(Ljava/lang/Class;)Z"],
"com.thoughtworks.xstream.converters.extended.TextAttributeConverter": ["TextAttributeConverter()V","class$(Ljava/lang/String;)Ljava/lang/Class;"],
"com.thoughtworks.xstream.core.util.OrderRetainingMap": ["OrderRetainingMap(Ljava/util/Map;)V","put(Ljava/lang/Object;Ljava/lang/Object;)Ljava/lang/Object;","entrySet()Ljava/util/Set;","values()Ljava/util/Collection;"],
"com.thoughtworks.xstream.core.util.OrderRetainingMap$ArraySet": ["OrderRetainingMap$ArraySet(Lcom/thoughtworks/xstream/core/util/OrderRetainingMap$1;)V","OrderRetainingMap$ArraySet()V"],
"com.thoughtworks.xstream.converters.reflection.FieldKey": ["FieldKey(Ljava/lang/String;Ljava/lang/Class;I)V","hashCode()I","equals(Ljava/lang/Object;)Z"],
"com.thoughtworks.xstream.converters.extended.LookAndFeelConverter": ["LookAndFeelConverter(Lcom/thoughtworks/xstream/mapper/Mapper;Lcom/thoughtworks/xstream/converters/reflection/ReflectionProvider;)V","canConvert(Ljava/lang/Class;)Z","class$(Ljava/lang/String;)Ljava/lang/Class;"],
"com.thoughtworks.xstream.converters.extended.LocaleConverter": ["LocaleConverter()V","canConvert(Ljava/lang/Class;)Z","class$(Ljava/lang/String;)Ljava/lang/Class;"],
"com.thoughtworks.xstream.converters.extended.GregorianCalendarConverter": ["GregorianCalendarConverter()V","canConvert(Ljava/lang/Class;)Z","class$(Ljava/lang/String;)Ljava/lang/Class;"],
"com.thoughtworks.xstream.converters.extended.SubjectConverter": ["SubjectConverter(Lcom/thoughtworks/xstream/mapper/Mapper;)V","canConvert(Ljava/lang/Class;)Z","class$(Ljava/lang/String;)Ljava/lang/Class;"],
"com.thoughtworks.xstream.converters.extended.ThrowableConverter": ["ThrowableConverter(Lcom/thoughtworks/xstream/converters/Converter;)V","canConvert(Ljava/lang/Class;)Z","class$(Ljava/lang/String;)Ljava/lang/Class;"],
"com.thoughtworks.xstream.converters.extended.StackTraceElementConverter": ["<clinit>()V","StackTraceElementConverter()V","canConvert(Ljava/lang/Class;)Z","class$(Ljava/lang/String;)Ljava/lang/Class;"],
"com.thoughtworks.xstream.converters.extended.StackTraceElementFactory": ["StackTraceElementFactory()V"],
"com.thoughtworks.xstream.converters.extended.CurrencyConverter": ["CurrencyConverter()V","canConvert(Ljava/lang/Class;)Z","class$(Ljava/lang/String;)Ljava/lang/Class;"],
"com.thoughtworks.xstream.converters.extended.RegexPatternConverter": ["RegexPatternConverter(Lcom/thoughtworks/xstream/converters/Converter;)V","canConvert(Ljava/lang/Class;)Z","class$(Ljava/lang/String;)Ljava/lang/Class;"],
"com.thoughtworks.xstream.converters.extended.CharsetConverter": ["CharsetConverter()V","canConvert(Ljava/lang/Class;)Z","class$(Ljava/lang/String;)Ljava/lang/Class;"],
"com.thoughtworks.xstream.converters.extended.DurationConverter": ["DurationConverter()V","DurationConverter(Ljavax/xml/datatype/DatatypeFactory;)V","canConvert(Ljava/lang/Class;)Z","class$(Ljava/lang/String;)Ljava/lang/Class;"],
"org.apache.xerces.jaxp.datatype.DatatypeFactoryImpl": ["DatatypeFactoryImpl()V"],
"com.thoughtworks.xstream.converters.enums.EnumConverter": ["EnumConverter()V","canConvert(Ljava/lang/Class;)Z"],
"com.thoughtworks.xstream.converters.enums.EnumSetConverter": ["<clinit>()V","EnumSetConverter(Lcom/thoughtworks/xstream/mapper/Mapper;)V","canConvert(Ljava/lang/Class;)Z"],
"com.thoughtworks.xstream.converters.enums.EnumMapConverter": ["<clinit>()V","EnumMapConverter(Lcom/thoughtworks/xstream/mapper/Mapper;)V","canConvert(Ljava/lang/Class;)Z"],
"com.thoughtworks.xstream.converters.basic.StringBuilderConverter": ["StringBuilderConverter()V","canConvert(Ljava/lang/Class;)Z","class$(Ljava/lang/String;)Ljava/lang/Class;"],
"com.thoughtworks.xstream.converters.basic.UUIDConverter": ["UUIDConverter()V","canConvert(Ljava/lang/Class;)Z","class$(Ljava/lang/String;)Ljava/lang/Class;"],
"com.thoughtworks.xstream.converters.reflection.SelfStreamingInstanceChecker": ["SelfStreamingInstanceChecker(Lcom/thoughtworks/xstream/converters/Converter;Ljava/lang/Object;)V","canConvert(Ljava/lang/Class;)Z"],
"com.thoughtworks.xstream.core.ReferenceByXPathMarshallingStrategy": ["<clinit>()V","ReferenceByXPathMarshallingStrategy(I)V","createUnmarshallingContext(Ljava/lang/Object;Lcom/thoughtworks/xstream/io/HierarchicalStreamReader;Lcom/thoughtworks/xstream/converters/ConverterLookup;Lcom/thoughtworks/xstream/mapper/Mapper;)Lcom/thoughtworks/xstream/core/TreeUnmarshaller;"],
"com.thoughtworks.xstream.core.AbstractTreeMarshallingStrategy": ["AbstractTreeMarshallingStrategy()V","unmarshal(Ljava/lang/Object;Lcom/thoughtworks/xstream/io/HierarchicalStreamReader;Lcom/thoughtworks/xstream/converters/DataHolder;Lcom/thoughtworks/xstream/converters/ConverterLookup;Lcom/thoughtworks/xstream/mapper/Mapper;)Ljava/lang/Object;"],
"com.thoughtworks.xstream.mapper.ImplicitCollectionMapper$ImplicitCollectionMapperForClass": ["ImplicitCollectionMapper$ImplicitCollectionMapperForClass(Lcom/thoughtworks/xstream/mapper/ImplicitCollectionMapper$1;)V","ImplicitCollectionMapper$ImplicitCollectionMapperForClass()V","add(Lcom/thoughtworks/xstream/mapper/ImplicitCollectionMapper$ImplicitCollectionMappingImpl;)V","getImplicitCollectionDefForFieldName(Ljava/lang/String;)Lcom/thoughtworks/xstream/mapper/Mapper$ImplicitCollectionMapping;","getItemTypeForItemFieldName(Ljava/lang/String;)Ljava/lang/Class;","getImplicitCollectionDefByItemFieldName(Ljava/lang/String;)Lcom/thoughtworks/xstream/mapper/ImplicitCollectionMapper$ImplicitCollectionMappingImpl;","getFieldNameForItemTypeAndName(Ljava/lang/Class;Ljava/lang/String;)Ljava/lang/String;"],
"com.thoughtworks.xstream.mapper.ImplicitCollectionMapper$ImplicitCollectionMappingImpl": ["ImplicitCollectionMapper$ImplicitCollectionMappingImpl(Ljava/lang/String;Ljava/lang/Class;Ljava/lang/String;)V","getFieldName()Ljava/lang/String;","createNamedItemType()Lcom/thoughtworks/xstream/mapper/ImplicitCollectionMapper$NamedItemType;","getItemFieldName()Ljava/lang/String;"],
"com.thoughtworks.xstream.mapper.ImplicitCollectionMapper$NamedItemType": ["ImplicitCollectionMapper$NamedItemType(Ljava/lang/Class;Ljava/lang/String;)V","hashCode()I"],
"com.google.code.configprocessor.parsing.AddActionConverter": ["AddActionConverter()V","canConvert(Ljava/lang/Class;)Z","unmarshal(Lcom/thoughtworks/xstream/io/HierarchicalStreamReader;Lcom/thoughtworks/xstream/converters/UnmarshallingContext;)Ljava/lang/Object;","setValue(Lcom/thoughtworks/xstream/io/HierarchicalStreamReader;Lcom/thoughtworks/xstream/converters/UnmarshallingContext;Lcom/google/code/configprocessor/processing/AddAction;)V"],
"com.thoughtworks.xstream.io.xml.XppReader": ["XppReader(Ljava/io/Reader;Lcom/thoughtworks/xstream/io/xml/XmlFriendlyReplacer;)V","createParser()Lorg/xmlpull/v1/XmlPullParser;","pullNextEvent()I","pullElementName()Ljava/lang/String;","getAttribute(Ljava/lang/String;)Ljava/lang/String;","getAttributeCount()I","pullText()Ljava/lang/String;"],
"com.thoughtworks.xstream.io.xml.AbstractPullReader": ["AbstractPullReader(Lcom/thoughtworks/xstream/io/xml/XmlFriendlyReplacer;)V","moveDown()V","move()V","readEvent()Lcom/thoughtworks/xstream/io/xml/AbstractPullReader$Event;","readRealEvent()Lcom/thoughtworks/xstream/io/xml/AbstractPullReader$Event;","getNodeName()Ljava/lang/String;","underlyingReader()Lcom/thoughtworks/xstream/io/HierarchicalStreamReader;","getAttributeNames()Ljava/util/Iterator;","hasMoreChildren()Z","mark()V","reset()V","getValue()Ljava/lang/String;","moveUp()V"],
"com.thoughtworks.xstream.io.xml.AbstractXmlReader": ["AbstractXmlReader(Lcom/thoughtworks/xstream/io/xml/XmlFriendlyReplacer;)V","unescapeXmlName(Ljava/lang/String;)Ljava/lang/String;","escapeXmlName(Ljava/lang/String;)Ljava/lang/String;"],
"com.thoughtworks.xstream.core.util.FastStack": ["FastStack(I)V","size()I","hasStuff()Z","push(Ljava/lang/Object;)Ljava/lang/Object;","peek()Ljava/lang/Object;","pop()Ljava/lang/Object;","popSilently()V"],
"org.xmlpull.mxp1.MXParser": ["<clinit>()V","setNameStart(C)V","setName(C)V","MXParser()V","setInput(Ljava/io/Reader;)V","reset()V","resetStringCache()V","next()I","nextImpl()I","parseProlog()I","more()C","fillBuf()V","isNameStartChar(C)Z","parseStartTag()I","isNameChar(C)Z","ensureElementsCapacity()V","newString([CII)Ljava/lang/String;","isS(C)Z","getName()Ljava/lang/String;","getAttributeValue(Ljava/lang/String;Ljava/lang/String;)Ljava/lang/String;","getAttributeCount()I","parseComment()V","getText()Ljava/lang/String;","parseCDSect(Z)V","parseEndTag()I","parseAttribute()C","ensureAttributesCapacity(I)V"],
"com.thoughtworks.xstream.io.xml.AbstractPullReader$Event": ["AbstractPullReader$Event(Lcom/thoughtworks/xstream/io/xml/AbstractPullReader$1;)V","AbstractPullReader$Event()V"],
"com.thoughtworks.xstream.core.ReferenceByXPathUnmarshaller": ["ReferenceByXPathUnmarshaller(Ljava/lang/Object;Lcom/thoughtworks/xstream/io/HierarchicalStreamReader;Lcom/thoughtworks/xstream/converters/ConverterLookup;Lcom/thoughtworks/xstream/mapper/Mapper;)V","getCurrentReferenceKey()Ljava/lang/Object;"],
"com.thoughtworks.xstream.core.AbstractReferenceUnmarshaller": ["AbstractReferenceUnmarshaller(Ljava/lang/Object;Lcom/thoughtworks/xstream/io/HierarchicalStreamReader;Lcom/thoughtworks/xstream/converters/ConverterLookup;Lcom/thoughtworks/xstream/mapper/Mapper;)V","convert(Ljava/lang/Object;Ljava/lang/Class;Lcom/thoughtworks/xstream/converters/Converter;)Ljava/lang/Object;"],
"com.thoughtworks.xstream.core.TreeUnmarshaller": ["TreeUnmarshaller(Ljava/lang/Object;Lcom/thoughtworks/xstream/io/HierarchicalStreamReader;Lcom/thoughtworks/xstream/converters/ConverterLookup;Lcom/thoughtworks/xstream/mapper/Mapper;)V","start(Lcom/thoughtworks/xstream/converters/DataHolder;)Ljava/lang/Object;","convertAnother(Ljava/lang/Object;Ljava/lang/Class;)Ljava/lang/Object;","convertAnother(Ljava/lang/Object;Ljava/lang/Class;Lcom/thoughtworks/xstream/converters/Converter;)Ljava/lang/Object;","getMapper()Lcom/thoughtworks/xstream/mapper/Mapper;","convert(Ljava/lang/Object;Ljava/lang/Class;Lcom/thoughtworks/xstream/converters/Converter;)Ljava/lang/Object;","currentObject()Ljava/lang/Object;","getRequiredType()Ljava/lang/Class;"],
"com.thoughtworks.xstream.io.path.PathTracker": ["PathTracker()V","PathTracker(I)V","pushElement(Ljava/lang/String;)V","getPath()Lcom/thoughtworks/xstream/io/path/Path;","popElement()V"],
"com.thoughtworks.xstream.io.path.PathTrackingReader": ["PathTrackingReader(Lcom/thoughtworks/xstream/io/HierarchicalStreamReader;Lcom/thoughtworks/xstream/io/path/PathTracker;)V","moveDown()V","moveUp()V"],
"com.thoughtworks.xstream.io.ReaderWrapper": ["ReaderWrapper(Lcom/thoughtworks/xstream/io/HierarchicalStreamReader;)V","getNodeName()Ljava/lang/String;","getAttribute(Ljava/lang/String;)Ljava/lang/String;","getAttributeNames()Ljava/util/Iterator;","hasMoreChildren()Z","moveDown()V","getValue()Ljava/lang/String;","moveUp()V","getAttributeCount()I"],
"com.thoughtworks.xstream.core.util.HierarchicalStreams": ["readClassType(Lcom/thoughtworks/xstream/io/HierarchicalStreamReader;Lcom/thoughtworks/xstream/mapper/Mapper;)Ljava/lang/Class;","readClassAttribute(Lcom/thoughtworks/xstream/io/HierarchicalStreamReader;Lcom/thoughtworks/xstream/mapper/Mapper;)Ljava/lang/String;"],
"com.thoughtworks.xstream.core.util.PrioritizedList$PrioritizedItemIterator": ["PrioritizedList$PrioritizedItemIterator(Ljava/util/Iterator;)V","hasNext()Z","next()Ljava/lang/Object;"],
"com.thoughtworks.xstream.io.path.Path": ["<clinit>()V","Path([Ljava/lang/String;)V","hashCode()I"],
"com.thoughtworks.xstream.converters.reflection.AbstractReflectionConverter$SeenFields": ["AbstractReflectionConverter$SeenFields(Lcom/thoughtworks/xstream/converters/reflection/AbstractReflectionConverter$1;)V","AbstractReflectionConverter$SeenFields()V","add(Ljava/lang/Class;Ljava/lang/String;)V"],
"com.thoughtworks.xstream.io.AttributeNameIterator": ["AttributeNameIterator(Lcom/thoughtworks/xstream/io/HierarchicalStreamReader;)V","hasNext()Z"],
"com.thoughtworks.xstream.core.util.FastField": ["FastField(Ljava/lang/Class;Ljava/lang/String;)V","hashCode()I"],
"com.thoughtworks.xstream.converters.reflection.ObjectAccessException": ["ObjectAccessException(Ljava/lang/String;)V"],
"com.thoughtworks.xstream.XStreamException": ["XStreamException(Ljava/lang/String;)V","XStreamException(Ljava/lang/String;Ljava/lang/Throwable;)V"],
"com.thoughtworks.xstream.core.BaseException": ["BaseException(Ljava/lang/String;)V"],
"com.thoughtworks.xstream.mapper.CannotResolveClassException": ["CannotResolveClassException(Ljava/lang/String;)V"],
"com.thoughtworks.xstream.alias.CannotResolveClassException": ["CannotResolveClassException(Ljava/lang/String;)V"],
"com.google.code.configprocessor.ParsingException": ["ParsingException(Ljava/lang/Exception;)V"]
}