okio-1.6.0,UsedClass,okio.RealBufferedSource$1
okio-1.6.0,BloatedClass,okio.Base64
okio-1.6.0,UsedClass,okio.Okio
okio-1.6.0,UsedClass,okio.RealBufferedSource
okio-1.6.0,UsedClass,okio.Source
okio-1.6.0,UsedClass,okio.Timeout$1
okio-1.6.0,UsedClass,okio.Okio$1
okio-1.6.0,UsedClass,okio.Okio$2
okio-1.6.0,UsedClass,okio.Sink
okio-1.6.0,UsedClass,okio.Okio$3
okio-1.6.0,UsedClass,okio.Timeout
okio-1.6.0,UsedClass,okio.AsyncTimeout
okio-1.6.0,UsedClass,okio.BufferedSink
okio-1.6.0,UsedClass,okio.ByteString
okio-1.6.0,BloatedClass,okio.ForwardingSource
okio-1.6.0,UsedClass,okio.ForwardingTimeout
okio-1.6.0,BloatedClass,okio.GzipSource
okio-1.6.0,UsedClass,okio.AsyncTimeout$1
okio-1.6.0,UsedClass,okio.AsyncTimeout$2
okio-1.6.0,UsedClass,okio.Segment
okio-1.6.0,UsedClass,okio.Util
okio-1.6.0,UsedClass,okio.SegmentPool
okio-1.6.0,UsedClass,okio.Buffer
okio-1.6.0,UsedClass,okio.RealBufferedSink$1
okio-1.6.0,BloatedClass,okio.DeflaterSink
okio-1.6.0,UsedClass,okio.RealBufferedSink
okio-1.6.0,UsedClass,okio.SegmentedByteString
okio-1.6.0,UsedClass,okio.AsyncTimeout$Watchdog
okio-1.6.0,UsedClass,okio.BufferedSource
okio-1.6.0,BloatedClass,okio.GzipSink
okio-1.6.0,BloatedClass,okio.ForwardingSink
okio-1.6.0,UsedClass,okio.Buffer$2
okio-1.6.0,UsedClass,okio.Buffer$1
okio-1.6.0,BloatedClass,okio.InflaterSource
okhttp-3.2.0,BloatedClass,okhttp3.internal.framed.FramedStream$FramedDataSink
okhttp-3.2.0,BloatedClass,okhttp3.internal.framed.Hpack$Reader
okhttp-3.2.0,BloatedClass,okhttp3.Cache
okhttp-3.2.0,UsedClass,okhttp3.internal.RouteDatabase
okhttp-3.2.0,UsedClass,okhttp3.Request$Builder
okhttp-3.2.0,UsedClass,okhttp3.CacheControl$Builder
okhttp-3.2.0,BloatedClass,okhttp3.internal.http.HttpDate
okhttp-3.2.0,UsedClass,okhttp3.RequestBody$1
okhttp-3.2.0,BloatedClass,okhttp3.Cache$1
okhttp-3.2.0,BloatedClass,okhttp3.Cache$2
okhttp-3.2.0,BloatedClass,okhttp3.internal.framed.Http2$ContinuationSource
okhttp-3.2.0,UsedClass,okhttp3.Address
okhttp-3.2.0,UsedClass,okhttp3.Dispatcher
okhttp-3.2.0,BloatedClass,okhttp3.internal.framed.FramedConnection$7
okhttp-3.2.0,UsedClass,okhttp3.Route
okhttp-3.2.0,BloatedClass,okhttp3.internal.framed.FramedConnection$6
okhttp-3.2.0,UsedClass,okhttp3.OkHttpClient$1
okhttp-3.2.0,BloatedClass,okhttp3.internal.framed.FramedConnection$3
okhttp-3.2.0,BloatedClass,okhttp3.internal.framed.FramedConnection$2
okhttp-3.2.0,BloatedClass,okhttp3.CacheControl$1
okhttp-3.2.0,BloatedClass,okhttp3.internal.framed.FramedConnection$5
okhttp-3.2.0,BloatedClass,okhttp3.internal.framed.PushObserver$1
okhttp-3.2.0,BloatedClass,okhttp3.internal.framed.Spdy3$Writer
okhttp-3.2.0,BloatedClass,okhttp3.internal.framed.FramedConnection$4
okhttp-3.2.0,UsedClass,okhttp3.Headers$Builder
okhttp-3.2.0,BloatedClass,okhttp3.internal.framed.FramedConnection$1
okhttp-3.2.0,BloatedClass,okhttp3.internal.io.FileSystem
okhttp-3.2.0,BloatedClass,okhttp3.Cache$CacheRequestImpl$1
okhttp-3.2.0,UsedClass,okhttp3.MediaType
okhttp-3.2.0,UsedClass,okhttp3.ResponseBody
okhttp-3.2.0,UsedClass,okhttp3.CookieJar
okhttp-3.2.0,BloatedClass,okhttp3.internal.framed.ErrorCode
okhttp-3.2.0,BloatedClass,okhttp3.HttpUrl$1
okhttp-3.2.0,UsedClass,okhttp3.Request
okhttp-3.2.0,BloatedClass,okhttp3.Cache$Entry
okhttp-3.2.0,BloatedClass,okhttp3.internal.tls.CertificateChainCleaner
okhttp-3.2.0,BloatedClass,okhttp3.internal.framed.Ping
okhttp-3.2.0,UsedClass,okhttp3.internal.http.HttpMethod
okhttp-3.2.0,BloatedClass,okhttp3.internal.framed.FrameReader
okhttp-3.2.0,BloatedClass,okhttp3.internal.framed.Http2
okhttp-3.2.0,UsedClass,okhttp3.Connection
okhttp-3.2.0,BloatedClass,okhttp3.internal.framed.Http2$FrameLogger
okhttp-3.2.0,UsedClass,okhttp3.internal.http.HttpEngine$NetworkInterceptorChain
okhttp-3.2.0,BloatedClass,okhttp3.ConnectionSpec$1
okhttp-3.2.0,BloatedClass,okhttp3.internal.framed.FramedStream$1
okhttp-3.2.0,BloatedClass,okhttp3.MultipartBody
okhttp-3.2.0,BloatedClass,okhttp3.internal.framed.FrameReader$Handler
okhttp-3.2.0,UsedClass,okhttp3.RequestBody$2
okhttp-3.2.0,BloatedClass,okhttp3.Handshake
okhttp-3.2.0,UsedClass,okhttp3.internal.http.RealResponseBody
okhttp-3.2.0,UsedClass,okhttp3.RequestBody$3
okhttp-3.2.0,UsedClass,okhttp3.Call$Factory
okhttp-3.2.0,BloatedClass,okhttp3.CertificatePinner$Pin
okhttp-3.2.0,BloatedClass,okhttp3.internal.framed.NameValueBlockReader$1
okhttp-3.2.0,BloatedClass,okhttp3.internal.framed.NameValueBlockReader$2
okhttp-3.2.0,BloatedClass,okhttp3.MultipartBody$Part
okhttp-3.2.0,BloatedClass,okhttp3.Headers$1
okhttp-3.2.0,BloatedClass,okhttp3.Challenge
okhttp-3.2.0,UsedClass,okhttp3.internal.http.Http1xStream$AbstractSource
okhttp-3.2.0,BloatedClass,okhttp3.internal.http.HttpEngine$2
okhttp-3.2.0,UsedClass,okhttp3.internal.http.HttpEngine$1
okhttp-3.2.0,BloatedClass,okhttp3.Cache$CacheRequestImpl
okhttp-3.2.0,BloatedClass,okhttp3.internal.framed.NameValueBlockReader
okhttp-3.2.0,UsedClass,okhttp3.internal.http.Http1xStream$FixedLengthSource
okhttp-3.2.0,UsedClass,okhttp3.CacheControl
okhttp-3.2.0,BloatedClass,okhttp3.internal.http.RetryableSink
okhttp-3.2.0,BloatedClass,okhttp3.internal.DiskLruCache$4
okhttp-3.2.0,BloatedClass,okhttp3.internal.DiskLruCache$2
okhttp-3.2.0,BloatedClass,okhttp3.internal.DiskLruCache$3
okhttp-3.2.0,UsedClass,okhttp3.internal.Platform$Android
okhttp-3.2.0,BloatedClass,okhttp3.internal.framed.Settings
okhttp-3.2.0,BloatedClass,okhttp3.internal.http.Http2xStream
okhttp-3.2.0,UsedClass,okhttp3.CookieJar$1
okhttp-3.2.0,BloatedClass,okhttp3.internal.DiskLruCache$1
okhttp-3.2.0,BloatedClass,okhttp3.internal.framed.FramedConnection$Reader
okhttp-3.2.0,BloatedClass,okhttp3.internal.framed.FrameWriter
okhttp-3.2.0,UsedClass,okhttp3.internal.http.Http1xStream
okhttp-3.2.0,UsedClass,okhttp3.internal.Internal
okhttp-3.2.0,UsedClass,okhttp3.internal.http.RouteSelector
okhttp-3.2.0,UsedClass,okhttp3.Response$Builder
okhttp-3.2.0,UsedClass,okhttp3.internal.http.Http1xStream$FixedLengthSink
okhttp-3.2.0,UsedClass,okhttp3.Response
okhttp-3.2.0,UsedClass,okhttp3.Call
okhttp-3.2.0,BloatedClass,okhttp3.Callback
okhttp-3.2.0,BloatedClass,okhttp3.internal.http.Http2xStream$StreamFinishingSource
okhttp-3.2.0,UsedClass,okhttp3.Authenticator$1
okhttp-3.2.0,BloatedClass,okhttp3.CertificatePinner$1
okhttp-3.2.0,UsedClass,okhttp3.internal.http.OkHeaders
okhttp-3.2.0,BloatedClass,okhttp3.internal.framed.Header
okhttp-3.2.0,UsedClass,okhttp3.internal.tls.RealTrustRootIndex
okhttp-3.2.0,BloatedClass,okhttp3.internal.DiskLruCache$Editor$1
okhttp-3.2.0,BloatedClass,okhttp3.internal.framed.FramedConnection$Builder
okhttp-3.2.0,BloatedClass,okhttp3.Cache$CacheResponseBody$1
okhttp-3.2.0,BloatedClass,okhttp3.internal.framed.FramedStream
okhttp-3.2.0,UsedClass,okhttp3.ResponseBody$1
okhttp-3.2.0,BloatedClass,okhttp3.internal.http.HeaderParser
okhttp-3.2.0,UsedClass,okhttp3.internal.http.RequestLine
okhttp-3.2.0,UsedClass,okhttp3.OkHttpClient
okhttp-3.2.0,UsedClass,okhttp3.ConnectionSpec$Builder
okhttp-3.2.0,BloatedClass,okhttp3.internal.framed.Huffman
okhttp-3.2.0,UsedClass,okhttp3.internal.Platform$JdkWithJettyBootPlatform
okhttp-3.2.0,UsedClass,okhttp3.ConnectionPool
okhttp-3.2.0,UsedClass,okhttp3.internal.NamedRunnable
okhttp-3.2.0,BloatedClass,okhttp3.internal.framed.FramedStream$FramedDataSource
okhttp-3.2.0,UsedClass,okhttp3.HttpUrl$Builder$ParseResult
okhttp-3.2.0,BloatedClass,okhttp3.internal.framed.Variant
okhttp-3.2.0,BloatedClass,okhttp3.internal.http.Http1xStream$UnknownLengthSource
okhttp-3.2.0,UsedClass,okhttp3.internal.http.HttpStream
okhttp-3.2.0,UsedClass,okhttp3.internal.http.CacheStrategy
okhttp-3.2.0,BloatedClass,okhttp3.FormBody$1
okhttp-3.2.0,BloatedClass,okhttp3.MultipartBody$Builder
okhttp-3.2.0,UsedClass,okhttp3.Authenticator
okhttp-3.2.0,BloatedClass,okhttp3.FormBody$Builder
okhttp-3.2.0,UsedClass,okhttp3.CertificatePinner
okhttp-3.2.0,UsedClass,okhttp3.RealCall
okhttp-3.2.0,UsedClass,okhttp3.internal.http.CacheStrategy$Factory
okhttp-3.2.0,BloatedClass,okhttp3.internal.http.Http1xStream$ChunkedSink
okhttp-3.2.0,BloatedClass,okhttp3.FormBody
okhttp-3.2.0,UsedClass,okhttp3.internal.framed.FramedConnection$Listener$1
okhttp-3.2.0,UsedClass,okhttp3.CipherSuite
okhttp-3.2.0,BloatedClass,okhttp3.Cache$CacheResponseBody
okhttp-3.2.0,UsedClass,okhttp3.internal.framed.FramedConnection$Listener
okhttp-3.2.0,UsedClass,okhttp3.internal.Util
okhttp-3.2.0,UsedClass,okhttp3.ConnectionSpec
okhttp-3.2.0,BloatedClass,okhttp3.internal.framed.FramedConnection
okhttp-3.2.0,UsedClass,okhttp3.internal.ConnectionSpecSelector
okhttp-3.2.0,BloatedClass,okhttp3.internal.http.CacheRequest
okhttp-3.2.0,BloatedClass,okhttp3.internal.tls.AndroidTrustRootIndex
okhttp-3.2.0,BloatedClass,okhttp3.internal.framed.Spdy3
okhttp-3.2.0,BloatedClass,okhttp3.internal.Platform$JettyNegoProvider
okhttp-3.2.0,BloatedClass,okhttp3.Interceptor
okhttp-3.2.0,UsedClass,okhttp3.internal.http.RequestException
okhttp-3.2.0,BloatedClass,okhttp3.internal.framed.FramedConnection$Reader$3
okhttp-3.2.0,BloatedClass,okhttp3.internal.http.Http1xStream$ChunkedSource
okhttp-3.2.0,BloatedClass,okhttp3.internal.framed.FramedConnection$Reader$1
okhttp-3.2.0,BloatedClass,okhttp3.internal.framed.FramedConnection$Reader$2
okhttp-3.2.0,UsedClass,okhttp3.ConnectionPool$1
okhttp-3.2.0,UsedClass,okhttp3.internal.http.RouteException
okhttp-3.2.0,UsedClass,okhttp3.internal.http.StatusLine
okhttp-3.2.0,BloatedClass,okhttp3.internal.framed.Http2$Reader
okhttp-3.2.0,BloatedClass,okhttp3.Credentials
okhttp-3.2.0,UsedClass,okhttp3.internal.io.RealConnection
okhttp-3.2.0,UsedClass,okhttp3.CertificatePinner$Builder
okhttp-3.2.0,BloatedClass,okhttp3.internal.io.FileSystem$1
okhttp-3.2.0,UsedClass,okhttp3.RealCall$ApplicationInterceptorChain
okhttp-3.2.0,BloatedClass,okhttp3.Request$1
okhttp-3.2.0,UsedClass,okhttp3.HttpUrl$Builder
okhttp-3.2.0,BloatedClass,okhttp3.internal.tls.DistinguishedNameParser
okhttp-3.2.0,UsedClass,okhttp3.Protocol
okhttp-3.2.0,UsedClass,okhttp3.HttpUrl
okhttp-3.2.0,BloatedClass,okhttp3.internal.framed.PushObserver
okhttp-3.2.0,UsedClass,okhttp3.OkHttpClient$Builder
okhttp-3.2.0,UsedClass,okhttp3.internal.Version
okhttp-3.2.0,BloatedClass,okhttp3.internal.DiskLruCache$Snapshot
okhttp-3.2.0,UsedClass,okhttp3.Headers
okhttp-3.2.0,BloatedClass,okhttp3.internal.FaultHidingSink
okhttp-3.2.0,UsedClass,okhttp3.RequestBody
okhttp-3.2.0,BloatedClass,okhttp3.Cookie
okhttp-3.2.0,UsedClass,okhttp3.internal.Platform
okhttp-3.2.0,BloatedClass,okhttp3.internal.framed.Huffman$Node
okhttp-3.2.0,BloatedClass,okhttp3.internal.http.HttpDate$1
okhttp-3.2.0,BloatedClass,okhttp3.internal.DiskLruCache
okhttp-3.2.0,BloatedClass,okhttp3.internal.framed.Http2$Writer
okhttp-3.2.0,BloatedClass,okhttp3.internal.InternalCache
okhttp-3.2.0,UsedClass,okhttp3.internal.tls.OkHostnameVerifier
okhttp-3.2.0,UsedClass,okhttp3.internal.tls.TrustRootIndex
okhttp-3.2.0,BloatedClass,okhttp3.RealCall$1
okhttp-3.2.0,BloatedClass,okhttp3.Cookie$Builder
okhttp-3.2.0,BloatedClass,okhttp3.internal.framed.Spdy3$Reader
okhttp-3.2.0,UsedClass,okhttp3.Dns$1
okhttp-3.2.0,BloatedClass,okhttp3.internal.DiskLruCache$Editor
okhttp-3.2.0,UsedClass,okhttp3.internal.Util$1
okhttp-3.2.0,BloatedClass,okhttp3.internal.framed.FramedStream$StreamTimeout
okhttp-3.2.0,BloatedClass,okhttp3.internal.http.Http1xStream$1
okhttp-3.2.0,BloatedClass,okhttp3.internal.framed.HeadersMode
okhttp-3.2.0,BloatedClass,okhttp3.internal.DiskLruCache$Entry
okhttp-3.2.0,UsedClass,okhttp3.Interceptor$Chain
okhttp-3.2.0,UsedClass,okhttp3.internal.http.StreamAllocation
okhttp-3.2.0,UsedClass,okhttp3.Dns
okhttp-3.2.0,BloatedClass,okhttp3.internal.framed.Hpack$Writer
okhttp-3.2.0,UsedClass,okhttp3.TlsVersion
okhttp-3.2.0,BloatedClass,okhttp3.internal.http.CacheStrategy$1
okhttp-3.2.0,BloatedClass,okhttp3.internal.OptionalMethod
okhttp-3.2.0,UsedClass,okhttp3.internal.http.HttpEngine
okhttp-3.2.0,BloatedClass,okhttp3.Cookie$1
okhttp-3.2.0,BloatedClass,okhttp3.internal.framed.Hpack
okhttp-3.2.0,BloatedClass,okhttp3.RealCall$AsyncCall
okhttp-3.2.0,BloatedClass,okhttp3.Response$1
okio-1.6.0,UsedClass,okio.RealBufferedSource$1
okio-1.6.0,BloatedClass,okio.Base64
okio-1.6.0,UsedClass,okio.Okio
okio-1.6.0,UsedClass,okio.RealBufferedSource
okio-1.6.0,UsedClass,okio.Source
okio-1.6.0,UsedClass,okio.Timeout$1
okio-1.6.0,UsedClass,okio.Okio$1
okio-1.6.0,UsedClass,okio.Okio$2
okio-1.6.0,UsedClass,okio.Sink
okio-1.6.0,UsedClass,okio.Okio$3
okio-1.6.0,UsedClass,okio.Timeout
okio-1.6.0,UsedClass,okio.AsyncTimeout
okio-1.6.0,UsedClass,okio.BufferedSink
okio-1.6.0,UsedClass,okio.ByteString
okio-1.6.0,BloatedClass,okio.ForwardingSource
okio-1.6.0,UsedClass,okio.ForwardingTimeout
okio-1.6.0,BloatedClass,okio.GzipSource
okio-1.6.0,UsedClass,okio.AsyncTimeout$1
okio-1.6.0,UsedClass,okio.AsyncTimeout$2
okio-1.6.0,UsedClass,okio.Segment
okio-1.6.0,UsedClass,okio.Util
okio-1.6.0,UsedClass,okio.SegmentPool
okio-1.6.0,UsedClass,okio.Buffer
okio-1.6.0,UsedClass,okio.RealBufferedSink$1
okio-1.6.0,BloatedClass,okio.DeflaterSink
okio-1.6.0,UsedClass,okio.RealBufferedSink
okio-1.6.0,UsedClass,okio.SegmentedByteString
okio-1.6.0,UsedClass,okio.AsyncTimeout$Watchdog
okio-1.6.0,UsedClass,okio.BufferedSource
okio-1.6.0,BloatedClass,okio.GzipSink
okio-1.6.0,BloatedClass,okio.ForwardingSink
okio-1.6.0,UsedClass,okio.Buffer$2
okio-1.6.0,UsedClass,okio.Buffer$1
okio-1.6.0,BloatedClass,okio.InflaterSource
retrofit-1.9.0,UsedClass,retrofit.http.QueryMap
retrofit-1.9.0,BloatedClass,retrofit.Platform$Base$1
retrofit-1.9.0,UsedClass,retrofit.Platform$Base$2
retrofit-1.9.0,BloatedClass,retrofit.client.OkClient$2
retrofit-1.9.0,UsedClass,retrofit.http.POST
retrofit-1.9.0,BloatedClass,retrofit.mime.TypedFile
retrofit-1.9.0,UsedClass,retrofit.Platform$Base$3
retrofit-1.9.0,BloatedClass,retrofit.client.OkClient$1
retrofit-1.9.0,BloatedClass,retrofit.RestAdapter$RestHandler$2
retrofit-1.9.0,BloatedClass,retrofit.converter.GsonConverter$JsonTypedOutput
retrofit-1.9.0,BloatedClass,retrofit.Platform$Android$2$1
retrofit-1.9.0,BloatedClass,retrofit.RequestBuilder$MimeOverridingTypedOutput
retrofit-1.9.0,UsedClass,retrofit.RxSupport$Invoker
retrofit-1.9.0,UsedClass,retrofit.mime.TypedByteArray
retrofit-1.9.0,UsedClass,retrofit.RequestBuilder$1
retrofit-1.9.0,BloatedClass,retrofit.RestAdapter$Log$1
retrofit-1.9.0,BloatedClass,retrofit.client.ApacheClient$TypedOutputEntity
retrofit-1.9.0,BloatedClass,retrofit.http.DELETE
retrofit-1.9.0,UsedClass,retrofit.RequestBuilder
retrofit-1.9.0,BloatedClass,retrofit.mime.MultipartTypedOutput$MimePart
retrofit-1.9.0,UsedClass,retrofit.Platform$Base
retrofit-1.9.0,UsedClass,retrofit.ErrorHandler$1
retrofit-1.9.0,UsedClass,retrofit.RestMethodInfo$RequestType
retrofit-1.9.0,UsedClass,retrofit.http.Body
retrofit-1.9.0,UsedClass,retrofit.http.Query
retrofit-1.9.0,BloatedClass,retrofit.RequestInterceptorTape$1
retrofit-1.9.0,BloatedClass,retrofit.CallbackRunnable$1
retrofit-1.9.0,BloatedClass,retrofit.CallbackRunnable$2
retrofit-1.9.0,BloatedClass,retrofit.ResponseCallback
retrofit-1.9.0,BloatedClass,retrofit.RestAdapter$RestHandler$1
retrofit-1.9.0,BloatedClass,retrofit.client.UrlConnectionClient$1
retrofit-1.9.0,BloatedClass,retrofit.Platform$Base$2$1
retrofit-1.9.0,BloatedClass,retrofit.client.OkClient
retrofit-1.9.0,BloatedClass,retrofit.http.PUT
retrofit-1.9.0,UsedClass,retrofit.RequestInterceptor$1
retrofit-1.9.0,UsedClass,retrofit.Platform$Android
retrofit-1.9.0,BloatedClass,retrofit.RequestInterceptorTape$Command$3
retrofit-1.9.0,BloatedClass,retrofit.RequestInterceptorTape$Command$2
retrofit-1.9.0,BloatedClass,retrofit.RequestInterceptorTape$Command$5
retrofit-1.9.0,BloatedClass,retrofit.RequestInterceptorTape$Command$4
retrofit-1.9.0,BloatedClass,retrofit.android.AndroidLog
retrofit-1.9.0,UsedClass,retrofit.ErrorHandler
retrofit-1.9.0,BloatedClass,retrofit.RequestInterceptorTape$Command$1
retrofit-1.9.0,UsedClass,retrofit.RetrofitError$Kind
retrofit-1.9.0,BloatedClass,retrofit.mime.FormUrlEncodedTypedOutput
retrofit-1.9.0,UsedClass,retrofit.mime.TypedInput
retrofit-1.9.0,BloatedClass,retrofit.client.ApacheClient$GenericHttpRequest
retrofit-1.9.0,BloatedClass,retrofit.http.Headers
retrofit-1.9.0,UsedClass,retrofit.mime.TypedString
retrofit-1.9.0,UsedClass,retrofit.RequestInterceptor
retrofit-1.9.0,UsedClass,retrofit.RestAdapter$RestHandler
retrofit-1.9.0,BloatedClass,retrofit.RequestInterceptorTape$Command
retrofit-1.9.0,UsedClass,retrofit.http.Field
retrofit-1.9.0,UsedClass,retrofit.client.Response
retrofit-1.9.0,UsedClass,retrofit.http.PartMap
retrofit-1.9.0,UsedClass,retrofit.RestAdapter$Builder
retrofit-1.9.0,BloatedClass,retrofit.Types$ParameterizedTypeImpl
retrofit-1.9.0,BloatedClass,retrofit.Types$WildcardTypeImpl
retrofit-1.9.0,UsedClass,retrofit.Endpoint
retrofit-1.9.0,UsedClass,retrofit.http.EncodedQuery
retrofit-1.9.0,BloatedClass,retrofit.RestMethodInfo$RxSupport
retrofit-1.9.0,UsedClass,retrofit.Utils
retrofit-1.9.0,UsedClass,retrofit.converter.Converter
retrofit-1.9.0,BloatedClass,retrofit.http.Multipart
retrofit-1.9.0,BloatedClass,retrofit.Platform$1
retrofit-1.9.0,BloatedClass,retrofit.http.FormUrlEncoded
retrofit-1.9.0,UsedClass,retrofit.converter.GsonConverter
retrofit-1.9.0,BloatedClass,retrofit.android.MainThreadExecutor
retrofit-1.9.0,BloatedClass,retrofit.client.UrlConnectionClient$TypedInputStream
retrofit-1.9.0,BloatedClass,retrofit.Types$GenericArrayTypeImpl
retrofit-1.9.0,BloatedClass,retrofit.appengine.UrlFetchClient
retrofit-1.9.0,UsedClass,retrofit.Endpoints$FixedEndpoint
retrofit-1.9.0,UsedClass,retrofit.Platform$AppEngine
retrofit-1.9.0,UsedClass,retrofit.Endpoints
retrofit-1.9.0,UsedClass,retrofit.RequestInterceptor$RequestFacade
retrofit-1.9.0,UsedClass,retrofit.mime.TypedOutput
retrofit-1.9.0,UsedClass,retrofit.RestMethodInfo$ResponseType
retrofit-1.9.0,BloatedClass,retrofit.http.PATCH
retrofit-1.9.0,BloatedClass,retrofit.client.ApacheClient
retrofit-1.9.0,BloatedClass,retrofit.Profiler
retrofit-1.9.0,UsedClass,retrofit.RestAdapter$Builder$1
retrofit-1.9.0,UsedClass,retrofit.RestMethodInfo
retrofit-1.9.0,BloatedClass,retrofit.mime.MultipartTypedOutput
retrofit-1.9.0,UsedClass,retrofit.RestAdapter
retrofit-1.9.0,BloatedClass,retrofit.client.Defaults
retrofit-1.9.0,UsedClass,retrofit.Platform
retrofit-1.9.0,BloatedClass,retrofit.client.UrlConnectionClient
retrofit-1.9.0,BloatedClass,retrofit.mime.MimeUtil
retrofit-1.9.0,UsedClass,retrofit.http.FieldMap
retrofit-1.9.0,UsedClass,retrofit.Callback
retrofit-1.9.0,BloatedClass,retrofit.ResponseWrapper
retrofit-1.9.0,BloatedClass,retrofit.ExceptionCatchingTypedInput$ExceptionCatchingInputStream
retrofit-1.9.0,BloatedClass,retrofit.http.Streaming
retrofit-1.9.0,BloatedClass,retrofit.Platform$AppEngine$1
retrofit-1.9.0,BloatedClass,retrofit.Types
retrofit-1.9.0,UsedClass,retrofit.RetrofitError
retrofit-1.9.0,UsedClass,retrofit.http.EncodedPath
retrofit-1.9.0,UsedClass,retrofit.Utils$SynchronousExecutor
retrofit-1.9.0,UsedClass,retrofit.client.Client
retrofit-1.9.0,UsedClass,retrofit.http.Header
retrofit-1.9.0,UsedClass,retrofit.http.Path
retrofit-1.9.0,BloatedClass,retrofit.http.HEAD
retrofit-1.9.0,UsedClass,retrofit.client.Header
retrofit-1.9.0,BloatedClass,retrofit.Profiler$RequestInformation
retrofit-1.9.0,UsedClass,retrofit.client.Client$Provider
retrofit-1.9.0,BloatedClass,retrofit.RequestInterceptorTape$CommandWithParams
retrofit-1.9.0,BloatedClass,retrofit.Platform$OkClientInstantiator
retrofit-1.9.0,BloatedClass,retrofit.Platform$Android$1
retrofit-1.9.0,BloatedClass,retrofit.ExceptionCatchingTypedInput
retrofit-1.9.0,BloatedClass,retrofit.Platform$Android$2
retrofit-1.9.0,UsedClass,retrofit.RestAdapter$Log
retrofit-1.9.0,UsedClass,retrofit.http.RestMethod
retrofit-1.9.0,BloatedClass,retrofit.client.ApacheClient$GenericEntityHttpRequest
retrofit-1.9.0,UsedClass,retrofit.http.EncodedQueryMap
retrofit-1.9.0,BloatedClass,retrofit.android.AndroidApacheClient
retrofit-1.9.0,BloatedClass,retrofit.CallbackRunnable
retrofit-1.9.0,UsedClass,retrofit.converter.ConversionException
retrofit-1.9.0,UsedClass,retrofit.http.GET
retrofit-1.9.0,BloatedClass,retrofit.RxSupport$1
retrofit-1.9.0,UsedClass,retrofit.http.Part
retrofit-1.9.0,BloatedClass,retrofit.RestAdapter$1
retrofit-1.9.0,BloatedClass,retrofit.RxSupport$2
retrofit-1.9.0,BloatedClass,retrofit.RxSupport
retrofit-1.9.0,UsedClass,retrofit.RestAdapter$LogLevel
retrofit-1.9.0,UsedClass,retrofit.client.Request
retrofit-1.9.0,BloatedClass,retrofit.RequestInterceptorTape
retrofit-1.9.0,UsedClass,retrofit.http.QueryMap
retrofit-1.9.0,BloatedClass,retrofit.Platform$Base$1
retrofit-1.9.0,UsedClass,retrofit.Platform$Base$2
retrofit-1.9.0,BloatedClass,retrofit.client.OkClient$2
retrofit-1.9.0,UsedClass,retrofit.http.POST
retrofit-1.9.0,BloatedClass,retrofit.mime.TypedFile
retrofit-1.9.0,UsedClass,retrofit.Platform$Base$3
retrofit-1.9.0,BloatedClass,retrofit.client.OkClient$1
retrofit-1.9.0,BloatedClass,retrofit.RestAdapter$RestHandler$2
retrofit-1.9.0,BloatedClass,retrofit.converter.GsonConverter$JsonTypedOutput
retrofit-1.9.0,BloatedClass,retrofit.Platform$Android$2$1
retrofit-1.9.0,BloatedClass,retrofit.RequestBuilder$MimeOverridingTypedOutput
retrofit-1.9.0,UsedClass,retrofit.RxSupport$Invoker
retrofit-1.9.0,UsedClass,retrofit.mime.TypedByteArray
retrofit-1.9.0,UsedClass,retrofit.RequestBuilder$1
retrofit-1.9.0,BloatedClass,retrofit.RestAdapter$Log$1
retrofit-1.9.0,BloatedClass,retrofit.client.ApacheClient$TypedOutputEntity
retrofit-1.9.0,BloatedClass,retrofit.http.DELETE
retrofit-1.9.0,UsedClass,retrofit.RequestBuilder
retrofit-1.9.0,BloatedClass,retrofit.mime.MultipartTypedOutput$MimePart
retrofit-1.9.0,UsedClass,retrofit.Platform$Base
retrofit-1.9.0,UsedClass,retrofit.ErrorHandler$1
retrofit-1.9.0,UsedClass,retrofit.RestMethodInfo$RequestType
retrofit-1.9.0,UsedClass,retrofit.http.Body
retrofit-1.9.0,UsedClass,retrofit.http.Query
retrofit-1.9.0,BloatedClass,retrofit.RequestInterceptorTape$1
retrofit-1.9.0,BloatedClass,retrofit.CallbackRunnable$1
retrofit-1.9.0,BloatedClass,retrofit.CallbackRunnable$2
retrofit-1.9.0,BloatedClass,retrofit.ResponseCallback
retrofit-1.9.0,BloatedClass,retrofit.RestAdapter$RestHandler$1
retrofit-1.9.0,BloatedClass,retrofit.client.UrlConnectionClient$1
retrofit-1.9.0,BloatedClass,retrofit.Platform$Base$2$1
retrofit-1.9.0,BloatedClass,retrofit.client.OkClient
retrofit-1.9.0,BloatedClass,retrofit.http.PUT
retrofit-1.9.0,UsedClass,retrofit.RequestInterceptor$1
retrofit-1.9.0,UsedClass,retrofit.Platform$Android
retrofit-1.9.0,BloatedClass,retrofit.RequestInterceptorTape$Command$3
retrofit-1.9.0,BloatedClass,retrofit.RequestInterceptorTape$Command$2
retrofit-1.9.0,BloatedClass,retrofit.RequestInterceptorTape$Command$5
retrofit-1.9.0,BloatedClass,retrofit.RequestInterceptorTape$Command$4
retrofit-1.9.0,BloatedClass,retrofit.android.AndroidLog
retrofit-1.9.0,UsedClass,retrofit.ErrorHandler
retrofit-1.9.0,BloatedClass,retrofit.RequestInterceptorTape$Command$1
retrofit-1.9.0,UsedClass,retrofit.RetrofitError$Kind
retrofit-1.9.0,BloatedClass,retrofit.mime.FormUrlEncodedTypedOutput
retrofit-1.9.0,UsedClass,retrofit.mime.TypedInput
retrofit-1.9.0,BloatedClass,retrofit.client.ApacheClient$GenericHttpRequest
retrofit-1.9.0,BloatedClass,retrofit.http.Headers
retrofit-1.9.0,UsedClass,retrofit.mime.TypedString
retrofit-1.9.0,UsedClass,retrofit.RequestInterceptor
retrofit-1.9.0,UsedClass,retrofit.RestAdapter$RestHandler
retrofit-1.9.0,BloatedClass,retrofit.RequestInterceptorTape$Command
retrofit-1.9.0,UsedClass,retrofit.http.Field
retrofit-1.9.0,UsedClass,retrofit.client.Response
retrofit-1.9.0,UsedClass,retrofit.http.PartMap
retrofit-1.9.0,UsedClass,retrofit.RestAdapter$Builder
retrofit-1.9.0,BloatedClass,retrofit.Types$ParameterizedTypeImpl
retrofit-1.9.0,BloatedClass,retrofit.Types$WildcardTypeImpl
retrofit-1.9.0,UsedClass,retrofit.Endpoint
retrofit-1.9.0,UsedClass,retrofit.http.EncodedQuery
retrofit-1.9.0,BloatedClass,retrofit.RestMethodInfo$RxSupport
retrofit-1.9.0,UsedClass,retrofit.Utils
retrofit-1.9.0,UsedClass,retrofit.converter.Converter
retrofit-1.9.0,BloatedClass,retrofit.http.Multipart
retrofit-1.9.0,BloatedClass,retrofit.Platform$1
retrofit-1.9.0,BloatedClass,retrofit.http.FormUrlEncoded
retrofit-1.9.0,UsedClass,retrofit.converter.GsonConverter
retrofit-1.9.0,BloatedClass,retrofit.android.MainThreadExecutor
retrofit-1.9.0,BloatedClass,retrofit.client.UrlConnectionClient$TypedInputStream
retrofit-1.9.0,BloatedClass,retrofit.Types$GenericArrayTypeImpl
retrofit-1.9.0,BloatedClass,retrofit.appengine.UrlFetchClient
retrofit-1.9.0,UsedClass,retrofit.Endpoints$FixedEndpoint
retrofit-1.9.0,UsedClass,retrofit.Platform$AppEngine
retrofit-1.9.0,UsedClass,retrofit.Endpoints
retrofit-1.9.0,UsedClass,retrofit.RequestInterceptor$RequestFacade
retrofit-1.9.0,UsedClass,retrofit.mime.TypedOutput
retrofit-1.9.0,UsedClass,retrofit.RestMethodInfo$ResponseType
retrofit-1.9.0,BloatedClass,retrofit.http.PATCH
retrofit-1.9.0,BloatedClass,retrofit.client.ApacheClient
retrofit-1.9.0,BloatedClass,retrofit.Profiler
retrofit-1.9.0,UsedClass,retrofit.RestAdapter$Builder$1
retrofit-1.9.0,UsedClass,retrofit.RestMethodInfo
retrofit-1.9.0,BloatedClass,retrofit.mime.MultipartTypedOutput
retrofit-1.9.0,UsedClass,retrofit.RestAdapter
retrofit-1.9.0,BloatedClass,retrofit.client.Defaults
retrofit-1.9.0,UsedClass,retrofit.Platform
retrofit-1.9.0,BloatedClass,retrofit.client.UrlConnectionClient
retrofit-1.9.0,BloatedClass,retrofit.mime.MimeUtil
retrofit-1.9.0,UsedClass,retrofit.http.FieldMap
retrofit-1.9.0,UsedClass,retrofit.Callback
retrofit-1.9.0,BloatedClass,retrofit.ResponseWrapper
retrofit-1.9.0,BloatedClass,retrofit.ExceptionCatchingTypedInput$ExceptionCatchingInputStream
retrofit-1.9.0,BloatedClass,retrofit.http.Streaming
retrofit-1.9.0,BloatedClass,retrofit.Platform$AppEngine$1
retrofit-1.9.0,BloatedClass,retrofit.Types
retrofit-1.9.0,UsedClass,retrofit.RetrofitError
retrofit-1.9.0,UsedClass,retrofit.http.EncodedPath
retrofit-1.9.0,UsedClass,retrofit.Utils$SynchronousExecutor
retrofit-1.9.0,UsedClass,retrofit.client.Client
retrofit-1.9.0,UsedClass,retrofit.http.Header
retrofit-1.9.0,UsedClass,retrofit.http.Path
retrofit-1.9.0,BloatedClass,retrofit.http.HEAD
retrofit-1.9.0,UsedClass,retrofit.client.Header
retrofit-1.9.0,BloatedClass,retrofit.Profiler$RequestInformation
retrofit-1.9.0,UsedClass,retrofit.client.Client$Provider
retrofit-1.9.0,BloatedClass,retrofit.RequestInterceptorTape$CommandWithParams
retrofit-1.9.0,BloatedClass,retrofit.Platform$OkClientInstantiator
retrofit-1.9.0,BloatedClass,retrofit.Platform$Android$1
retrofit-1.9.0,BloatedClass,retrofit.ExceptionCatchingTypedInput
retrofit-1.9.0,BloatedClass,retrofit.Platform$Android$2
retrofit-1.9.0,UsedClass,retrofit.RestAdapter$Log
retrofit-1.9.0,UsedClass,retrofit.http.RestMethod
retrofit-1.9.0,BloatedClass,retrofit.client.ApacheClient$GenericEntityHttpRequest
retrofit-1.9.0,UsedClass,retrofit.http.EncodedQueryMap
retrofit-1.9.0,BloatedClass,retrofit.android.AndroidApacheClient
retrofit-1.9.0,BloatedClass,retrofit.CallbackRunnable
retrofit-1.9.0,UsedClass,retrofit.converter.ConversionException
retrofit-1.9.0,UsedClass,retrofit.http.GET
retrofit-1.9.0,BloatedClass,retrofit.RxSupport$1
retrofit-1.9.0,UsedClass,retrofit.http.Part
retrofit-1.9.0,BloatedClass,retrofit.RestAdapter$1
retrofit-1.9.0,BloatedClass,retrofit.RxSupport$2
retrofit-1.9.0,BloatedClass,retrofit.RxSupport
retrofit-1.9.0,UsedClass,retrofit.RestAdapter$LogLevel
retrofit-1.9.0,UsedClass,retrofit.client.Request
retrofit-1.9.0,BloatedClass,retrofit.RequestInterceptorTape
okhttp-3.2.0,BloatedClass,okhttp3.internal.framed.FramedStream$FramedDataSink
okhttp-3.2.0,BloatedClass,okhttp3.internal.framed.Hpack$Reader
okhttp-3.2.0,BloatedClass,okhttp3.Cache
okhttp-3.2.0,UsedClass,okhttp3.internal.RouteDatabase
okhttp-3.2.0,UsedClass,okhttp3.Request$Builder
okhttp-3.2.0,UsedClass,okhttp3.CacheControl$Builder
okhttp-3.2.0,BloatedClass,okhttp3.internal.http.HttpDate
okhttp-3.2.0,UsedClass,okhttp3.RequestBody$1
okhttp-3.2.0,BloatedClass,okhttp3.Cache$1
okhttp-3.2.0,BloatedClass,okhttp3.Cache$2
okhttp-3.2.0,BloatedClass,okhttp3.internal.framed.Http2$ContinuationSource
okhttp-3.2.0,UsedClass,okhttp3.Address
okhttp-3.2.0,UsedClass,okhttp3.Dispatcher
okhttp-3.2.0,BloatedClass,okhttp3.internal.framed.FramedConnection$7
okhttp-3.2.0,UsedClass,okhttp3.Route
okhttp-3.2.0,BloatedClass,okhttp3.internal.framed.FramedConnection$6
okhttp-3.2.0,UsedClass,okhttp3.OkHttpClient$1
okhttp-3.2.0,BloatedClass,okhttp3.internal.framed.FramedConnection$3
okhttp-3.2.0,BloatedClass,okhttp3.internal.framed.FramedConnection$2
okhttp-3.2.0,BloatedClass,okhttp3.CacheControl$1
okhttp-3.2.0,BloatedClass,okhttp3.internal.framed.FramedConnection$5
okhttp-3.2.0,BloatedClass,okhttp3.internal.framed.PushObserver$1
okhttp-3.2.0,BloatedClass,okhttp3.internal.framed.Spdy3$Writer
okhttp-3.2.0,BloatedClass,okhttp3.internal.framed.FramedConnection$4
okhttp-3.2.0,UsedClass,okhttp3.Headers$Builder
okhttp-3.2.0,BloatedClass,okhttp3.internal.framed.FramedConnection$1
okhttp-3.2.0,BloatedClass,okhttp3.internal.io.FileSystem
okhttp-3.2.0,BloatedClass,okhttp3.Cache$CacheRequestImpl$1
okhttp-3.2.0,UsedClass,okhttp3.MediaType
okhttp-3.2.0,UsedClass,okhttp3.ResponseBody
okhttp-3.2.0,UsedClass,okhttp3.CookieJar
okhttp-3.2.0,BloatedClass,okhttp3.internal.framed.ErrorCode
okhttp-3.2.0,BloatedClass,okhttp3.HttpUrl$1
okhttp-3.2.0,UsedClass,okhttp3.Request
okhttp-3.2.0,BloatedClass,okhttp3.Cache$Entry
okhttp-3.2.0,BloatedClass,okhttp3.internal.tls.CertificateChainCleaner
okhttp-3.2.0,BloatedClass,okhttp3.internal.framed.Ping
okhttp-3.2.0,UsedClass,okhttp3.internal.http.HttpMethod
okhttp-3.2.0,BloatedClass,okhttp3.internal.framed.FrameReader
okhttp-3.2.0,BloatedClass,okhttp3.internal.framed.Http2
okhttp-3.2.0,UsedClass,okhttp3.Connection
okhttp-3.2.0,BloatedClass,okhttp3.internal.framed.Http2$FrameLogger
okhttp-3.2.0,UsedClass,okhttp3.internal.http.HttpEngine$NetworkInterceptorChain
okhttp-3.2.0,BloatedClass,okhttp3.ConnectionSpec$1
okhttp-3.2.0,BloatedClass,okhttp3.internal.framed.FramedStream$1
okhttp-3.2.0,BloatedClass,okhttp3.MultipartBody
okhttp-3.2.0,BloatedClass,okhttp3.internal.framed.FrameReader$Handler
okhttp-3.2.0,UsedClass,okhttp3.RequestBody$2
okhttp-3.2.0,BloatedClass,okhttp3.Handshake
okhttp-3.2.0,UsedClass,okhttp3.internal.http.RealResponseBody
okhttp-3.2.0,UsedClass,okhttp3.RequestBody$3
okhttp-3.2.0,UsedClass,okhttp3.Call$Factory
okhttp-3.2.0,BloatedClass,okhttp3.CertificatePinner$Pin
okhttp-3.2.0,BloatedClass,okhttp3.internal.framed.NameValueBlockReader$1
okhttp-3.2.0,BloatedClass,okhttp3.internal.framed.NameValueBlockReader$2
okhttp-3.2.0,BloatedClass,okhttp3.MultipartBody$Part
okhttp-3.2.0,BloatedClass,okhttp3.Headers$1
okhttp-3.2.0,BloatedClass,okhttp3.Challenge
okhttp-3.2.0,UsedClass,okhttp3.internal.http.Http1xStream$AbstractSource
okhttp-3.2.0,BloatedClass,okhttp3.internal.http.HttpEngine$2
okhttp-3.2.0,UsedClass,okhttp3.internal.http.HttpEngine$1
okhttp-3.2.0,BloatedClass,okhttp3.Cache$CacheRequestImpl
okhttp-3.2.0,BloatedClass,okhttp3.internal.framed.NameValueBlockReader
okhttp-3.2.0,UsedClass,okhttp3.internal.http.Http1xStream$FixedLengthSource
okhttp-3.2.0,UsedClass,okhttp3.CacheControl
okhttp-3.2.0,BloatedClass,okhttp3.internal.http.RetryableSink
okhttp-3.2.0,BloatedClass,okhttp3.internal.DiskLruCache$4
okhttp-3.2.0,BloatedClass,okhttp3.internal.DiskLruCache$2
okhttp-3.2.0,BloatedClass,okhttp3.internal.DiskLruCache$3
okhttp-3.2.0,UsedClass,okhttp3.internal.Platform$Android
okhttp-3.2.0,BloatedClass,okhttp3.internal.framed.Settings
okhttp-3.2.0,BloatedClass,okhttp3.internal.http.Http2xStream
okhttp-3.2.0,UsedClass,okhttp3.CookieJar$1
okhttp-3.2.0,BloatedClass,okhttp3.internal.DiskLruCache$1
okhttp-3.2.0,BloatedClass,okhttp3.internal.framed.FramedConnection$Reader
okhttp-3.2.0,BloatedClass,okhttp3.internal.framed.FrameWriter
okhttp-3.2.0,UsedClass,okhttp3.internal.http.Http1xStream
okhttp-3.2.0,UsedClass,okhttp3.internal.Internal
okhttp-3.2.0,UsedClass,okhttp3.internal.http.RouteSelector
okhttp-3.2.0,UsedClass,okhttp3.Response$Builder
okhttp-3.2.0,UsedClass,okhttp3.internal.http.Http1xStream$FixedLengthSink
okhttp-3.2.0,UsedClass,okhttp3.Response
okhttp-3.2.0,UsedClass,okhttp3.Call
okhttp-3.2.0,BloatedClass,okhttp3.Callback
okhttp-3.2.0,BloatedClass,okhttp3.internal.http.Http2xStream$StreamFinishingSource
okhttp-3.2.0,UsedClass,okhttp3.Authenticator$1
okhttp-3.2.0,BloatedClass,okhttp3.CertificatePinner$1
okhttp-3.2.0,UsedClass,okhttp3.internal.http.OkHeaders
okhttp-3.2.0,BloatedClass,okhttp3.internal.framed.Header
okhttp-3.2.0,UsedClass,okhttp3.internal.tls.RealTrustRootIndex
okhttp-3.2.0,BloatedClass,okhttp3.internal.DiskLruCache$Editor$1
okhttp-3.2.0,BloatedClass,okhttp3.internal.framed.FramedConnection$Builder
okhttp-3.2.0,BloatedClass,okhttp3.Cache$CacheResponseBody$1
okhttp-3.2.0,BloatedClass,okhttp3.internal.framed.FramedStream
okhttp-3.2.0,UsedClass,okhttp3.ResponseBody$1
okhttp-3.2.0,BloatedClass,okhttp3.internal.http.HeaderParser
okhttp-3.2.0,UsedClass,okhttp3.internal.http.RequestLine
okhttp-3.2.0,UsedClass,okhttp3.OkHttpClient
okhttp-3.2.0,UsedClass,okhttp3.ConnectionSpec$Builder
okhttp-3.2.0,BloatedClass,okhttp3.internal.framed.Huffman
okhttp-3.2.0,UsedClass,okhttp3.internal.Platform$JdkWithJettyBootPlatform
okhttp-3.2.0,UsedClass,okhttp3.ConnectionPool
okhttp-3.2.0,UsedClass,okhttp3.internal.NamedRunnable
okhttp-3.2.0,BloatedClass,okhttp3.internal.framed.FramedStream$FramedDataSource
okhttp-3.2.0,UsedClass,okhttp3.HttpUrl$Builder$ParseResult
okhttp-3.2.0,BloatedClass,okhttp3.internal.framed.Variant
okhttp-3.2.0,BloatedClass,okhttp3.internal.http.Http1xStream$UnknownLengthSource
okhttp-3.2.0,UsedClass,okhttp3.internal.http.HttpStream
okhttp-3.2.0,UsedClass,okhttp3.internal.http.CacheStrategy
okhttp-3.2.0,BloatedClass,okhttp3.FormBody$1
okhttp-3.2.0,BloatedClass,okhttp3.MultipartBody$Builder
okhttp-3.2.0,UsedClass,okhttp3.Authenticator
okhttp-3.2.0,BloatedClass,okhttp3.FormBody$Builder
okhttp-3.2.0,UsedClass,okhttp3.CertificatePinner
okhttp-3.2.0,UsedClass,okhttp3.RealCall
okhttp-3.2.0,UsedClass,okhttp3.internal.http.CacheStrategy$Factory
okhttp-3.2.0,BloatedClass,okhttp3.internal.http.Http1xStream$ChunkedSink
okhttp-3.2.0,BloatedClass,okhttp3.FormBody
okhttp-3.2.0,UsedClass,okhttp3.internal.framed.FramedConnection$Listener$1
okhttp-3.2.0,UsedClass,okhttp3.CipherSuite
okhttp-3.2.0,BloatedClass,okhttp3.Cache$CacheResponseBody
okhttp-3.2.0,UsedClass,okhttp3.internal.framed.FramedConnection$Listener
okhttp-3.2.0,UsedClass,okhttp3.internal.Util
okhttp-3.2.0,UsedClass,okhttp3.ConnectionSpec
okhttp-3.2.0,BloatedClass,okhttp3.internal.framed.FramedConnection
okhttp-3.2.0,UsedClass,okhttp3.internal.ConnectionSpecSelector
okhttp-3.2.0,BloatedClass,okhttp3.internal.http.CacheRequest
okhttp-3.2.0,BloatedClass,okhttp3.internal.tls.AndroidTrustRootIndex
okhttp-3.2.0,BloatedClass,okhttp3.internal.framed.Spdy3
okhttp-3.2.0,BloatedClass,okhttp3.internal.Platform$JettyNegoProvider
okhttp-3.2.0,BloatedClass,okhttp3.Interceptor
okhttp-3.2.0,UsedClass,okhttp3.internal.http.RequestException
okhttp-3.2.0,BloatedClass,okhttp3.internal.framed.FramedConnection$Reader$3
okhttp-3.2.0,BloatedClass,okhttp3.internal.http.Http1xStream$ChunkedSource
okhttp-3.2.0,BloatedClass,okhttp3.internal.framed.FramedConnection$Reader$1
okhttp-3.2.0,BloatedClass,okhttp3.internal.framed.FramedConnection$Reader$2
okhttp-3.2.0,UsedClass,okhttp3.ConnectionPool$1
okhttp-3.2.0,UsedClass,okhttp3.internal.http.RouteException
okhttp-3.2.0,UsedClass,okhttp3.internal.http.StatusLine
okhttp-3.2.0,BloatedClass,okhttp3.internal.framed.Http2$Reader
okhttp-3.2.0,BloatedClass,okhttp3.Credentials
okhttp-3.2.0,UsedClass,okhttp3.internal.io.RealConnection
okhttp-3.2.0,UsedClass,okhttp3.CertificatePinner$Builder
okhttp-3.2.0,BloatedClass,okhttp3.internal.io.FileSystem$1
okhttp-3.2.0,UsedClass,okhttp3.RealCall$ApplicationInterceptorChain
okhttp-3.2.0,BloatedClass,okhttp3.Request$1
okhttp-3.2.0,UsedClass,okhttp3.HttpUrl$Builder
okhttp-3.2.0,BloatedClass,okhttp3.internal.tls.DistinguishedNameParser
okhttp-3.2.0,UsedClass,okhttp3.Protocol
okhttp-3.2.0,UsedClass,okhttp3.HttpUrl
okhttp-3.2.0,BloatedClass,okhttp3.internal.framed.PushObserver
okhttp-3.2.0,UsedClass,okhttp3.OkHttpClient$Builder
okhttp-3.2.0,UsedClass,okhttp3.internal.Version
okhttp-3.2.0,BloatedClass,okhttp3.internal.DiskLruCache$Snapshot
okhttp-3.2.0,UsedClass,okhttp3.Headers
okhttp-3.2.0,BloatedClass,okhttp3.internal.FaultHidingSink
okhttp-3.2.0,UsedClass,okhttp3.RequestBody
okhttp-3.2.0,BloatedClass,okhttp3.Cookie
okhttp-3.2.0,UsedClass,okhttp3.internal.Platform
okhttp-3.2.0,BloatedClass,okhttp3.internal.framed.Huffman$Node
okhttp-3.2.0,BloatedClass,okhttp3.internal.http.HttpDate$1
okhttp-3.2.0,BloatedClass,okhttp3.internal.DiskLruCache
okhttp-3.2.0,BloatedClass,okhttp3.internal.framed.Http2$Writer
okhttp-3.2.0,BloatedClass,okhttp3.internal.InternalCache
okhttp-3.2.0,UsedClass,okhttp3.internal.tls.OkHostnameVerifier
okhttp-3.2.0,UsedClass,okhttp3.internal.tls.TrustRootIndex
okhttp-3.2.0,BloatedClass,okhttp3.RealCall$1
okhttp-3.2.0,BloatedClass,okhttp3.Cookie$Builder
okhttp-3.2.0,BloatedClass,okhttp3.internal.framed.Spdy3$Reader
okhttp-3.2.0,UsedClass,okhttp3.Dns$1
okhttp-3.2.0,BloatedClass,okhttp3.internal.DiskLruCache$Editor
okhttp-3.2.0,UsedClass,okhttp3.internal.Util$1
okhttp-3.2.0,BloatedClass,okhttp3.internal.framed.FramedStream$StreamTimeout
okhttp-3.2.0,BloatedClass,okhttp3.internal.http.Http1xStream$1
okhttp-3.2.0,BloatedClass,okhttp3.internal.framed.HeadersMode
okhttp-3.2.0,BloatedClass,okhttp3.internal.DiskLruCache$Entry
okhttp-3.2.0,UsedClass,okhttp3.Interceptor$Chain
okhttp-3.2.0,UsedClass,okhttp3.internal.http.StreamAllocation
okhttp-3.2.0,UsedClass,okhttp3.Dns
okhttp-3.2.0,BloatedClass,okhttp3.internal.framed.Hpack$Writer
okhttp-3.2.0,UsedClass,okhttp3.TlsVersion
okhttp-3.2.0,BloatedClass,okhttp3.internal.http.CacheStrategy$1
okhttp-3.2.0,BloatedClass,okhttp3.internal.OptionalMethod
okhttp-3.2.0,UsedClass,okhttp3.internal.http.HttpEngine
okhttp-3.2.0,BloatedClass,okhttp3.Cookie$1
okhttp-3.2.0,BloatedClass,okhttp3.internal.framed.Hpack
okhttp-3.2.0,BloatedClass,okhttp3.RealCall$AsyncCall
okhttp-3.2.0,BloatedClass,okhttp3.Response$1
jcov-file-saver-1.0,BloatedClass,com.sun.tdk.jcov.tools.JcovVersion
jcov-file-saver-1.0,BloatedClass,com.sun.tdk.jcov.runtime.TemplateFileSaver
jcov-file-saver-1.0,BloatedClass,com.sun.tdk.jcov.runtime.CollectDetect$ThreadInfo
jcov-file-saver-1.0,BloatedClass,com.sun.tdk.jcov.runtime.Collect
jcov-file-saver-1.0,BloatedClass,com.sun.tdk.jcov.constants.MiscConstants
jcov-file-saver-1.0,BloatedClass,com.sun.tdk.jcov.runtime.SaverDecorator
jcov-file-saver-1.0,BloatedClass,com.sun.tdk.jcov.runtime.CollectDetect
jcov-file-saver-1.0,BloatedClass,com.sun.tdk.jcov.runtime.JCovSaver
jcov-file-saver-1.0,BloatedClass,com.sun.tdk.jcov.runtime.PropertyFinder$1
jcov-file-saver-1.0,BloatedClass,com.sun.tdk.jcov.runtime.PropertyFinder
jcov-file-saver-1.0,BloatedClass,com.sun.tdk.jcov.util.MapHelper
jcov-file-saver-1.0,BloatedClass,com.sun.tdk.jcov.util.RuntimeUtils
gson-2.3.1,UsedClass,com.google.gson.internal.bind.TimeTypeAdapter$1
gson-2.3.1,BloatedClass,com.google.gson.reflect.TypeToken
gson-2.3.1,UsedClass,com.google.gson.internal.bind.TypeAdapters$23
gson-2.3.1,UsedClass,com.google.gson.internal.bind.TypeAdapters$24
gson-2.3.1,BloatedClass,com.google.gson.internal.LinkedTreeMap$KeySet
gson-2.3.1,UsedClass,com.google.gson.internal.bind.TypeAdapters$25
gson-2.3.1,BloatedClass,com.google.gson.TreeTypeAdapter$SingleTypeFactory
gson-2.3.1,UsedClass,com.google.gson.internal.bind.TypeAdapters$26
gson-2.3.1,UsedClass,com.google.gson.internal.bind.TypeAdapters$20
gson-2.3.1,BloatedClass,com.google.gson.GsonBuilder
gson-2.3.1,UsedClass,com.google.gson.internal.bind.JsonTreeWriter
gson-2.3.1,UsedClass,com.google.gson.internal.bind.TypeAdapters$21
gson-2.3.1,UsedClass,com.google.gson.TypeAdapter
gson-2.3.1,UsedClass,com.google.gson.internal.bind.TypeAdapters$22
gson-2.3.1,UsedClass,com.google.gson.JsonDeserializationContext
gson-2.3.1,BloatedClass,com.google.gson.internal.bind.TypeAdapters$27
gson-2.3.1,UsedClass,com.google.gson.FieldNamingStrategy
gson-2.3.1,UsedClass,com.google.gson.internal.bind.TypeAdapters$28
gson-2.3.1,UsedClass,com.google.gson.internal.bind.TypeAdapters$29
gson-2.3.1,UsedClass,com.google.gson.internal.bind.SqlDateTypeAdapter
gson-2.3.1,UsedClass,com.google.gson.internal.bind.TypeAdapterRuntimeTypeWrapper
gson-2.3.1,BloatedClass,com.google.gson.ExclusionStrategy
gson-2.3.1,UsedClass,com.google.gson.internal.bind.TimeTypeAdapter
gson-2.3.1,BloatedClass,com.google.gson.internal.LinkedHashTreeMap$KeySet
gson-2.3.1,BloatedClass,com.google.gson.stream.JsonScope
gson-2.3.1,UsedClass,com.google.gson.internal.bind.TypeAdapters$30
gson-2.3.1,UsedClass,com.google.gson.internal.bind.TypeAdapters$31
gson-2.3.1,BloatedClass,com.google.gson.internal.bind.TypeAdapters$32
gson-2.3.1,UsedClass,com.google.gson.JsonArray
gson-2.3.1,UsedClass,com.google.gson.LongSerializationPolicy
gson-2.3.1,UsedClass,com.google.gson.internal.Excluder
gson-2.3.1,BloatedClass,com.google.gson.internal.LinkedTreeMap$EntrySet$1
gson-2.3.1,BloatedClass,com.google.gson.annotations.Until
gson-2.3.1,UsedClass,com.google.gson.TypeAdapterFactory
gson-2.3.1,BloatedClass,com.google.gson.internal.$Gson$Types$GenericArrayTypeImpl
gson-2.3.1,UsedClass,com.google.gson.internal.bind.TypeAdapters$EnumTypeAdapter
gson-2.3.1,UsedClass,com.google.gson.internal.bind.MapTypeAdapterFactory$Adapter
gson-2.3.1,BloatedClass,com.google.gson.stream.JsonReader$1
gson-2.3.1,BloatedClass,com.google.gson.internal.$Gson$Types
gson-2.3.1,BloatedClass,com.google.gson.internal.Streams$1
gson-2.3.1,BloatedClass,com.google.gson.JsonParser
gson-2.3.1,BloatedClass,com.google.gson.FieldAttributes
gson-2.3.1,UsedClass,com.google.gson.stream.JsonReader
gson-2.3.1,BloatedClass,com.google.gson.InstanceCreator
gson-2.3.1,UsedClass,com.google.gson.internal.bind.MapTypeAdapterFactory
gson-2.3.1,UsedClass,com.google.gson.Gson$FutureTypeAdapter
gson-2.3.1,BloatedClass,com.google.gson.internal.LinkedTreeMap$Node
gson-2.3.1,UsedClass,com.google.gson.stream.JsonWriter
gson-2.3.1,UsedClass,com.google.gson.internal.bind.ArrayTypeAdapter$1
gson-2.3.1,BloatedClass,com.google.gson.internal.$Gson$Preconditions
gson-2.3.1,BloatedClass,com.google.gson.internal.Streams
gson-2.3.1,UsedClass,com.google.gson.internal.bind.TypeAdapters$12
gson-2.3.1,UsedClass,com.google.gson.internal.bind.TypeAdapters$13
gson-2.3.1,UsedClass,com.google.gson.internal.bind.TypeAdapters$14
gson-2.3.1,UsedClass,com.google.gson.internal.bind.TypeAdapters$15
gson-2.3.1,BloatedClass,com.google.gson.internal.LinkedHashTreeMap$EntrySet
gson-2.3.1,UsedClass,com.google.gson.internal.bind.TypeAdapters$10
gson-2.3.1,BloatedClass,com.google.gson.internal.Primitives
gson-2.3.1,UsedClass,com.google.gson.internal.bind.TypeAdapters$11
gson-2.3.1,BloatedClass,com.google.gson.internal.ConstructorConstructor$5
gson-2.3.1,UsedClass,com.google.gson.stream.MalformedJsonException
gson-2.3.1,UsedClass,com.google.gson.internal.bind.ArrayTypeAdapter
gson-2.3.1,BloatedClass,com.google.gson.internal.ConstructorConstructor$4
gson-2.3.1,BloatedClass,com.google.gson.internal.ConstructorConstructor$3
gson-2.3.1,BloatedClass,com.google.gson.stream.JsonToken
gson-2.3.1,BloatedClass,com.google.gson.internal.ConstructorConstructor$2
gson-2.3.1,UsedClass,com.google.gson.internal.bind.TypeAdapters$16
gson-2.3.1,BloatedClass,com.google.gson.internal.ConstructorConstructor$1
gson-2.3.1,UsedClass,com.google.gson.internal.bind.TypeAdapters$17
gson-2.3.1,UsedClass,com.google.gson.internal.ObjectConstructor
gson-2.3.1,UsedClass,com.google.gson.internal.bind.TypeAdapters$18
gson-2.3.1,BloatedClass,com.google.gson.internal.Streams$AppendableWriter$CurrentWrite
gson-2.3.1,UsedClass,com.google.gson.internal.bind.DateTypeAdapter$1
gson-2.3.1,UsedClass,com.google.gson.internal.bind.TypeAdapters$19
gson-2.3.1,BloatedClass,com.google.gson.internal.LinkedHashTreeMap$Node
gson-2.3.1,UsedClass,com.google.gson.JsonNull
gson-2.3.1,BloatedClass,com.google.gson.internal.ConstructorConstructor$9
gson-2.3.1,BloatedClass,com.google.gson.internal.ConstructorConstructor$8
gson-2.3.1,BloatedClass,com.google.gson.JsonStreamParser
gson-2.3.1,BloatedClass,com.google.gson.TreeTypeAdapter
gson-2.3.1,BloatedClass,com.google.gson.internal.ConstructorConstructor$7
gson-2.3.1,UsedClass,com.google.gson.LongSerializationPolicy$1
gson-2.3.1,BloatedClass,com.google.gson.internal.ConstructorConstructor$6
gson-2.3.1,UsedClass,com.google.gson.LongSerializationPolicy$2
gson-2.3.1,UsedClass,com.google.gson.JsonObject
gson-2.3.1,BloatedClass,com.google.gson.internal.bind.JsonTreeReader$1
gson-2.3.1,UsedClass,com.google.gson.TypeAdapter$1
gson-2.3.1,BloatedClass,com.google.gson.internal.UnsafeAllocator$3
gson-2.3.1,BloatedClass,com.google.gson.internal.UnsafeAllocator$4
gson-2.3.1,BloatedClass,com.google.gson.internal.UnsafeAllocator$1
gson-2.3.1,BloatedClass,com.google.gson.internal.UnsafeAllocator$2
gson-2.3.1,UsedClass,com.google.gson.Gson$2
gson-2.3.1,UsedClass,com.google.gson.Gson$3
gson-2.3.1,UsedClass,com.google.gson.internal.bind.ObjectTypeAdapter
gson-2.3.1,UsedClass,com.google.gson.Gson$4
gson-2.3.1,BloatedClass,com.google.gson.JsonSerializer
gson-2.3.1,UsedClass,com.google.gson.Gson$5
gson-2.3.1,UsedClass,com.google.gson.internal.bind.DateTypeAdapter
gson-2.3.1,UsedClass,com.google.gson.internal.bind.CollectionTypeAdapterFactory$Adapter
gson-2.3.1,UsedClass,com.google.gson.Gson$1
gson-2.3.1,BloatedClass,com.google.gson.internal.LinkedHashTreeMap
gson-2.3.1,UsedClass,com.google.gson.internal.bind.TypeAdapters$22$1
gson-2.3.1,UsedClass,com.google.gson.Gson
gson-2.3.1,BloatedClass,com.google.gson.internal.LinkedTreeMap$1
gson-2.3.1,BloatedClass,com.google.gson.internal.LinkedHashTreeMap$LinkedTreeMapIterator
gson-2.3.1,BloatedClass,com.google.gson.internal.LinkedTreeMap$KeySet$1
gson-2.3.1,UsedClass,com.google.gson.internal.bind.JsonAdapterAnnotationTypeAdapterFactory
gson-2.3.1,UsedClass,com.google.gson.internal.bind.ReflectiveTypeAdapterFactory$BoundField
gson-2.3.1,UsedClass,com.google.gson.internal.bind.ReflectiveTypeAdapterFactory
gson-2.3.1,BloatedClass,com.google.gson.internal.LinkedHashTreeMap$AvlIterator
gson-2.3.1,BloatedClass,com.google.gson.internal.LinkedTreeMap$EntrySet
gson-2.3.1,BloatedClass,com.google.gson.annotations.Expose
gson-2.3.1,BloatedClass,com.google.gson.internal.$Gson$Types$WildcardTypeImpl
gson-2.3.1,UsedClass,com.google.gson.internal.bind.ReflectiveTypeAdapterFactory$1
gson-2.3.1,BloatedClass,com.google.gson.internal.LinkedHashTreeMap$KeySet$1
gson-2.3.1,BloatedClass,com.google.gson.annotations.SerializedName
gson-2.3.1,UsedClass,com.google.gson.internal.bind.TypeAdapters$2
gson-2.3.1,UsedClass,com.google.gson.internal.Excluder$1
gson-2.3.1,UsedClass,com.google.gson.internal.bind.JsonTreeReader
gson-2.3.1,BloatedClass,com.google.gson.internal.bind.JsonTreeWriter$1
gson-2.3.1,UsedClass,com.google.gson.internal.bind.TypeAdapters$1
gson-2.3.1,UsedClass,com.google.gson.internal.bind.SqlDateTypeAdapter$1
gson-2.3.1,UsedClass,com.google.gson.internal.bind.TypeAdapters$8
gson-2.3.1,UsedClass,com.google.gson.JsonIOException
gson-2.3.1,UsedClass,com.google.gson.internal.bind.TypeAdapters$7
gson-2.3.1,UsedClass,com.google.gson.internal.bind.TypeAdapters
gson-2.3.1,UsedClass,com.google.gson.internal.bind.TypeAdapters$9
gson-2.3.1,UsedClass,com.google.gson.internal.bind.TypeAdapters$4
gson-2.3.1,BloatedClass,com.google.gson.internal.LinkedTreeMap
gson-2.3.1,UsedClass,com.google.gson.internal.bind.TypeAdapters$3
gson-2.3.1,BloatedClass,com.google.gson.internal.bind.ObjectTypeAdapter$2
gson-2.3.1,UsedClass,com.google.gson.internal.bind.TypeAdapters$6
gson-2.3.1,UsedClass,com.google.gson.internal.bind.ObjectTypeAdapter$1
gson-2.3.1,UsedClass,com.google.gson.internal.bind.TypeAdapters$5
gson-2.3.1,UsedClass,com.google.gson.internal.LazilyParsedNumber
gson-2.3.1,BloatedClass,com.google.gson.internal.LinkedHashTreeMap$AvlBuilder
gson-2.3.1,UsedClass,com.google.gson.JsonParseException
gson-2.3.1,UsedClass,com.google.gson.internal.ConstructorConstructor
gson-2.3.1,UsedClass,com.google.gson.internal.bind.ReflectiveTypeAdapterFactory$Adapter
gson-2.3.1,BloatedClass,com.google.gson.internal.LinkedTreeMap$LinkedTreeMapIterator
gson-2.3.1,BloatedClass,com.google.gson.TreeTypeAdapter$1
gson-2.3.1,UsedClass,com.google.gson.JsonElement
gson-2.3.1,UsedClass,com.google.gson.FieldNamingPolicy
gson-2.3.1,UsedClass,com.google.gson.internal.bind.CollectionTypeAdapterFactory
gson-2.3.1,BloatedClass,com.google.gson.annotations.JsonAdapter
gson-2.3.1,BloatedClass,com.google.gson.DefaultDateTypeAdapter
gson-2.3.1,UsedClass,com.google.gson.JsonSerializationContext
gson-2.3.1,BloatedClass,com.google.gson.internal.UnsafeAllocator
gson-2.3.1,UsedClass,com.google.gson.JsonPrimitive
gson-2.3.1,BloatedClass,com.google.gson.internal.Streams$AppendableWriter
gson-2.3.1,UsedClass,com.google.gson.JsonSyntaxException
gson-2.3.1,BloatedClass,com.google.gson.internal.LinkedHashTreeMap$EntrySet$1
gson-2.3.1,UsedClass,com.google.gson.FieldNamingPolicy$4
gson-2.3.1,UsedClass,com.google.gson.FieldNamingPolicy$3
gson-2.3.1,BloatedClass,com.google.gson.annotations.Since
gson-2.3.1,UsedClass,com.google.gson.FieldNamingPolicy$5
gson-2.3.1,BloatedClass,com.google.gson.internal.JsonReaderInternalAccess
gson-2.3.1,BloatedClass,com.google.gson.internal.$Gson$Types$ParameterizedTypeImpl
gson-2.3.1,BloatedClass,com.google.gson.internal.LinkedHashTreeMap$1
gson-2.3.1,BloatedClass,com.google.gson.JsonDeserializer
gson-2.3.1,BloatedClass,com.google.gson.internal.ConstructorConstructor$10
gson-2.3.1,UsedClass,com.google.gson.FieldNamingPolicy$2
gson-2.3.1,BloatedClass,com.google.gson.internal.ConstructorConstructor$11
gson-2.3.1,UsedClass,com.google.gson.FieldNamingPolicy$1
gson-2.3.1,BloatedClass,com.google.gson.internal.ConstructorConstructor$12
gson-2.3.1,UsedClass,com.google.gson.internal.bind.TimeTypeAdapter$1
gson-2.3.1,BloatedClass,com.google.gson.reflect.TypeToken
gson-2.3.1,UsedClass,com.google.gson.internal.bind.TypeAdapters$23
gson-2.3.1,UsedClass,com.google.gson.internal.bind.TypeAdapters$24
gson-2.3.1,BloatedClass,com.google.gson.internal.LinkedTreeMap$KeySet
gson-2.3.1,UsedClass,com.google.gson.internal.bind.TypeAdapters$25
gson-2.3.1,BloatedClass,com.google.gson.TreeTypeAdapter$SingleTypeFactory
gson-2.3.1,UsedClass,com.google.gson.internal.bind.TypeAdapters$26
gson-2.3.1,UsedClass,com.google.gson.internal.bind.TypeAdapters$20
gson-2.3.1,BloatedClass,com.google.gson.GsonBuilder
gson-2.3.1,UsedClass,com.google.gson.internal.bind.JsonTreeWriter
gson-2.3.1,UsedClass,com.google.gson.internal.bind.TypeAdapters$21
gson-2.3.1,UsedClass,com.google.gson.TypeAdapter
gson-2.3.1,UsedClass,com.google.gson.internal.bind.TypeAdapters$22
gson-2.3.1,UsedClass,com.google.gson.JsonDeserializationContext
gson-2.3.1,BloatedClass,com.google.gson.internal.bind.TypeAdapters$27
gson-2.3.1,UsedClass,com.google.gson.FieldNamingStrategy
gson-2.3.1,UsedClass,com.google.gson.internal.bind.TypeAdapters$28
gson-2.3.1,UsedClass,com.google.gson.internal.bind.TypeAdapters$29
gson-2.3.1,UsedClass,com.google.gson.internal.bind.SqlDateTypeAdapter
gson-2.3.1,UsedClass,com.google.gson.internal.bind.TypeAdapterRuntimeTypeWrapper
gson-2.3.1,BloatedClass,com.google.gson.ExclusionStrategy
gson-2.3.1,UsedClass,com.google.gson.internal.bind.TimeTypeAdapter
gson-2.3.1,BloatedClass,com.google.gson.internal.LinkedHashTreeMap$KeySet
gson-2.3.1,BloatedClass,com.google.gson.stream.JsonScope
gson-2.3.1,UsedClass,com.google.gson.internal.bind.TypeAdapters$30
gson-2.3.1,UsedClass,com.google.gson.internal.bind.TypeAdapters$31
gson-2.3.1,BloatedClass,com.google.gson.internal.bind.TypeAdapters$32
gson-2.3.1,UsedClass,com.google.gson.JsonArray
gson-2.3.1,UsedClass,com.google.gson.LongSerializationPolicy
gson-2.3.1,UsedClass,com.google.gson.internal.Excluder
gson-2.3.1,BloatedClass,com.google.gson.internal.LinkedTreeMap$EntrySet$1
gson-2.3.1,BloatedClass,com.google.gson.annotations.Until
gson-2.3.1,UsedClass,com.google.gson.TypeAdapterFactory
gson-2.3.1,BloatedClass,com.google.gson.internal.$Gson$Types$GenericArrayTypeImpl
gson-2.3.1,UsedClass,com.google.gson.internal.bind.TypeAdapters$EnumTypeAdapter
gson-2.3.1,UsedClass,com.google.gson.internal.bind.MapTypeAdapterFactory$Adapter
gson-2.3.1,BloatedClass,com.google.gson.stream.JsonReader$1
gson-2.3.1,BloatedClass,com.google.gson.internal.$Gson$Types
gson-2.3.1,BloatedClass,com.google.gson.internal.Streams$1
gson-2.3.1,BloatedClass,com.google.gson.JsonParser
gson-2.3.1,BloatedClass,com.google.gson.FieldAttributes
gson-2.3.1,UsedClass,com.google.gson.stream.JsonReader
gson-2.3.1,BloatedClass,com.google.gson.InstanceCreator
gson-2.3.1,UsedClass,com.google.gson.internal.bind.MapTypeAdapterFactory
gson-2.3.1,UsedClass,com.google.gson.Gson$FutureTypeAdapter
gson-2.3.1,BloatedClass,com.google.gson.internal.LinkedTreeMap$Node
gson-2.3.1,UsedClass,com.google.gson.stream.JsonWriter
gson-2.3.1,UsedClass,com.google.gson.internal.bind.ArrayTypeAdapter$1
gson-2.3.1,BloatedClass,com.google.gson.internal.$Gson$Preconditions
gson-2.3.1,BloatedClass,com.google.gson.internal.Streams
gson-2.3.1,UsedClass,com.google.gson.internal.bind.TypeAdapters$12
gson-2.3.1,UsedClass,com.google.gson.internal.bind.TypeAdapters$13
gson-2.3.1,UsedClass,com.google.gson.internal.bind.TypeAdapters$14
gson-2.3.1,UsedClass,com.google.gson.internal.bind.TypeAdapters$15
gson-2.3.1,BloatedClass,com.google.gson.internal.LinkedHashTreeMap$EntrySet
gson-2.3.1,UsedClass,com.google.gson.internal.bind.TypeAdapters$10
gson-2.3.1,BloatedClass,com.google.gson.internal.Primitives
gson-2.3.1,UsedClass,com.google.gson.internal.bind.TypeAdapters$11
gson-2.3.1,BloatedClass,com.google.gson.internal.ConstructorConstructor$5
gson-2.3.1,UsedClass,com.google.gson.stream.MalformedJsonException
gson-2.3.1,UsedClass,com.google.gson.internal.bind.ArrayTypeAdapter
gson-2.3.1,BloatedClass,com.google.gson.internal.ConstructorConstructor$4
gson-2.3.1,BloatedClass,com.google.gson.internal.ConstructorConstructor$3
gson-2.3.1,BloatedClass,com.google.gson.stream.JsonToken
gson-2.3.1,BloatedClass,com.google.gson.internal.ConstructorConstructor$2
gson-2.3.1,UsedClass,com.google.gson.internal.bind.TypeAdapters$16
gson-2.3.1,BloatedClass,com.google.gson.internal.ConstructorConstructor$1
gson-2.3.1,UsedClass,com.google.gson.internal.bind.TypeAdapters$17
gson-2.3.1,UsedClass,com.google.gson.internal.ObjectConstructor
gson-2.3.1,UsedClass,com.google.gson.internal.bind.TypeAdapters$18
gson-2.3.1,BloatedClass,com.google.gson.internal.Streams$AppendableWriter$CurrentWrite
gson-2.3.1,UsedClass,com.google.gson.internal.bind.DateTypeAdapter$1
gson-2.3.1,UsedClass,com.google.gson.internal.bind.TypeAdapters$19
gson-2.3.1,BloatedClass,com.google.gson.internal.LinkedHashTreeMap$Node
gson-2.3.1,UsedClass,com.google.gson.JsonNull
gson-2.3.1,BloatedClass,com.google.gson.internal.ConstructorConstructor$9
gson-2.3.1,BloatedClass,com.google.gson.internal.ConstructorConstructor$8
gson-2.3.1,BloatedClass,com.google.gson.JsonStreamParser
gson-2.3.1,BloatedClass,com.google.gson.TreeTypeAdapter
gson-2.3.1,BloatedClass,com.google.gson.internal.ConstructorConstructor$7
gson-2.3.1,UsedClass,com.google.gson.LongSerializationPolicy$1
gson-2.3.1,BloatedClass,com.google.gson.internal.ConstructorConstructor$6
gson-2.3.1,UsedClass,com.google.gson.LongSerializationPolicy$2
gson-2.3.1,UsedClass,com.google.gson.JsonObject
gson-2.3.1,BloatedClass,com.google.gson.internal.bind.JsonTreeReader$1
gson-2.3.1,UsedClass,com.google.gson.TypeAdapter$1
gson-2.3.1,BloatedClass,com.google.gson.internal.UnsafeAllocator$3
gson-2.3.1,BloatedClass,com.google.gson.internal.UnsafeAllocator$4
gson-2.3.1,BloatedClass,com.google.gson.internal.UnsafeAllocator$1
gson-2.3.1,BloatedClass,com.google.gson.internal.UnsafeAllocator$2
gson-2.3.1,UsedClass,com.google.gson.Gson$2
gson-2.3.1,UsedClass,com.google.gson.Gson$3
gson-2.3.1,UsedClass,com.google.gson.internal.bind.ObjectTypeAdapter
gson-2.3.1,UsedClass,com.google.gson.Gson$4
gson-2.3.1,BloatedClass,com.google.gson.JsonSerializer
gson-2.3.1,UsedClass,com.google.gson.Gson$5
gson-2.3.1,UsedClass,com.google.gson.internal.bind.DateTypeAdapter
gson-2.3.1,UsedClass,com.google.gson.internal.bind.CollectionTypeAdapterFactory$Adapter
gson-2.3.1,UsedClass,com.google.gson.Gson$1
gson-2.3.1,BloatedClass,com.google.gson.internal.LinkedHashTreeMap
gson-2.3.1,UsedClass,com.google.gson.internal.bind.TypeAdapters$22$1
gson-2.3.1,UsedClass,com.google.gson.Gson
gson-2.3.1,BloatedClass,com.google.gson.internal.LinkedTreeMap$1
gson-2.3.1,BloatedClass,com.google.gson.internal.LinkedHashTreeMap$LinkedTreeMapIterator
gson-2.3.1,BloatedClass,com.google.gson.internal.LinkedTreeMap$KeySet$1
gson-2.3.1,UsedClass,com.google.gson.internal.bind.JsonAdapterAnnotationTypeAdapterFactory
gson-2.3.1,UsedClass,com.google.gson.internal.bind.ReflectiveTypeAdapterFactory$BoundField
gson-2.3.1,UsedClass,com.google.gson.internal.bind.ReflectiveTypeAdapterFactory
gson-2.3.1,BloatedClass,com.google.gson.internal.LinkedHashTreeMap$AvlIterator
gson-2.3.1,BloatedClass,com.google.gson.internal.LinkedTreeMap$EntrySet
gson-2.3.1,BloatedClass,com.google.gson.annotations.Expose
gson-2.3.1,BloatedClass,com.google.gson.internal.$Gson$Types$WildcardTypeImpl
gson-2.3.1,UsedClass,com.google.gson.internal.bind.ReflectiveTypeAdapterFactory$1
gson-2.3.1,BloatedClass,com.google.gson.internal.LinkedHashTreeMap$KeySet$1
gson-2.3.1,BloatedClass,com.google.gson.annotations.SerializedName
gson-2.3.1,UsedClass,com.google.gson.internal.bind.TypeAdapters$2
gson-2.3.1,UsedClass,com.google.gson.internal.Excluder$1
gson-2.3.1,UsedClass,com.google.gson.internal.bind.JsonTreeReader
gson-2.3.1,BloatedClass,com.google.gson.internal.bind.JsonTreeWriter$1
gson-2.3.1,UsedClass,com.google.gson.internal.bind.TypeAdapters$1
gson-2.3.1,UsedClass,com.google.gson.internal.bind.SqlDateTypeAdapter$1
gson-2.3.1,UsedClass,com.google.gson.internal.bind.TypeAdapters$8
gson-2.3.1,UsedClass,com.google.gson.JsonIOException
gson-2.3.1,UsedClass,com.google.gson.internal.bind.TypeAdapters$7
gson-2.3.1,UsedClass,com.google.gson.internal.bind.TypeAdapters
gson-2.3.1,UsedClass,com.google.gson.internal.bind.TypeAdapters$9
gson-2.3.1,UsedClass,com.google.gson.internal.bind.TypeAdapters$4
gson-2.3.1,BloatedClass,com.google.gson.internal.LinkedTreeMap
gson-2.3.1,UsedClass,com.google.gson.internal.bind.TypeAdapters$3
gson-2.3.1,BloatedClass,com.google.gson.internal.bind.ObjectTypeAdapter$2
gson-2.3.1,UsedClass,com.google.gson.internal.bind.TypeAdapters$6
gson-2.3.1,UsedClass,com.google.gson.internal.bind.ObjectTypeAdapter$1
gson-2.3.1,UsedClass,com.google.gson.internal.bind.TypeAdapters$5
gson-2.3.1,UsedClass,com.google.gson.internal.LazilyParsedNumber
gson-2.3.1,BloatedClass,com.google.gson.internal.LinkedHashTreeMap$AvlBuilder
gson-2.3.1,UsedClass,com.google.gson.JsonParseException
gson-2.3.1,UsedClass,com.google.gson.internal.ConstructorConstructor
gson-2.3.1,UsedClass,com.google.gson.internal.bind.ReflectiveTypeAdapterFactory$Adapter
gson-2.3.1,BloatedClass,com.google.gson.internal.LinkedTreeMap$LinkedTreeMapIterator
gson-2.3.1,BloatedClass,com.google.gson.TreeTypeAdapter$1
gson-2.3.1,UsedClass,com.google.gson.JsonElement
gson-2.3.1,UsedClass,com.google.gson.FieldNamingPolicy
gson-2.3.1,UsedClass,com.google.gson.internal.bind.CollectionTypeAdapterFactory
gson-2.3.1,BloatedClass,com.google.gson.annotations.JsonAdapter
gson-2.3.1,BloatedClass,com.google.gson.DefaultDateTypeAdapter
gson-2.3.1,UsedClass,com.google.gson.JsonSerializationContext
gson-2.3.1,BloatedClass,com.google.gson.internal.UnsafeAllocator
gson-2.3.1,UsedClass,com.google.gson.JsonPrimitive
gson-2.3.1,BloatedClass,com.google.gson.internal.Streams$AppendableWriter
gson-2.3.1,UsedClass,com.google.gson.JsonSyntaxException
gson-2.3.1,BloatedClass,com.google.gson.internal.LinkedHashTreeMap$EntrySet$1
gson-2.3.1,UsedClass,com.google.gson.FieldNamingPolicy$4
gson-2.3.1,UsedClass,com.google.gson.FieldNamingPolicy$3
gson-2.3.1,BloatedClass,com.google.gson.annotations.Since
gson-2.3.1,UsedClass,com.google.gson.FieldNamingPolicy$5
gson-2.3.1,BloatedClass,com.google.gson.internal.JsonReaderInternalAccess
gson-2.3.1,BloatedClass,com.google.gson.internal.$Gson$Types$ParameterizedTypeImpl
gson-2.3.1,BloatedClass,com.google.gson.internal.LinkedHashTreeMap$1
gson-2.3.1,BloatedClass,com.google.gson.JsonDeserializer
gson-2.3.1,BloatedClass,com.google.gson.internal.ConstructorConstructor$10
gson-2.3.1,UsedClass,com.google.gson.FieldNamingPolicy$2
gson-2.3.1,BloatedClass,com.google.gson.internal.ConstructorConstructor$11
gson-2.3.1,UsedClass,com.google.gson.FieldNamingPolicy$1
gson-2.3.1,BloatedClass,com.google.gson.internal.ConstructorConstructor$12
retrofit-1.9.0,UsedClass,retrofit.http.QueryMap
retrofit-1.9.0,BloatedClass,retrofit.Platform$Base$1
retrofit-1.9.0,UsedClass,retrofit.Platform$Base$2
retrofit-1.9.0,BloatedClass,retrofit.client.OkClient$2
retrofit-1.9.0,UsedClass,retrofit.http.POST
retrofit-1.9.0,BloatedClass,retrofit.mime.TypedFile
retrofit-1.9.0,UsedClass,retrofit.Platform$Base$3
retrofit-1.9.0,BloatedClass,retrofit.client.OkClient$1
retrofit-1.9.0,BloatedClass,retrofit.RestAdapter$RestHandler$2
retrofit-1.9.0,BloatedClass,retrofit.converter.GsonConverter$JsonTypedOutput
retrofit-1.9.0,BloatedClass,retrofit.Platform$Android$2$1
retrofit-1.9.0,BloatedClass,retrofit.RequestBuilder$MimeOverridingTypedOutput
retrofit-1.9.0,UsedClass,retrofit.RxSupport$Invoker
retrofit-1.9.0,UsedClass,retrofit.mime.TypedByteArray
retrofit-1.9.0,UsedClass,retrofit.RequestBuilder$1
retrofit-1.9.0,BloatedClass,retrofit.RestAdapter$Log$1
retrofit-1.9.0,BloatedClass,retrofit.client.ApacheClient$TypedOutputEntity
retrofit-1.9.0,BloatedClass,retrofit.http.DELETE
retrofit-1.9.0,UsedClass,retrofit.RequestBuilder
retrofit-1.9.0,BloatedClass,retrofit.mime.MultipartTypedOutput$MimePart
retrofit-1.9.0,UsedClass,retrofit.Platform$Base
retrofit-1.9.0,UsedClass,retrofit.ErrorHandler$1
retrofit-1.9.0,UsedClass,retrofit.RestMethodInfo$RequestType
retrofit-1.9.0,UsedClass,retrofit.http.Body
retrofit-1.9.0,UsedClass,retrofit.http.Query
retrofit-1.9.0,BloatedClass,retrofit.RequestInterceptorTape$1
retrofit-1.9.0,BloatedClass,retrofit.CallbackRunnable$1
retrofit-1.9.0,BloatedClass,retrofit.CallbackRunnable$2
retrofit-1.9.0,BloatedClass,retrofit.ResponseCallback
retrofit-1.9.0,BloatedClass,retrofit.RestAdapter$RestHandler$1
retrofit-1.9.0,BloatedClass,retrofit.client.UrlConnectionClient$1
retrofit-1.9.0,BloatedClass,retrofit.Platform$Base$2$1
retrofit-1.9.0,BloatedClass,retrofit.client.OkClient
retrofit-1.9.0,BloatedClass,retrofit.http.PUT
retrofit-1.9.0,UsedClass,retrofit.RequestInterceptor$1
retrofit-1.9.0,UsedClass,retrofit.Platform$Android
retrofit-1.9.0,BloatedClass,retrofit.RequestInterceptorTape$Command$3
retrofit-1.9.0,BloatedClass,retrofit.RequestInterceptorTape$Command$2
retrofit-1.9.0,BloatedClass,retrofit.RequestInterceptorTape$Command$5
retrofit-1.9.0,BloatedClass,retrofit.RequestInterceptorTape$Command$4
retrofit-1.9.0,BloatedClass,retrofit.android.AndroidLog
retrofit-1.9.0,UsedClass,retrofit.ErrorHandler
retrofit-1.9.0,BloatedClass,retrofit.RequestInterceptorTape$Command$1
retrofit-1.9.0,UsedClass,retrofit.RetrofitError$Kind
retrofit-1.9.0,BloatedClass,retrofit.mime.FormUrlEncodedTypedOutput
retrofit-1.9.0,UsedClass,retrofit.mime.TypedInput
retrofit-1.9.0,BloatedClass,retrofit.client.ApacheClient$GenericHttpRequest
retrofit-1.9.0,BloatedClass,retrofit.http.Headers
retrofit-1.9.0,UsedClass,retrofit.mime.TypedString
retrofit-1.9.0,UsedClass,retrofit.RequestInterceptor
retrofit-1.9.0,UsedClass,retrofit.RestAdapter$RestHandler
retrofit-1.9.0,BloatedClass,retrofit.RequestInterceptorTape$Command
retrofit-1.9.0,UsedClass,retrofit.http.Field
retrofit-1.9.0,UsedClass,retrofit.client.Response
retrofit-1.9.0,UsedClass,retrofit.http.PartMap
retrofit-1.9.0,UsedClass,retrofit.RestAdapter$Builder
retrofit-1.9.0,BloatedClass,retrofit.Types$ParameterizedTypeImpl
retrofit-1.9.0,BloatedClass,retrofit.Types$WildcardTypeImpl
retrofit-1.9.0,UsedClass,retrofit.Endpoint
retrofit-1.9.0,UsedClass,retrofit.http.EncodedQuery
retrofit-1.9.0,BloatedClass,retrofit.RestMethodInfo$RxSupport
retrofit-1.9.0,UsedClass,retrofit.Utils
retrofit-1.9.0,UsedClass,retrofit.converter.Converter
retrofit-1.9.0,BloatedClass,retrofit.http.Multipart
retrofit-1.9.0,BloatedClass,retrofit.Platform$1
retrofit-1.9.0,BloatedClass,retrofit.http.FormUrlEncoded
retrofit-1.9.0,UsedClass,retrofit.converter.GsonConverter
retrofit-1.9.0,BloatedClass,retrofit.android.MainThreadExecutor
retrofit-1.9.0,BloatedClass,retrofit.client.UrlConnectionClient$TypedInputStream
retrofit-1.9.0,BloatedClass,retrofit.Types$GenericArrayTypeImpl
retrofit-1.9.0,BloatedClass,retrofit.appengine.UrlFetchClient
retrofit-1.9.0,UsedClass,retrofit.Endpoints$FixedEndpoint
retrofit-1.9.0,UsedClass,retrofit.Platform$AppEngine
retrofit-1.9.0,UsedClass,retrofit.Endpoints
retrofit-1.9.0,UsedClass,retrofit.RequestInterceptor$RequestFacade
retrofit-1.9.0,UsedClass,retrofit.mime.TypedOutput
retrofit-1.9.0,UsedClass,retrofit.RestMethodInfo$ResponseType
retrofit-1.9.0,BloatedClass,retrofit.http.PATCH
retrofit-1.9.0,BloatedClass,retrofit.client.ApacheClient
retrofit-1.9.0,BloatedClass,retrofit.Profiler
retrofit-1.9.0,UsedClass,retrofit.RestAdapter$Builder$1
retrofit-1.9.0,UsedClass,retrofit.RestMethodInfo
retrofit-1.9.0,BloatedClass,retrofit.mime.MultipartTypedOutput
retrofit-1.9.0,UsedClass,retrofit.RestAdapter
retrofit-1.9.0,BloatedClass,retrofit.client.Defaults
retrofit-1.9.0,UsedClass,retrofit.Platform
retrofit-1.9.0,BloatedClass,retrofit.client.UrlConnectionClient
retrofit-1.9.0,BloatedClass,retrofit.mime.MimeUtil
retrofit-1.9.0,UsedClass,retrofit.http.FieldMap
retrofit-1.9.0,UsedClass,retrofit.Callback
retrofit-1.9.0,BloatedClass,retrofit.ResponseWrapper
retrofit-1.9.0,BloatedClass,retrofit.ExceptionCatchingTypedInput$ExceptionCatchingInputStream
retrofit-1.9.0,BloatedClass,retrofit.http.Streaming
retrofit-1.9.0,BloatedClass,retrofit.Platform$AppEngine$1
retrofit-1.9.0,BloatedClass,retrofit.Types
retrofit-1.9.0,UsedClass,retrofit.RetrofitError
retrofit-1.9.0,UsedClass,retrofit.http.EncodedPath
retrofit-1.9.0,UsedClass,retrofit.Utils$SynchronousExecutor
retrofit-1.9.0,UsedClass,retrofit.client.Client
retrofit-1.9.0,UsedClass,retrofit.http.Header
retrofit-1.9.0,UsedClass,retrofit.http.Path
retrofit-1.9.0,BloatedClass,retrofit.http.HEAD
retrofit-1.9.0,UsedClass,retrofit.client.Header
retrofit-1.9.0,BloatedClass,retrofit.Profiler$RequestInformation
retrofit-1.9.0,UsedClass,retrofit.client.Client$Provider
retrofit-1.9.0,BloatedClass,retrofit.RequestInterceptorTape$CommandWithParams
retrofit-1.9.0,BloatedClass,retrofit.Platform$OkClientInstantiator
retrofit-1.9.0,BloatedClass,retrofit.Platform$Android$1
retrofit-1.9.0,BloatedClass,retrofit.ExceptionCatchingTypedInput
retrofit-1.9.0,BloatedClass,retrofit.Platform$Android$2
retrofit-1.9.0,UsedClass,retrofit.RestAdapter$Log
retrofit-1.9.0,UsedClass,retrofit.http.RestMethod
retrofit-1.9.0,BloatedClass,retrofit.client.ApacheClient$GenericEntityHttpRequest
retrofit-1.9.0,UsedClass,retrofit.http.EncodedQueryMap
retrofit-1.9.0,BloatedClass,retrofit.android.AndroidApacheClient
retrofit-1.9.0,BloatedClass,retrofit.CallbackRunnable
retrofit-1.9.0,UsedClass,retrofit.converter.ConversionException
retrofit-1.9.0,UsedClass,retrofit.http.GET
retrofit-1.9.0,BloatedClass,retrofit.RxSupport$1
retrofit-1.9.0,UsedClass,retrofit.http.Part
retrofit-1.9.0,BloatedClass,retrofit.RestAdapter$1
retrofit-1.9.0,BloatedClass,retrofit.RxSupport$2
retrofit-1.9.0,BloatedClass,retrofit.RxSupport
retrofit-1.9.0,UsedClass,retrofit.RestAdapter$LogLevel
retrofit-1.9.0,UsedClass,retrofit.client.Request
retrofit-1.9.0,BloatedClass,retrofit.RequestInterceptorTape
gson-2.3.1,UsedClass,com.google.gson.internal.bind.TimeTypeAdapter$1
gson-2.3.1,BloatedClass,com.google.gson.reflect.TypeToken
gson-2.3.1,UsedClass,com.google.gson.internal.bind.TypeAdapters$23
gson-2.3.1,UsedClass,com.google.gson.internal.bind.TypeAdapters$24
gson-2.3.1,BloatedClass,com.google.gson.internal.LinkedTreeMap$KeySet
gson-2.3.1,UsedClass,com.google.gson.internal.bind.TypeAdapters$25
gson-2.3.1,BloatedClass,com.google.gson.TreeTypeAdapter$SingleTypeFactory
gson-2.3.1,UsedClass,com.google.gson.internal.bind.TypeAdapters$26
gson-2.3.1,UsedClass,com.google.gson.internal.bind.TypeAdapters$20
gson-2.3.1,BloatedClass,com.google.gson.GsonBuilder
gson-2.3.1,UsedClass,com.google.gson.internal.bind.JsonTreeWriter
gson-2.3.1,UsedClass,com.google.gson.internal.bind.TypeAdapters$21
gson-2.3.1,UsedClass,com.google.gson.TypeAdapter
gson-2.3.1,UsedClass,com.google.gson.internal.bind.TypeAdapters$22
gson-2.3.1,UsedClass,com.google.gson.JsonDeserializationContext
gson-2.3.1,BloatedClass,com.google.gson.internal.bind.TypeAdapters$27
gson-2.3.1,UsedClass,com.google.gson.FieldNamingStrategy
gson-2.3.1,UsedClass,com.google.gson.internal.bind.TypeAdapters$28
gson-2.3.1,UsedClass,com.google.gson.internal.bind.TypeAdapters$29
gson-2.3.1,UsedClass,com.google.gson.internal.bind.SqlDateTypeAdapter
gson-2.3.1,UsedClass,com.google.gson.internal.bind.TypeAdapterRuntimeTypeWrapper
gson-2.3.1,BloatedClass,com.google.gson.ExclusionStrategy
gson-2.3.1,UsedClass,com.google.gson.internal.bind.TimeTypeAdapter
gson-2.3.1,BloatedClass,com.google.gson.internal.LinkedHashTreeMap$KeySet
gson-2.3.1,BloatedClass,com.google.gson.stream.JsonScope
gson-2.3.1,UsedClass,com.google.gson.internal.bind.TypeAdapters$30
gson-2.3.1,UsedClass,com.google.gson.internal.bind.TypeAdapters$31
gson-2.3.1,BloatedClass,com.google.gson.internal.bind.TypeAdapters$32
gson-2.3.1,UsedClass,com.google.gson.JsonArray
gson-2.3.1,UsedClass,com.google.gson.LongSerializationPolicy
gson-2.3.1,UsedClass,com.google.gson.internal.Excluder
gson-2.3.1,BloatedClass,com.google.gson.internal.LinkedTreeMap$EntrySet$1
gson-2.3.1,BloatedClass,com.google.gson.annotations.Until
gson-2.3.1,UsedClass,com.google.gson.TypeAdapterFactory
gson-2.3.1,BloatedClass,com.google.gson.internal.$Gson$Types$GenericArrayTypeImpl
gson-2.3.1,UsedClass,com.google.gson.internal.bind.TypeAdapters$EnumTypeAdapter
gson-2.3.1,UsedClass,com.google.gson.internal.bind.MapTypeAdapterFactory$Adapter
gson-2.3.1,BloatedClass,com.google.gson.stream.JsonReader$1
gson-2.3.1,BloatedClass,com.google.gson.internal.$Gson$Types
gson-2.3.1,BloatedClass,com.google.gson.internal.Streams$1
gson-2.3.1,BloatedClass,com.google.gson.JsonParser
gson-2.3.1,BloatedClass,com.google.gson.FieldAttributes
gson-2.3.1,UsedClass,com.google.gson.stream.JsonReader
gson-2.3.1,BloatedClass,com.google.gson.InstanceCreator
gson-2.3.1,UsedClass,com.google.gson.internal.bind.MapTypeAdapterFactory
gson-2.3.1,UsedClass,com.google.gson.Gson$FutureTypeAdapter
gson-2.3.1,BloatedClass,com.google.gson.internal.LinkedTreeMap$Node
gson-2.3.1,UsedClass,com.google.gson.stream.JsonWriter
gson-2.3.1,UsedClass,com.google.gson.internal.bind.ArrayTypeAdapter$1
gson-2.3.1,BloatedClass,com.google.gson.internal.$Gson$Preconditions
gson-2.3.1,BloatedClass,com.google.gson.internal.Streams
gson-2.3.1,UsedClass,com.google.gson.internal.bind.TypeAdapters$12
gson-2.3.1,UsedClass,com.google.gson.internal.bind.TypeAdapters$13
gson-2.3.1,UsedClass,com.google.gson.internal.bind.TypeAdapters$14
gson-2.3.1,UsedClass,com.google.gson.internal.bind.TypeAdapters$15
gson-2.3.1,BloatedClass,com.google.gson.internal.LinkedHashTreeMap$EntrySet
gson-2.3.1,UsedClass,com.google.gson.internal.bind.TypeAdapters$10
gson-2.3.1,BloatedClass,com.google.gson.internal.Primitives
gson-2.3.1,UsedClass,com.google.gson.internal.bind.TypeAdapters$11
gson-2.3.1,BloatedClass,com.google.gson.internal.ConstructorConstructor$5
gson-2.3.1,UsedClass,com.google.gson.stream.MalformedJsonException
gson-2.3.1,UsedClass,com.google.gson.internal.bind.ArrayTypeAdapter
gson-2.3.1,BloatedClass,com.google.gson.internal.ConstructorConstructor$4
gson-2.3.1,BloatedClass,com.google.gson.internal.ConstructorConstructor$3
gson-2.3.1,BloatedClass,com.google.gson.stream.JsonToken
gson-2.3.1,BloatedClass,com.google.gson.internal.ConstructorConstructor$2
gson-2.3.1,UsedClass,com.google.gson.internal.bind.TypeAdapters$16
gson-2.3.1,BloatedClass,com.google.gson.internal.ConstructorConstructor$1
gson-2.3.1,UsedClass,com.google.gson.internal.bind.TypeAdapters$17
gson-2.3.1,UsedClass,com.google.gson.internal.ObjectConstructor
gson-2.3.1,UsedClass,com.google.gson.internal.bind.TypeAdapters$18
gson-2.3.1,BloatedClass,com.google.gson.internal.Streams$AppendableWriter$CurrentWrite
gson-2.3.1,UsedClass,com.google.gson.internal.bind.DateTypeAdapter$1
gson-2.3.1,UsedClass,com.google.gson.internal.bind.TypeAdapters$19
gson-2.3.1,BloatedClass,com.google.gson.internal.LinkedHashTreeMap$Node
gson-2.3.1,UsedClass,com.google.gson.JsonNull
gson-2.3.1,BloatedClass,com.google.gson.internal.ConstructorConstructor$9
gson-2.3.1,BloatedClass,com.google.gson.internal.ConstructorConstructor$8
gson-2.3.1,BloatedClass,com.google.gson.JsonStreamParser
gson-2.3.1,BloatedClass,com.google.gson.TreeTypeAdapter
gson-2.3.1,BloatedClass,com.google.gson.internal.ConstructorConstructor$7
gson-2.3.1,UsedClass,com.google.gson.LongSerializationPolicy$1
gson-2.3.1,BloatedClass,com.google.gson.internal.ConstructorConstructor$6
gson-2.3.1,UsedClass,com.google.gson.LongSerializationPolicy$2
gson-2.3.1,UsedClass,com.google.gson.JsonObject
gson-2.3.1,BloatedClass,com.google.gson.internal.bind.JsonTreeReader$1
gson-2.3.1,UsedClass,com.google.gson.TypeAdapter$1
gson-2.3.1,BloatedClass,com.google.gson.internal.UnsafeAllocator$3
gson-2.3.1,BloatedClass,com.google.gson.internal.UnsafeAllocator$4
gson-2.3.1,BloatedClass,com.google.gson.internal.UnsafeAllocator$1
gson-2.3.1,BloatedClass,com.google.gson.internal.UnsafeAllocator$2
gson-2.3.1,UsedClass,com.google.gson.Gson$2
gson-2.3.1,UsedClass,com.google.gson.Gson$3
gson-2.3.1,UsedClass,com.google.gson.internal.bind.ObjectTypeAdapter
gson-2.3.1,UsedClass,com.google.gson.Gson$4
gson-2.3.1,BloatedClass,com.google.gson.JsonSerializer
gson-2.3.1,UsedClass,com.google.gson.Gson$5
gson-2.3.1,UsedClass,com.google.gson.internal.bind.DateTypeAdapter
gson-2.3.1,UsedClass,com.google.gson.internal.bind.CollectionTypeAdapterFactory$Adapter
gson-2.3.1,UsedClass,com.google.gson.Gson$1
gson-2.3.1,BloatedClass,com.google.gson.internal.LinkedHashTreeMap
gson-2.3.1,UsedClass,com.google.gson.internal.bind.TypeAdapters$22$1
gson-2.3.1,UsedClass,com.google.gson.Gson
gson-2.3.1,BloatedClass,com.google.gson.internal.LinkedTreeMap$1
gson-2.3.1,BloatedClass,com.google.gson.internal.LinkedHashTreeMap$LinkedTreeMapIterator
gson-2.3.1,BloatedClass,com.google.gson.internal.LinkedTreeMap$KeySet$1
gson-2.3.1,UsedClass,com.google.gson.internal.bind.JsonAdapterAnnotationTypeAdapterFactory
gson-2.3.1,UsedClass,com.google.gson.internal.bind.ReflectiveTypeAdapterFactory$BoundField
gson-2.3.1,UsedClass,com.google.gson.internal.bind.ReflectiveTypeAdapterFactory
gson-2.3.1,BloatedClass,com.google.gson.internal.LinkedHashTreeMap$AvlIterator
gson-2.3.1,BloatedClass,com.google.gson.internal.LinkedTreeMap$EntrySet
gson-2.3.1,BloatedClass,com.google.gson.annotations.Expose
gson-2.3.1,BloatedClass,com.google.gson.internal.$Gson$Types$WildcardTypeImpl
gson-2.3.1,UsedClass,com.google.gson.internal.bind.ReflectiveTypeAdapterFactory$1
gson-2.3.1,BloatedClass,com.google.gson.internal.LinkedHashTreeMap$KeySet$1
gson-2.3.1,BloatedClass,com.google.gson.annotations.SerializedName
gson-2.3.1,UsedClass,com.google.gson.internal.bind.TypeAdapters$2
gson-2.3.1,UsedClass,com.google.gson.internal.Excluder$1
gson-2.3.1,UsedClass,com.google.gson.internal.bind.JsonTreeReader
gson-2.3.1,BloatedClass,com.google.gson.internal.bind.JsonTreeWriter$1
gson-2.3.1,UsedClass,com.google.gson.internal.bind.TypeAdapters$1
gson-2.3.1,UsedClass,com.google.gson.internal.bind.SqlDateTypeAdapter$1
gson-2.3.1,UsedClass,com.google.gson.internal.bind.TypeAdapters$8
gson-2.3.1,UsedClass,com.google.gson.JsonIOException
gson-2.3.1,UsedClass,com.google.gson.internal.bind.TypeAdapters$7
gson-2.3.1,UsedClass,com.google.gson.internal.bind.TypeAdapters
gson-2.3.1,UsedClass,com.google.gson.internal.bind.TypeAdapters$9
gson-2.3.1,UsedClass,com.google.gson.internal.bind.TypeAdapters$4
gson-2.3.1,BloatedClass,com.google.gson.internal.LinkedTreeMap
gson-2.3.1,UsedClass,com.google.gson.internal.bind.TypeAdapters$3
gson-2.3.1,BloatedClass,com.google.gson.internal.bind.ObjectTypeAdapter$2
gson-2.3.1,UsedClass,com.google.gson.internal.bind.TypeAdapters$6
gson-2.3.1,UsedClass,com.google.gson.internal.bind.ObjectTypeAdapter$1
gson-2.3.1,UsedClass,com.google.gson.internal.bind.TypeAdapters$5
gson-2.3.1,UsedClass,com.google.gson.internal.LazilyParsedNumber
gson-2.3.1,BloatedClass,com.google.gson.internal.LinkedHashTreeMap$AvlBuilder
gson-2.3.1,UsedClass,com.google.gson.JsonParseException
gson-2.3.1,UsedClass,com.google.gson.internal.ConstructorConstructor
gson-2.3.1,UsedClass,com.google.gson.internal.bind.ReflectiveTypeAdapterFactory$Adapter
gson-2.3.1,BloatedClass,com.google.gson.internal.LinkedTreeMap$LinkedTreeMapIterator
gson-2.3.1,BloatedClass,com.google.gson.TreeTypeAdapter$1
gson-2.3.1,UsedClass,com.google.gson.JsonElement
gson-2.3.1,UsedClass,com.google.gson.FieldNamingPolicy
gson-2.3.1,UsedClass,com.google.gson.internal.bind.CollectionTypeAdapterFactory
gson-2.3.1,BloatedClass,com.google.gson.annotations.JsonAdapter
gson-2.3.1,BloatedClass,com.google.gson.DefaultDateTypeAdapter
gson-2.3.1,UsedClass,com.google.gson.JsonSerializationContext
gson-2.3.1,BloatedClass,com.google.gson.internal.UnsafeAllocator
gson-2.3.1,UsedClass,com.google.gson.JsonPrimitive
gson-2.3.1,BloatedClass,com.google.gson.internal.Streams$AppendableWriter
gson-2.3.1,UsedClass,com.google.gson.JsonSyntaxException
gson-2.3.1,BloatedClass,com.google.gson.internal.LinkedHashTreeMap$EntrySet$1
gson-2.3.1,UsedClass,com.google.gson.FieldNamingPolicy$4
gson-2.3.1,UsedClass,com.google.gson.FieldNamingPolicy$3
gson-2.3.1,BloatedClass,com.google.gson.annotations.Since
gson-2.3.1,UsedClass,com.google.gson.FieldNamingPolicy$5
gson-2.3.1,BloatedClass,com.google.gson.internal.JsonReaderInternalAccess
gson-2.3.1,BloatedClass,com.google.gson.internal.$Gson$Types$ParameterizedTypeImpl
gson-2.3.1,BloatedClass,com.google.gson.internal.LinkedHashTreeMap$1
gson-2.3.1,BloatedClass,com.google.gson.JsonDeserializer
gson-2.3.1,BloatedClass,com.google.gson.internal.ConstructorConstructor$10
gson-2.3.1,UsedClass,com.google.gson.FieldNamingPolicy$2
gson-2.3.1,BloatedClass,com.google.gson.internal.ConstructorConstructor$11
gson-2.3.1,UsedClass,com.google.gson.FieldNamingPolicy$1
gson-2.3.1,BloatedClass,com.google.gson.internal.ConstructorConstructor$12
okio-1.6.0,UsedClass,okio.RealBufferedSource$1
okio-1.6.0,BloatedClass,okio.Base64
okio-1.6.0,UsedClass,okio.Okio
okio-1.6.0,UsedClass,okio.RealBufferedSource
okio-1.6.0,UsedClass,okio.Source
okio-1.6.0,UsedClass,okio.Timeout$1
okio-1.6.0,UsedClass,okio.Okio$1
okio-1.6.0,UsedClass,okio.Okio$2
okio-1.6.0,UsedClass,okio.Sink
okio-1.6.0,UsedClass,okio.Okio$3
okio-1.6.0,UsedClass,okio.Timeout
okio-1.6.0,UsedClass,okio.AsyncTimeout
okio-1.6.0,UsedClass,okio.BufferedSink
okio-1.6.0,UsedClass,okio.ByteString
okio-1.6.0,BloatedClass,okio.ForwardingSource
okio-1.6.0,UsedClass,okio.ForwardingTimeout
okio-1.6.0,BloatedClass,okio.GzipSource
okio-1.6.0,UsedClass,okio.AsyncTimeout$1
okio-1.6.0,UsedClass,okio.AsyncTimeout$2
okio-1.6.0,UsedClass,okio.Segment
okio-1.6.0,UsedClass,okio.Util
okio-1.6.0,UsedClass,okio.SegmentPool
okio-1.6.0,UsedClass,okio.Buffer
okio-1.6.0,UsedClass,okio.RealBufferedSink$1
okio-1.6.0,BloatedClass,okio.DeflaterSink
okio-1.6.0,UsedClass,okio.RealBufferedSink
okio-1.6.0,UsedClass,okio.SegmentedByteString
okio-1.6.0,UsedClass,okio.AsyncTimeout$Watchdog
okio-1.6.0,UsedClass,okio.BufferedSource
okio-1.6.0,BloatedClass,okio.GzipSink
okio-1.6.0,BloatedClass,okio.ForwardingSink
okio-1.6.0,UsedClass,okio.Buffer$2
okio-1.6.0,UsedClass,okio.Buffer$1
okio-1.6.0,BloatedClass,okio.InflaterSource
okhttp-3.2.0,BloatedClass,okhttp3.internal.framed.FramedStream$FramedDataSink
okhttp-3.2.0,BloatedClass,okhttp3.internal.framed.Hpack$Reader
okhttp-3.2.0,BloatedClass,okhttp3.Cache
okhttp-3.2.0,UsedClass,okhttp3.internal.RouteDatabase
okhttp-3.2.0,UsedClass,okhttp3.Request$Builder
okhttp-3.2.0,UsedClass,okhttp3.CacheControl$Builder
okhttp-3.2.0,BloatedClass,okhttp3.internal.http.HttpDate
okhttp-3.2.0,UsedClass,okhttp3.RequestBody$1
okhttp-3.2.0,BloatedClass,okhttp3.Cache$1
okhttp-3.2.0,BloatedClass,okhttp3.Cache$2
okhttp-3.2.0,BloatedClass,okhttp3.internal.framed.Http2$ContinuationSource
okhttp-3.2.0,UsedClass,okhttp3.Address
okhttp-3.2.0,UsedClass,okhttp3.Dispatcher
okhttp-3.2.0,BloatedClass,okhttp3.internal.framed.FramedConnection$7
okhttp-3.2.0,UsedClass,okhttp3.Route
okhttp-3.2.0,BloatedClass,okhttp3.internal.framed.FramedConnection$6
okhttp-3.2.0,UsedClass,okhttp3.OkHttpClient$1
okhttp-3.2.0,BloatedClass,okhttp3.internal.framed.FramedConnection$3
okhttp-3.2.0,BloatedClass,okhttp3.internal.framed.FramedConnection$2
okhttp-3.2.0,BloatedClass,okhttp3.CacheControl$1
okhttp-3.2.0,BloatedClass,okhttp3.internal.framed.FramedConnection$5
okhttp-3.2.0,BloatedClass,okhttp3.internal.framed.PushObserver$1
okhttp-3.2.0,BloatedClass,okhttp3.internal.framed.Spdy3$Writer
okhttp-3.2.0,BloatedClass,okhttp3.internal.framed.FramedConnection$4
okhttp-3.2.0,UsedClass,okhttp3.Headers$Builder
okhttp-3.2.0,BloatedClass,okhttp3.internal.framed.FramedConnection$1
okhttp-3.2.0,BloatedClass,okhttp3.internal.io.FileSystem
okhttp-3.2.0,BloatedClass,okhttp3.Cache$CacheRequestImpl$1
okhttp-3.2.0,UsedClass,okhttp3.MediaType
okhttp-3.2.0,UsedClass,okhttp3.ResponseBody
okhttp-3.2.0,UsedClass,okhttp3.CookieJar
okhttp-3.2.0,BloatedClass,okhttp3.internal.framed.ErrorCode
okhttp-3.2.0,BloatedClass,okhttp3.HttpUrl$1
okhttp-3.2.0,UsedClass,okhttp3.Request
okhttp-3.2.0,BloatedClass,okhttp3.Cache$Entry
okhttp-3.2.0,BloatedClass,okhttp3.internal.tls.CertificateChainCleaner
okhttp-3.2.0,BloatedClass,okhttp3.internal.framed.Ping
okhttp-3.2.0,UsedClass,okhttp3.internal.http.HttpMethod
okhttp-3.2.0,BloatedClass,okhttp3.internal.framed.FrameReader
okhttp-3.2.0,BloatedClass,okhttp3.internal.framed.Http2
okhttp-3.2.0,UsedClass,okhttp3.Connection
okhttp-3.2.0,BloatedClass,okhttp3.internal.framed.Http2$FrameLogger
okhttp-3.2.0,UsedClass,okhttp3.internal.http.HttpEngine$NetworkInterceptorChain
okhttp-3.2.0,BloatedClass,okhttp3.ConnectionSpec$1
okhttp-3.2.0,BloatedClass,okhttp3.internal.framed.FramedStream$1
okhttp-3.2.0,BloatedClass,okhttp3.MultipartBody
okhttp-3.2.0,BloatedClass,okhttp3.internal.framed.FrameReader$Handler
okhttp-3.2.0,UsedClass,okhttp3.RequestBody$2
okhttp-3.2.0,BloatedClass,okhttp3.Handshake
okhttp-3.2.0,UsedClass,okhttp3.internal.http.RealResponseBody
okhttp-3.2.0,UsedClass,okhttp3.RequestBody$3
okhttp-3.2.0,UsedClass,okhttp3.Call$Factory
okhttp-3.2.0,BloatedClass,okhttp3.CertificatePinner$Pin
okhttp-3.2.0,BloatedClass,okhttp3.internal.framed.NameValueBlockReader$1
okhttp-3.2.0,BloatedClass,okhttp3.internal.framed.NameValueBlockReader$2
okhttp-3.2.0,BloatedClass,okhttp3.MultipartBody$Part
okhttp-3.2.0,BloatedClass,okhttp3.Headers$1
okhttp-3.2.0,BloatedClass,okhttp3.Challenge
okhttp-3.2.0,UsedClass,okhttp3.internal.http.Http1xStream$AbstractSource
okhttp-3.2.0,BloatedClass,okhttp3.internal.http.HttpEngine$2
okhttp-3.2.0,UsedClass,okhttp3.internal.http.HttpEngine$1
okhttp-3.2.0,BloatedClass,okhttp3.Cache$CacheRequestImpl
okhttp-3.2.0,BloatedClass,okhttp3.internal.framed.NameValueBlockReader
okhttp-3.2.0,UsedClass,okhttp3.internal.http.Http1xStream$FixedLengthSource
okhttp-3.2.0,UsedClass,okhttp3.CacheControl
okhttp-3.2.0,BloatedClass,okhttp3.internal.http.RetryableSink
okhttp-3.2.0,BloatedClass,okhttp3.internal.DiskLruCache$4
okhttp-3.2.0,BloatedClass,okhttp3.internal.DiskLruCache$2
okhttp-3.2.0,BloatedClass,okhttp3.internal.DiskLruCache$3
okhttp-3.2.0,UsedClass,okhttp3.internal.Platform$Android
okhttp-3.2.0,BloatedClass,okhttp3.internal.framed.Settings
okhttp-3.2.0,BloatedClass,okhttp3.internal.http.Http2xStream
okhttp-3.2.0,UsedClass,okhttp3.CookieJar$1
okhttp-3.2.0,BloatedClass,okhttp3.internal.DiskLruCache$1
okhttp-3.2.0,BloatedClass,okhttp3.internal.framed.FramedConnection$Reader
okhttp-3.2.0,BloatedClass,okhttp3.internal.framed.FrameWriter
okhttp-3.2.0,UsedClass,okhttp3.internal.http.Http1xStream
okhttp-3.2.0,UsedClass,okhttp3.internal.Internal
okhttp-3.2.0,UsedClass,okhttp3.internal.http.RouteSelector
okhttp-3.2.0,UsedClass,okhttp3.Response$Builder
okhttp-3.2.0,UsedClass,okhttp3.internal.http.Http1xStream$FixedLengthSink
okhttp-3.2.0,UsedClass,okhttp3.Response
okhttp-3.2.0,UsedClass,okhttp3.Call
okhttp-3.2.0,BloatedClass,okhttp3.Callback
okhttp-3.2.0,BloatedClass,okhttp3.internal.http.Http2xStream$StreamFinishingSource
okhttp-3.2.0,UsedClass,okhttp3.Authenticator$1
okhttp-3.2.0,BloatedClass,okhttp3.CertificatePinner$1
okhttp-3.2.0,UsedClass,okhttp3.internal.http.OkHeaders
okhttp-3.2.0,BloatedClass,okhttp3.internal.framed.Header
okhttp-3.2.0,UsedClass,okhttp3.internal.tls.RealTrustRootIndex
okhttp-3.2.0,BloatedClass,okhttp3.internal.DiskLruCache$Editor$1
okhttp-3.2.0,BloatedClass,okhttp3.internal.framed.FramedConnection$Builder
okhttp-3.2.0,BloatedClass,okhttp3.Cache$CacheResponseBody$1
okhttp-3.2.0,BloatedClass,okhttp3.internal.framed.FramedStream
okhttp-3.2.0,UsedClass,okhttp3.ResponseBody$1
okhttp-3.2.0,BloatedClass,okhttp3.internal.http.HeaderParser
okhttp-3.2.0,UsedClass,okhttp3.internal.http.RequestLine
okhttp-3.2.0,UsedClass,okhttp3.OkHttpClient
okhttp-3.2.0,UsedClass,okhttp3.ConnectionSpec$Builder
okhttp-3.2.0,BloatedClass,okhttp3.internal.framed.Huffman
okhttp-3.2.0,UsedClass,okhttp3.internal.Platform$JdkWithJettyBootPlatform
okhttp-3.2.0,UsedClass,okhttp3.ConnectionPool
okhttp-3.2.0,UsedClass,okhttp3.internal.NamedRunnable
okhttp-3.2.0,BloatedClass,okhttp3.internal.framed.FramedStream$FramedDataSource
okhttp-3.2.0,UsedClass,okhttp3.HttpUrl$Builder$ParseResult
okhttp-3.2.0,BloatedClass,okhttp3.internal.framed.Variant
okhttp-3.2.0,BloatedClass,okhttp3.internal.http.Http1xStream$UnknownLengthSource
okhttp-3.2.0,UsedClass,okhttp3.internal.http.HttpStream
okhttp-3.2.0,UsedClass,okhttp3.internal.http.CacheStrategy
okhttp-3.2.0,BloatedClass,okhttp3.FormBody$1
okhttp-3.2.0,BloatedClass,okhttp3.MultipartBody$Builder
okhttp-3.2.0,UsedClass,okhttp3.Authenticator
okhttp-3.2.0,BloatedClass,okhttp3.FormBody$Builder
okhttp-3.2.0,UsedClass,okhttp3.CertificatePinner
okhttp-3.2.0,UsedClass,okhttp3.RealCall
okhttp-3.2.0,UsedClass,okhttp3.internal.http.CacheStrategy$Factory
okhttp-3.2.0,BloatedClass,okhttp3.internal.http.Http1xStream$ChunkedSink
okhttp-3.2.0,BloatedClass,okhttp3.FormBody
okhttp-3.2.0,UsedClass,okhttp3.internal.framed.FramedConnection$Listener$1
okhttp-3.2.0,UsedClass,okhttp3.CipherSuite
okhttp-3.2.0,BloatedClass,okhttp3.Cache$CacheResponseBody
okhttp-3.2.0,UsedClass,okhttp3.internal.framed.FramedConnection$Listener
okhttp-3.2.0,UsedClass,okhttp3.internal.Util
okhttp-3.2.0,UsedClass,okhttp3.ConnectionSpec
okhttp-3.2.0,BloatedClass,okhttp3.internal.framed.FramedConnection
okhttp-3.2.0,UsedClass,okhttp3.internal.ConnectionSpecSelector
okhttp-3.2.0,BloatedClass,okhttp3.internal.http.CacheRequest
okhttp-3.2.0,BloatedClass,okhttp3.internal.tls.AndroidTrustRootIndex
okhttp-3.2.0,BloatedClass,okhttp3.internal.framed.Spdy3
okhttp-3.2.0,BloatedClass,okhttp3.internal.Platform$JettyNegoProvider
okhttp-3.2.0,BloatedClass,okhttp3.Interceptor
okhttp-3.2.0,UsedClass,okhttp3.internal.http.RequestException
okhttp-3.2.0,BloatedClass,okhttp3.internal.framed.FramedConnection$Reader$3
okhttp-3.2.0,BloatedClass,okhttp3.internal.http.Http1xStream$ChunkedSource
okhttp-3.2.0,BloatedClass,okhttp3.internal.framed.FramedConnection$Reader$1
okhttp-3.2.0,BloatedClass,okhttp3.internal.framed.FramedConnection$Reader$2
okhttp-3.2.0,UsedClass,okhttp3.ConnectionPool$1
okhttp-3.2.0,UsedClass,okhttp3.internal.http.RouteException
okhttp-3.2.0,UsedClass,okhttp3.internal.http.StatusLine
okhttp-3.2.0,BloatedClass,okhttp3.internal.framed.Http2$Reader
okhttp-3.2.0,BloatedClass,okhttp3.Credentials
okhttp-3.2.0,UsedClass,okhttp3.internal.io.RealConnection
okhttp-3.2.0,UsedClass,okhttp3.CertificatePinner$Builder
okhttp-3.2.0,BloatedClass,okhttp3.internal.io.FileSystem$1
okhttp-3.2.0,UsedClass,okhttp3.RealCall$ApplicationInterceptorChain
okhttp-3.2.0,BloatedClass,okhttp3.Request$1
okhttp-3.2.0,UsedClass,okhttp3.HttpUrl$Builder
okhttp-3.2.0,BloatedClass,okhttp3.internal.tls.DistinguishedNameParser
okhttp-3.2.0,UsedClass,okhttp3.Protocol
okhttp-3.2.0,UsedClass,okhttp3.HttpUrl
okhttp-3.2.0,BloatedClass,okhttp3.internal.framed.PushObserver
okhttp-3.2.0,UsedClass,okhttp3.OkHttpClient$Builder
okhttp-3.2.0,UsedClass,okhttp3.internal.Version
okhttp-3.2.0,BloatedClass,okhttp3.internal.DiskLruCache$Snapshot
okhttp-3.2.0,UsedClass,okhttp3.Headers
okhttp-3.2.0,BloatedClass,okhttp3.internal.FaultHidingSink
okhttp-3.2.0,UsedClass,okhttp3.RequestBody
okhttp-3.2.0,BloatedClass,okhttp3.Cookie
okhttp-3.2.0,UsedClass,okhttp3.internal.Platform
okhttp-3.2.0,BloatedClass,okhttp3.internal.framed.Huffman$Node
okhttp-3.2.0,BloatedClass,okhttp3.internal.http.HttpDate$1
okhttp-3.2.0,BloatedClass,okhttp3.internal.DiskLruCache
okhttp-3.2.0,BloatedClass,okhttp3.internal.framed.Http2$Writer
okhttp-3.2.0,BloatedClass,okhttp3.internal.InternalCache
okhttp-3.2.0,UsedClass,okhttp3.internal.tls.OkHostnameVerifier
okhttp-3.2.0,UsedClass,okhttp3.internal.tls.TrustRootIndex
okhttp-3.2.0,BloatedClass,okhttp3.RealCall$1
okhttp-3.2.0,BloatedClass,okhttp3.Cookie$Builder
okhttp-3.2.0,BloatedClass,okhttp3.internal.framed.Spdy3$Reader
okhttp-3.2.0,UsedClass,okhttp3.Dns$1
okhttp-3.2.0,BloatedClass,okhttp3.internal.DiskLruCache$Editor
okhttp-3.2.0,UsedClass,okhttp3.internal.Util$1
okhttp-3.2.0,BloatedClass,okhttp3.internal.framed.FramedStream$StreamTimeout
okhttp-3.2.0,BloatedClass,okhttp3.internal.http.Http1xStream$1
okhttp-3.2.0,BloatedClass,okhttp3.internal.framed.HeadersMode
okhttp-3.2.0,BloatedClass,okhttp3.internal.DiskLruCache$Entry
okhttp-3.2.0,UsedClass,okhttp3.Interceptor$Chain
okhttp-3.2.0,UsedClass,okhttp3.internal.http.StreamAllocation
okhttp-3.2.0,UsedClass,okhttp3.Dns
okhttp-3.2.0,BloatedClass,okhttp3.internal.framed.Hpack$Writer
okhttp-3.2.0,UsedClass,okhttp3.TlsVersion
okhttp-3.2.0,BloatedClass,okhttp3.internal.http.CacheStrategy$1
okhttp-3.2.0,BloatedClass,okhttp3.internal.OptionalMethod
okhttp-3.2.0,UsedClass,okhttp3.internal.http.HttpEngine
okhttp-3.2.0,BloatedClass,okhttp3.Cookie$1
okhttp-3.2.0,BloatedClass,okhttp3.internal.framed.Hpack
okhttp-3.2.0,BloatedClass,okhttp3.RealCall$AsyncCall
okhttp-3.2.0,BloatedClass,okhttp3.Response$1
