okio.GzipSink,CONSTANT
okio.InflaterSource,CONSTANT
okio.GzipSource,CONSTANT
okio.DeflaterSink,CONSTANT
okio.Base64,CONSTANT
okhttp3.MultipartBody$Part,CONSTANT
okhttp3.RealCall$AsyncCall,CONSTANT
okhttp3.Cookie$Builder,CONSTANT
okhttp3.Challenge,CONSTANT
okhttp3.CertificatePinner$Pin,CONSTANT
okhttp3.FormBody$Builder,CONSTANT
okhttp3.internal.DiskLruCache,CONSTANT
okhttp3.internal.DiskLruCache$Editor,CONSTANT
okhttp3.internal.io.FileSystem,INTERFACE
okhttp3.internal.DiskLruCache$Entry,CONSTANT
okhttp3.internal.tls.AndroidTrustRootIndex,CONSTANT
okhttp3.internal.tls.DistinguishedNameParser,CONSTANT
okhttp3.internal.tls.CertificateChainCleaner,CONSTANT
okhttp3.internal.http.Http1xStream$ChunkedSink,CONSTANT
okhttp3.internal.http.CacheRequest,INTERFACE
okhttp3.internal.http.Http2xStream,CONSTANT
okhttp3.internal.http.HttpDate,CONSTANT
okhttp3.internal.http.RetryableSink,CONSTANT
okhttp3.internal.http.HeaderParser,CONSTANT
okhttp3.internal.InternalCache,INTERFACE
okhttp3.internal.DiskLruCache$Snapshot,CONSTANT
okhttp3.internal.framed.Http2,CONSTANT
okhttp3.internal.framed.FrameReader$Handler,INTERFACE
okhttp3.internal.framed.Http2$Reader,CONSTANT
okhttp3.internal.framed.Ping,CONSTANT
okhttp3.internal.framed.PushObserver,INTERFACE
okhttp3.internal.framed.Hpack,CONSTANT
okhttp3.internal.framed.Http2$FrameLogger,CONSTANT
okhttp3.internal.framed.FrameWriter,INTERFACE
okhttp3.internal.framed.Spdy3$Reader,CONSTANT
okhttp3.internal.framed.Spdy3,CONSTANT
okhttp3.internal.framed.ErrorCode,ENUM
okhttp3.internal.framed.FramedConnection,CONSTANT
okhttp3.internal.framed.Hpack$Reader,CONSTANT
okhttp3.internal.framed.HeadersMode,ENUM
okhttp3.internal.framed.Header,CONSTANT
okhttp3.internal.framed.Hpack$Writer,CONSTANT
okhttp3.internal.framed.FrameReader,INTERFACE
okhttp3.internal.framed.Settings,CONSTANT
okhttp3.internal.framed.Spdy3$Writer,CONSTANT
okhttp3.internal.framed.FramedStream$FramedDataSource,CONSTANT
okhttp3.internal.framed.Http2$Writer,CONSTANT
okhttp3.internal.framed.FramedStream,CONSTANT
okhttp3.internal.framed.Variant,INTERFACE
okhttp3.internal.framed.FramedStream$FramedDataSink,CONSTANT
okhttp3.internal.framed.Huffman$Node,CONSTANT
okhttp3.internal.framed.Http2$ContinuationSource,CONSTANT
okhttp3.FormBody,CONSTANT
okhttp3.MultipartBody,CONSTANT
okhttp3.Interceptor,INTERFACE
okhttp3.MultipartBody$Builder,CONSTANT
okhttp3.Cache$CacheRequestImpl,CONSTANT
okhttp3.Handshake,CONSTANT
okhttp3.Cookie,CONSTANT
okhttp3.Cache$Entry,CONSTANT
okhttp3.Cache,CONSTANT
okhttp3.Callback,INTERFACE
okhttp3.Credentials,CONSTANT
retrofit.RestMethodInfo$RxSupport,CONSTANT
retrofit.RequestInterceptorTape,CONSTANT
retrofit.RequestInterceptorTape$Command,ENUM
retrofit.Types$WildcardTypeImpl,CONSTANT
retrofit.Profiler,INTERFACE
retrofit.Types$ParameterizedTypeImpl,CONSTANT
retrofit.Types$GenericArrayTypeImpl,CONSTANT
retrofit.http.Streaming,ANNOTATION
retrofit.http.FormUrlEncoded,ANNOTATION
retrofit.http.HEAD,ANNOTATION
retrofit.http.Headers,ANNOTATION
retrofit.http.DELETE,ANNOTATION
retrofit.http.PATCH,ANNOTATION
retrofit.http.Multipart,ANNOTATION
retrofit.http.PUT,ANNOTATION
retrofit.android.AndroidApacheClient,CONSTANT
retrofit.android.MainThreadExecutor,CONSTANT
retrofit.ResponseWrapper,CONSTANT
retrofit.RequestInterceptorTape$CommandWithParams,CONSTANT
retrofit.mime.MimeUtil,CONSTANT
retrofit.mime.MultipartTypedOutput,CONSTANT
retrofit.mime.MultipartTypedOutput$MimePart,CONSTANT
retrofit.mime.FormUrlEncodedTypedOutput,CONSTANT
retrofit.RxSupport,CONSTANT
retrofit.client.Defaults,CONSTANT
retrofit.Profiler$RequestInformation,CONSTANT
retrofit.Types,CONSTANT
com.google.gson.TreeTypeAdapter,CONSTANT
com.google.gson.JsonDeserializer,INTERFACE
com.google.gson.JsonStreamParser,CONSTANT
com.google.gson.JsonSerializer,INTERFACE
com.google.gson.InstanceCreator,INTERFACE
com.google.gson.stream.JsonToken,ENUM
com.google.gson.stream.JsonScope,CONSTANT
com.google.gson.internal.$Gson$Types,CONSTANT
com.google.gson.internal.LinkedTreeMap$KeySet,CONSTANT
com.google.gson.internal.LinkedHashTreeMap,CONSTANT
com.google.gson.internal.$Gson$Preconditions,CONSTANT
com.google.gson.internal.LinkedHashTreeMap$KeySet,CONSTANT
com.google.gson.internal.LinkedHashTreeMap$EntrySet,CONSTANT
com.google.gson.internal.Streams,CONSTANT
com.google.gson.internal.$Gson$Types$ParameterizedTypeImpl,CONSTANT
com.google.gson.internal.LinkedHashTreeMap$Node,CONSTANT
com.google.gson.internal.LinkedTreeMap,CONSTANT
com.google.gson.internal.Primitives,CONSTANT
com.google.gson.internal.$Gson$Types$GenericArrayTypeImpl,CONSTANT
com.google.gson.internal.LinkedHashTreeMap$AvlBuilder,CONSTANT
com.google.gson.internal.$Gson$Types$WildcardTypeImpl,CONSTANT
com.google.gson.internal.Streams$AppendableWriter,CONSTANT
com.google.gson.internal.LinkedTreeMap$Node,CONSTANT
com.google.gson.annotations.SerializedName,ANNOTATION
com.google.gson.annotations.Expose,ANNOTATION
com.google.gson.annotations.JsonAdapter,ANNOTATION
com.google.gson.annotations.Until,ANNOTATION
com.google.gson.annotations.Since,ANNOTATION
com.google.gson.DefaultDateTypeAdapter,CONSTANT
com.google.gson.JsonParser,CONSTANT
com.google.gson.GsonBuilder,CONSTANT
com.google.gson.FieldAttributes,CONSTANT
com.google.gson.ExclusionStrategy,INTERFACE
