{
"okhttp3.Protocol": ["<clinit>()V","Protocol(Ljava/lang/String;ILjava/lang/String;)V"],
"okhttp3.internal.Util": ["<clinit>()V","immutableList([Ljava/lang/Object;)Ljava/util/List;","threadFactory(Ljava/lang/String;Z)Ljava/util/concurrent/ThreadFactory;","domainToAscii(Ljava/lang/String;)Ljava/lang/String;","containsInvalidHostnameAsciiCodes(Ljava/lang/String;)Z","skipLeadingAsciiWhitespace(Ljava/lang/String;II)I","skipTrailingAsciiWhitespace(Ljava/lang/String;II)I","delimiterOffset(Ljava/lang/String;IILjava/lang/String;)I","delimiterOffset(Ljava/lang/String;IIC)I","immutableList(Ljava/util/List;)Ljava/util/List;","checkOffsetAndCount(JJJ)V","hostHeader(Lokhttp3/HttpUrl;Z)Ljava/lang/String;","closeQuietly(Ljava/net/Socket;)V","closeQuietly(Ljava/net/ServerSocket;)V"],
"okhttp3.internal.Util$1": ["Util$1(Ljava/lang/String;Z)V","newThread(Ljava/lang/Runnable;)Ljava/lang/Thread;"],
"okhttp3.internal.NamedRunnable": ["NamedRunnable(Ljava/lang/String;[Ljava/lang/Object;)V","run()V"],
"retrofit.RestAdapter$Builder": ["RestAdapter$Builder()V","setEndpoint(Ljava/lang/String;)Lretrofit/RestAdapter$Builder;","setClient(Lretrofit/client/Client;)Lretrofit/RestAdapter$Builder;","setClient(Lretrofit/client/Client$Provider;)Lretrofit/RestAdapter$Builder;","build()Lretrofit/RestAdapter;","ensureSaneDefaults()V"],
"retrofit.RestAdapter$LogLevel": ["<clinit>()V","RestAdapter$LogLevel(Ljava/lang/String;I)V","log()Z"],
"okhttp3.HttpUrl$Builder": ["HttpUrl$Builder()V","scheme(Ljava/lang/String;)Lokhttp3/HttpUrl$Builder;","host(Ljava/lang/String;)Lokhttp3/HttpUrl$Builder;","canonicalizeHost(Ljava/lang/String;II)Ljava/lang/String;","port(I)Lokhttp3/HttpUrl$Builder;","build()Lokhttp3/HttpUrl;","effectivePort()I","toString()Ljava/lang/String;","parse(Lokhttp3/HttpUrl;Ljava/lang/String;)Lokhttp3/HttpUrl$Builder$ParseResult;","schemeDelimiterOffset(Ljava/lang/String;II)I","slashCount(Ljava/lang/String;II)I","resolvePath(Ljava/lang/String;II)V","portColonOffset(Ljava/lang/String;II)I","parsePort(Ljava/lang/String;II)I","encodedQuery(Ljava/lang/String;)Lokhttp3/HttpUrl$Builder;","reencodeForUri()Lokhttp3/HttpUrl$Builder;","push(Ljava/lang/String;IIZZ)V","isDot(Ljava/lang/String;)Z","isDotDot(Ljava/lang/String;)Z"],
"okhttp3.HttpUrl": ["<clinit>()V","percentDecode(Ljava/lang/String;IIZ)Ljava/lang/String;","HttpUrl(Lokhttp3/HttpUrl$Builder;Lokhttp3/HttpUrl$1;)V","HttpUrl(Lokhttp3/HttpUrl$Builder;)V","percentDecode(Ljava/lang/String;Z)Ljava/lang/String;","percentDecode(Ljava/util/List;Z)Ljava/util/List;","defaultPort(Ljava/lang/String;)I","pathSegmentsToString(Ljava/lang/StringBuilder;Ljava/util/List;)V","resolve(Ljava/lang/String;)Lokhttp3/HttpUrl;","newBuilder(Ljava/lang/String;)Lokhttp3/HttpUrl$Builder;","access$100(Lokhttp3/HttpUrl;)Ljava/lang/String;","encodedUsername()Ljava/lang/String;","encodedPassword()Ljava/lang/String;","access$200(Lokhttp3/HttpUrl;)Ljava/lang/String;","access$300(Lokhttp3/HttpUrl;)I","encodedPathSegments()Ljava/util/List;","toString()Ljava/lang/String;","parse(Ljava/lang/String;)Lokhttp3/HttpUrl;","canonicalize(Ljava/lang/String;IILjava/lang/String;ZZZZ)Ljava/lang/String;","isHttps()Z","host()Ljava/lang/String;","port()I","uri()Ljava/net/URI;","newBuilder()Lokhttp3/HttpUrl$Builder;","encodedQuery()Ljava/lang/String;","encodedFragment()Ljava/lang/String;","canonicalize(Ljava/lang/String;Ljava/lang/String;ZZZZ)Ljava/lang/String;","scheme()Ljava/lang/String;","hashCode()I","encodedPath()Ljava/lang/String;","queryStringToNamesAndValues(Ljava/lang/String;)Ljava/util/List;","namesAndValuesToQueryString(Ljava/lang/StringBuilder;Ljava/util/List;)V"],
"okhttp3.HttpUrl$Builder$ParseResult": ["<clinit>()V","HttpUrl$Builder$ParseResult(Ljava/lang/String;I)V"],
"retrofit.Endpoints": ["newFixedEndpoint(Ljava/lang/String;)Lretrofit/Endpoint;"],
"retrofit.Endpoints$FixedEndpoint": ["Endpoints$FixedEndpoint(Ljava/lang/String;Ljava/lang/String;)V","getUrl()Ljava/lang/String;"],
"com.jakewharton.retrofit.Ok3Client": ["<clinit>()V","Ok3Client()V","Ok3Client(Lokhttp3/OkHttpClient;)V","Ok3Client(Lokhttp3/Call$Factory;)V","execute(Lretrofit/client/Request;)Lretrofit/client/Response;","createRequest(Lretrofit/client/Request;)Lokhttp3/Request;","requiresRequestBody(Ljava/lang/String;)Z","createRequestBody(Lretrofit/mime/TypedOutput;)Lokhttp3/RequestBody;","parseResponse(Lokhttp3/Response;)Lretrofit/client/Response;","createHeaders(Lokhttp3/Headers;)Ljava/util/List;","createResponseBody(Lokhttp3/ResponseBody;)Lretrofit/mime/TypedInput;"],
"okhttp3.OkHttpClient": ["<clinit>()V","OkHttpClient()V","access$000()Ljava/util/List;","access$100()Ljava/util/List;","OkHttpClient(Lokhttp3/OkHttpClient$Builder;)V","newCall(Lokhttp3/Request;)Lokhttp3/Call;","dispatcher()Lokhttp3/Dispatcher;","interceptors()Ljava/util/List;","connectionPool()Lokhttp3/ConnectionPool;","dns()Lokhttp3/Dns;","socketFactory()Ljavax/net/SocketFactory;","proxyAuthenticator()Lokhttp3/Authenticator;","proxy()Ljava/net/Proxy;","protocols()Ljava/util/List;","connectionSpecs()Ljava/util/List;","proxySelector()Ljava/net/ProxySelector;","cookieJar()Lokhttp3/CookieJar;","internalCache()Lokhttp3/internal/InternalCache;","connectTimeoutMillis()I","readTimeoutMillis()I","writeTimeoutMillis()I","retryOnConnectionFailure()Z","networkInterceptors()Ljava/util/List;"],
"okhttp3.ConnectionSpec": ["<clinit>()V","ConnectionSpec(Lokhttp3/ConnectionSpec$Builder;Lokhttp3/ConnectionSpec$1;)V","ConnectionSpec(Lokhttp3/ConnectionSpec$Builder;)V","access$400(Lokhttp3/ConnectionSpec;)Z","access$500(Lokhttp3/ConnectionSpec;)[Ljava/lang/String;","access$600(Lokhttp3/ConnectionSpec;)[Ljava/lang/String;","access$700(Lokhttp3/ConnectionSpec;)Z","isTls()Z","hashCode()I","equals(Ljava/lang/Object;)Z"],
"okhttp3.CipherSuite": ["<clinit>()V","CipherSuite(Ljava/lang/String;ILjava/lang/String;IIII)V"],
"okhttp3.ConnectionSpec$Builder": ["ConnectionSpec$Builder(Z)V","cipherSuites([Lokhttp3/CipherSuite;)Lokhttp3/ConnectionSpec$Builder;","cipherSuites([Ljava/lang/String;)Lokhttp3/ConnectionSpec$Builder;","tlsVersions([Lokhttp3/TlsVersion;)Lokhttp3/ConnectionSpec$Builder;","tlsVersions([Ljava/lang/String;)Lokhttp3/ConnectionSpec$Builder;","supportsTlsExtensions(Z)Lokhttp3/ConnectionSpec$Builder;","build()Lokhttp3/ConnectionSpec;","access$000(Lokhttp3/ConnectionSpec$Builder;)Z","access$100(Lokhttp3/ConnectionSpec$Builder;)[Ljava/lang/String;","access$200(Lokhttp3/ConnectionSpec$Builder;)[Ljava/lang/String;","access$300(Lokhttp3/ConnectionSpec$Builder;)Z","ConnectionSpec$Builder(Lokhttp3/ConnectionSpec;)V"],
"okhttp3.TlsVersion": ["<clinit>()V","TlsVersion(Ljava/lang/String;ILjava/lang/String;)V"],
"okhttp3.internal.Internal": ["<clinit>()V","Internal()V"],
"okhttp3.OkHttpClient$1": ["OkHttpClient$1()V","routeDatabase(Lokhttp3/ConnectionPool;)Lokhttp3/internal/RouteDatabase;","internalCache(Lokhttp3/OkHttpClient;)Lokhttp3/internal/InternalCache;","get(Lokhttp3/ConnectionPool;Lokhttp3/Address;Lokhttp3/internal/http/StreamAllocation;)Lokhttp3/internal/io/RealConnection;","put(Lokhttp3/ConnectionPool;Lokhttp3/internal/io/RealConnection;)V","connectionBecameIdle(Lokhttp3/ConnectionPool;Lokhttp3/internal/io/RealConnection;)Z","addLenient(Lokhttp3/Headers$Builder;Ljava/lang/String;)V"],
"okhttp3.OkHttpClient$Builder": ["OkHttpClient$Builder()V"],
"okhttp3.Dispatcher": ["Dispatcher()V","executed(Lokhttp3/RealCall;)V","finished(Lokhttp3/Call;)V"],
"okhttp3.CookieJar": ["<clinit>()V"],
"okhttp3.CookieJar$1": ["CookieJar$1()V","loadForRequest(Lokhttp3/HttpUrl;)Ljava/util/List;"],
"okhttp3.internal.tls.OkHostnameVerifier": ["<clinit>()V","OkHostnameVerifier()V"],
"okhttp3.CertificatePinner": ["<clinit>()V","CertificatePinner(Lokhttp3/CertificatePinner$Builder;Lokhttp3/CertificatePinner$1;)V","CertificatePinner(Lokhttp3/CertificatePinner$Builder;)V","newBuilder()Lokhttp3/CertificatePinner$Builder;","access$200(Lokhttp3/CertificatePinner;)Ljava/util/List;","access$300(Lokhttp3/CertificatePinner;)Lokhttp3/internal/tls/TrustRootIndex;"],
"okhttp3.CertificatePinner$Builder": ["CertificatePinner$Builder()V","build()Lokhttp3/CertificatePinner;","access$000(Lokhttp3/CertificatePinner$Builder;)Ljava/util/List;","access$100(Lokhttp3/CertificatePinner$Builder;)Lokhttp3/internal/tls/TrustRootIndex;","CertificatePinner$Builder(Lokhttp3/CertificatePinner;)V","trustRootIndex(Lokhttp3/internal/tls/TrustRootIndex;)Lokhttp3/CertificatePinner$Builder;"],
"okhttp3.Authenticator": ["<clinit>()V"],
"okhttp3.Authenticator$1": ["Authenticator$1()V"],
"okhttp3.ConnectionPool": ["<clinit>()V","ConnectionPool()V","ConnectionPool(IJLjava/util/concurrent/TimeUnit;)V","get(Lokhttp3/Address;Lokhttp3/internal/http/StreamAllocation;)Lokhttp3/internal/io/RealConnection;","put(Lokhttp3/internal/io/RealConnection;)V","cleanup(J)J","pruneAndGetAllocationCount(Lokhttp3/internal/io/RealConnection;J)I","connectionBecameIdle(Lokhttp3/internal/io/RealConnection;)Z"],
"okhttp3.ConnectionPool$1": ["ConnectionPool$1(Lokhttp3/ConnectionPool;)V","run()V"],
"okhttp3.internal.RouteDatabase": ["RouteDatabase()V","shouldPostpone(Lokhttp3/Route;)Z","connected(Lokhttp3/Route;)V","failed(Lokhttp3/Route;)V"],
"okhttp3.Dns": ["<clinit>()V"],
"okhttp3.Dns$1": ["Dns$1()V","lookup(Ljava/lang/String;)Ljava/util/List;"],
"okhttp3.internal.Platform": ["<clinit>()V","findPlatform()Lokhttp3/internal/Platform;","Platform()V","get()Lokhttp3/internal/Platform;","trustManager(Ljavax/net/ssl/SSLSocketFactory;)Ljavax/net/ssl/X509TrustManager;","readFieldOrNull(Ljava/lang/Object;Ljava/lang/Class;Ljava/lang/String;)Ljava/lang/Object;","trustRootIndex(Ljavax/net/ssl/X509TrustManager;)Lokhttp3/internal/tls/TrustRootIndex;","connectSocket(Ljava/net/Socket;Ljava/net/InetSocketAddress;I)V","getPrefix()Ljava/lang/String;"],
"okhttp3.internal.tls.RealTrustRootIndex": ["RealTrustRootIndex([Ljava/security/cert/X509Certificate;)V"],
"retrofit.RestAdapter$Builder$1": ["RestAdapter$Builder$1(Lretrofit/RestAdapter$Builder;Lretrofit/client/Client;)V","get()Lretrofit/client/Client;"],
"retrofit.Platform": ["<clinit>()V","findPlatform()Lretrofit/Platform;","Platform()V","hasRxJavaOnClasspath()Z","get()Lretrofit/Platform;"],
"retrofit.Platform$Base": ["Platform$Base(Lretrofit/Platform$1;)V","Platform$Base()V","defaultConverter()Lretrofit/converter/Converter;","defaultHttpExecutor()Ljava/util/concurrent/Executor;","defaultCallbackExecutor()Ljava/util/concurrent/Executor;","defaultLog()Lretrofit/RestAdapter$Log;"],
"com.google.gson.Gson": ["Gson()V","Gson(Lcom/google/gson/internal/Excluder;Lcom/google/gson/FieldNamingStrategy;Ljava/util/Map;ZZZZZZLcom/google/gson/LongSerializationPolicy;Ljava/util/List;)V","longAdapter(Lcom/google/gson/LongSerializationPolicy;)Lcom/google/gson/TypeAdapter;","doubleAdapter(Z)Lcom/google/gson/TypeAdapter;","floatAdapter(Z)Lcom/google/gson/TypeAdapter;"],
"com.google.gson.internal.Excluder": ["<clinit>()V","Excluder()V"],
"com.google.gson.FieldNamingPolicy": ["<clinit>()V","FieldNamingPolicy(Ljava/lang/String;ILcom/google/gson/FieldNamingPolicy$1;)V","FieldNamingPolicy(Ljava/lang/String;I)V"],
"com.google.gson.FieldNamingPolicy$1": ["FieldNamingPolicy$1(Ljava/lang/String;I)V"],
"com.google.gson.FieldNamingPolicy$2": ["FieldNamingPolicy$2(Ljava/lang/String;I)V"],
"com.google.gson.FieldNamingPolicy$3": ["FieldNamingPolicy$3(Ljava/lang/String;I)V"],
"com.google.gson.FieldNamingPolicy$4": ["FieldNamingPolicy$4(Ljava/lang/String;I)V"],
"com.google.gson.FieldNamingPolicy$5": ["FieldNamingPolicy$5(Ljava/lang/String;I)V"],
"com.google.gson.LongSerializationPolicy": ["<clinit>()V","LongSerializationPolicy(Ljava/lang/String;ILcom/google/gson/LongSerializationPolicy$1;)V","LongSerializationPolicy(Ljava/lang/String;I)V"],
"com.google.gson.LongSerializationPolicy$1": ["LongSerializationPolicy$1(Ljava/lang/String;I)V"],
"com.google.gson.LongSerializationPolicy$2": ["LongSerializationPolicy$2(Ljava/lang/String;I)V"],
"com.google.gson.Gson$1": ["Gson$1(Lcom/google/gson/Gson;)V"],
"com.google.gson.Gson$2": ["Gson$2(Lcom/google/gson/Gson;)V"],
"com.google.gson.internal.ConstructorConstructor": ["ConstructorConstructor(Ljava/util/Map;)V"],
"com.google.gson.internal.bind.TypeAdapters": ["<clinit>()V","newFactory(Ljava/lang/Class;Lcom/google/gson/TypeAdapter;)Lcom/google/gson/TypeAdapterFactory;","newFactory(Ljava/lang/Class;Ljava/lang/Class;Lcom/google/gson/TypeAdapter;)Lcom/google/gson/TypeAdapterFactory;","newTypeHierarchyFactory(Ljava/lang/Class;Lcom/google/gson/TypeAdapter;)Lcom/google/gson/TypeAdapterFactory;","newFactoryForMultipleTypes(Ljava/lang/Class;Ljava/lang/Class;Lcom/google/gson/TypeAdapter;)Lcom/google/gson/TypeAdapterFactory;"],
"com.google.gson.internal.bind.TypeAdapters$1": ["TypeAdapters$1()V"],
"com.google.gson.TypeAdapter": ["TypeAdapter()V"],
"com.google.gson.internal.bind.TypeAdapters$28": ["TypeAdapters$28(Ljava/lang/Class;Lcom/google/gson/TypeAdapter;)V"],
"com.google.gson.internal.bind.TypeAdapters$2": ["TypeAdapters$2()V"],
"com.google.gson.internal.bind.TypeAdapters$3": ["TypeAdapters$3()V"],
"com.google.gson.internal.bind.TypeAdapters$4": ["TypeAdapters$4()V"],
"com.google.gson.internal.bind.TypeAdapters$29": ["TypeAdapters$29(Ljava/lang/Class;Ljava/lang/Class;Lcom/google/gson/TypeAdapter;)V"],
"com.google.gson.internal.bind.TypeAdapters$5": ["TypeAdapters$5()V"],
"com.google.gson.internal.bind.TypeAdapters$6": ["TypeAdapters$6()V"],
"com.google.gson.internal.bind.TypeAdapters$7": ["TypeAdapters$7()V"],
"com.google.gson.internal.bind.TypeAdapters$8": ["TypeAdapters$8()V"],
"com.google.gson.internal.bind.TypeAdapters$9": ["TypeAdapters$9()V"],
"com.google.gson.internal.bind.TypeAdapters$10": ["TypeAdapters$10()V"],
"com.google.gson.internal.bind.TypeAdapters$11": ["TypeAdapters$11()V"],
"com.google.gson.internal.bind.TypeAdapters$12": ["TypeAdapters$12()V"],
"com.google.gson.internal.bind.TypeAdapters$13": ["TypeAdapters$13()V"],
"com.google.gson.internal.bind.TypeAdapters$14": ["TypeAdapters$14()V"],
"com.google.gson.internal.bind.TypeAdapters$15": ["TypeAdapters$15()V"],
"com.google.gson.internal.bind.TypeAdapters$16": ["TypeAdapters$16()V"],
"com.google.gson.internal.bind.TypeAdapters$17": ["TypeAdapters$17()V"],
"com.google.gson.internal.bind.TypeAdapters$18": ["TypeAdapters$18()V"],
"com.google.gson.internal.bind.TypeAdapters$19": ["TypeAdapters$19()V"],
"com.google.gson.internal.bind.TypeAdapters$20": ["TypeAdapters$20()V"],
"com.google.gson.internal.bind.TypeAdapters$31": ["TypeAdapters$31(Ljava/lang/Class;Lcom/google/gson/TypeAdapter;)V"],
"com.google.gson.internal.bind.TypeAdapters$21": ["TypeAdapters$21()V"],
"com.google.gson.internal.bind.TypeAdapters$22": ["TypeAdapters$22()V"],
"com.google.gson.internal.bind.TypeAdapters$23": ["TypeAdapters$23()V"],
"com.google.gson.internal.bind.TypeAdapters$30": ["TypeAdapters$30(Ljava/lang/Class;Ljava/lang/Class;Lcom/google/gson/TypeAdapter;)V"],
"com.google.gson.internal.bind.TypeAdapters$24": ["TypeAdapters$24()V"],
"com.google.gson.internal.bind.TypeAdapters$25": ["TypeAdapters$25()V"],
"com.google.gson.internal.bind.TypeAdapters$26": ["TypeAdapters$26()V"],
"com.google.gson.internal.bind.ObjectTypeAdapter": ["<clinit>()V"],
"com.google.gson.internal.bind.ObjectTypeAdapter$1": ["ObjectTypeAdapter$1()V"],
"com.google.gson.Gson$3": ["Gson$3(Lcom/google/gson/Gson;)V"],
"com.google.gson.Gson$4": ["Gson$4(Lcom/google/gson/Gson;)V"],
"com.google.gson.internal.bind.DateTypeAdapter": ["<clinit>()V"],
"com.google.gson.internal.bind.DateTypeAdapter$1": ["DateTypeAdapter$1()V"],
"com.google.gson.internal.bind.TimeTypeAdapter": ["<clinit>()V"],
"com.google.gson.internal.bind.TimeTypeAdapter$1": ["TimeTypeAdapter$1()V"],
"com.google.gson.internal.bind.SqlDateTypeAdapter": ["<clinit>()V"],
"com.google.gson.internal.bind.SqlDateTypeAdapter$1": ["SqlDateTypeAdapter$1()V"],
"com.google.gson.internal.bind.ArrayTypeAdapter": ["<clinit>()V"],
"com.google.gson.internal.bind.ArrayTypeAdapter$1": ["ArrayTypeAdapter$1()V"],
"com.google.gson.internal.bind.CollectionTypeAdapterFactory": ["CollectionTypeAdapterFactory(Lcom/google/gson/internal/ConstructorConstructor;)V"],
"com.google.gson.internal.bind.MapTypeAdapterFactory": ["MapTypeAdapterFactory(Lcom/google/gson/internal/ConstructorConstructor;Z)V"],
"com.google.gson.internal.bind.JsonAdapterAnnotationTypeAdapterFactory": ["JsonAdapterAnnotationTypeAdapterFactory(Lcom/google/gson/internal/ConstructorConstructor;)V"],
"com.google.gson.internal.bind.ReflectiveTypeAdapterFactory": ["ReflectiveTypeAdapterFactory(Lcom/google/gson/internal/ConstructorConstructor;Lcom/google/gson/FieldNamingStrategy;Lcom/google/gson/internal/Excluder;)V"],
"retrofit.converter.GsonConverter": ["GsonConverter(Lcom/google/gson/Gson;)V","GsonConverter(Lcom/google/gson/Gson;Ljava/lang/String;)V"],
"retrofit.Platform$Base$2": ["Platform$Base$2(Lretrofit/Platform$Base;)V"],
"retrofit.Utils$SynchronousExecutor": ["Utils$SynchronousExecutor()V"],
"retrofit.ErrorHandler": ["<clinit>()V"],
"retrofit.ErrorHandler$1": ["ErrorHandler$1()V","handleError(Lretrofit/RetrofitError;)Ljava/lang/Throwable;"],
"retrofit.Platform$Base$3": ["Platform$Base$3(Lretrofit/Platform$Base;)V"],
"retrofit.RequestInterceptor": ["<clinit>()V"],
"retrofit.RequestInterceptor$1": ["RequestInterceptor$1()V","intercept(Lretrofit/RequestInterceptor$RequestFacade;)V"],
"retrofit.RestAdapter": ["RestAdapter(Lretrofit/Endpoint;Lretrofit/client/Client$Provider;Ljava/util/concurrent/Executor;Ljava/util/concurrent/Executor;Lretrofit/RequestInterceptor;Lretrofit/converter/Converter;Lretrofit/Profiler;Lretrofit/ErrorHandler;Lretrofit/RestAdapter$Log;Lretrofit/RestAdapter$LogLevel;Lretrofit/RestAdapter$1;)V","RestAdapter(Lretrofit/Endpoint;Lretrofit/client/Client$Provider;Ljava/util/concurrent/Executor;Ljava/util/concurrent/Executor;Lretrofit/RequestInterceptor;Lretrofit/converter/Converter;Lretrofit/Profiler;Lretrofit/ErrorHandler;Lretrofit/RestAdapter$Log;Lretrofit/RestAdapter$LogLevel;)V","create(Ljava/lang/Class;)Ljava/lang/Object;","getMethodInfoCache(Ljava/lang/Class;)Ljava/util/Map;","getMethodInfo(Ljava/util/Map;Ljava/lang/reflect/Method;)Lretrofit/RestMethodInfo;","access$200(Lretrofit/RestAdapter;)Lretrofit/Profiler;","access$300(Lretrofit/RestAdapter;)Lretrofit/client/Client$Provider;"],
"retrofit.Utils": ["validateServiceClass(Ljava/lang/Class;)V","readBodyToBytesIfNecessary(Lretrofit/client/Response;)Lretrofit/client/Response;","streamToBytes(Ljava/io/InputStream;)[B","replaceResponseBody(Lretrofit/client/Response;Lretrofit/mime/TypedInput;)Lretrofit/client/Response;"],
"retrofit.RestAdapter$RestHandler": ["RestAdapter$RestHandler(Lretrofit/RestAdapter;Ljava/util/Map;)V","invoke(Ljava/lang/Object;Ljava/lang/reflect/Method;[Ljava/lang/Object;)Ljava/lang/Object;","invokeRequest(Lretrofit/RequestInterceptor;Lretrofit/RestMethodInfo;[Ljava/lang/Object;)Ljava/lang/Object;"],
"okhttp3.Headers$Builder": ["Headers$Builder()V","removeAll(Ljava/lang/String;)Lokhttp3/Headers$Builder;","add(Ljava/lang/String;Ljava/lang/String;)Lokhttp3/Headers$Builder;","checkNameAndValue(Ljava/lang/String;Ljava/lang/String;)V","addLenient(Ljava/lang/String;Ljava/lang/String;)Lokhttp3/Headers$Builder;","build()Lokhttp3/Headers;","access$000(Lokhttp3/Headers$Builder;)Ljava/util/List;","set(Ljava/lang/String;Ljava/lang/String;)Lokhttp3/Headers$Builder;","add(Ljava/lang/String;)Lokhttp3/Headers$Builder;","addLenient(Ljava/lang/String;)Lokhttp3/Headers$Builder;"],
"okio.Buffer": ["<clinit>()V","Buffer()V","writeUtf8(Ljava/lang/String;)Lokio/Buffer;","writeUtf8(Ljava/lang/String;II)Lokio/Buffer;","writableSegment(I)Lokio/Segment;","size()J","clone()Lokio/Buffer;","completeSegmentByteCount()J","write([BII)Lokio/Buffer;","indexOf(BJ)J","readUtf8Line(J)Ljava/lang/String;","getByte(J)B","readUtf8(J)Ljava/lang/String;","readString(JLjava/nio/charset/Charset;)Ljava/lang/String;","skip(J)V","read(Lokio/Buffer;J)J","write(Lokio/Buffer;J)V","read([BII)I","clear()V","writeAll(Lokio/Source;)J","readUtf8()Ljava/lang/String;","inputStream()Ljava/io/InputStream;","outputStream()Ljava/io/OutputStream;"],
"okio.SegmentPool": ["take()Lokio/Segment;","recycle(Lokio/Segment;)V"],
"okio.Segment": ["Segment()V","Segment(Lokio/Segment;)V","Segment([BII)V","pop()Lokio/Segment;","push(Lokio/Segment;)Lokio/Segment;","compact()V","writeTo(Lokio/Segment;I)V"],
"okhttp3.Headers": ["Headers(Lokhttp3/Headers$Builder;Lokhttp3/Headers$1;)V","Headers(Lokhttp3/Headers$Builder;)V","newBuilder()Lokhttp3/Headers$Builder;","get(Ljava/lang/String;)Ljava/lang/String;","get([Ljava/lang/String;Ljava/lang/String;)Ljava/lang/String;","size()I","name(I)Ljava/lang/String;","value(I)Ljava/lang/String;","values(Ljava/lang/String;)Ljava/util/List;"],
"retrofit.RestMethodInfo": ["<clinit>()V","RestMethodInfo(Ljava/lang/reflect/Method;)V","parseResponseType()Lretrofit/RestMethodInfo$ResponseType;","init()V","parseMethodAnnotations()V","parsePath(Ljava/lang/String;)V","parsePathParameters(Ljava/lang/String;)Ljava/util/Set;","parseParameters()V"],
"retrofit.RestMethodInfo$RequestType": ["<clinit>()V","RestMethodInfo$RequestType(Ljava/lang/String;I)V","values()[Lretrofit/RestMethodInfo$RequestType;"],
"retrofit.RestMethodInfo$ResponseType": ["<clinit>()V","RestMethodInfo$ResponseType(Ljava/lang/String;I)V"],
"retrofit.RequestBuilder": ["RequestBuilder(Ljava/lang/String;Lretrofit/RestMethodInfo;Lretrofit/converter/Converter;)V","setArguments([Ljava/lang/Object;)V","build()Lretrofit/client/Request;"],
"retrofit.RequestBuilder$1": ["<clinit>()V"],
"retrofit.client.Request": ["Request(Ljava/lang/String;Ljava/lang/String;Ljava/util/List;Lretrofit/mime/TypedOutput;)V","getUrl()Ljava/lang/String;","getMethod()Ljava/lang/String;","getBody()Lretrofit/mime/TypedOutput;","getHeaders()Ljava/util/List;"],
"okhttp3.RequestBody": ["create(Lokhttp3/MediaType;[B)Lokhttp3/RequestBody;","create(Lokhttp3/MediaType;[BII)Lokhttp3/RequestBody;","RequestBody()V"],
"okhttp3.RequestBody$2": ["RequestBody$2(Lokhttp3/MediaType;I[BI)V","contentType()Lokhttp3/MediaType;","contentLength()J","writeTo(Lokio/BufferedSink;)V"],
"okhttp3.Request$Builder": ["Request$Builder()V","url(Ljava/lang/String;)Lokhttp3/Request$Builder;","url(Lokhttp3/HttpUrl;)Lokhttp3/Request$Builder;","method(Ljava/lang/String;Lokhttp3/RequestBody;)Lokhttp3/Request$Builder;","build()Lokhttp3/Request;","access$000(Lokhttp3/Request$Builder;)Lokhttp3/HttpUrl;","access$100(Lokhttp3/Request$Builder;)Ljava/lang/String;","access$200(Lokhttp3/Request$Builder;)Lokhttp3/Headers$Builder;","access$300(Lokhttp3/Request$Builder;)Lokhttp3/RequestBody;","access$400(Lokhttp3/Request$Builder;)Ljava/lang/Object;","Request$Builder(Lokhttp3/Request;Lokhttp3/Request$1;)V","Request$Builder(Lokhttp3/Request;)V","header(Ljava/lang/String;Ljava/lang/String;)Lokhttp3/Request$Builder;","removeHeader(Ljava/lang/String;)Lokhttp3/Request$Builder;","get()Lokhttp3/Request$Builder;","addHeader(Ljava/lang/String;Ljava/lang/String;)Lokhttp3/Request$Builder;"],
"okhttp3.internal.http.HttpMethod": ["permitsRequestBody(Ljava/lang/String;)Z","requiresRequestBody(Ljava/lang/String;)Z"],
"okhttp3.Request": ["Request(Lokhttp3/Request$Builder;Lokhttp3/Request$1;)V","Request(Lokhttp3/Request$Builder;)V","body()Lokhttp3/RequestBody;","newBuilder()Lokhttp3/Request$Builder;","access$600(Lokhttp3/Request;)Lokhttp3/HttpUrl;","access$700(Lokhttp3/Request;)Ljava/lang/String;","access$800(Lokhttp3/Request;)Lokhttp3/RequestBody;","access$900(Lokhttp3/Request;)Ljava/lang/Object;","access$1000(Lokhttp3/Request;)Lokhttp3/Headers;","isHttps()Z","url()Lokhttp3/HttpUrl;","header(Ljava/lang/String;)Ljava/lang/String;","cacheControl()Lokhttp3/CacheControl;","method()Ljava/lang/String;","headers()Lokhttp3/Headers;"],
"okhttp3.RealCall": ["RealCall(Lokhttp3/OkHttpClient;Lokhttp3/Request;)V","execute()Lokhttp3/Response;","getResponseWithInterceptorChain(Z)Lokhttp3/Response;","access$300(Lokhttp3/RealCall;)Lokhttp3/OkHttpClient;","getResponse(Lokhttp3/Request;Z)Lokhttp3/Response;"],
"okhttp3.RealCall$ApplicationInterceptorChain": ["RealCall$ApplicationInterceptorChain(Lokhttp3/RealCall;ILokhttp3/Request;Z)V","proceed(Lokhttp3/Request;)Lokhttp3/Response;"],
"okhttp3.internal.http.HttpEngine": ["<clinit>()V","HttpEngine(Lokhttp3/OkHttpClient;Lokhttp3/Request;ZZZLokhttp3/internal/http/StreamAllocation;Lokhttp3/internal/http/RetryableSink;Lokhttp3/Response;)V","createAddress(Lokhttp3/OkHttpClient;Lokhttp3/Request;)Lokhttp3/Address;","sendRequest()V","networkRequest(Lokhttp3/Request;)Lokhttp3/Request;","connect()Lokhttp3/internal/http/HttpStream;","writeRequestHeadersEagerly()Z","readResponse()V","access$000(Lokhttp3/internal/http/HttpEngine;)Lokhttp3/internal/http/HttpStream;","writingRequestHeaders()V","getConnection()Lokhttp3/Connection;","access$102(Lokhttp3/internal/http/HttpEngine;Lokhttp3/Request;)Lokhttp3/Request;","permitsRequestBody(Lokhttp3/Request;)Z","access$200(Lokhttp3/internal/http/HttpEngine;)Lokhttp3/Response;","readNetworkResponse()Lokhttp3/Response;","recover(Ljava/io/IOException;Lokio/Sink;)Lokhttp3/internal/http/HttpEngine;","close()Lokhttp3/internal/http/StreamAllocation;","hasBody(Lokhttp3/Response;)Z","receiveHeaders(Lokhttp3/Headers;)V","stripBody(Lokhttp3/Response;)Lokhttp3/Response;","maybeCache()V","cacheWritingResponse(Lokhttp3/internal/http/CacheRequest;Lokhttp3/Response;)Lokhttp3/Response;","unzip(Lokhttp3/Response;)Lokhttp3/Response;","getResponse()Lokhttp3/Response;","followUpRequest()Lokhttp3/Request;","releaseStreamAllocation()V"],
"okhttp3.internal.http.HttpEngine$1": ["HttpEngine$1()V"],
"okhttp3.ResponseBody": ["ResponseBody()V","byteStream()Ljava/io/InputStream;"],
"okhttp3.Address": ["Address(Ljava/lang/String;ILokhttp3/Dns;Ljavax/net/SocketFactory;Ljavax/net/ssl/SSLSocketFactory;Ljavax/net/ssl/HostnameVerifier;Lokhttp3/CertificatePinner;Lokhttp3/Authenticator;Ljava/net/Proxy;Ljava/util/List;Ljava/util/List;Ljava/net/ProxySelector;)V","url()Lokhttp3/HttpUrl;","proxy()Ljava/net/Proxy;","proxySelector()Ljava/net/ProxySelector;","dns()Lokhttp3/Dns;","hashCode()I","connectionSpecs()Ljava/util/List;","sslSocketFactory()Ljavax/net/ssl/SSLSocketFactory;","socketFactory()Ljavax/net/SocketFactory;"],
"okhttp3.internal.http.StreamAllocation": ["StreamAllocation(Lokhttp3/ConnectionPool;Lokhttp3/Address;)V","routeDatabase()Lokhttp3/internal/RouteDatabase;","newStream(IIIZZ)Lokhttp3/internal/http/HttpStream;","findHealthyConnection(IIIZZ)Lokhttp3/internal/io/RealConnection;","findConnection(IIIZ)Lokhttp3/internal/io/RealConnection;","acquire(Lokhttp3/internal/io/RealConnection;)V","connection()Lokhttp3/internal/io/RealConnection;","recover(Ljava/io/IOException;Lokio/Sink;)Z","connectionFailed(Ljava/io/IOException;)V","deallocate(ZZZ)V","release(Lokhttp3/internal/io/RealConnection;)V","isRecoverable(Ljava/io/IOException;)Z","release()V","streamFinished(ZLokhttp3/internal/http/HttpStream;)V"],
"okhttp3.internal.http.RouteSelector": ["RouteSelector(Lokhttp3/Address;Lokhttp3/internal/RouteDatabase;)V","resetNextProxy(Lokhttp3/HttpUrl;Ljava/net/Proxy;)V","next()Lokhttp3/Route;","hasNextInetSocketAddress()Z","hasNextProxy()Z","nextProxy()Ljava/net/Proxy;","resetNextInetSocketAddress(Ljava/net/Proxy;)V","nextInetSocketAddress()Ljava/net/InetSocketAddress;","connectFailed(Lokhttp3/Route;Ljava/io/IOException;)V","hasNext()Z","hasNextPostponed()Z"],
"okhttp3.internal.Version": ["userAgent()Ljava/lang/String;"],
"okhttp3.internal.http.CacheStrategy$Factory": ["CacheStrategy$Factory(JLokhttp3/Request;Lokhttp3/Response;)V","get()Lokhttp3/internal/http/CacheStrategy;","getCandidate()Lokhttp3/internal/http/CacheStrategy;"],
"okhttp3.internal.http.CacheStrategy": ["CacheStrategy(Lokhttp3/Request;Lokhttp3/Response;Lokhttp3/internal/http/CacheStrategy$1;)V","CacheStrategy(Lokhttp3/Request;Lokhttp3/Response;)V"],
"okhttp3.CacheControl": ["<clinit>()V","CacheControl(Lokhttp3/CacheControl$Builder;Lokhttp3/CacheControl$1;)V","CacheControl(Lokhttp3/CacheControl$Builder;)V","parse(Lokhttp3/Headers;)Lokhttp3/CacheControl;","CacheControl(ZZIIZZZIIZZLjava/lang/String;)V","onlyIfCached()Z"],
"okhttp3.CacheControl$Builder": ["CacheControl$Builder()V","noCache()Lokhttp3/CacheControl$Builder;","build()Lokhttp3/CacheControl;","onlyIfCached()Lokhttp3/CacheControl$Builder;","maxStale(ILjava/util/concurrent/TimeUnit;)Lokhttp3/CacheControl$Builder;"],
"okhttp3.Route": ["Route(Lokhttp3/Address;Ljava/net/Proxy;Ljava/net/InetSocketAddress;)V","hashCode()I","proxy()Ljava/net/Proxy;","address()Lokhttp3/Address;","socketAddress()Ljava/net/InetSocketAddress;"],
"okhttp3.internal.framed.FramedConnection$Listener": ["<clinit>()V","FramedConnection$Listener()V"],
"okhttp3.internal.framed.FramedConnection$Listener$1": ["FramedConnection$Listener$1()V"],
"okhttp3.internal.io.RealConnection": ["RealConnection(Lokhttp3/Route;)V","connect(IIILjava/util/List;Z)V","connectSocket(IIILokhttp3/internal/ConnectionSpecSelector;)V","route()Lokhttp3/Route;","socket()Ljava/net/Socket;","handshake()Lokhttp3/Handshake;"],
"okhttp3.internal.ConnectionSpecSelector": ["ConnectionSpecSelector(Ljava/util/List;)V","connectionFailed(Ljava/io/IOException;)Z"],
"okio.Okio": ["<clinit>()V","source(Ljava/net/Socket;)Lokio/Source;","timeout(Ljava/net/Socket;)Lokio/AsyncTimeout;","source(Ljava/io/InputStream;Lokio/Timeout;)Lokio/Source;","buffer(Lokio/Source;)Lokio/BufferedSource;","sink(Ljava/net/Socket;)Lokio/Sink;","sink(Ljava/io/OutputStream;Lokio/Timeout;)Lokio/Sink;","buffer(Lokio/Sink;)Lokio/BufferedSink;","source(Ljava/io/InputStream;)Lokio/Source;"],
"okio.Timeout": ["<clinit>()V","Timeout()V","timeout(JLjava/util/concurrent/TimeUnit;)Lokio/Timeout;","clearDeadline()Lokio/Timeout;","clearTimeout()Lokio/Timeout;","timeoutNanos()J","hasDeadline()Z","throwIfReached()V"],
"okio.Timeout$1": ["Timeout$1()V"],
"okio.Okio$3": ["Okio$3(Ljava/net/Socket;)V","timedOut()V","newTimeoutException(Ljava/io/IOException;)Ljava/io/IOException;"],
"okio.AsyncTimeout": ["AsyncTimeout()V","source(Lokio/Source;)Lokio/Source;","sink(Lokio/Sink;)Lokio/Sink;","enter()V","exit(Z)V","exit()Z","scheduleTimeout(Lokio/AsyncTimeout;JZ)V","remainingNanos(J)J","access$000()Lokio/AsyncTimeout;","awaitTimeout()Lokio/AsyncTimeout;","exit(Ljava/io/IOException;)Ljava/io/IOException;","cancelScheduledTimeout(Lokio/AsyncTimeout;)Z"],
"okio.Okio$2": ["Okio$2(Lokio/Timeout;Ljava/io/InputStream;)V","read(Lokio/Buffer;J)J","close()V"],
"okio.AsyncTimeout$2": ["AsyncTimeout$2(Lokio/AsyncTimeout;Lokio/Source;)V","timeout()Lokio/Timeout;","read(Lokio/Buffer;J)J","close()V"],
"okio.RealBufferedSource": ["RealBufferedSource(Lokio/Source;)V","RealBufferedSource(Lokio/Source;Lokio/Buffer;)V","timeout()Lokio/Timeout;","readUtf8LineStrict()Ljava/lang/String;","indexOf(B)J","indexOf(BJ)J","inputStream()Ljava/io/InputStream;","access$000(Lokio/RealBufferedSource;)Z","read(Lokio/Buffer;J)J","close()V","readUtf8()Ljava/lang/String;"],
"okio.Okio$1": ["Okio$1(Lokio/Timeout;Ljava/io/OutputStream;)V","write(Lokio/Buffer;J)V","flush()V","close()V"],
"okio.AsyncTimeout$1": ["AsyncTimeout$1(Lokio/AsyncTimeout;Lokio/Sink;)V","timeout()Lokio/Timeout;","write(Lokio/Buffer;J)V","flush()V","close()V"],
"okio.RealBufferedSink": ["RealBufferedSink(Lokio/Sink;)V","RealBufferedSink(Lokio/Sink;Lokio/Buffer;)V","timeout()Lokio/Timeout;","writeUtf8(Ljava/lang/String;)Lokio/BufferedSink;","emitCompleteSegments()Lokio/BufferedSink;","write([BII)Lokio/BufferedSink;","close()V","flush()V","write(Lokio/Buffer;J)V","outputStream()Ljava/io/OutputStream;","access$000(Lokio/RealBufferedSink;)Z"],
"okhttp3.internal.http.Http1xStream": ["Http1xStream(Lokhttp3/internal/http/StreamAllocation;Lokio/BufferedSource;Lokio/BufferedSink;)V","setHttpEngine(Lokhttp3/internal/http/HttpEngine;)V","writeRequestHeaders(Lokhttp3/Request;)V","writeRequest(Lokhttp3/Headers;Ljava/lang/String;)V","createRequestBody(Lokhttp3/Request;J)Lokio/Sink;","newFixedLengthSink(J)Lokio/Sink;","access$300(Lokhttp3/internal/http/Http1xStream;)Lokio/BufferedSink;","access$400(Lokhttp3/internal/http/Http1xStream;Lokio/ForwardingTimeout;)V","detachTimeout(Lokio/ForwardingTimeout;)V","access$502(Lokhttp3/internal/http/Http1xStream;I)I","finishRequest()V","readResponseHeaders()Lokhttp3/Response$Builder;","readResponse()Lokhttp3/Response$Builder;","readHeaders()Lokhttp3/Headers;","openResponseBody(Lokhttp3/Response;)Lokhttp3/ResponseBody;","getTransferStream(Lokhttp3/Response;)Lokio/Source;","newFixedLengthSource(J)Lokio/Source;","access$600(Lokhttp3/internal/http/Http1xStream;)Lokio/BufferedSource;","access$500(Lokhttp3/internal/http/Http1xStream;)I","access$700(Lokhttp3/internal/http/Http1xStream;)Lokhttp3/internal/http/StreamAllocation;"],
"okhttp3.internal.http.HttpEngine$NetworkInterceptorChain": ["HttpEngine$NetworkInterceptorChain(Lokhttp3/internal/http/HttpEngine;ILokhttp3/Request;)V","proceed(Lokhttp3/Request;)Lokhttp3/Response;"],
"okhttp3.internal.http.RequestLine": ["get(Lokhttp3/Request;Ljava/net/Proxy$Type;)Ljava/lang/String;","includeAuthorityInRequestLine(Lokhttp3/Request;Ljava/net/Proxy$Type;)Z","requestPath(Lokhttp3/HttpUrl;)Ljava/lang/String;"],
"okhttp3.internal.http.Http1xStream$FixedLengthSink": ["Http1xStream$FixedLengthSink(Lokhttp3/internal/http/Http1xStream;JLokhttp3/internal/http/Http1xStream$1;)V","Http1xStream$FixedLengthSink(Lokhttp3/internal/http/Http1xStream;J)V","close()V","write(Lokio/Buffer;J)V"],
"okio.ForwardingTimeout": ["ForwardingTimeout(Lokio/Timeout;)V","delegate()Lokio/Timeout;","setDelegate(Lokio/Timeout;)Lokio/ForwardingTimeout;"],
"okio.Util": ["<clinit>()V","checkOffsetAndCount(JJJ)V"],
"okio.AsyncTimeout$Watchdog": ["AsyncTimeout$Watchdog()V","run()V"],
"okhttp3.internal.http.RouteException": ["<clinit>()V","RouteException(Ljava/io/IOException;)V","getLastConnectException()Ljava/io/IOException;"],
"retrofit.RetrofitError": ["networkError(Ljava/lang/String;Ljava/io/IOException;)Lretrofit/RetrofitError;","RetrofitError(Ljava/lang/String;Ljava/lang/String;Lretrofit/client/Response;Lretrofit/converter/Converter;Ljava/lang/reflect/Type;Lretrofit/RetrofitError$Kind;Ljava/lang/Throwable;)V"],
"retrofit.RetrofitError$Kind": ["<clinit>()V","RetrofitError$Kind(Ljava/lang/String;I)V"],
"okhttp3.internal.http.StatusLine": ["parse(Ljava/lang/String;)Lokhttp3/internal/http/StatusLine;","StatusLine(Lokhttp3/Protocol;ILjava/lang/String;)V"],
"okhttp3.Response$Builder": ["Response$Builder()V","protocol(Lokhttp3/Protocol;)Lokhttp3/Response$Builder;","code(I)Lokhttp3/Response$Builder;","message(Ljava/lang/String;)Lokhttp3/Response$Builder;","headers(Lokhttp3/Headers;)Lokhttp3/Response$Builder;","request(Lokhttp3/Request;)Lokhttp3/Response$Builder;","handshake(Lokhttp3/Handshake;)Lokhttp3/Response$Builder;","header(Ljava/lang/String;Ljava/lang/String;)Lokhttp3/Response$Builder;","build()Lokhttp3/Response;","access$000(Lokhttp3/Response$Builder;)Lokhttp3/Request;","access$100(Lokhttp3/Response$Builder;)Lokhttp3/Protocol;","access$200(Lokhttp3/Response$Builder;)I","access$300(Lokhttp3/Response$Builder;)Ljava/lang/String;","access$400(Lokhttp3/Response$Builder;)Lokhttp3/Handshake;","access$500(Lokhttp3/Response$Builder;)Lokhttp3/Headers$Builder;","access$600(Lokhttp3/Response$Builder;)Lokhttp3/ResponseBody;","access$700(Lokhttp3/Response$Builder;)Lokhttp3/Response;","access$800(Lokhttp3/Response$Builder;)Lokhttp3/Response;","access$900(Lokhttp3/Response$Builder;)Lokhttp3/Response;","Response$Builder(Lokhttp3/Response;Lokhttp3/Response$1;)V","Response$Builder(Lokhttp3/Response;)V","body(Lokhttp3/ResponseBody;)Lokhttp3/Response$Builder;","priorResponse(Lokhttp3/Response;)Lokhttp3/Response$Builder;","cacheResponse(Lokhttp3/Response;)Lokhttp3/Response$Builder;","networkResponse(Lokhttp3/Response;)Lokhttp3/Response$Builder;","checkSupportResponse(Ljava/lang/String;Lokhttp3/Response;)V","addHeader(Ljava/lang/String;Ljava/lang/String;)Lokhttp3/Response$Builder;"],
"okhttp3.internal.http.OkHeaders": ["<clinit>()V","contentLength(Lokhttp3/Response;)J","contentLength(Lokhttp3/Headers;)J","stringToLong(Ljava/lang/String;)J"],
"okhttp3.Response": ["Response(Lokhttp3/Response$Builder;Lokhttp3/Response$1;)V","Response(Lokhttp3/Response$Builder;)V","newBuilder()Lokhttp3/Response$Builder;","access$1100(Lokhttp3/Response;)Lokhttp3/Request;","access$1200(Lokhttp3/Response;)Lokhttp3/Protocol;","access$1300(Lokhttp3/Response;)I","access$1400(Lokhttp3/Response;)Ljava/lang/String;","access$1500(Lokhttp3/Response;)Lokhttp3/Handshake;","access$1600(Lokhttp3/Response;)Lokhttp3/Headers;","access$1700(Lokhttp3/Response;)Lokhttp3/ResponseBody;","access$1800(Lokhttp3/Response;)Lokhttp3/Response;","access$1900(Lokhttp3/Response;)Lokhttp3/Response;","access$2000(Lokhttp3/Response;)Lokhttp3/Response;","request()Lokhttp3/Request;","code()I","header(Ljava/lang/String;)Ljava/lang/String;","header(Ljava/lang/String;Ljava/lang/String;)Ljava/lang/String;","headers()Lokhttp3/Headers;","body()Lokhttp3/ResponseBody;","message()Ljava/lang/String;"],
"okhttp3.internal.http.Http1xStream$FixedLengthSource": ["Http1xStream$FixedLengthSource(Lokhttp3/internal/http/Http1xStream;J)V","read(Lokio/Buffer;J)J","close()V"],
"okhttp3.internal.http.Http1xStream$AbstractSource": ["Http1xStream$AbstractSource(Lokhttp3/internal/http/Http1xStream;Lokhttp3/internal/http/Http1xStream$1;)V","Http1xStream$AbstractSource(Lokhttp3/internal/http/Http1xStream;)V","endOfInput(Z)V"],
"okhttp3.internal.http.RealResponseBody": ["RealResponseBody(Lokhttp3/Headers;Lokio/BufferedSource;)V","contentLength()J","contentType()Lokhttp3/MediaType;","source()Lokio/BufferedSource;"],
"retrofit.client.Header": ["Header(Ljava/lang/String;Ljava/lang/String;)V","equals(Ljava/lang/Object;)Z","getValue()Ljava/lang/String;","getName()Ljava/lang/String;"],
"com.jakewharton.retrofit.Ok3Client$2": ["Ok3Client$2(Lokhttp3/ResponseBody;)V","mimeType()Ljava/lang/String;","in()Ljava/io/InputStream;"],
"retrofit.client.Response": ["Response(Ljava/lang/String;ILjava/lang/String;Ljava/util/List;Lretrofit/mime/TypedInput;)V","getStatus()I","getBody()Lretrofit/mime/TypedInput;","getUrl()Ljava/lang/String;","getReason()Ljava/lang/String;","getHeaders()Ljava/util/List;"],
"okio.RealBufferedSource$1": ["RealBufferedSource$1(Lokio/RealBufferedSource;)V","read([BII)I","close()V"],
"retrofit.mime.TypedByteArray": ["TypedByteArray(Ljava/lang/String;[B)V","in()Ljava/io/InputStream;","mimeType()Ljava/lang/String;","length()J","writeTo(Ljava/io/OutputStream;)V"],
"retrofit.mime.TypedString": ["TypedString(Ljava/lang/String;)V","convertToBytes(Ljava/lang/String;)[B"],
"okhttp3.MediaType": ["<clinit>()V","parse(Ljava/lang/String;)Lokhttp3/MediaType;","MediaType(Ljava/lang/String;Ljava/lang/String;Ljava/lang/String;Ljava/lang/String;)V","toString()Ljava/lang/String;"],
"com.jakewharton.retrofit.Ok3Client$1": ["Ok3Client$1(Lokhttp3/MediaType;Lretrofit/mime/TypedOutput;)V","contentType()Lokhttp3/MediaType;","contentLength()J","writeTo(Lokio/BufferedSink;)V"],
"okio.RealBufferedSink$1": ["RealBufferedSink$1(Lokio/RealBufferedSink;)V","write([BII)V"],
"okio.Buffer$2": ["Buffer$2(Lokio/Buffer;)V","read([BII)I"],
"okio.Buffer$1": ["Buffer$1(Lokio/Buffer;)V","write([BII)V"]
}