io.reactivex.MaybeEmitter,INTERFACE
io.reactivex.BackpressureStrategy,ENUM
io.reactivex.parallel.ParallelTransformer,INTERFACE
io.reactivex.parallel.ParallelFailureHandling,ENUM
io.reactivex.FlowableEmitter,INTERFACE
io.reactivex.FlowableOnSubscribe,INTERFACE
io.reactivex.SingleOnSubscribe,INTERFACE
io.reactivex.FlowableOperator,INTERFACE
io.reactivex.disposables.FutureDisposable,CONSTANT
io.reactivex.disposables.SubscriptionDisposable,CONSTANT
io.reactivex.disposables.SerialDisposable,CONSTANT
io.reactivex.disposables.ActionDisposable,CONSTANT
io.reactivex.internal.fuseable.HasUpstreamMaybeSource,INTERFACE
io.reactivex.internal.fuseable.HasUpstreamSingleSource,INTERFACE
io.reactivex.internal.fuseable.HasUpstreamCompletableSource,INTERFACE
io.reactivex.internal.fuseable.FuseToMaybe,INTERFACE
io.reactivex.internal.operators.parallel.ParallelRunOn$RunOnSubscriber,CONSTANT
io.reactivex.internal.operators.parallel.ParallelFromPublisher$ParallelDispatcher,CONSTANT
io.reactivex.internal.operators.parallel.ParallelFromPublisher$ParallelDispatcher$RailSubscription,CONSTANT
io.reactivex.internal.operators.parallel.ParallelReduceFull$ParallelReduceFullMainSubscriber,CONSTANT
io.reactivex.internal.operators.parallel.ParallelMap$ParallelMapConditionalSubscriber,CONSTANT
io.reactivex.internal.operators.parallel.ParallelReduceFull$ParallelReduceFullInnerSubscriber,CONSTANT
io.reactivex.internal.operators.parallel.ParallelMap$ParallelMapSubscriber,CONSTANT
io.reactivex.internal.operators.parallel.ParallelSortedJoin$SortedJoinInnerSubscriber,CONSTANT
io.reactivex.internal.operators.parallel.ParallelReduce$ParallelReduceSubscriber,CONSTANT
io.reactivex.internal.operators.parallel.ParallelSortedJoin$SortedJoinSubscription,CONSTANT
io.reactivex.internal.operators.parallel.ParallelJoin$JoinSubscription,CONSTANT
io.reactivex.internal.operators.parallel.ParallelCollect$ParallelCollectSubscriber,CONSTANT
io.reactivex.internal.operators.parallel.ParallelRunOn$RunOnConditionalSubscriber,CONSTANT
io.reactivex.internal.operators.parallel.ParallelFilterTry$ParallelFilterSubscriber,CONSTANT
io.reactivex.internal.operators.parallel.ParallelFilter$ParallelFilterSubscriber,CONSTANT
io.reactivex.internal.operators.parallel.ParallelJoin,CONSTANT
io.reactivex.internal.operators.parallel.ParallelFilterTry$ParallelFilterConditionalSubscriber,CONSTANT
io.reactivex.internal.operators.parallel.ParallelFilter$ParallelFilterConditionalSubscriber,CONSTANT
io.reactivex.internal.operators.parallel.ParallelJoin$JoinInnerSubscriber,CONSTANT
io.reactivex.internal.operators.parallel.ParallelSortedJoin,CONSTANT
io.reactivex.internal.operators.parallel.ParallelMapTry$ParallelMapTrySubscriber,CONSTANT
io.reactivex.internal.operators.parallel.ParallelReduceFull,CONSTANT
io.reactivex.internal.operators.parallel.ParallelPeek$ParallelPeekSubscriber,CONSTANT
io.reactivex.internal.operators.parallel.ParallelJoin$JoinSubscriptionDelayError,CONSTANT
io.reactivex.internal.operators.parallel.ParallelDoOnNextTry$ParallelDoOnNextConditionalSubscriber,CONSTANT
io.reactivex.internal.operators.parallel.ParallelDoOnNextTry$ParallelDoOnNextSubscriber,CONSTANT
io.reactivex.internal.operators.parallel.ParallelReduceFull$SlotPair,CONSTANT
io.reactivex.internal.operators.parallel.ParallelMapTry$ParallelMapTryConditionalSubscriber,CONSTANT
io.reactivex.internal.operators.maybe.MaybeHide$HideMaybeObserver,CONSTANT
io.reactivex.internal.operators.maybe.MaybeTimeoutMaybe$TimeoutOtherMaybeObserver,CONSTANT
io.reactivex.internal.operators.maybe.MaybeTimer,CONSTANT
io.reactivex.internal.operators.maybe.MaybeFromSingle$FromSingleObserver,CONSTANT
io.reactivex.internal.operators.maybe.MaybeMap$MapMaybeObserver,CONSTANT
io.reactivex.internal.operators.maybe.MaybeConcatArray$ConcatMaybeObserver,CONSTANT
io.reactivex.internal.operators.maybe.MaybeZipIterable,CONSTANT
io.reactivex.internal.operators.maybe.MaybeToSingle$ToSingleMaybeSubscriber,CONSTANT
io.reactivex.internal.operators.maybe.MaybeEqualSingle,CONSTANT
io.reactivex.internal.operators.maybe.MaybeTakeUntilPublisher$TakeUntilMainMaybeObserver,CONSTANT
io.reactivex.internal.operators.maybe.MaybeTimeoutPublisher$TimeoutMainMaybeObserver,CONSTANT
io.reactivex.internal.operators.maybe.MaybeTakeUntilMaybe$TakeUntilMainMaybeObserver$TakeUntilOtherMaybeObserver,CONSTANT
io.reactivex.internal.operators.maybe.MaybeDetach$DetachMaybeObserver,CONSTANT
io.reactivex.internal.operators.maybe.MaybeFlatMapSingleElement,CONSTANT
io.reactivex.internal.operators.maybe.MaybeIsEmpty$IsEmptyMaybeObserver,CONSTANT
io.reactivex.internal.operators.maybe.MaybeDelaySubscriptionOtherPublisher,CONSTANT
io.reactivex.internal.operators.maybe.MaybeZipIterable$SingletonArrayFunc,CONSTANT
io.reactivex.internal.operators.maybe.MaybeFromSingle,CONSTANT
io.reactivex.internal.operators.maybe.MaybeOnErrorReturn$OnErrorReturnMaybeObserver,CONSTANT
io.reactivex.internal.operators.maybe.MaybeIgnoreElement,CONSTANT
io.reactivex.internal.operators.maybe.MaybeDelayOtherPublisher$DelayMaybeObserver,CONSTANT
io.reactivex.internal.operators.maybe.MaybeSwitchIfEmpty$SwitchIfEmptyMaybeObserver,CONSTANT
io.reactivex.internal.operators.maybe.MaybeEmpty,CONSTANT
io.reactivex.internal.operators.maybe.MaybeFlatMapIterableObservable,CONSTANT
io.reactivex.internal.operators.maybe.MaybeMergeArray$MpscFillOnceSimpleQueue,CONSTANT
io.reactivex.internal.operators.maybe.MaybeIsEmptySingle,CONSTANT
io.reactivex.internal.operators.maybe.MaybeUnsafeCreate,CONSTANT
io.reactivex.internal.operators.maybe.MaybeSubscribeOn$SubscribeTask,CONSTANT
io.reactivex.internal.operators.maybe.MaybeIgnoreElementCompletable,CONSTANT
io.reactivex.internal.operators.maybe.MaybeCache$CacheDisposable,CONSTANT
io.reactivex.internal.operators.maybe.MaybeTakeUntilPublisher$TakeUntilMainMaybeObserver$TakeUntilOtherMaybeObserver,CONSTANT
io.reactivex.internal.operators.maybe.MaybeDelaySubscriptionOtherPublisher$OtherSubscriber,CONSTANT
io.reactivex.internal.operators.maybe.MaybeTimeoutPublisher$TimeoutFallbackMaybeObserver,CONSTANT
io.reactivex.internal.operators.maybe.MaybeContains,CONSTANT
io.reactivex.internal.operators.maybe.MaybeDelayWithCompletable,CONSTANT
io.reactivex.internal.operators.maybe.MaybeToFlowable,CONSTANT
io.reactivex.internal.operators.maybe.MaybeFilterSingle$FilterMaybeObserver,CONSTANT
io.reactivex.internal.operators.maybe.MaybeConcatArray,CONSTANT
io.reactivex.internal.operators.maybe.MaybeFlatMapSingleElement$FlatMapMaybeObserver,CONSTANT
io.reactivex.internal.operators.maybe.MaybeLift,CONSTANT
io.reactivex.internal.operators.maybe.MaybeDelay,CONSTANT
io.reactivex.internal.operators.maybe.MaybeTimeoutMaybe$TimeoutFallbackMaybeObserver,CONSTANT
io.reactivex.internal.operators.maybe.MaybeFromFuture,CONSTANT
io.reactivex.internal.operators.maybe.MaybeFlatMapNotification,CONSTANT
io.reactivex.internal.operators.maybe.MaybeMergeArray$ClqSimpleQueue,CONSTANT
io.reactivex.internal.operators.maybe.MaybeUsing,CONSTANT
io.reactivex.internal.operators.maybe.MaybeSwitchIfEmpty$SwitchIfEmptyMaybeObserver$OtherMaybeObserver,CONSTANT
io.reactivex.internal.operators.maybe.MaybeOnErrorComplete$OnErrorCompleteMaybeObserver,CONSTANT
io.reactivex.internal.operators.maybe.MaybeConcatArrayDelayError$ConcatMaybeObserver,CONSTANT
io.reactivex.internal.operators.maybe.MaybeError,CONSTANT
io.reactivex.internal.operators.maybe.MaybeEqualSingle$EqualObserver,CONSTANT
io.reactivex.internal.operators.maybe.MaybeFromCallable,CONSTANT
io.reactivex.internal.operators.maybe.MaybeFlatMapBiSelector$FlatMapBiMainObserver$InnerObserver,CONSTANT
io.reactivex.internal.operators.maybe.MaybeTimeoutPublisher,CONSTANT
io.reactivex.internal.operators.maybe.MaybeFlatten,CONSTANT
io.reactivex.internal.operators.maybe.MaybeConcatIterable$ConcatMaybeObserver,CONSTANT
io.reactivex.internal.operators.maybe.MaybeDoAfterSuccess,CONSTANT
io.reactivex.internal.operators.maybe.MaybeAmb$AmbMaybeObserver,CONSTANT
io.reactivex.internal.operators.maybe.MaybeMergeArray$MergeMaybeObserver,CONSTANT
io.reactivex.internal.operators.maybe.MaybeFlatMapCompletable$FlatMapCompletableObserver,CONSTANT
io.reactivex.internal.operators.maybe.MaybeNever,CONSTANT
io.reactivex.internal.operators.maybe.MaybeUnsubscribeOn,CONSTANT
io.reactivex.internal.operators.maybe.MaybeOnErrorNext,CONSTANT
io.reactivex.internal.operators.maybe.MaybeDoOnEvent$DoOnEventMaybeObserver,CONSTANT
io.reactivex.internal.operators.maybe.MaybeDelaySubscriptionOtherPublisher$DelayMaybeObserver,CONSTANT
io.reactivex.internal.operators.maybe.MaybeDoFinally$DoFinallyObserver,CONSTANT
io.reactivex.internal.operators.maybe.MaybeCreate$Emitter,CONSTANT
io.reactivex.internal.operators.maybe.MaybeToSingle,CONSTANT
io.reactivex.internal.operators.maybe.MaybeFlatten$FlatMapMaybeObserver$InnerObserver,CONSTANT
io.reactivex.internal.operators.maybe.MaybeFlatMapSingle,CONSTANT
io.reactivex.internal.operators.maybe.MaybeTakeUntilMaybe,CONSTANT
io.reactivex.internal.operators.maybe.MaybeFlatMapIterableObservable$FlatMapIterableObserver,CONSTANT
io.reactivex.internal.operators.maybe.MaybeTimeoutPublisher$TimeoutOtherMaybeObserver,CONSTANT
io.reactivex.internal.operators.maybe.MaybeCount$CountMaybeObserver,CONSTANT
io.reactivex.internal.operators.maybe.MaybeDelayOtherPublisher$OtherSubscriber,CONSTANT
io.reactivex.internal.operators.maybe.MaybeHide,CONSTANT
io.reactivex.internal.operators.maybe.MaybeSwitchIfEmpty,CONSTANT
io.reactivex.internal.operators.maybe.MaybeUsing$UsingObserver,CONSTANT
io.reactivex.internal.operators.maybe.MaybeIgnoreElementCompletable$IgnoreMaybeObserver,CONSTANT
io.reactivex.internal.operators.maybe.MaybeEqualSingle$EqualCoordinator,CONSTANT
io.reactivex.internal.operators.maybe.MaybeOnErrorComplete,CONSTANT
io.reactivex.internal.operators.maybe.MaybeFlatMapSingle$FlatMapMaybeObserver,CONSTANT
io.reactivex.internal.operators.maybe.MaybeSubscribeOn,CONSTANT
io.reactivex.internal.operators.maybe.MaybeFromCompletable,CONSTANT
io.reactivex.internal.operators.maybe.MaybeFlatMapSingleElement$FlatMapSingleObserver,CONSTANT
io.reactivex.internal.operators.maybe.MaybeContains$ContainsMaybeObserver,CONSTANT
io.reactivex.internal.operators.maybe.MaybeDelayWithCompletable$DelayWithMainObserver,CONSTANT
io.reactivex.internal.operators.maybe.MaybeFlatMapIterableFlowable$FlatMapIterableObserver,CONSTANT
io.reactivex.internal.operators.maybe.MaybeIsEmptySingle$IsEmptyMaybeObserver,CONSTANT
io.reactivex.internal.operators.maybe.MaybeZipArray$ZipCoordinator,CONSTANT
io.reactivex.internal.operators.maybe.MaybeFlatMapSingle$FlatMapSingleObserver,CONSTANT
io.reactivex.internal.operators.maybe.MaybeToFlowable$MaybeToFlowableSubscriber,CONSTANT
io.reactivex.internal.operators.maybe.MaybeOnErrorNext$OnErrorNextMaybeObserver$NextMaybeObserver,CONSTANT
io.reactivex.internal.operators.maybe.MaybeIgnoreElement$IgnoreMaybeObserver,CONSTANT
io.reactivex.internal.operators.maybe.MaybeDoFinally,CONSTANT
io.reactivex.internal.operators.maybe.MaybeFromAction,CONSTANT
io.reactivex.internal.operators.maybe.MaybeFlatten$FlatMapMaybeObserver,CONSTANT
io.reactivex.internal.operators.maybe.MaybeAmb,CONSTANT
io.reactivex.internal.operators.maybe.MaybeFlatMapBiSelector$FlatMapBiMainObserver,CONSTANT
io.reactivex.internal.operators.maybe.MaybeIsEmpty,CONSTANT
io.reactivex.internal.operators.maybe.MaybeDelay$DelayMaybeObserver,CONSTANT
io.reactivex.internal.operators.maybe.MaybeJust,CONSTANT
io.reactivex.internal.operators.maybe.MaybeDelayOtherPublisher,CONSTANT
io.reactivex.internal.operators.maybe.MaybeTakeUntilPublisher,CONSTANT
io.reactivex.internal.operators.maybe.MaybeFilterSingle,CONSTANT
io.reactivex.internal.operators.maybe.MaybeFilter$FilterMaybeObserver,CONSTANT
io.reactivex.internal.operators.maybe.MaybeTimeoutMaybe$TimeoutMainMaybeObserver,CONSTANT
io.reactivex.internal.operators.maybe.MaybeConcatArrayDelayError,CONSTANT
io.reactivex.internal.operators.maybe.MaybePeek,CONSTANT
io.reactivex.internal.operators.maybe.MaybeFlatMapBiSelector,CONSTANT
io.reactivex.internal.operators.maybe.MaybeOnErrorNext$OnErrorNextMaybeObserver,CONSTANT
io.reactivex.internal.operators.maybe.MaybeZipArray$ZipMaybeObserver,CONSTANT
io.reactivex.internal.operators.maybe.MaybeFilter,CONSTANT
io.reactivex.internal.operators.maybe.MaybeFlatMapCompletable,CONSTANT
io.reactivex.internal.operators.maybe.MaybeFlatMapIterableFlowable,CONSTANT
io.reactivex.internal.operators.maybe.MaybeDoAfterSuccess$DoAfterObserver,CONSTANT
io.reactivex.internal.operators.maybe.MaybeMergeArray,CONSTANT
io.reactivex.internal.operators.maybe.MaybeCallbackObserver,CONSTANT
io.reactivex.internal.operators.maybe.MaybeTakeUntilMaybe$TakeUntilMainMaybeObserver,CONSTANT
io.reactivex.internal.operators.maybe.MaybeObserveOn,CONSTANT
io.reactivex.internal.operators.maybe.MaybeMergeArray$SimpleQueueWithConsumerIndex,INTERFACE
io.reactivex.internal.operators.maybe.MaybeCache,CONSTANT
io.reactivex.internal.operators.maybe.MaybeDelayWithCompletable$OtherObserver,CONSTANT
io.reactivex.internal.operators.maybe.MaybeFromCompletable$FromCompletableObserver,CONSTANT
io.reactivex.internal.operators.maybe.MaybeObserveOn$ObserveOnMaybeObserver,CONSTANT
io.reactivex.internal.operators.maybe.MaybeCount,CONSTANT
io.reactivex.internal.operators.maybe.MaybeToPublisher,ENUM
io.reactivex.internal.operators.maybe.MaybeToObservable,CONSTANT
io.reactivex.internal.operators.maybe.MaybeFlatMapNotification$FlatMapMaybeObserver$InnerObserver,CONSTANT
io.reactivex.internal.operators.maybe.MaybeDoOnEvent,CONSTANT
io.reactivex.internal.operators.maybe.MaybeTimer$TimerDisposable,CONSTANT
io.reactivex.internal.operators.maybe.MaybeDefer,CONSTANT
io.reactivex.internal.operators.maybe.MaybeZipArray$SingletonArrayFunc,CONSTANT
io.reactivex.internal.operators.maybe.MaybeMap,CONSTANT
io.reactivex.internal.operators.maybe.MaybeToObservable$MaybeToFlowableSubscriber,CONSTANT
io.reactivex.internal.operators.maybe.MaybeFromRunnable,CONSTANT
io.reactivex.internal.operators.maybe.MaybeOnErrorReturn,CONSTANT
io.reactivex.internal.operators.maybe.MaybeErrorCallable,CONSTANT
io.reactivex.internal.operators.maybe.MaybePeek$MaybePeekObserver,CONSTANT
io.reactivex.internal.operators.maybe.MaybeUnsubscribeOn$UnsubscribeOnMaybeObserver,CONSTANT
io.reactivex.internal.operators.maybe.MaybeTimeoutMaybe,CONSTANT
io.reactivex.internal.operators.maybe.MaybeCreate,CONSTANT
io.reactivex.internal.operators.maybe.MaybeZipArray,CONSTANT
io.reactivex.internal.operators.maybe.MaybeDetach,CONSTANT
io.reactivex.internal.operators.maybe.MaybeFlatMapNotification$FlatMapMaybeObserver,CONSTANT
io.reactivex.internal.operators.maybe.MaybeSubscribeOn$SubscribeOnMaybeObserver,CONSTANT
io.reactivex.internal.operators.maybe.MaybeConcatIterable,CONSTANT
io.reactivex.internal.operators.single.SingleZipIterable$SingletonArrayFunc,CONSTANT
io.reactivex.internal.operators.single.SingleDelay$Delay,CONSTANT
io.reactivex.internal.operators.single.SingleEquals,CONSTANT
io.reactivex.internal.operators.single.SingleDoOnDispose$DoOnDisposeObserver,CONSTANT
io.reactivex.internal.operators.single.SingleContains$Single,CONSTANT
io.reactivex.internal.operators.single.SingleDelayWithSingle,CONSTANT
io.reactivex.internal.operators.single.SingleAmb$AmbSingleObserver,CONSTANT
io.reactivex.internal.operators.single.SingleHide,CONSTANT
io.reactivex.internal.operators.single.SingleZipArray$ZipSingleObserver,CONSTANT
io.reactivex.internal.operators.single.SingleUnsubscribeOn$UnsubscribeOnSingleObserver,CONSTANT
io.reactivex.internal.operators.single.SingleInternalHelper$ToObservable,ENUM
io.reactivex.internal.operators.single.SingleObserveOn,CONSTANT
io.reactivex.internal.operators.single.SingleTimer,CONSTANT
io.reactivex.internal.operators.single.SingleLift,CONSTANT
io.reactivex.internal.operators.single.SingleUsing$UsingSingleObserver,CONSTANT
io.reactivex.internal.operators.single.SingleCache$CacheDisposable,CONSTANT
io.reactivex.internal.operators.single.SingleZipArray$SingletonArrayFunc,CONSTANT
io.reactivex.internal.operators.single.SingleDoOnError,CONSTANT
io.reactivex.internal.operators.single.SingleTimeout,CONSTANT
io.reactivex.internal.operators.single.SingleFlatMapCompletable$FlatMapCompletableObserver,CONSTANT
io.reactivex.internal.operators.single.SingleDoOnEvent,CONSTANT
io.reactivex.internal.operators.single.SingleDelayWithSingle$OtherObserver,CONSTANT
io.reactivex.internal.operators.single.SingleObserveOn$ObserveOnSingleObserver,CONSTANT
io.reactivex.internal.operators.single.SingleDoOnSuccess$DoOnSuccess,CONSTANT
io.reactivex.internal.operators.single.SingleDoOnSubscribe$DoOnSubscribeSingleObserver,CONSTANT
io.reactivex.internal.operators.single.SingleDelayWithPublisher$OtherSubscriber,CONSTANT
io.reactivex.internal.operators.single.SingleToFlowable,CONSTANT
io.reactivex.internal.operators.single.SingleDelay$Delay$OnSuccess,CONSTANT
io.reactivex.internal.operators.single.SingleCreate,CONSTANT
io.reactivex.internal.operators.single.SingleDelayWithCompletable$OtherObserver,CONSTANT
io.reactivex.internal.operators.single.SingleNever,CONSTANT
io.reactivex.internal.operators.single.SingleTakeUntil$TakeUntilMainObserver,CONSTANT
io.reactivex.internal.operators.single.SingleZipIterable,CONSTANT
io.reactivex.internal.operators.single.SingleSubscribeOn$SubscribeOnObserver,CONSTANT
io.reactivex.internal.operators.single.SingleMap$MapSingleObserver,CONSTANT
io.reactivex.internal.operators.single.SingleInternalHelper$ToFlowable,ENUM
io.reactivex.internal.operators.single.SingleOnErrorReturn,CONSTANT
io.reactivex.internal.operators.single.SingleUsing,CONSTANT
io.reactivex.internal.operators.single.SingleFlatMap,CONSTANT
io.reactivex.internal.operators.single.SingleFlatMapIterableFlowable$FlatMapIterableObserver,CONSTANT
io.reactivex.internal.operators.single.SingleZipArray,CONSTANT
io.reactivex.internal.operators.single.SingleFlatMapMaybe,CONSTANT
io.reactivex.internal.operators.single.SingleDelay,CONSTANT
io.reactivex.internal.operators.single.SingleDoOnSuccess,CONSTANT
io.reactivex.internal.operators.single.SingleFromCallable,CONSTANT
io.reactivex.internal.operators.single.SingleFromPublisher$ToSingleObserver,CONSTANT
io.reactivex.internal.operators.single.SingleDoFinally,CONSTANT
io.reactivex.internal.operators.single.SingleInternalHelper$ToFlowableIterable,CONSTANT
io.reactivex.internal.operators.single.SingleInternalHelper$ToFlowableIterator,CONSTANT
io.reactivex.internal.operators.single.SingleError,CONSTANT
io.reactivex.internal.operators.single.SingleDelayWithObservable$OtherSubscriber,CONSTANT
io.reactivex.internal.operators.single.SingleInternalHelper$NoSuchElementCallable,ENUM
io.reactivex.internal.operators.single.SingleTakeUntil$TakeUntilOtherSubscriber,CONSTANT
io.reactivex.internal.operators.single.SingleDelayWithObservable,CONSTANT
io.reactivex.internal.operators.single.SingleDelayWithCompletable,CONSTANT
io.reactivex.internal.operators.single.SingleDoAfterTerminate$DoAfterTerminateObserver,CONSTANT
io.reactivex.internal.operators.single.SingleDoOnError$DoOnError,CONSTANT
io.reactivex.internal.operators.single.SingleAmb,CONSTANT
io.reactivex.internal.operators.single.SingleResumeNext,CONSTANT
io.reactivex.internal.operators.single.SingleFlatMap$SingleFlatMapCallback$FlatMapSingleObserver,CONSTANT
io.reactivex.internal.operators.single.SingleFlatMapMaybe$FlatMapMaybeObserver,CONSTANT
io.reactivex.internal.operators.single.SingleTimeout$TimeoutDispose$TimeoutObserver,CONSTANT
io.reactivex.internal.operators.single.SingleDoAfterSuccess$DoAfterObserver,CONSTANT
io.reactivex.internal.operators.single.SingleToFlowable$SingleToFlowableObserver,CONSTANT
io.reactivex.internal.operators.single.SingleOnErrorReturn$OnErrorReturn,CONSTANT
io.reactivex.internal.operators.single.SingleFlatMapMaybe$FlatMapSingleObserver,CONSTANT
io.reactivex.internal.operators.single.SingleDoFinally$DoFinallyObserver,CONSTANT
io.reactivex.internal.operators.single.SingleToObservable$SingleToObservableObserver,CONSTANT
io.reactivex.internal.operators.single.SingleInternalHelper,CONSTANT
io.reactivex.internal.operators.single.SingleContains,CONSTANT
io.reactivex.internal.operators.single.SingleResumeNext$ResumeMainSingleObserver,CONSTANT
io.reactivex.internal.operators.single.SingleFlatMapIterableObservable$FlatMapIterableObserver,CONSTANT
io.reactivex.internal.operators.single.SingleTimeout$TimeoutDispose,CONSTANT
io.reactivex.internal.operators.single.SingleFromPublisher,CONSTANT
io.reactivex.internal.operators.single.SingleTimeout$TimeoutObserver,CONSTANT
io.reactivex.internal.operators.single.SingleTakeUntil,CONSTANT
io.reactivex.internal.operators.single.SingleJust,CONSTANT
io.reactivex.internal.operators.single.SingleSubscribeOn,CONSTANT
io.reactivex.internal.operators.single.SingleDelayWithPublisher,CONSTANT
io.reactivex.internal.operators.single.SingleFlatMap$SingleFlatMapCallback,CONSTANT
io.reactivex.internal.operators.single.SingleDefer,CONSTANT
io.reactivex.internal.operators.single.SingleFlatMapIterableFlowable,CONSTANT
io.reactivex.internal.operators.single.SingleDoOnSubscribe,CONSTANT
io.reactivex.internal.operators.single.SingleDoOnEvent$DoOnEvent,CONSTANT
io.reactivex.internal.operators.single.SingleDelay$Delay$OnError,CONSTANT
io.reactivex.internal.operators.single.SingleCreate$Emitter,CONSTANT
io.reactivex.internal.operators.single.SingleFlatMapCompletable,CONSTANT
io.reactivex.internal.operators.single.SingleTimer$TimerDisposable,CONSTANT
io.reactivex.internal.operators.single.SingleDoOnDispose,CONSTANT
io.reactivex.internal.operators.single.SingleMap,CONSTANT
io.reactivex.internal.operators.single.SingleDoAfterTerminate,CONSTANT
io.reactivex.internal.operators.single.SingleZipArray$ZipCoordinator,CONSTANT
io.reactivex.internal.operators.single.SingleHide$HideSingleObserver,CONSTANT
io.reactivex.internal.operators.single.SingleCache,CONSTANT
io.reactivex.internal.operators.single.SingleUnsubscribeOn,CONSTANT
io.reactivex.internal.operators.single.SingleFromUnsafeSource,CONSTANT
io.reactivex.internal.operators.single.SingleFlatMapIterableObservable,CONSTANT
io.reactivex.internal.operators.single.SingleDoAfterSuccess,CONSTANT
io.reactivex.internal.operators.single.SingleToObservable,CONSTANT
io.reactivex.internal.operators.flowable.FlowableCache$CacheState,CONSTANT
io.reactivex.internal.operators.flowable.FlowableRepeat$RepeatSubscriber,CONSTANT
io.reactivex.internal.operators.flowable.FlowableHide$HideSubscriber,CONSTANT
io.reactivex.internal.operators.flowable.FlowableReduceMaybe$ReduceSubscriber,CONSTANT
io.reactivex.internal.operators.flowable.FlowableIntervalRange$IntervalRangeSubscriber,CONSTANT
io.reactivex.internal.operators.flowable.FlowableAny,CONSTANT
io.reactivex.internal.operators.flowable.FlowableCount$CountSubscriber,CONSTANT
io.reactivex.internal.operators.flowable.FlowableWithLatestFromMany$WithLatestInnerSubscriber,CONSTANT
io.reactivex.internal.operators.flowable.FlowableSwitchMap$SwitchMapInnerSubscriber,CONSTANT
io.reactivex.internal.operators.flowable.FlowableInternalHelper$FlatMapIntoIterable,CONSTANT
io.reactivex.internal.operators.flowable.FlowableTimeout$TimeoutSubscriber,CONSTANT
io.reactivex.internal.operators.flowable.FlowableRepeatUntil$RepeatSubscriber,CONSTANT
io.reactivex.internal.operators.flowable.FlowableSampleTimed$SampleTimedEmitLast,CONSTANT
io.reactivex.internal.operators.flowable.FlowableReplay$InnerSubscription,CONSTANT
io.reactivex.internal.operators.flowable.FlowableCombineLatest$SingletonArrayFunc,CONSTANT
io.reactivex.internal.operators.flowable.FlowableFilter$FilterSubscriber,CONSTANT
io.reactivex.internal.operators.flowable.FlowableCombineLatest$CombineLatestCoordinator,CONSTANT
io.reactivex.internal.operators.flowable.FlowableSequenceEqualSingle$EqualCoordinator,CONSTANT
io.reactivex.internal.operators.flowable.FlowableCollect,CONSTANT
io.reactivex.internal.operators.flowable.FlowableInternalHelper$SimpleBiGenerator,CONSTANT
io.reactivex.internal.operators.flowable.FlowableCreate$SerializedEmitter,CONSTANT
io.reactivex.internal.operators.flowable.FlowableFlatMapSingle$FlatMapSingleSubscriber,CONSTANT
io.reactivex.internal.operators.flowable.FlowableInternalHelper$FlatMapWithCombinerInner,CONSTANT
io.reactivex.internal.operators.flowable.FlowableBufferExactBoundary$BufferBoundarySubscriber,CONSTANT
io.reactivex.internal.operators.flowable.FlowablePublishMulticast$MulticastSubscription,CONSTANT
io.reactivex.internal.operators.flowable.FlowableTimeoutTimed$EmptyDispose,CONSTANT
io.reactivex.internal.operators.flowable.FlowableScanSeed$ScanSeedSubscriber,CONSTANT
io.reactivex.internal.operators.flowable.FlowableBufferTimed$BufferSkipBoundedSubscriber$RemoveFromBuffer,CONSTANT
io.reactivex.internal.operators.flowable.FlowableDistinctUntilChanged$DistinctUntilChangedConditionalSubscriber,CONSTANT
io.reactivex.internal.operators.flowable.FlowableBufferBoundary$BufferBoundarySubscriber,CONSTANT
io.reactivex.internal.operators.flowable.FlowableWindowBoundarySelector$OperatorWindowBoundaryCloseSubscriber,CONSTANT
io.reactivex.internal.operators.flowable.FlowableEmpty,CONSTANT
io.reactivex.internal.operators.flowable.FlowableFlatMapSingle$FlatMapSingleSubscriber$InnerObserver,CONSTANT
io.reactivex.internal.operators.flowable.FlowableWindowBoundarySupplier$WindowBoundaryInnerSubscriber,CONSTANT
io.reactivex.internal.operators.flowable.FlowableMap$MapConditionalSubscriber,CONSTANT
io.reactivex.internal.operators.flowable.FlowableElementAt,CONSTANT
io.reactivex.internal.operators.flowable.BlockingFlowableLatest,CONSTANT
io.reactivex.internal.operators.flowable.FlowableOnBackpressureDrop$BackpressureDropSubscriber,CONSTANT
io.reactivex.internal.operators.flowable.FlowableRetryPredicate$RepeatSubscriber,CONSTANT
io.reactivex.internal.operators.flowable.FlowableMapNotification$MapNotificationSubscriber,CONSTANT
io.reactivex.internal.operators.flowable.FlowableOnBackpressureBufferStrategy$OnBackpressureBufferStrategySubscriber,CONSTANT
io.reactivex.internal.operators.flowable.FlowableOnErrorReturn$OnErrorReturnSubscriber,CONSTANT
io.reactivex.internal.operators.flowable.BlockingFlowableNext$NextIterator,CONSTANT
io.reactivex.internal.operators.flowable.FlowableWindowTimed$WindowExactBoundedSubscriber$ConsumerIndexHolder,CONSTANT
io.reactivex.internal.operators.flowable.FlowableGroupJoin$LeftRightEndSubscriber,CONSTANT
io.reactivex.internal.operators.flowable.FlowableTimeout$TimeoutInnerSubscriber,CONSTANT
io.reactivex.internal.operators.flowable.FlowableWindowBoundarySelector$WindowBoundaryMainSubscriber,CONSTANT
io.reactivex.internal.operators.flowable.FlowableSampleTimed$SampleTimedNoLast,CONSTANT
io.reactivex.internal.operators.flowable.FlowableOnBackpressureLatest$BackpressureLatestSubscriber,CONSTANT
io.reactivex.internal.operators.flowable.FlowableWindow$WindowOverlapSubscriber,CONSTANT
io.reactivex.internal.operators.flowable.FlowableAllSingle$AllSubscriber,CONSTANT
io.reactivex.internal.operators.flowable.FlowableOnErrorNext$OnErrorNextSubscriber,CONSTANT
io.reactivex.internal.operators.flowable.FlowableDelay$DelaySubscriber,CONSTANT
io.reactivex.internal.operators.flowable.BlockingFlowableMostRecent$MostRecentSubscriber$Iterator,CONSTANT
io.reactivex.internal.operators.flowable.FlowableBufferBoundarySupplier$BufferBoundarySubscriber,CONSTANT
io.reactivex.internal.operators.flowable.FlowableConcatMapEager$ConcatMapEagerDelayErrorSubscriber,CONSTANT
io.reactivex.internal.operators.flowable.FlowableSubscribeOn$SubscribeOnSubscriber$Request,CONSTANT
io.reactivex.internal.operators.flowable.FlowableOnBackpressureBuffer$BackpressureBufferSubscriber,CONSTANT
io.reactivex.internal.operators.flowable.FlowableFromIterable$IteratorConditionalSubscription,CONSTANT
io.reactivex.internal.operators.flowable.FlowableIgnoreElementsCompletable$IgnoreElementsSubscriber,CONSTANT
io.reactivex.internal.operators.flowable.FlowableDelay$DelaySubscriber$OnComplete,CONSTANT
io.reactivex.internal.operators.flowable.FlowableSingleSingle$SingleElementSubscriber,CONSTANT
io.reactivex.internal.operators.flowable.FlowableBufferBoundary$BufferCloseSubscriber,CONSTANT
io.reactivex.internal.operators.flowable.FlowableSkipLastTimed$SkipLastTimedSubscriber,CONSTANT
io.reactivex.internal.operators.flowable.FlowableFlatMapCompletable,CONSTANT
io.reactivex.internal.operators.flowable.FlowableDetach$DetachSubscriber,CONSTANT
io.reactivex.internal.operators.flowable.FlowableWindowTimed$WindowSkipSubscriber,CONSTANT
io.reactivex.internal.operators.flowable.FlowableFlatMapCompletableCompletable$FlatMapCompletableMainSubscriber$InnerObserver,CONSTANT
io.reactivex.internal.operators.flowable.FlowableRange$RangeSubscription,CONSTANT
io.reactivex.internal.operators.flowable.FlowableReplay$MultiCastPublisher$DisposableConsumer,CONSTANT
io.reactivex.internal.operators.flowable.FlowableDebounceTimed$DebounceEmitter,CONSTANT
io.reactivex.internal.operators.flowable.FlowableGroupBy$GroupBySubscriber,CONSTANT
io.reactivex.internal.operators.flowable.FlowableCreate$DropAsyncEmitter,CONSTANT
io.reactivex.internal.operators.flowable.FlowableDelaySubscriptionOther$DelaySubscriber$OnCompleteSubscriber,CONSTANT
io.reactivex.internal.operators.flowable.FlowableDoFinally$DoFinallySubscriber,CONSTANT
io.reactivex.internal.operators.flowable.FlowableFlattenIterable$FlattenIterableSubscriber,CONSTANT
io.reactivex.internal.operators.flowable.FlowableBuffer$PublisherBufferSkipSubscriber,CONSTANT
io.reactivex.internal.operators.flowable.FlowableTakeUntilPredicate$InnerSubscriber,CONSTANT
io.reactivex.internal.operators.flowable.FlowableSingleMaybe$SingleElementSubscriber,CONSTANT
io.reactivex.internal.operators.flowable.FlowableSamplePublisher$SamplerSubscriber,CONSTANT
io.reactivex.internal.operators.flowable.FlowableInternalHelper$BufferedReplayCallable,CONSTANT
io.reactivex.internal.operators.flowable.FlowableUnsubscribeOn$UnsubscribeSubscriber$Cancellation,CONSTANT
io.reactivex.internal.operators.flowable.FlowableReplay$ReplaySubscriber,CONSTANT
io.reactivex.internal.operators.flowable.FlowableInternalHelper$ReplayCallable,CONSTANT
io.reactivex.internal.operators.flowable.FlowableSamplePublisher$SampleMainNoLast,CONSTANT
io.reactivex.internal.operators.flowable.FlowableSingle$SingleElementSubscriber,CONSTANT
io.reactivex.internal.operators.flowable.FlowableDebounce$DebounceSubscriber$DebounceInnerSubscriber,CONSTANT
io.reactivex.internal.operators.flowable.FlowableInternalHelper$SimpleGenerator,CONSTANT
io.reactivex.internal.operators.flowable.FlowableReplay$ConnectableFlowableReplay,CONSTANT
io.reactivex.internal.operators.flowable.FlowableReplay$UnboundedReplayBuffer,CONSTANT
io.reactivex.internal.operators.flowable.FlowableDoFinally$DoFinallyConditionalSubscriber,CONSTANT
io.reactivex.internal.operators.flowable.FlowableBuffer$PublisherBufferOverlappingSubscriber,CONSTANT
io.reactivex.internal.operators.flowable.FlowableTakePublisher,CONSTANT
io.reactivex.internal.operators.flowable.FlowableBlockingSubscribe,CONSTANT
io.reactivex.internal.operators.flowable.FlowableFromArray$ArraySubscription,CONSTANT
io.reactivex.internal.operators.flowable.FlowableWindowBoundarySelector$WindowOperation,CONSTANT
io.reactivex.internal.operators.flowable.FlowableReplay$ReplayBufferTask,CONSTANT
io.reactivex.internal.operators.flowable.FlowableReplay$ReplayBuffer,INTERFACE
io.reactivex.internal.operators.flowable.FlowableTimeoutTimed$TimeoutTimedOtherSubscriber$TimeoutTask,CONSTANT
io.reactivex.internal.operators.flowable.FlowableTimeoutTimed$TimeoutTimedOtherSubscriber,CONSTANT
io.reactivex.internal.operators.flowable.FlowableNever,CONSTANT
io.reactivex.internal.operators.flowable.FlowableGroupJoin$JoinSupport,INTERFACE
io.reactivex.internal.operators.flowable.FlowableGroupJoin$GroupJoinSubscription,CONSTANT
io.reactivex.internal.operators.flowable.FlowableTimeout$TimeoutOtherSubscriber,CONSTANT
io.reactivex.internal.operators.flowable.FlowableReplay$ReplayPublisher,CONSTANT
io.reactivex.internal.operators.flowable.FlowableToList$ToListSubscriber,CONSTANT
io.reactivex.internal.operators.flowable.FlowableReduce,CONSTANT
io.reactivex.internal.operators.flowable.FlowableReplay$DefaultUnboundedFactory,CONSTANT
io.reactivex.internal.operators.flowable.FlowableWithLatestFrom$WithLatestFromSubscriber,CONSTANT
io.reactivex.internal.operators.flowable.FlowableInternalHelper$FlatMapWithCombinerOuter,CONSTANT
io.reactivex.internal.operators.flowable.FlowablePublishMulticast$OutputCanceller,CONSTANT
io.reactivex.internal.operators.flowable.FlowableRangeLong$RangeConditionalSubscription,CONSTANT
io.reactivex.internal.operators.flowable.FlowableCreate$LatestAsyncEmitter,CONSTANT
io.reactivex.internal.operators.flowable.FlowableTakeUntil$TakeUntilMainSubscriber$OtherSubscriber,CONSTANT
io.reactivex.internal.operators.flowable.BlockingFlowableIterable$BlockingFlowableIterator,CONSTANT
io.reactivex.internal.operators.flowable.FlowableTakeLastOne$TakeLastOneSubscriber,CONSTANT
io.reactivex.internal.operators.flowable.FlowableWindowBoundarySelector$OperatorWindowBoundaryOpenSubscriber,CONSTANT
io.reactivex.internal.operators.flowable.FlowableFlatMapCompletable$FlatMapCompletableMainSubscriber$InnerConsumer,CONSTANT
io.reactivex.internal.operators.flowable.BlockingFlowableNext,CONSTANT
io.reactivex.internal.operators.flowable.FlowableMap$MapSubscriber,CONSTANT
io.reactivex.internal.operators.flowable.FlowableReplay$MultiCastPublisher,CONSTANT
io.reactivex.internal.operators.flowable.FlowableInternalHelper$ZipIterableFunction,CONSTANT
io.reactivex.internal.operators.flowable.FlowableTakeUntil$TakeUntilMainSubscriber,CONSTANT
io.reactivex.internal.operators.flowable.FlowableElementAt$ElementAtSubscriber,CONSTANT
io.reactivex.internal.operators.flowable.FlowableToListSingle$ToListSubscriber,CONSTANT
io.reactivex.internal.operators.flowable.FlowableFlatMapCompletable$FlatMapCompletableMainSubscriber,CONSTANT
io.reactivex.internal.operators.flowable.FlowableScalarXMap$ScalarXMapFlowable,CONSTANT
io.reactivex.internal.operators.flowable.FlowableConcatMap$ConcatMapImmediate,CONSTANT
io.reactivex.internal.operators.flowable.FlowableSkip$SkipSubscriber,CONSTANT
io.reactivex.internal.operators.flowable.FlowableTimeoutTimed$TimeoutTimedSubscriber,CONSTANT
io.reactivex.internal.operators.flowable.FlowableDistinct$DistinctSubscriber,CONSTANT
io.reactivex.internal.operators.flowable.FlowableBufferExactBoundary$BufferExactBoundarySubscriber,CONSTANT
io.reactivex.internal.operators.flowable.FlowableOnBackpressureError$BackpressureErrorSubscriber,CONSTANT
io.reactivex.internal.operators.flowable.FlowableSkipWhile$SkipWhileSubscriber,CONSTANT
io.reactivex.internal.operators.flowable.FlowableSequenceEqual$EqualCoordinatorHelper,INTERFACE
io.reactivex.internal.operators.flowable.FlowableDebounce$DebounceSubscriber,CONSTANT
io.reactivex.internal.operators.flowable.FlowableBufferTimed$BufferExactUnboundedSubscriber,CONSTANT
io.reactivex.internal.operators.flowable.FlowableZip$ZipCoordinator,CONSTANT
io.reactivex.internal.operators.flowable.FlowableRange$RangeConditionalSubscription,CONSTANT
io.reactivex.internal.operators.flowable.BlockingFlowableMostRecent,CONSTANT
io.reactivex.internal.operators.flowable.FlowableBuffer$PublisherBufferExactSubscriber,CONSTANT
io.reactivex.internal.operators.flowable.FlowableGroupJoin$LeftRightSubscriber,CONSTANT
io.reactivex.internal.operators.flowable.FlowableReplay$SizeBoundReplayBuffer,CONSTANT
io.reactivex.internal.operators.flowable.FlowableSwitchIfEmpty$SwitchIfEmptySubscriber,CONSTANT
io.reactivex.internal.operators.flowable.FlowableConcatMap$WeakScalarSubscription,CONSTANT
io.reactivex.internal.operators.flowable.FlowableGroupBy$State,CONSTANT
io.reactivex.internal.operators.flowable.FlowableScan$ScanSubscriber,CONSTANT
io.reactivex.internal.operators.flowable.FlowableFlatMapCompletableCompletable$FlatMapCompletableMainSubscriber,CONSTANT
io.reactivex.internal.operators.flowable.FlowableInterval$IntervalSubscriber,CONSTANT
io.reactivex.internal.operators.flowable.FlowableWindowBoundary$WindowBoundaryInnerSubscriber,CONSTANT
io.reactivex.internal.operators.flowable.FlowableAmb$AmbCoordinator,CONSTANT
io.reactivex.internal.operators.flowable.FlowableSkipUntil$SkipUntilMainSubscriber,CONSTANT
io.reactivex.internal.operators.flowable.FlowableConcatMapPublisher,CONSTANT
io.reactivex.internal.operators.flowable.FlowableTimeInterval$TimeIntervalSubscriber,CONSTANT
io.reactivex.internal.operators.flowable.FlowableFromArray$ArrayConditionalSubscription,CONSTANT
io.reactivex.internal.operators.flowable.FlowableTimeoutTimed$TimeoutTimedSubscriber$TimeoutTask,CONSTANT
io.reactivex.internal.operators.flowable.FlowableLastSingle$LastSubscriber,CONSTANT
io.reactivex.internal.operators.flowable.FlowableRetryBiPredicate$RetryBiSubscriber,CONSTANT
io.reactivex.internal.operators.flowable.FlowableRepeatWhen$RepeatWhenSubscriber,CONSTANT
io.reactivex.internal.operators.flowable.FlowableSequenceEqual$EqualSubscriber,CONSTANT
io.reactivex.internal.operators.flowable.FlowableZip$ZipSubscriber,CONSTANT
io.reactivex.internal.operators.flowable.FlowableSequenceEqual$EqualCoordinator,CONSTANT
io.reactivex.internal.operators.flowable.FlowableCache$ReplaySubscription,CONSTANT
io.reactivex.internal.operators.flowable.BlockingFlowableMostRecent$MostRecentSubscriber,CONSTANT
io.reactivex.internal.operators.flowable.FlowableLastMaybe$LastSubscriber,CONSTANT
io.reactivex.internal.operators.flowable.FlowableDoAfterNext$DoAfterSubscriber,CONSTANT
io.reactivex.internal.operators.flowable.BlockingFlowableNext$NextSubscriber,CONSTANT
io.reactivex.internal.operators.flowable.FlowableBufferTimed$BufferExactBoundedSubscriber,CONSTANT
io.reactivex.internal.operators.flowable.FlowableScalarXMap,CONSTANT
io.reactivex.internal.operators.flowable.FlowableWindowTimed$WindowSkipSubscriber$Completion,CONSTANT
io.reactivex.internal.operators.flowable.FlowableWindowTimed$WindowExactBoundedSubscriber,CONSTANT
io.reactivex.internal.operators.flowable.FlowableTakeWhile$TakeWhileSubscriber,CONSTANT
io.reactivex.internal.operators.flowable.FlowableDoAfterNext$DoAfterConditionalSubscriber,CONSTANT
io.reactivex.internal.operators.flowable.FlowableSubscribeOn$SubscribeOnSubscriber,CONSTANT
io.reactivex.internal.operators.flowable.FlowableSwitchMap$SwitchMapSubscriber,CONSTANT
io.reactivex.internal.operators.flowable.FlowableReplay$ScheduledReplayBufferTask,CONSTANT
io.reactivex.internal.operators.flowable.FlowableCollect$CollectSubscriber,CONSTANT
io.reactivex.internal.operators.flowable.FlowableAnySingle$AnySubscriber,CONSTANT
io.reactivex.internal.operators.flowable.FlowableSingle,CONSTANT
io.reactivex.internal.operators.flowable.FlowableReplay$SizeAndTimeBoundReplayBuffer,CONSTANT
io.reactivex.internal.operators.flowable.FlowableWindowBoundarySupplier$WindowBoundaryMainSubscriber,CONSTANT
io.reactivex.internal.operators.flowable.FlowableFlatMap$MergeSubscriber,CONSTANT
io.reactivex.internal.operators.flowable.FlowableFlatMapPublisher,CONSTANT
io.reactivex.internal.operators.flowable.FlowableDelay$DelaySubscriber$OnNext,CONSTANT
io.reactivex.internal.operators.flowable.FlowableWindowTimed$WindowExactUnboundedSubscriber,CONSTANT
io.reactivex.internal.operators.flowable.FlowableBufferTimed$BufferSkipBoundedSubscriber,CONSTANT
io.reactivex.internal.operators.flowable.FlowableReduce$ReduceSubscriber,CONSTANT
io.reactivex.internal.operators.flowable.FlowablePublishMulticast$MulticastProcessor,CONSTANT
io.reactivex.internal.operators.flowable.FlowableObserveOn$ObserveOnConditionalSubscriber,CONSTANT
io.reactivex.internal.operators.flowable.FlowableConcatMap$ConcatMapSupport,INTERFACE
io.reactivex.internal.operators.flowable.FlowableDoOnEach$DoOnEachConditionalSubscriber,CONSTANT
io.reactivex.internal.operators.flowable.FlowableMapPublisher,CONSTANT
io.reactivex.internal.operators.flowable.FlowableSequenceEqual,CONSTANT
io.reactivex.internal.operators.flowable.FlowableRetryWhen$RetryWhenSubscriber,CONSTANT
io.reactivex.internal.operators.flowable.FlowableMaterialize$MaterializeSubscriber,CONSTANT
io.reactivex.internal.operators.flowable.FlowableGroupBy$GroupedUnicast,CONSTANT
io.reactivex.internal.operators.flowable.FlowableSamplePublisher$SampleMainEmitLast,CONSTANT
io.reactivex.internal.operators.flowable.FlowableTimer$TimerSubscriber,CONSTANT
io.reactivex.internal.operators.flowable.FlowableToList,CONSTANT
io.reactivex.internal.operators.flowable.FlowableGenerate$GeneratorSubscription,CONSTANT
io.reactivex.internal.operators.flowable.FlowableInternalHelper$ItemDelayFunction,CONSTANT
io.reactivex.internal.operators.flowable.FlowableWithLatestFromMany$SingletonArrayFunc,CONSTANT
io.reactivex.internal.operators.flowable.FlowableTakeLast$TakeLastSubscriber,CONSTANT
io.reactivex.internal.operators.flowable.FlowableUnsubscribeOn$UnsubscribeSubscriber,CONSTANT
io.reactivex.internal.operators.flowable.FlowableDistinctUntilChanged$DistinctUntilChangedSubscriber,CONSTANT
io.reactivex.internal.operators.flowable.BlockingFlowableLatest$LatestSubscriberIterator,CONSTANT
io.reactivex.internal.operators.flowable.FlowableThrottleFirstTimed$DebounceTimedSubscriber,CONSTANT
io.reactivex.internal.operators.flowable.FlowableCombineLatest$CombineLatestInnerSubscriber,CONSTANT
io.reactivex.internal.operators.flowable.FlowableConcatMap$ConcatMapDelayed,CONSTANT
io.reactivex.internal.operators.flowable.FlowableTakeLastTimed$TakeLastTimedSubscriber,CONSTANT
io.reactivex.internal.operators.flowable.FlowableDematerialize$DematerializeSubscriber,CONSTANT
io.reactivex.internal.operators.flowable.BlockingFlowableIterable,CONSTANT
io.reactivex.internal.operators.flowable.FlowableInternalHelper$BufferedTimedReplay,CONSTANT
io.reactivex.internal.operators.flowable.FlowableAll,CONSTANT
io.reactivex.internal.operators.flowable.FlowableWindowBoundary$WindowBoundaryMainSubscriber,CONSTANT
io.reactivex.internal.operators.flowable.FlowableInternalHelper$ReplayFunction,CONSTANT
io.reactivex.internal.operators.flowable.FlowableRepeatWhen$WhenReceiver,CONSTANT
io.reactivex.internal.operators.flowable.FlowableCreate$BufferAsyncEmitter,CONSTANT
io.reactivex.internal.operators.flowable.FlowableRangeLong$RangeSubscription,CONSTANT
io.reactivex.internal.operators.flowable.FlowableDelay$DelaySubscriber$OnError,CONSTANT
io.reactivex.internal.operators.flowable.FlowableWindowTimed$WindowSkipSubscriber$SubjectWork,CONSTANT
io.reactivex.internal.operators.flowable.FlowableCollectSingle$CollectSubscriber,CONSTANT
io.reactivex.internal.operators.flowable.FlowableMapNotification,CONSTANT
io.reactivex.internal.operators.flowable.FlowableWithLatestFromMany$WithLatestFromSubscriber,CONSTANT
io.reactivex.internal.operators.flowable.FlowableBufferBoundary$BufferOpenSubscriber,CONSTANT
io.reactivex.internal.operators.flowable.FlowableElementAtSingle$ElementAtSubscriber,CONSTANT
io.reactivex.internal.operators.flowable.FlowableCreate$ErrorAsyncEmitter,CONSTANT
io.reactivex.internal.operators.flowable.FlowableSkipLast$SkipLastSubscriber,CONSTANT
io.reactivex.internal.operators.flowable.FlowableReplay,CONSTANT
io.reactivex.internal.operators.flowable.FlowableJoin$JoinSubscription,CONSTANT
io.reactivex.internal.operators.flowable.FlowableConcatMap$ConcatMapInner,CONSTANT
io.reactivex.internal.operators.flowable.FlowableFlatMapMaybe$FlatMapMaybeSubscriber,CONSTANT
io.reactivex.internal.operators.flowable.FlowableTimeout$OnTimeout,INTERFACE
io.reactivex.internal.operators.flowable.FlowableDelaySubscriptionOther$DelaySubscriber,CONSTANT
io.reactivex.internal.operators.flowable.FlowableAmb$AmbInnerSubscriber,CONSTANT
io.reactivex.internal.operators.flowable.FlowableAny$AnySubscriber,CONSTANT
io.reactivex.internal.operators.flowable.FlowableWindow$WindowExactSubscriber,CONSTANT
io.reactivex.internal.operators.flowable.FlowableReplay$Node,CONSTANT
io.reactivex.internal.operators.flowable.FlowableInternalHelper$TimedReplay,CONSTANT
io.reactivex.internal.operators.flowable.FlowableCount,CONSTANT
io.reactivex.internal.operators.flowable.FlowableTake$TakeSubscriber,CONSTANT
io.reactivex.internal.operators.flowable.FlowableCreate$MissingEmitter,CONSTANT
io.reactivex.internal.operators.flowable.FlowableSkipUntil$SkipUntilMainSubscriber$OtherSubscriber,CONSTANT
io.reactivex.internal.operators.flowable.FlowableAll$AllSubscriber,CONSTANT
io.reactivex.internal.operators.flowable.FlowableZipIterable$ZipIterableSubscriber,CONSTANT
io.reactivex.internal.operators.flowable.FlowableElementAtMaybe$ElementAtSubscriber,CONSTANT
io.reactivex.internal.operators.flowable.FlowableDebounceTimed$DebounceTimedSubscriber,CONSTANT
io.reactivex.internal.operators.flowable.FlowableReduceSeedSingle$ReduceSeedObserver,CONSTANT
io.reactivex.internal.operators.flowable.FlowableBufferBoundarySupplier$BufferBoundarySupplierSubscriber,CONSTANT
io.reactivex.internal.operators.flowable.FlowableFilter$FilterConditionalSubscriber,CONSTANT
io.reactivex.internal.operators.flowable.FlowableFlatMap$InnerSubscriber,CONSTANT
io.reactivex.internal.operators.flowable.FlowableUsing$UsingSubscriber,CONSTANT
io.reactivex.internal.operators.flowable.FlowableWindow$WindowSkipSubscriber,CONSTANT
io.reactivex.internal.operators.flowable.FlowableIgnoreElements$IgnoreElementsSubscriber,CONSTANT
io.reactivex.internal.operators.flowable.FlowableFlatMapMaybe$FlatMapMaybeSubscriber$InnerObserver,CONSTANT
io.reactivex.internal.operators.flowable.FlowableDelaySubscriptionOther$DelaySubscriber$DelaySubscription,CONSTANT
io.reactivex.internal.operators.flowable.FlowableObserveOn$ObserveOnSubscriber,CONSTANT
io.reactivex.internal.operators.flowable.FlowableCountSingle$CountSubscriber,CONSTANT
io.reactivex.internal.operators.flowable.FlowableWithLatestFrom$FlowableWithLatestSubscriber,CONSTANT
io.reactivex.internal.operators.observable.ObservableGenerate$GeneratorDisposable,CONSTANT
io.reactivex.internal.operators.observable.ObservableReplay$ReplayBufferSupplier,CONSTANT
io.reactivex.internal.operators.observable.ObservableFlatMapMaybe$FlatMapMaybeObserver$InnerObserver,CONSTANT
io.reactivex.internal.operators.observable.ObservableDelay$DelayObserver$OnComplete,CONSTANT
io.reactivex.internal.operators.observable.ObservableTimeoutTimed$TimeoutTimedObserver$TimeoutTask,CONSTANT
io.reactivex.internal.operators.observable.ObservableWindowTimed$WindowSkipObserver$SubjectWork,CONSTANT
io.reactivex.internal.operators.observable.ObservableUnsubscribeOn$UnsubscribeObserver$DisposeTask,CONSTANT
io.reactivex.internal.operators.observable.ObservableTimeoutTimed$TimeoutTimedOtherObserver,CONSTANT
io.reactivex.internal.operators.observable.ObservableCount,CONSTANT
io.reactivex.internal.operators.observable.ObservableBufferBoundarySupplier$BufferBoundaryObserver,CONSTANT
io.reactivex.internal.operators.observable.ObservableWindowTimed$WindowSkipObserver$CompletionTask,CONSTANT
io.reactivex.internal.operators.observable.ObservableElementAt,CONSTANT
io.reactivex.internal.operators.observable.ObservableFlatMapCompletableCompletable$FlatMapCompletableMainObserver$InnerObserver,CONSTANT
io.reactivex.internal.operators.observable.ObservableDelay$DelayObserver$OnNext,CONSTANT
io.reactivex.internal.operators.observable.ObservableWithLatestFromMany$WithLatestFromObserver,CONSTANT
io.reactivex.internal.operators.observable.ObservableZipIterable$ZipIterableObserver,CONSTANT
io.reactivex.internal.operators.observable.ObservableIntervalRange$IntervalRangeObserver,CONSTANT
io.reactivex.internal.operators.observable.ObservableGroupJoin$LeftRightEndObserver,CONSTANT
io.reactivex.internal.operators.observable.ObservableUnsubscribeOn$UnsubscribeObserver,CONSTANT
io.reactivex.internal.operators.observable.ObservablePublishSelector$SourceObserver,CONSTANT
io.reactivex.internal.operators.observable.ObservableElementAt$ElementAtObserver,CONSTANT
io.reactivex.internal.operators.observable.ObservableReplay$DisposeConsumer,CONSTANT
io.reactivex.internal.operators.observable.ObservableWindowBoundarySelector$WindowOperation,CONSTANT
io.reactivex.internal.operators.observable.ObservableWithLatestFromMany$WithLatestInnerObserver,CONSTANT
io.reactivex.internal.operators.observable.ObservableReplay$UnboundedReplayBuffer,CONSTANT
io.reactivex.internal.operators.observable.ObservableSkipLast$SkipLastObserver,CONSTANT
io.reactivex.internal.operators.observable.ObservableReplay$SizeAndTimeBoundReplayBuffer,CONSTANT
io.reactivex.internal.operators.observable.ObservableWindowTimed$WindowExactUnboundedObserver,CONSTANT
io.reactivex.internal.operators.observable.ObservableFlatMap$InnerObserver,CONSTANT
io.reactivex.internal.operators.observable.ObservableGroupBy$GroupByObserver,CONSTANT
io.reactivex.internal.operators.observable.ObservableTimer$TimerObserver,CONSTANT
io.reactivex.internal.operators.observable.ObservableBufferTimed$BufferExactUnboundedObserver,CONSTANT
io.reactivex.internal.operators.observable.BlockingObservableLatest,CONSTANT
io.reactivex.internal.operators.observable.ObservableSampleTimed$SampleTimedEmitLast,CONSTANT
io.reactivex.internal.operators.observable.ObservableCache,CONSTANT
io.reactivex.internal.operators.observable.ObservableDematerialize$DematerializeObserver,CONSTANT
io.reactivex.internal.operators.observable.ObservableGroupJoin$LeftRightObserver,CONSTANT
io.reactivex.internal.operators.observable.ObservableLastSingle$LastObserver,CONSTANT
io.reactivex.internal.operators.observable.ObservableTimeout$OnTimeout,INTERFACE
io.reactivex.internal.operators.observable.ObservableSkipWhile$SkipWhileObserver,CONSTANT
io.reactivex.internal.operators.observable.ObservableSequenceEqualSingle$EqualObserver,CONSTANT
io.reactivex.internal.operators.observable.ObservableReplay$Node,CONSTANT
io.reactivex.internal.operators.observable.ObservableWithLatestFrom$WithLatestFromObserver,CONSTANT
io.reactivex.internal.operators.observable.ObservableBuffer$BufferExactObserver,CONSTANT
io.reactivex.internal.operators.observable.ObservableFromPublisher$PublisherSubscriber,CONSTANT
io.reactivex.internal.operators.observable.ObservableWindowBoundarySupplier$WindowBoundaryInnerObserver,CONSTANT
io.reactivex.internal.operators.observable.ObservableSequenceEqual$EqualObserver,CONSTANT
io.reactivex.internal.operators.observable.ObservableBufferBoundary$BufferCloseObserver,CONSTANT
io.reactivex.internal.operators.observable.ObservableTake$TakeObserver,CONSTANT
io.reactivex.internal.operators.observable.ObservableWindowBoundarySelector$WindowBoundaryMainObserver,CONSTANT
io.reactivex.internal.operators.observable.ObservableToListSingle$ToListObserver,CONSTANT
io.reactivex.internal.operators.observable.ObservableBufferBoundary$BufferBoundaryObserver,CONSTANT
io.reactivex.internal.operators.observable.ObservableFlatMapMaybe$FlatMapMaybeObserver,CONSTANT
io.reactivex.internal.operators.observable.ObservableDoFinally$DoFinallyObserver,CONSTANT
io.reactivex.internal.operators.observable.ObservableRepeat$RepeatObserver,CONSTANT
io.reactivex.internal.operators.observable.ObservableMap$MapObserver,CONSTANT
io.reactivex.internal.operators.observable.ObservableFlatMapSingle$FlatMapSingleObserver$InnerObserver,CONSTANT
io.reactivex.internal.operators.observable.ObservableConcatMap$SourceObserver$InnerObserver,CONSTANT
io.reactivex.internal.operators.observable.ObservableReplay$UnBoundedFactory,CONSTANT
io.reactivex.internal.operators.observable.ObservableWindowBoundarySelector$OperatorWindowBoundaryCloseObserver,CONSTANT
io.reactivex.internal.operators.observable.ObservableReduceMaybe$ReduceObserver,CONSTANT
io.reactivex.internal.operators.observable.ObservableSingleMaybe$SingleElementObserver,CONSTANT
io.reactivex.internal.operators.observable.ObservableRetryPredicate$RepeatObserver,CONSTANT
io.reactivex.internal.operators.observable.ObservableAll,CONSTANT
io.reactivex.internal.operators.observable.ObservableSkipLastTimed$SkipLastTimedObserver,CONSTANT
io.reactivex.internal.operators.observable.ObservableBuffer$BufferSkipObserver,CONSTANT
io.reactivex.internal.operators.observable.ObservableCombineLatest$CombinerObserver,CONSTANT
io.reactivex.internal.operators.observable.ObservableSwitchIfEmpty$SwitchIfEmptyObserver,CONSTANT
io.reactivex.internal.operators.observable.ObservableDebounce$DebounceObserver$DebounceInnerObserver,CONSTANT
io.reactivex.internal.operators.observable.ObservableConcatMap$SourceObserver,CONSTANT
io.reactivex.internal.operators.observable.ObservableAllSingle$AllObserver,CONSTANT
io.reactivex.internal.operators.observable.BlockingObservableNext$NextIterator,CONSTANT
io.reactivex.internal.operators.observable.ObservableThrottleFirstTimed$DebounceTimedObserver,CONSTANT
io.reactivex.internal.operators.observable.ObservableHide$HideDisposable,CONSTANT
io.reactivex.internal.operators.observable.ObservableReplay$InnerDisposable,CONSTANT
io.reactivex.internal.operators.observable.BlockingObservableMostRecent$MostRecentObserver$Iterator,CONSTANT
io.reactivex.internal.operators.observable.ObservableReplay$MulticastReplay,CONSTANT
io.reactivex.internal.operators.observable.ObservableSampleWithObservable$SamplerObserver,CONSTANT
io.reactivex.internal.operators.observable.ObservableInternalHelper$BufferedReplayCallable,CONSTANT
io.reactivex.internal.operators.observable.ObservableReduceSeedSingle$ReduceSeedObserver,CONSTANT
io.reactivex.internal.operators.observable.ObservableTimeout$TimeoutObserver,CONSTANT
io.reactivex.internal.operators.observable.ObservableInternalHelper$SimpleGenerator,CONSTANT
io.reactivex.internal.operators.observable.ObservableInternalHelper$RepeatWhenOuterHandler,CONSTANT
io.reactivex.internal.operators.observable.ObservableInternalHelper$ReplayFunction,CONSTANT
io.reactivex.internal.operators.observable.ObservableInternalHelper$MapToInt,ENUM
io.reactivex.internal.operators.observable.ObservableWindow$WindowSkipObserver,CONSTANT
io.reactivex.internal.operators.observable.ObservableWindow$WindowExactObserver,CONSTANT
io.reactivex.internal.operators.observable.ObservableDebounce$DebounceObserver,CONSTANT
io.reactivex.internal.operators.observable.ObservableRange$RangeDisposable,CONSTANT
io.reactivex.internal.operators.observable.ObservableElementAtSingle$ElementAtObserver,CONSTANT
io.reactivex.internal.operators.observable.ObservableReplay$ReplaySource,CONSTANT
io.reactivex.internal.operators.observable.ObservableReplay$ScheduledReplaySupplier,CONSTANT
io.reactivex.internal.operators.observable.ObservableSkipUntil$SkipUntilObserver,CONSTANT
io.reactivex.internal.operators.observable.ObservableDistinct$DistinctObserver,CONSTANT
io.reactivex.internal.operators.observable.ObservableTakeUntilPredicate$TakeUntilPredicateObserver,CONSTANT
io.reactivex.internal.operators.observable.ObservableSequenceEqualSingle$EqualCoordinator,CONSTANT
io.reactivex.internal.operators.observable.ObservableCount$CountObserver,CONSTANT
io.reactivex.internal.operators.observable.ObservableRetryWhen$RepeatWhenObserver,CONSTANT
io.reactivex.internal.operators.observable.ObservableInternalHelper$ObservableMapper,CONSTANT
io.reactivex.internal.operators.observable.ObservableAmb$AmbInnerObserver,CONSTANT
io.reactivex.internal.operators.observable.ObservableCreate$CreateEmitter,CONSTANT
io.reactivex.internal.operators.observable.ObservableSubscribeOn$SubscribeOnObserver,CONSTANT
io.reactivex.internal.operators.observable.ObservableRetryBiPredicate$RetryBiObserver,CONSTANT
io.reactivex.internal.operators.observable.ObservableCountSingle$CountObserver,CONSTANT
io.reactivex.internal.operators.observable.ObservableFlatMapCompletable,CONSTANT
io.reactivex.internal.operators.observable.ObservableDoAfterNext$DoAfterObserver,CONSTANT
io.reactivex.internal.operators.observable.ObservableInternalHelper$BufferedTimedReplayCallable,CONSTANT
io.reactivex.internal.operators.observable.ObservableInternalHelper$SimpleBiGenerator,CONSTANT
io.reactivex.internal.operators.observable.ObservableBufferTimed$BufferSkipBoundedObserver,CONSTANT
io.reactivex.internal.operators.observable.ObservableTakeLast$TakeLastObserver,CONSTANT
io.reactivex.internal.operators.observable.BlockingObservableLatest$BlockingObservableLatestIterator,CONSTANT
io.reactivex.internal.operators.observable.ObservableGroupJoin$JoinSupport,INTERFACE
io.reactivex.internal.operators.observable.ObservableToList$ToListObserver,CONSTANT
io.reactivex.internal.operators.observable.ObservableReplay$ReplayBuffer,INTERFACE
io.reactivex.internal.operators.observable.ObservableElementAtMaybe$ElementAtObserver,CONSTANT
io.reactivex.internal.operators.observable.ObservableTakeLastTimed$TakeLastTimedObserver,CONSTANT
io.reactivex.internal.operators.observable.ObservableSkip$SkipObserver,CONSTANT
io.reactivex.internal.operators.observable.ObservableRepeatUntil$RepeatUntilObserver,CONSTANT
io.reactivex.internal.operators.observable.ObservableReplay$Replay,CONSTANT
io.reactivex.internal.operators.observable.ObservableMapNotification,CONSTANT
io.reactivex.internal.operators.observable.ObservableCollect$CollectObserver,CONSTANT
io.reactivex.internal.operators.observable.ObservableDetach$DetachObserver,CONSTANT
io.reactivex.internal.operators.observable.ObservableMaterialize$MaterializeObserver,CONSTANT
io.reactivex.internal.operators.observable.ObservableAll$AllObserver,CONSTANT
io.reactivex.internal.operators.observable.ObservableFlatMapCompletable$FlatMapCompletableMainObserver$InnerObserver,CONSTANT
io.reactivex.internal.operators.observable.ObservableTimeoutTimed$TimeoutTimedOtherObserver$SubscribeNext,CONSTANT
io.reactivex.internal.operators.observable.ObservableAny$AnyObserver,CONSTANT
io.reactivex.internal.operators.observable.ObservableUsing$UsingObserver,CONSTANT
io.reactivex.internal.operators.observable.ObservableCreate$SerializedEmitter,CONSTANT
io.reactivex.internal.operators.observable.ObservableZip$ZipObserver,CONSTANT
io.reactivex.internal.operators.observable.ObservableSampleWithObservable$SampleMainNoLast,CONSTANT
io.reactivex.internal.operators.observable.BlockingObservableMostRecent,CONSTANT
io.reactivex.internal.operators.observable.ObservableBufferBoundarySupplier$BufferBoundarySupplierObserver,CONSTANT
io.reactivex.internal.operators.observable.ObservableWindowBoundarySupplier$WindowBoundaryMainObserver,CONSTANT
io.reactivex.internal.operators.observable.ObservableWindowTimed$WindowExactBoundedObserver,CONSTANT
io.reactivex.internal.operators.observable.ObservableWithLatestFrom$WithLastFrom,CONSTANT
io.reactivex.internal.operators.observable.ObservableToList,CONSTANT
io.reactivex.internal.operators.observable.ObservableGroupBy$State,CONSTANT
io.reactivex.internal.operators.observable.ObservableBlockingSubscribe,CONSTANT
io.reactivex.internal.operators.observable.ObservableCache$CacheState,CONSTANT
io.reactivex.internal.operators.observable.ObservableLastMaybe$LastObserver,CONSTANT
io.reactivex.internal.operators.observable.ObservableIgnoreElements$IgnoreObservable,CONSTANT
io.reactivex.internal.operators.observable.ObservableFilter$FilterObserver,CONSTANT
io.reactivex.internal.operators.observable.ObservableInternalHelper$FlatMapWithCombinerOuter,CONSTANT
io.reactivex.internal.operators.observable.ObservableTimeout$TimeoutOtherObserver,CONSTANT
io.reactivex.internal.operators.observable.ObservableAny,CONSTANT
io.reactivex.internal.operators.observable.BlockingObservableMostRecent$MostRecentObserver,CONSTANT
io.reactivex.internal.operators.observable.ObservableTakeWhile$TakeWhileObserver,CONSTANT
io.reactivex.internal.operators.observable.ObservableRepeatWhen$RepeatWhenObserver$InnerRepeatObserver,CONSTANT
io.reactivex.internal.operators.observable.ObservableSequenceEqual$EqualCoordinator,CONSTANT
io.reactivex.internal.operators.observable.ObservableInternalHelper$ZipIterableFunction,CONSTANT
io.reactivex.internal.operators.observable.BlockingObservableIterable,CONSTANT
io.reactivex.internal.operators.observable.ObservableScan$ScanObserver,CONSTANT
io.reactivex.internal.operators.observable.ObservableCollectSingle$CollectObserver,CONSTANT
io.reactivex.internal.operators.observable.ObservableFlatMapCompletableCompletable$FlatMapCompletableMainObserver,CONSTANT
io.reactivex.internal.operators.observable.ObservableDelaySubscriptionOther$DelayObserver$OnComplete,CONSTANT
io.reactivex.internal.operators.observable.BlockingObservableNext$NextObserver,CONSTANT
io.reactivex.internal.operators.observable.ObservableFlattenIterable$FlattenIterableObserver,CONSTANT
io.reactivex.internal.operators.observable.ObservableSequenceEqual,CONSTANT
io.reactivex.internal.operators.observable.ObservableSkipUntil$SkipUntil,CONSTANT
io.reactivex.internal.operators.observable.ObservableGroupBy$GroupedUnicast,CONSTANT
io.reactivex.internal.operators.observable.ObservableFlatMapCompletable$FlatMapCompletableMainObserver,CONSTANT
io.reactivex.internal.operators.observable.ObservableDelay$DelayObserver,CONSTANT
io.reactivex.internal.operators.observable.ObservableInternalHelper$ItemDelayFunction,CONSTANT
io.reactivex.internal.operators.observable.ObservableOnErrorReturn$OnErrorReturnObserver,CONSTANT
io.reactivex.internal.operators.observable.ObservableWindowTimed$WindowExactBoundedObserver$ConsumerIndexHolder,CONSTANT
io.reactivex.internal.operators.observable.ObservableSampleTimed$SampleTimedNoLast,CONSTANT
io.reactivex.internal.operators.observable.ObservableTimeInterval$TimeIntervalObserver,CONSTANT
io.reactivex.internal.operators.observable.ObservableIgnoreElementsCompletable$IgnoreObservable,CONSTANT
io.reactivex.internal.operators.observable.ObservableReplay$ReplayObserver,CONSTANT
io.reactivex.internal.operators.observable.ObservableScanSeed$ScanSeedObserver,CONSTANT
io.reactivex.internal.operators.observable.ObservableMapNotification$MapNotificationObserver,CONSTANT
io.reactivex.internal.operators.observable.ObserverResourceWrapper,CONSTANT
io.reactivex.internal.operators.observable.ObservableNever,CONSTANT
io.reactivex.internal.operators.observable.ObservableWindowTimed$WindowSkipObserver,CONSTANT
io.reactivex.internal.operators.observable.ObservableReplay,CONSTANT
io.reactivex.internal.operators.observable.ObservableGroupJoin$GroupJoinDisposable,CONSTANT
io.reactivex.internal.operators.observable.ObservableSwitchMap$SwitchMapInnerObserver,CONSTANT
io.reactivex.internal.operators.observable.ObservableSubscribeOn$SubscribeTask,CONSTANT
io.reactivex.internal.operators.observable.ObservableDebounceTimed$DebounceEmitter,CONSTANT
io.reactivex.internal.operators.observable.ObservableAnySingle$AnyObserver,CONSTANT
io.reactivex.internal.operators.observable.ObservableFlatMap$MergeObserver,CONSTANT
io.reactivex.internal.operators.observable.ObservableSampleWithObservable$SampleMainEmitLast,CONSTANT
io.reactivex.internal.operators.observable.ObservableWindowBoundary$WindowBoundaryMainObserver,CONSTANT
io.reactivex.internal.operators.observable.ObservableWindowBoundarySelector$OperatorWindowBoundaryOpenObserver,CONSTANT
io.reactivex.internal.operators.observable.BlockingObservableNext,CONSTANT
io.reactivex.internal.operators.observable.ObservableInterval$IntervalObserver,CONSTANT
io.reactivex.internal.operators.observable.ObservableBufferBoundary$BufferOpenObserver,CONSTANT
io.reactivex.internal.operators.observable.ObservableZip$ZipCoordinator,CONSTANT
io.reactivex.internal.operators.observable.ObservableReplay$SizeBoundReplayBuffer,CONSTANT
io.reactivex.internal.operators.observable.BlockingObservableIterable$BlockingObservableIterator,CONSTANT
io.reactivex.internal.operators.observable.ObservableInternalHelper$ReplayCallable,CONSTANT
io.reactivex.internal.operators.observable.ObservableTakeUntil$TakeUntilObserver,CONSTANT
io.reactivex.internal.operators.observable.ObservableWithLatestFromMany$SingletonArrayFunc,CONSTANT
io.reactivex.internal.operators.observable.ObservableScalarXMap$ScalarDisposable,CONSTANT
io.reactivex.internal.operators.observable.ObservableFlatMapSingle$FlatMapSingleObserver,CONSTANT
io.reactivex.internal.operators.observable.ObservableTimeout$TimeoutInnerObserver,CONSTANT
io.reactivex.internal.operators.observable.ObservableInternalHelper$ErrorMapperFilter,ENUM
io.reactivex.internal.operators.observable.ObservableBufferTimed$BufferSkipBoundedObserver$RemoveFromBufferEmit,CONSTANT
io.reactivex.internal.operators.observable.ObservableTakeLastOne$TakeLastOneObserver,CONSTANT
io.reactivex.internal.operators.observable.ObservableAmb$AmbCoordinator,CONSTANT
io.reactivex.internal.operators.observable.ObservableInternalHelper$TimedReplayCallable,CONSTANT
io.reactivex.internal.operators.observable.ObservableDelay$DelayObserver$OnError,CONSTANT
io.reactivex.internal.operators.observable.ObservableCollect,CONSTANT
io.reactivex.internal.operators.observable.ObservableRangeLong$RangeDisposable,CONSTANT
io.reactivex.internal.operators.observable.ObservableWindowBoundary$WindowBoundaryInnerObserver,CONSTANT
io.reactivex.internal.operators.observable.ObservableReplay$BufferSupplier,INTERFACE
io.reactivex.internal.operators.observable.ObservableTimeoutTimed$EmptyDisposable,CONSTANT
io.reactivex.internal.operators.observable.ObservableJoin$JoinDisposable,CONSTANT
io.reactivex.internal.operators.observable.ObservableTimeoutTimed$TimeoutTimedObserver,CONSTANT
io.reactivex.internal.operators.observable.ObservableCache$ReplayDisposable,CONSTANT
io.reactivex.internal.operators.observable.ObservableDebounceTimed$DebounceTimedObserver,CONSTANT
io.reactivex.internal.operators.observable.ObservableInternalHelper$FlatMapWithCombinerInner,CONSTANT
io.reactivex.internal.operators.observable.ObservableBufferTimed$BufferExactBoundedObserver,CONSTANT
io.reactivex.internal.operators.observable.ObservableSingleSingle$SingleElementObserver,CONSTANT
io.reactivex.internal.operators.observable.ObservableRepeatWhen$RepeatWhenObserver,CONSTANT
io.reactivex.internal.operators.observable.ObservableTakeUntil$TakeUntil,CONSTANT
io.reactivex.internal.operators.observable.ObservableDistinctUntilChanged$DistinctUntilChangedObserver,CONSTANT
io.reactivex.internal.operators.observable.ObservableCombineLatest$LatestCoordinator,CONSTANT
io.reactivex.internal.operators.observable.ObservableOnErrorNext$OnErrorNextObserver,CONSTANT
io.reactivex.internal.operators.observable.ObservableDelaySubscriptionOther$DelayObserver,CONSTANT
io.reactivex.internal.operators.observable.ObservablePublishSelector$TargetObserver,CONSTANT
io.reactivex.internal.operators.observable.ObservableConcatMapEager$ConcatMapEagerMainObserver,CONSTANT
io.reactivex.internal.operators.observable.ObservableInternalHelper$RetryWhenInner,CONSTANT
io.reactivex.internal.operators.observable.ObservableObserveOn$ObserveOnObserver,CONSTANT
io.reactivex.internal.operators.observable.ObservableRetryWhen$RepeatWhenObserver$InnerRepeatObserver,CONSTANT
io.reactivex.internal.operators.observable.ObservableEmpty,CONSTANT
io.reactivex.internal.operators.observable.ObservableBufferTimed$BufferSkipBoundedObserver$RemoveFromBuffer,CONSTANT
io.reactivex.internal.operators.observable.ObservableBufferExactBoundary$BufferExactBoundaryObserver,CONSTANT
io.reactivex.internal.operators.observable.ObservableSwitchMap$SwitchMapObserver,CONSTANT
io.reactivex.internal.operators.observable.ObservableBufferExactBoundary$BufferBoundaryObserver,CONSTANT
io.reactivex.internal.operators.observable.ObservableInternalHelper$FlatMapIntoIterable,CONSTANT
io.reactivex.internal.operators.completable.CompletableMergeDelayErrorArray$MergeInnerCompletableObserver,CONSTANT
io.reactivex.internal.operators.completable.CompletableUsing$UsingObserver,CONSTANT
io.reactivex.internal.operators.completable.CompletableFromUnsafeSource,CONSTANT
io.reactivex.internal.operators.completable.CompletableDoFinally$DoFinallyObserver,CONSTANT
io.reactivex.internal.operators.completable.CompletableDisposeOn,CONSTANT
io.reactivex.internal.operators.completable.CompletableLift,CONSTANT
io.reactivex.internal.operators.completable.CompletableCache,CONSTANT
io.reactivex.internal.operators.completable.CompletableAmb,CONSTANT
io.reactivex.internal.operators.completable.CompletableConcatArray$ConcatInnerObserver,CONSTANT
io.reactivex.internal.operators.completable.CompletableFromSingle$CompletableFromSingleObserver,CONSTANT
io.reactivex.internal.operators.completable.CompletableCreate,CONSTANT
io.reactivex.internal.operators.completable.CompletableMergeIterable$MergeCompletableObserver,CONSTANT
io.reactivex.internal.operators.completable.CompletableDefer,CONSTANT
io.reactivex.internal.operators.completable.CompletablePeek$CompletableObserverImplementation,CONSTANT
io.reactivex.internal.operators.completable.CompletableOnErrorComplete,CONSTANT
io.reactivex.internal.operators.completable.CompletableTimer$TimerDisposable,CONSTANT
io.reactivex.internal.operators.completable.CompletableObserveOn,CONSTANT
io.reactivex.internal.operators.completable.CompletableTimeout$TimeOutObserver,CONSTANT
io.reactivex.internal.operators.completable.CompletableHide,CONSTANT
io.reactivex.internal.operators.completable.CompletableDoOnEvent,CONSTANT
io.reactivex.internal.operators.completable.CompletableAmb$Amb,CONSTANT
io.reactivex.internal.operators.completable.CompletableMerge$CompletableMergeSubscriber,CONSTANT
io.reactivex.internal.operators.completable.CompletableMergeArray$InnerCompletableObserver,CONSTANT
io.reactivex.internal.operators.completable.CompletableDelay$Delay$OnComplete,CONSTANT
io.reactivex.internal.operators.completable.CompletableFromCallable,CONSTANT
io.reactivex.internal.operators.completable.CompletableMergeDelayErrorArray,CONSTANT
io.reactivex.internal.operators.completable.CompletableFromObservable,CONSTANT
io.reactivex.internal.operators.completable.CompletableMergeIterable,CONSTANT
io.reactivex.internal.operators.completable.CompletableToFlowable,CONSTANT
io.reactivex.internal.operators.completable.CompletableTimeout,CONSTANT
io.reactivex.internal.operators.completable.CompletableDoOnEvent$DoOnEvent,CONSTANT
io.reactivex.internal.operators.completable.CompletableSubscribeOn,CONSTANT
io.reactivex.internal.operators.completable.CompletableDelay$Delay$OnError,CONSTANT
io.reactivex.internal.operators.completable.CompletableMerge,CONSTANT
io.reactivex.internal.operators.completable.CompletableConcat$CompletableConcatSubscriber,CONSTANT
io.reactivex.internal.operators.completable.CompletableConcatIterable,CONSTANT
io.reactivex.internal.operators.completable.CompletableFromSingle,CONSTANT
io.reactivex.internal.operators.completable.CompletableDoFinally,CONSTANT
io.reactivex.internal.operators.completable.CompletableToObservable$ObserverCompletableObserver,CONSTANT
io.reactivex.internal.operators.completable.CompletableToSingle$ToSingle,CONSTANT
io.reactivex.internal.operators.completable.CompletableUsing,CONSTANT
io.reactivex.internal.operators.completable.CompletableFromRunnable,CONSTANT
io.reactivex.internal.operators.completable.CompletableErrorSupplier,CONSTANT
io.reactivex.internal.operators.completable.CompletableResumeNext$ResumeNext$OnErrorObserver,CONSTANT
io.reactivex.internal.operators.completable.CompletableOnErrorComplete$OnError,CONSTANT
io.reactivex.internal.operators.completable.CompletableResumeNext,CONSTANT
io.reactivex.internal.operators.completable.CompletableDelay,CONSTANT
io.reactivex.internal.operators.completable.CompletableCache$InnerCompletableCache,CONSTANT
io.reactivex.internal.operators.completable.CompletableError,CONSTANT
io.reactivex.internal.operators.completable.CompletableTimeout$DisposeTask$DisposeObserver,CONSTANT
io.reactivex.internal.operators.completable.CompletableFromObservable$CompletableFromObservableObserver,CONSTANT
io.reactivex.internal.operators.completable.CompletableDelay$Delay,CONSTANT
io.reactivex.internal.operators.completable.CompletableConcat$CompletableConcatSubscriber$ConcatInnerObserver,CONSTANT
io.reactivex.internal.operators.completable.CompletableNever,CONSTANT
io.reactivex.internal.operators.completable.CompletableConcatIterable$ConcatInnerObserver,CONSTANT
io.reactivex.internal.operators.completable.CompletableToObservable,CONSTANT
io.reactivex.internal.operators.completable.CompletableMerge$CompletableMergeSubscriber$MergeInnerObserver,CONSTANT
io.reactivex.internal.operators.completable.CompletableHide$HideCompletableObserver,CONSTANT
io.reactivex.internal.operators.completable.CompletableTimer,CONSTANT
io.reactivex.internal.operators.completable.CompletableToSingle,CONSTANT
io.reactivex.internal.operators.completable.CompletableDisposeOn$CompletableObserverImplementation,CONSTANT
io.reactivex.internal.operators.completable.CompletableSubscribeOn$SubscribeOnObserver,CONSTANT
io.reactivex.internal.operators.completable.CompletableMergeArray,CONSTANT
io.reactivex.internal.operators.completable.CompletableConcatArray,CONSTANT
io.reactivex.internal.operators.completable.CompletableObserveOn$ObserveOnCompletableObserver,CONSTANT
io.reactivex.internal.operators.completable.CompletableMergeDelayErrorIterable,CONSTANT
io.reactivex.internal.operators.completable.CompletableResumeNext$ResumeNext,CONSTANT
io.reactivex.internal.operators.completable.CompletableCreate$Emitter,CONSTANT
io.reactivex.internal.operators.completable.CompletableTimeout$DisposeTask,CONSTANT
io.reactivex.internal.operators.completable.CompletableConcat,CONSTANT
io.reactivex.internal.operators.completable.CompletableEmpty,CONSTANT
io.reactivex.internal.operators.completable.CompletableFromAction,CONSTANT
io.reactivex.internal.operators.completable.CompletableFromPublisher$FromPublisherSubscriber,CONSTANT
io.reactivex.internal.operators.completable.CompletableFromPublisher,CONSTANT
io.reactivex.internal.operators.completable.CompletablePeek,CONSTANT
io.reactivex.internal.util.BlockingHelper,CONSTANT
io.reactivex.internal.util.QueueDrainHelper,CONSTANT
io.reactivex.internal.util.ObservableQueueDrain,INTERFACE
io.reactivex.internal.util.SuppressAnimalSniffer,ANNOTATION
io.reactivex.internal.util.BlockingIgnoringReceiver,CONSTANT
io.reactivex.internal.util.ArrayListSupplier,ENUM
io.reactivex.internal.util.SorterFunction,CONSTANT
io.reactivex.internal.util.EmptyComponent,ENUM
io.reactivex.internal.util.NotificationLite$DisposableNotification,CONSTANT
io.reactivex.internal.util.ConnectConsumer,CONSTANT
io.reactivex.internal.util.MergerBiFunction,CONSTANT
io.reactivex.internal.util.HashMapSupplier,ENUM
io.reactivex.internal.util.QueueDrain,INTERFACE
io.reactivex.internal.util.EndConsumerHelper,CONSTANT
io.reactivex.internal.util.NotificationLite$SubscriptionNotification,CONSTANT
io.reactivex.internal.util.ListAddBiConsumer,ENUM
io.reactivex.internal.disposables.ListCompositeDisposable,CONSTANT
io.reactivex.internal.disposables.ArrayCompositeDisposable,CONSTANT
io.reactivex.internal.disposables.ObserverFullArbiter,CONSTANT
io.reactivex.internal.disposables.EmptyDisposable,ENUM
io.reactivex.internal.disposables.CancellableDisposable,CONSTANT
io.reactivex.internal.subscriptions.ArrayCompositeSubscription,CONSTANT
io.reactivex.internal.subscriptions.EmptySubscription,ENUM
io.reactivex.internal.subscriptions.AsyncSubscription,CONSTANT
io.reactivex.internal.subscriptions.FullArbiter,CONSTANT
io.reactivex.internal.subscriptions.ScalarSubscription,CONSTANT
io.reactivex.internal.subscriptions.BooleanSubscription,CONSTANT
io.reactivex.internal.subscriptions.FullArbiter$InitialSubscription,CONSTANT
io.reactivex.internal.queue.MpscLinkedQueue,CONSTANT
io.reactivex.internal.queue.SpscLinkedArrayQueue,CONSTANT
io.reactivex.internal.queue.MpscLinkedQueue$LinkedQueueNode,CONSTANT
io.reactivex.internal.functions.Functions$HashSetCallable,ENUM
io.reactivex.internal.functions.Functions$Array7Func,CONSTANT
io.reactivex.internal.functions.Functions$FutureAction,CONSTANT
io.reactivex.internal.functions.Functions$ToMapKeySelector,CONSTANT
io.reactivex.internal.functions.Functions$JustValue,CONSTANT
io.reactivex.internal.functions.Functions$NaturalComparator,ENUM
io.reactivex.internal.functions.Functions$ToMultimapKeyValueSelector,CONSTANT
io.reactivex.internal.functions.Functions$ArrayListCapacityCallable,CONSTANT
io.reactivex.internal.functions.Functions$BooleanSupplierPredicateReverse,CONSTANT
io.reactivex.internal.functions.Functions$ToMapKeyValueSelector,CONSTANT
io.reactivex.internal.functions.Functions$ClassFilter,CONSTANT
io.reactivex.internal.functions.Functions$Array6Func,CONSTANT
io.reactivex.internal.functions.Functions$NotificationOnComplete,CONSTANT
io.reactivex.internal.functions.Functions$NotificationOnNext,CONSTANT
io.reactivex.internal.functions.Functions$NotificationOnError,CONSTANT
io.reactivex.internal.functions.Functions$CastToClass,CONSTANT
io.reactivex.internal.functions.Functions$Array5Func,CONSTANT
io.reactivex.internal.functions.Functions$ListSorter,CONSTANT
io.reactivex.internal.functions.Functions$Array8Func,CONSTANT
io.reactivex.internal.functions.Functions$Array3Func,CONSTANT
io.reactivex.internal.functions.Functions$ActionConsumer,CONSTANT
io.reactivex.internal.functions.Functions$TimestampFunction,CONSTANT
io.reactivex.internal.functions.Functions$Array4Func,CONSTANT
io.reactivex.internal.functions.Functions$Array9Func,CONSTANT
io.reactivex.internal.functions.Functions$Array2Func,CONSTANT
io.reactivex.internal.subscribers.InnerQueuedSubscriberSupport,INTERFACE
io.reactivex.internal.subscribers.InnerQueuedSubscriber,CONSTANT
io.reactivex.internal.subscribers.BlockingFirstSubscriber,CONSTANT
io.reactivex.internal.subscribers.BlockingSubscriber,CONSTANT
io.reactivex.internal.subscribers.SubscriberResourceWrapper,CONSTANT
io.reactivex.internal.subscribers.FutureSubscriber,CONSTANT
io.reactivex.internal.subscribers.ForEachWhileSubscriber,CONSTANT
io.reactivex.internal.subscribers.FullArbiterSubscriber,CONSTANT
io.reactivex.internal.subscribers.BlockingLastSubscriber,CONSTANT
io.reactivex.internal.observers.BiConsumerSingleObserver,CONSTANT
io.reactivex.internal.observers.FutureSingleObserver,CONSTANT
io.reactivex.internal.observers.ConsumerSingleObserver,CONSTANT
io.reactivex.internal.observers.SubscriberCompletableObserver,CONSTANT
io.reactivex.internal.observers.ForEachWhileObserver,CONSTANT
io.reactivex.internal.observers.EmptyCompletableObserver,CONSTANT
io.reactivex.internal.observers.FullArbiterObserver,CONSTANT
io.reactivex.internal.observers.BlockingFirstObserver,CONSTANT
io.reactivex.internal.observers.BlockingObserver,CONSTANT
io.reactivex.internal.observers.InnerQueuedObserverSupport,INTERFACE
io.reactivex.internal.observers.BlockingLastObserver,CONSTANT
io.reactivex.internal.observers.ResumeSingleObserver,CONSTANT
io.reactivex.internal.observers.InnerQueuedObserver,CONSTANT
io.reactivex.internal.observers.BlockingMultiObserver,CONSTANT
io.reactivex.internal.observers.FutureObserver,CONSTANT
io.reactivex.internal.observers.CallbackCompletableObserver,CONSTANT
io.reactivex.internal.schedulers.SchedulerPoolFactory$ScheduledTask,CONSTANT
io.reactivex.internal.schedulers.ComputationScheduler$FixedSchedulerPool,CONSTANT
io.reactivex.internal.schedulers.DisposeOnCancel,CONSTANT
io.reactivex.internal.schedulers.IoScheduler$CachedWorkerPool,CONSTANT
io.reactivex.internal.schedulers.ExecutorScheduler$DelayedRunnable,CONSTANT
io.reactivex.internal.schedulers.TrampolineScheduler,CONSTANT
io.reactivex.internal.schedulers.ExecutorScheduler$DelayedDispose,CONSTANT
io.reactivex.internal.schedulers.RxThreadFactory$RxCustomThread,CONSTANT
io.reactivex.internal.schedulers.SchedulerPoolFactory,CONSTANT
io.reactivex.internal.schedulers.RxThreadFactory,CONSTANT
io.reactivex.internal.schedulers.TrampolineScheduler$TrampolineWorker$AppendToQueueTask,CONSTANT
io.reactivex.internal.schedulers.TrampolineScheduler$TimedRunnable,CONSTANT
io.reactivex.internal.schedulers.ScheduledRunnable,CONSTANT
io.reactivex.internal.schedulers.ExecutorScheduler$ExecutorWorker$BooleanRunnable,CONSTANT
io.reactivex.internal.schedulers.InstantPeriodicTask,CONSTANT
io.reactivex.internal.schedulers.SchedulerWhen$CreateWorkerFunction,CONSTANT
io.reactivex.internal.schedulers.NonBlockingThread,INTERFACE
io.reactivex.internal.schedulers.ScheduledDirectPeriodicTask,CONSTANT
io.reactivex.internal.schedulers.ExecutorScheduler$ExecutorWorker$SequentialDispose,CONSTANT
io.reactivex.internal.schedulers.ImmediateThinScheduler,CONSTANT
io.reactivex.internal.schedulers.TrampolineScheduler$SleepingRunnable,CONSTANT
io.reactivex.internal.schedulers.SchedulerWhen$SubscribedDisposable,CONSTANT
io.reactivex.internal.schedulers.ScheduledDirectTask,CONSTANT
io.reactivex.internal.schedulers.ExecutorScheduler,CONSTANT
io.reactivex.internal.schedulers.SchedulerWhen$CreateWorkerFunction$WorkerCompletable,CONSTANT
io.reactivex.ObservableOperator,INTERFACE
io.reactivex.MaybeOperator,INTERFACE
io.reactivex.CompletableTransformer,INTERFACE
io.reactivex.Scheduler$Worker$PeriodicTask,CONSTANT
io.reactivex.MaybeOnSubscribe,INTERFACE
io.reactivex.exceptions.CompositeException$WrappedPrintWriter,CONSTANT
io.reactivex.exceptions.CompositeException$CompositeExceptionCausalChain,CONSTANT
io.reactivex.exceptions.CompositeException$WrappedPrintStream,CONSTANT
io.reactivex.annotations.NonNull,ANNOTATION
io.reactivex.annotations.BackpressureSupport,ANNOTATION
io.reactivex.annotations.Experimental,ANNOTATION
io.reactivex.annotations.Beta,ANNOTATION
io.reactivex.annotations.CheckReturnValue,ANNOTATION
io.reactivex.annotations.BackpressureKind,ENUM
io.reactivex.annotations.SchedulerSupport,ANNOTATION
io.reactivex.annotations.Nullable,ANNOTATION
io.reactivex.MaybeTransformer,INTERFACE
io.reactivex.Scheduler$DisposeTask,CONSTANT
io.reactivex.processors.BehaviorProcessor,CONSTANT
io.reactivex.processors.ReplayProcessor$SizeBoundReplayBuffer,CONSTANT
io.reactivex.processors.UnicastProcessor,CONSTANT
io.reactivex.processors.AsyncProcessor,CONSTANT
io.reactivex.processors.ReplayProcessor$Node,CONSTANT
io.reactivex.processors.ReplayProcessor$UnboundedReplayBuffer,CONSTANT
io.reactivex.processors.ReplayProcessor,CONSTANT
io.reactivex.processors.ReplayProcessor$ReplayBuffer,INTERFACE
io.reactivex.processors.ReplayProcessor$SizeAndTimeBoundReplayBuffer,CONSTANT
io.reactivex.processors.BehaviorProcessor$BehaviorSubscription,CONSTANT
io.reactivex.processors.ReplayProcessor$ReplaySubscription,CONSTANT
io.reactivex.processors.ReplayProcessor$TimedNode,CONSTANT
io.reactivex.CompletableOnSubscribe,INTERFACE
io.reactivex.subjects.ReplaySubject$SizeAndTimeBoundReplayBuffer,CONSTANT
io.reactivex.subjects.BehaviorSubject,CONSTANT
io.reactivex.subjects.ReplaySubject,CONSTANT
io.reactivex.subjects.AsyncSubject,CONSTANT
io.reactivex.subjects.CompletableSubject$CompletableDisposable,CONSTANT
io.reactivex.subjects.ReplaySubject$UnboundedReplayBuffer,CONSTANT
io.reactivex.subjects.ReplaySubject$Node,CONSTANT
io.reactivex.subjects.MaybeSubject,CONSTANT
io.reactivex.subjects.ReplaySubject$TimedNode,CONSTANT
io.reactivex.subjects.ReplaySubject$SizeBoundReplayBuffer,CONSTANT
io.reactivex.subjects.SingleSubject,CONSTANT
io.reactivex.subjects.UnicastSubject,CONSTANT
io.reactivex.subjects.ReplaySubject$ReplayBuffer,INTERFACE
io.reactivex.subjects.MaybeSubject$MaybeDisposable,CONSTANT
io.reactivex.subjects.ReplaySubject$ReplayDisposable,CONSTANT
io.reactivex.subjects.CompletableSubject,CONSTANT
io.reactivex.subjects.SingleSubject$SingleDisposable,CONSTANT
io.reactivex.subjects.BehaviorSubject$BehaviorDisposable,CONSTANT
io.reactivex.functions.Function6,INTERFACE
io.reactivex.functions.BooleanSupplier,INTERFACE
io.reactivex.functions.Function4,INTERFACE
io.reactivex.functions.Function5,INTERFACE
io.reactivex.functions.Function7,INTERFACE
io.reactivex.functions.Function3,INTERFACE
io.reactivex.functions.Cancellable,INTERFACE
io.reactivex.functions.Function9,INTERFACE
io.reactivex.functions.Function8,INTERFACE
io.reactivex.functions.IntFunction,INTERFACE
io.reactivex.CompletableEmitter,INTERFACE
io.reactivex.Notification,CONSTANT
io.reactivex.SingleTransformer,INTERFACE
io.reactivex.subscribers.SafeSubscriber,CONSTANT
io.reactivex.subscribers.SerializedSubscriber,CONSTANT
io.reactivex.CompletableOperator,INTERFACE
io.reactivex.ObservableEmitter,INTERFACE
io.reactivex.SingleEmitter,INTERFACE
io.reactivex.observers.SafeObserver,CONSTANT
io.reactivex.observers.SerializedObserver,CONSTANT
io.reactivex.observers.BaseTestConsumer$TestWaitStrategy,ENUM
io.reactivex.ObservableOnSubscribe,INTERFACE
io.reactivex.schedulers.Schedulers$ComputationTask,CONSTANT
io.reactivex.schedulers.Schedulers$IOTask,CONSTANT
io.reactivex.schedulers.Schedulers$SingleHolder,CONSTANT
io.reactivex.schedulers.TestScheduler$TestWorker$QueueRemove,CONSTANT
io.reactivex.schedulers.TestScheduler,CONSTANT
io.reactivex.schedulers.Schedulers$SingleTask,CONSTANT
io.reactivex.schedulers.Schedulers$ComputationHolder,CONSTANT
io.reactivex.schedulers.Schedulers$NewThreadHolder,CONSTANT
io.reactivex.schedulers.Schedulers$NewThreadTask,CONSTANT
io.reactivex.schedulers.Schedulers$IoHolder,CONSTANT
io.reactivex.schedulers.Timed,CONSTANT
io.reactivex.schedulers.TestScheduler$TimedRunnable,CONSTANT
io.reactivex.schedulers.Schedulers,CONSTANT
io.reactivex.Emitter,INTERFACE
io.reactivex.BackpressureOverflowStrategy,ENUM
io.reactivex.SingleOperator,INTERFACE
