{
"io.reactivex.Flowable": ["<clinit>()V","Flowable()V","startWith(Ljava/lang/Iterable;)Lio/reactivex/Flowable;","fromIterable(Ljava/lang/Iterable;)Lio/reactivex/Flowable;","concatArray([Lorg/reactivestreams/Publisher;)Lio/reactivex/Flowable;","compose(Lio/reactivex/FlowableTransformer;)Lio/reactivex/Flowable;","doOnEach(Lorg/reactivestreams/Subscriber;)Lio/reactivex/Flowable;","doOnEach(Lio/reactivex/functions/Consumer;Lio/reactivex/functions/Consumer;Lio/reactivex/functions/Action;Lio/reactivex/functions/Action;)Lio/reactivex/Flowable;","share()Lio/reactivex/Flowable;","publish()Lio/reactivex/flowables/ConnectableFlowable;","bufferSize()I","publish(I)Lio/reactivex/flowables/ConnectableFlowable;","fromPublisher(Lorg/reactivestreams/Publisher;)Lio/reactivex/Flowable;","subscribe(Lio/reactivex/FlowableSubscriber;)V","subscribe(Lorg/reactivestreams/Subscriber;)V","subscribe()Lio/reactivex/disposables/Disposable;","subscribe(Lio/reactivex/functions/Consumer;Lio/reactivex/functions/Consumer;Lio/reactivex/functions/Action;Lio/reactivex/functions/Consumer;)Lio/reactivex/disposables/Disposable;","subscribe(Lio/reactivex/functions/Consumer;)Lio/reactivex/disposables/Disposable;","doOnSubscribe(Lio/reactivex/functions/Consumer;)Lio/reactivex/Flowable;","doOnLifecycle(Lio/reactivex/functions/Consumer;Lio/reactivex/functions/LongConsumer;Lio/reactivex/functions/Action;)Lio/reactivex/Flowable;","doOnCancel(Lio/reactivex/functions/Action;)Lio/reactivex/Flowable;","subscribeWith(Lorg/reactivestreams/Subscriber;)Lorg/reactivestreams/Subscriber;"],
"io.reactivex.processors.PublishProcessor": ["<clinit>()V","create()Lio/reactivex/processors/PublishProcessor;","PublishProcessor()V","subscribeActual(Lorg/reactivestreams/Subscriber;)V","add(Lio/reactivex/processors/PublishProcessor$PublishSubscription;)Z","onError(Ljava/lang/Throwable;)V","onNext(Ljava/lang/Object;)V","remove(Lio/reactivex/processors/PublishProcessor$PublishSubscription;)V","onComplete()V"],
"io.reactivex.processors.FlowableProcessor": ["FlowableProcessor()V"],
"io.reactivex.internal.functions.ObjectHelper": ["<clinit>()V","requireNonNull(Ljava/lang/Object;Ljava/lang/String;)Ljava/lang/Object;","verifyPositive(ILjava/lang/String;)I","equals(Ljava/lang/Object;Ljava/lang/Object;)Z"],
"io.reactivex.internal.functions.ObjectHelper$BiObjectPredicate": ["ObjectHelper$BiObjectPredicate()V"],
"io.reactivex.internal.operators.flowable.FlowableFromIterable": ["FlowableFromIterable(Ljava/lang/Iterable;)V","subscribeActual(Lorg/reactivestreams/Subscriber;)V","subscribe(Lorg/reactivestreams/Subscriber;Ljava/util/Iterator;)V"],
"io.reactivex.plugins.RxJavaPlugins": ["onAssembly(Lio/reactivex/Flowable;)Lio/reactivex/Flowable;","onAssembly(Lio/reactivex/flowables/ConnectableFlowable;)Lio/reactivex/flowables/ConnectableFlowable;","onSubscribe(Lio/reactivex/Flowable;Lorg/reactivestreams/Subscriber;)Lorg/reactivestreams/Subscriber;","onAssembly(Lio/reactivex/Observable;)Lio/reactivex/Observable;","onAssembly(Lio/reactivex/observables/ConnectableObservable;)Lio/reactivex/observables/ConnectableObservable;","onSubscribe(Lio/reactivex/Observable;Lio/reactivex/Observer;)Lio/reactivex/Observer;"],
"io.reactivex.internal.operators.flowable.FlowableConcatArray": ["FlowableConcatArray([Lorg/reactivestreams/Publisher;Z)V","subscribeActual(Lorg/reactivestreams/Subscriber;)V"],
"com.jakewharton.rx.ReplayingShare": ["<clinit>()V","ReplayingShare()V","instance()Lcom/jakewharton/rx/ReplayingShare;","apply(Lio/reactivex/Flowable;)Lorg/reactivestreams/Publisher;","apply(Lio/reactivex/Flowable;)Lio/reactivex/Flowable;","apply(Lio/reactivex/Observable;)Lio/reactivex/ObservableSource;","apply(Lio/reactivex/Observable;)Lio/reactivex/Observable;"],
"com.jakewharton.rx.ReplayingShare$LastSeen": ["ReplayingShare$LastSeen()V","onNext(Ljava/lang/Object;)V","onError(Ljava/lang/Throwable;)V","onComplete()V"],
"io.reactivex.internal.operators.flowable.FlowableInternalHelper": ["subscriberOnNext(Lorg/reactivestreams/Subscriber;)Lio/reactivex/functions/Consumer;","subscriberOnError(Lorg/reactivestreams/Subscriber;)Lio/reactivex/functions/Consumer;","subscriberOnComplete(Lorg/reactivestreams/Subscriber;)Lio/reactivex/functions/Action;"],
"io.reactivex.internal.operators.flowable.FlowableInternalHelper$SubscriberOnNext": ["FlowableInternalHelper$SubscriberOnNext(Lorg/reactivestreams/Subscriber;)V","accept(Ljava/lang/Object;)V"],
"io.reactivex.internal.operators.flowable.FlowableInternalHelper$SubscriberOnError": ["FlowableInternalHelper$SubscriberOnError(Lorg/reactivestreams/Subscriber;)V","accept(Ljava/lang/Object;)V","accept(Ljava/lang/Throwable;)V"],
"io.reactivex.internal.operators.flowable.FlowableInternalHelper$SubscriberOnComplete": ["FlowableInternalHelper$SubscriberOnComplete(Lorg/reactivestreams/Subscriber;)V","run()V"],
"io.reactivex.internal.functions.Functions": ["<clinit>()V","equalsWith(Ljava/lang/Object;)Lio/reactivex/functions/Predicate;","emptyConsumer()Lio/reactivex/functions/Consumer;","identity()Lio/reactivex/functions/Function;"],
"io.reactivex.internal.functions.Functions$Identity": ["Functions$Identity()V","apply(Ljava/lang/Object;)Ljava/lang/Object;"],
"io.reactivex.internal.functions.Functions$EmptyRunnable": ["Functions$EmptyRunnable()V"],
"io.reactivex.internal.functions.Functions$EmptyAction": ["Functions$EmptyAction()V","run()V"],
"io.reactivex.internal.functions.Functions$EmptyConsumer": ["Functions$EmptyConsumer()V","accept(Ljava/lang/Object;)V"],
"io.reactivex.internal.functions.Functions$ErrorConsumer": ["Functions$ErrorConsumer()V"],
"io.reactivex.internal.functions.Functions$OnErrorMissingConsumer": ["Functions$OnErrorMissingConsumer()V"],
"io.reactivex.internal.functions.Functions$EmptyLongConsumer": ["Functions$EmptyLongConsumer()V","accept(J)V"],
"io.reactivex.internal.functions.Functions$TruePredicate": ["Functions$TruePredicate()V"],
"io.reactivex.internal.functions.Functions$FalsePredicate": ["Functions$FalsePredicate()V"],
"io.reactivex.internal.functions.Functions$NullCallable": ["Functions$NullCallable()V"],
"io.reactivex.internal.functions.Functions$NaturalObjectComparator": ["Functions$NaturalObjectComparator()V"],
"io.reactivex.internal.functions.Functions$MaxRequestSubscription": ["Functions$MaxRequestSubscription()V"],
"io.reactivex.internal.operators.flowable.FlowableDoOnEach": ["FlowableDoOnEach(Lio/reactivex/Flowable;Lio/reactivex/functions/Consumer;Lio/reactivex/functions/Consumer;Lio/reactivex/functions/Action;Lio/reactivex/functions/Action;)V","subscribeActual(Lorg/reactivestreams/Subscriber;)V"],
"io.reactivex.internal.operators.flowable.AbstractFlowableWithUpstream": ["AbstractFlowableWithUpstream(Lio/reactivex/Flowable;)V"],
"io.reactivex.internal.operators.flowable.FlowablePublish": ["create(Lio/reactivex/Flowable;I)Lio/reactivex/flowables/ConnectableFlowable;","FlowablePublish(Lorg/reactivestreams/Publisher;Lio/reactivex/Flowable;Ljava/util/concurrent/atomic/AtomicReference;I)V","connect(Lio/reactivex/functions/Consumer;)V","subscribeActual(Lorg/reactivestreams/Subscriber;)V"],
"io.reactivex.internal.operators.flowable.FlowablePublish$FlowablePublisher": ["FlowablePublish$FlowablePublisher(Ljava/util/concurrent/atomic/AtomicReference;I)V","subscribe(Lorg/reactivestreams/Subscriber;)V"],
"io.reactivex.flowables.ConnectableFlowable": ["ConnectableFlowable()V","refCount()Lio/reactivex/Flowable;"],
"io.reactivex.internal.operators.flowable.FlowableRefCount": ["FlowableRefCount(Lio/reactivex/flowables/ConnectableFlowable;)V","subscribeActual(Lorg/reactivestreams/Subscriber;)V","onSubscribe(Lorg/reactivestreams/Subscriber;Ljava/util/concurrent/atomic/AtomicBoolean;)Lio/reactivex/functions/Consumer;","doSubscribe(Lorg/reactivestreams/Subscriber;Lio/reactivex/disposables/CompositeDisposable;)V","disconnect(Lio/reactivex/disposables/CompositeDisposable;)Lio/reactivex/disposables/Disposable;"],
"io.reactivex.disposables.CompositeDisposable": ["CompositeDisposable()V","add(Lio/reactivex/disposables/Disposable;)Z","dispose()V","dispose(Lio/reactivex/internal/util/OpenHashSet;)V"],
"com.jakewharton.rx.ReplayingShare$LastSeenFlowable": ["ReplayingShare$LastSeenFlowable(Lio/reactivex/Flowable;Lcom/jakewharton/rx/ReplayingShare$LastSeen;)V","subscribeActual(Lorg/reactivestreams/Subscriber;)V"],
"io.reactivex.subscribers.TestSubscriber": ["TestSubscriber()V","TestSubscriber(Lorg/reactivestreams/Subscriber;J)V","onSubscribe(Lorg/reactivestreams/Subscription;)V","onStart()V","onNext(Ljava/lang/Object;)V","onError(Ljava/lang/Throwable;)V","dispose()V","cancel()V","onComplete()V","TestSubscriber(J)V","request(J)V"],
"io.reactivex.subscribers.TestSubscriber$EmptySubscriber": ["<clinit>()V","TestSubscriber$EmptySubscriber(Ljava/lang/String;I)V","onSubscribe(Lorg/reactivestreams/Subscription;)V","onNext(Ljava/lang/Object;)V","onError(Ljava/lang/Throwable;)V","onComplete()V"],
"io.reactivex.observers.BaseTestConsumer": ["BaseTestConsumer()V","assertValues([Ljava/lang/Object;)Lio/reactivex/observers/BaseTestConsumer;","assertError(Ljava/lang/Throwable;)Lio/reactivex/observers/BaseTestConsumer;","assertError(Lio/reactivex/functions/Predicate;)Lio/reactivex/observers/BaseTestConsumer;","assertNoValues()Lio/reactivex/observers/BaseTestConsumer;","assertValueCount(I)Lio/reactivex/observers/BaseTestConsumer;","assertComplete()Lio/reactivex/observers/BaseTestConsumer;"],
"io.reactivex.internal.util.VolatileSizeArrayList": ["VolatileSizeArrayList()V","add(Ljava/lang/Object;)Z","size()I","get(I)Ljava/lang/Object;","iterator()Ljava/util/Iterator;"],
"com.jakewharton.rx.ReplayingShare$LastSeenSubscriber": ["ReplayingShare$LastSeenSubscriber(Lorg/reactivestreams/Subscriber;Lcom/jakewharton/rx/ReplayingShare$LastSeen;)V","onSubscribe(Lorg/reactivestreams/Subscription;)V","request(J)V","onNext(Ljava/lang/Object;)V","onError(Ljava/lang/Throwable;)V","cancel()V","onComplete()V"],
"io.reactivex.internal.subscribers.StrictSubscriber": ["StrictSubscriber(Lorg/reactivestreams/Subscriber;)V","onSubscribe(Lorg/reactivestreams/Subscription;)V","request(J)V","onNext(Ljava/lang/Object;)V","onError(Ljava/lang/Throwable;)V","cancel()V","onComplete()V"],
"io.reactivex.internal.util.AtomicThrowable": ["AtomicThrowable()V","addThrowable(Ljava/lang/Throwable;)Z","terminate()Ljava/lang/Throwable;"],
"io.reactivex.internal.operators.flowable.FlowableRefCount$DisposeConsumer": ["FlowableRefCount$DisposeConsumer(Lio/reactivex/internal/operators/flowable/FlowableRefCount;Lorg/reactivestreams/Subscriber;Ljava/util/concurrent/atomic/AtomicBoolean;)V","accept(Ljava/lang/Object;)V","accept(Lio/reactivex/disposables/Disposable;)V"],
"io.reactivex.internal.operators.flowable.FlowablePublish$PublishSubscriber": ["<clinit>()V","FlowablePublish$PublishSubscriber(Ljava/util/concurrent/atomic/AtomicReference;I)V","isDisposed()Z","add(Lio/reactivex/internal/operators/flowable/FlowablePublish$InnerSubscriber;)Z","dispatch()V","checkTerminated(Ljava/lang/Object;Z)Z","onSubscribe(Lorg/reactivestreams/Subscription;)V","onNext(Ljava/lang/Object;)V","onError(Ljava/lang/Throwable;)V","dispose()V","remove(Lio/reactivex/internal/operators/flowable/FlowablePublish$InnerSubscriber;)V","onComplete()V"],
"io.reactivex.internal.util.OpenHashSet": ["OpenHashSet()V","OpenHashSet(IF)V","add(Ljava/lang/Object;)Z","mix(I)I","keys()[Ljava/lang/Object;"],
"io.reactivex.internal.util.Pow2": ["roundToPowerOfTwo(I)I"],
"io.reactivex.internal.operators.flowable.FlowableRefCount$DisposeTask": ["FlowableRefCount$DisposeTask(Lio/reactivex/internal/operators/flowable/FlowableRefCount;Lio/reactivex/disposables/CompositeDisposable;)V","run()V"],
"io.reactivex.disposables.Disposables": ["fromRunnable(Ljava/lang/Runnable;)Lio/reactivex/disposables/Disposable;"],
"io.reactivex.disposables.RunnableDisposable": ["RunnableDisposable(Ljava/lang/Runnable;)V","onDisposed(Ljava/lang/Object;)V","onDisposed(Ljava/lang/Runnable;)V"],
"io.reactivex.disposables.ReferenceDisposable": ["ReferenceDisposable(Ljava/lang/Object;)V","dispose()V"],
"io.reactivex.internal.operators.flowable.FlowableRefCount$ConnectionSubscriber": ["FlowableRefCount$ConnectionSubscriber(Lio/reactivex/internal/operators/flowable/FlowableRefCount;Lorg/reactivestreams/Subscriber;Lio/reactivex/disposables/CompositeDisposable;Lio/reactivex/disposables/Disposable;)V","request(J)V","onSubscribe(Lorg/reactivestreams/Subscription;)V","onNext(Ljava/lang/Object;)V","onError(Ljava/lang/Throwable;)V","cleanup()V","cancel()V","onComplete()V"],
"io.reactivex.internal.subscriptions.SubscriptionHelper": ["<clinit>()V","SubscriptionHelper(Ljava/lang/String;I)V","deferredRequest(Ljava/util/concurrent/atomic/AtomicReference;Ljava/util/concurrent/atomic/AtomicLong;J)V","validate(J)Z","deferredSetOnce(Ljava/util/concurrent/atomic/AtomicReference;Ljava/util/concurrent/atomic/AtomicLong;Lorg/reactivestreams/Subscription;)Z","setOnce(Ljava/util/concurrent/atomic/AtomicReference;Lorg/reactivestreams/Subscription;)Z","validate(Lorg/reactivestreams/Subscription;Lorg/reactivestreams/Subscription;)Z","cancel(Ljava/util/concurrent/atomic/AtomicReference;)Z"],
"io.reactivex.internal.util.BackpressureHelper": ["add(Ljava/util/concurrent/atomic/AtomicLong;J)J","addCap(JJ)J","addCancel(Ljava/util/concurrent/atomic/AtomicLong;J)J","producedCancel(Ljava/util/concurrent/atomic/AtomicLong;J)J"],
"io.reactivex.internal.operators.flowable.FlowablePublish$InnerSubscriber": ["FlowablePublish$InnerSubscriber(Lorg/reactivestreams/Subscriber;)V","request(J)V","produced(J)J","cancel()V"],
"io.reactivex.internal.operators.flowable.FlowableDoOnEach$DoOnEachSubscriber": ["FlowableDoOnEach$DoOnEachSubscriber(Lorg/reactivestreams/Subscriber;Lio/reactivex/functions/Consumer;Lio/reactivex/functions/Consumer;Lio/reactivex/functions/Action;Lio/reactivex/functions/Action;)V","requestFusion(I)I","onNext(Ljava/lang/Object;)V","onError(Ljava/lang/Throwable;)V","onComplete()V"],
"io.reactivex.internal.subscribers.BasicFuseableSubscriber": ["BasicFuseableSubscriber(Lorg/reactivestreams/Subscriber;)V","onSubscribe(Lorg/reactivestreams/Subscription;)V","beforeDownstream()Z","transitiveBoundaryFusion(I)I","request(J)V","afterDownstream()V","cancel()V"],
"io.reactivex.internal.operators.flowable.FlowableConcatArray$ConcatArraySubscriber": ["FlowableConcatArray$ConcatArraySubscriber([Lorg/reactivestreams/Publisher;ZLorg/reactivestreams/Subscriber;)V","onComplete()V","onSubscribe(Lorg/reactivestreams/Subscription;)V","onNext(Ljava/lang/Object;)V","onError(Ljava/lang/Throwable;)V"],
"io.reactivex.internal.subscriptions.SubscriptionArbiter": ["SubscriptionArbiter()V","request(J)V","setSubscription(Lorg/reactivestreams/Subscription;)V","produced(J)V"],
"io.reactivex.internal.queue.SpscArrayQueue": ["<clinit>()V","SpscArrayQueue(I)V","offer(Ljava/lang/Object;)Z","calcElementOffset(JI)I","lvElement(I)Ljava/lang/Object;","soElement(ILjava/lang/Object;)V","soProducerIndex(J)V","isEmpty()Z","poll()Ljava/lang/Object;","calcElementOffset(J)I","soConsumerIndex(J)V"],
"io.reactivex.internal.operators.flowable.FlowableFromIterable$IteratorSubscription": ["FlowableFromIterable$IteratorSubscription(Lorg/reactivestreams/Subscriber;Ljava/util/Iterator;)V","slowPath(J)V"],
"io.reactivex.internal.operators.flowable.FlowableFromIterable$BaseRangeSubscription": ["FlowableFromIterable$BaseRangeSubscription(Ljava/util/Iterator;)V","request(J)V","cancel()V"],
"io.reactivex.internal.subscriptions.BasicQueueSubscription": ["BasicQueueSubscription()V"],
"io.reactivex.internal.util.NotificationLite": ["<clinit>()V","NotificationLite(Ljava/lang/String;I)V","getValue(Ljava/lang/Object;)Ljava/lang/Object;","error(Ljava/lang/Throwable;)Ljava/lang/Object;","isComplete(Ljava/lang/Object;)Z","getError(Ljava/lang/Object;)Ljava/lang/Throwable;","complete()Ljava/lang/Object;"],
"io.reactivex.internal.util.HalfSerializer": ["onNext(Lorg/reactivestreams/Subscriber;Ljava/lang/Object;Ljava/util/concurrent/atomic/AtomicInteger;Lio/reactivex/internal/util/AtomicThrowable;)V","onError(Lorg/reactivestreams/Subscriber;Ljava/lang/Throwable;Ljava/util/concurrent/atomic/AtomicInteger;Lio/reactivex/internal/util/AtomicThrowable;)V","onComplete(Lorg/reactivestreams/Subscriber;Ljava/util/concurrent/atomic/AtomicInteger;Lio/reactivex/internal/util/AtomicThrowable;)V"],
"io.reactivex.processors.PublishProcessor$PublishSubscription": ["PublishProcessor$PublishSubscription(Lorg/reactivestreams/Subscriber;Lio/reactivex/processors/PublishProcessor;)V","request(J)V","isCancelled()Z","onError(Ljava/lang/Throwable;)V","onNext(Ljava/lang/Object;)V","cancel()V","onComplete()V"],
"io.reactivex.internal.util.NotificationLite$ErrorNotification": ["NotificationLite$ErrorNotification(Ljava/lang/Throwable;)V"],
"io.reactivex.internal.util.ExceptionHelper": ["<clinit>()V","addThrowable(Ljava/util/concurrent/atomic/AtomicReference;Ljava/lang/Throwable;)Z","terminate(Ljava/util/concurrent/atomic/AtomicReference;)Ljava/lang/Throwable;"],
"io.reactivex.internal.util.ExceptionHelper$Termination": ["ExceptionHelper$Termination()V","fillInStackTrace()Ljava/lang/Throwable;"],
"io.reactivex.internal.functions.Functions$EqualsPredicate": ["Functions$EqualsPredicate(Ljava/lang/Object;)V","test(Ljava/lang/Object;)Z"],
"io.reactivex.internal.operators.flowable.FlowableInternalHelper$RequestMax": ["<clinit>()V","FlowableInternalHelper$RequestMax(Ljava/lang/String;I)V","accept(Ljava/lang/Object;)V","accept(Lorg/reactivestreams/Subscription;)V"],
"io.reactivex.internal.subscribers.LambdaSubscriber": ["LambdaSubscriber(Lio/reactivex/functions/Consumer;Lio/reactivex/functions/Consumer;Lio/reactivex/functions/Action;Lio/reactivex/functions/Consumer;)V","onSubscribe(Lorg/reactivestreams/Subscription;)V","request(J)V","onNext(Ljava/lang/Object;)V","isDisposed()Z"],
"io.reactivex.exceptions.Exceptions": ["throwIfFatal(Ljava/lang/Throwable;)V"],
"io.reactivex.internal.operators.flowable.FlowableDoOnLifecycle": ["FlowableDoOnLifecycle(Lio/reactivex/Flowable;Lio/reactivex/functions/Consumer;Lio/reactivex/functions/LongConsumer;Lio/reactivex/functions/Action;)V","subscribeActual(Lorg/reactivestreams/Subscriber;)V"],
"io.reactivex.internal.operators.flowable.FlowableDoOnLifecycle$SubscriptionLambdaSubscriber": ["FlowableDoOnLifecycle$SubscriptionLambdaSubscriber(Lorg/reactivestreams/Subscriber;Lio/reactivex/functions/Consumer;Lio/reactivex/functions/LongConsumer;Lio/reactivex/functions/Action;)V","onSubscribe(Lorg/reactivestreams/Subscription;)V","request(J)V","cancel()V"],
"io.reactivex.subjects.PublishSubject": ["<clinit>()V","create()Lio/reactivex/subjects/PublishSubject;","PublishSubject()V","subscribeActual(Lio/reactivex/Observer;)V","add(Lio/reactivex/subjects/PublishSubject$PublishDisposable;)Z","onError(Ljava/lang/Throwable;)V","onNext(Ljava/lang/Object;)V","remove(Lio/reactivex/subjects/PublishSubject$PublishDisposable;)V","onComplete()V"],
"io.reactivex.subjects.Subject": ["Subject()V"],
"io.reactivex.Observable": ["Observable()V","startWith(Ljava/lang/Iterable;)Lio/reactivex/Observable;","fromIterable(Ljava/lang/Iterable;)Lio/reactivex/Observable;","concatArray([Lio/reactivex/ObservableSource;)Lio/reactivex/Observable;","fromArray([Ljava/lang/Object;)Lio/reactivex/Observable;","bufferSize()I","compose(Lio/reactivex/ObservableTransformer;)Lio/reactivex/Observable;","doOnEach(Lio/reactivex/Observer;)Lio/reactivex/Observable;","doOnEach(Lio/reactivex/functions/Consumer;Lio/reactivex/functions/Consumer;Lio/reactivex/functions/Action;Lio/reactivex/functions/Action;)Lio/reactivex/Observable;","share()Lio/reactivex/Observable;","publish()Lio/reactivex/observables/ConnectableObservable;","wrap(Lio/reactivex/ObservableSource;)Lio/reactivex/Observable;","subscribe(Lio/reactivex/Observer;)V","subscribe()Lio/reactivex/disposables/Disposable;","subscribe(Lio/reactivex/functions/Consumer;Lio/reactivex/functions/Consumer;Lio/reactivex/functions/Action;Lio/reactivex/functions/Consumer;)Lio/reactivex/disposables/Disposable;","subscribe(Lio/reactivex/functions/Consumer;)Lio/reactivex/disposables/Disposable;","doOnSubscribe(Lio/reactivex/functions/Consumer;)Lio/reactivex/Observable;","doOnLifecycle(Lio/reactivex/functions/Consumer;Lio/reactivex/functions/Action;)Lio/reactivex/Observable;","doOnDispose(Lio/reactivex/functions/Action;)Lio/reactivex/Observable;","subscribeWith(Lio/reactivex/Observer;)Lio/reactivex/Observer;"],
"io.reactivex.internal.operators.observable.ObservableFromIterable": ["ObservableFromIterable(Ljava/lang/Iterable;)V","subscribeActual(Lio/reactivex/Observer;)V"],
"io.reactivex.internal.operators.observable.ObservableFromArray": ["ObservableFromArray([Ljava/lang/Object;)V","subscribeActual(Lio/reactivex/Observer;)V"],
"io.reactivex.internal.util.ErrorMode": ["<clinit>()V","ErrorMode(Ljava/lang/String;I)V"],
"io.reactivex.internal.operators.observable.ObservableConcatMap": ["ObservableConcatMap(Lio/reactivex/ObservableSource;Lio/reactivex/functions/Function;ILio/reactivex/internal/util/ErrorMode;)V","subscribeActual(Lio/reactivex/Observer;)V"],
"io.reactivex.internal.operators.observable.AbstractObservableWithUpstream": ["AbstractObservableWithUpstream(Lio/reactivex/ObservableSource;)V"],
"io.reactivex.internal.operators.observable.ObservableInternalHelper": ["observerOnNext(Lio/reactivex/Observer;)Lio/reactivex/functions/Consumer;","observerOnError(Lio/reactivex/Observer;)Lio/reactivex/functions/Consumer;","observerOnComplete(Lio/reactivex/Observer;)Lio/reactivex/functions/Action;"],
"io.reactivex.internal.operators.observable.ObservableInternalHelper$ObserverOnNext": ["ObservableInternalHelper$ObserverOnNext(Lio/reactivex/Observer;)V","accept(Ljava/lang/Object;)V"],
"io.reactivex.internal.operators.observable.ObservableInternalHelper$ObserverOnError": ["ObservableInternalHelper$ObserverOnError(Lio/reactivex/Observer;)V","accept(Ljava/lang/Object;)V","accept(Ljava/lang/Throwable;)V"],
"io.reactivex.internal.operators.observable.ObservableInternalHelper$ObserverOnComplete": ["ObservableInternalHelper$ObserverOnComplete(Lio/reactivex/Observer;)V","run()V"],
"io.reactivex.internal.operators.observable.ObservableDoOnEach": ["ObservableDoOnEach(Lio/reactivex/ObservableSource;Lio/reactivex/functions/Consumer;Lio/reactivex/functions/Consumer;Lio/reactivex/functions/Action;Lio/reactivex/functions/Action;)V","subscribeActual(Lio/reactivex/Observer;)V"],
"io.reactivex.internal.operators.observable.ObservablePublish": ["create(Lio/reactivex/ObservableSource;)Lio/reactivex/observables/ConnectableObservable;","ObservablePublish(Lio/reactivex/ObservableSource;Lio/reactivex/ObservableSource;Ljava/util/concurrent/atomic/AtomicReference;)V","connect(Lio/reactivex/functions/Consumer;)V","subscribeActual(Lio/reactivex/Observer;)V"],
"io.reactivex.internal.operators.observable.ObservablePublish$PublishSource": ["ObservablePublish$PublishSource(Ljava/util/concurrent/atomic/AtomicReference;)V","subscribe(Lio/reactivex/Observer;)V"],
"io.reactivex.observables.ConnectableObservable": ["ConnectableObservable()V","refCount()Lio/reactivex/Observable;"],
"io.reactivex.internal.operators.observable.ObservableRefCount": ["ObservableRefCount(Lio/reactivex/observables/ConnectableObservable;)V","subscribeActual(Lio/reactivex/Observer;)V","onSubscribe(Lio/reactivex/Observer;Ljava/util/concurrent/atomic/AtomicBoolean;)Lio/reactivex/functions/Consumer;","doSubscribe(Lio/reactivex/Observer;Lio/reactivex/disposables/CompositeDisposable;)V","disconnect(Lio/reactivex/disposables/CompositeDisposable;)Lio/reactivex/disposables/Disposable;"],
"com.jakewharton.rx.ReplayingShare$LastSeenObservable": ["ReplayingShare$LastSeenObservable(Lio/reactivex/Observable;Lcom/jakewharton/rx/ReplayingShare$LastSeen;)V","subscribeActual(Lio/reactivex/Observer;)V"],
"io.reactivex.observers.TestObserver": ["TestObserver()V","TestObserver(Lio/reactivex/Observer;)V","onSubscribe(Lio/reactivex/disposables/Disposable;)V","onNext(Ljava/lang/Object;)V","onError(Ljava/lang/Throwable;)V","dispose()V","onComplete()V"],
"io.reactivex.observers.TestObserver$EmptyObserver": ["<clinit>()V","TestObserver$EmptyObserver(Ljava/lang/String;I)V","onSubscribe(Lio/reactivex/disposables/Disposable;)V","onNext(Ljava/lang/Object;)V","onError(Ljava/lang/Throwable;)V","onComplete()V"],
"com.jakewharton.rx.ReplayingShare$LastSeenObserver": ["ReplayingShare$LastSeenObserver(Lio/reactivex/Observer;Lcom/jakewharton/rx/ReplayingShare$LastSeen;)V","onSubscribe(Lio/reactivex/disposables/Disposable;)V","onNext(Ljava/lang/Object;)V","onError(Ljava/lang/Throwable;)V","onComplete()V"],
"io.reactivex.internal.operators.observable.ObservableRefCount$DisposeConsumer": ["ObservableRefCount$DisposeConsumer(Lio/reactivex/internal/operators/observable/ObservableRefCount;Lio/reactivex/Observer;Ljava/util/concurrent/atomic/AtomicBoolean;)V","accept(Ljava/lang/Object;)V","accept(Lio/reactivex/disposables/Disposable;)V"],
"io.reactivex.internal.operators.observable.ObservablePublish$PublishObserver": ["<clinit>()V","ObservablePublish$PublishObserver(Ljava/util/concurrent/atomic/AtomicReference;)V","isDisposed()Z","add(Lio/reactivex/internal/operators/observable/ObservablePublish$InnerDisposable;)Z","onSubscribe(Lio/reactivex/disposables/Disposable;)V","onNext(Ljava/lang/Object;)V","onError(Ljava/lang/Throwable;)V","dispose()V","remove(Lio/reactivex/internal/operators/observable/ObservablePublish$InnerDisposable;)V","onComplete()V"],
"io.reactivex.internal.operators.observable.ObservableRefCount$DisposeTask": ["ObservableRefCount$DisposeTask(Lio/reactivex/internal/operators/observable/ObservableRefCount;Lio/reactivex/disposables/CompositeDisposable;)V","run()V"],
"io.reactivex.internal.operators.observable.ObservableRefCount$ConnectionObserver": ["ObservableRefCount$ConnectionObserver(Lio/reactivex/internal/operators/observable/ObservableRefCount;Lio/reactivex/Observer;Lio/reactivex/disposables/CompositeDisposable;Lio/reactivex/disposables/Disposable;)V","onSubscribe(Lio/reactivex/disposables/Disposable;)V","onNext(Ljava/lang/Object;)V","onError(Ljava/lang/Throwable;)V","cleanup()V","dispose()V","onComplete()V"],
"io.reactivex.internal.operators.observable.ObservablePublish$InnerDisposable": ["ObservablePublish$InnerDisposable(Lio/reactivex/Observer;)V","setParent(Lio/reactivex/internal/operators/observable/ObservablePublish$PublishObserver;)V","dispose()V"],
"io.reactivex.internal.disposables.DisposableHelper": ["<clinit>()V","DisposableHelper(Ljava/lang/String;I)V","setOnce(Ljava/util/concurrent/atomic/AtomicReference;Lio/reactivex/disposables/Disposable;)Z","validate(Lio/reactivex/disposables/Disposable;Lio/reactivex/disposables/Disposable;)Z","replace(Ljava/util/concurrent/atomic/AtomicReference;Lio/reactivex/disposables/Disposable;)Z","dispose(Ljava/util/concurrent/atomic/AtomicReference;)Z"],
"io.reactivex.internal.operators.observable.ObservableDoOnEach$DoOnEachObserver": ["ObservableDoOnEach$DoOnEachObserver(Lio/reactivex/Observer;Lio/reactivex/functions/Consumer;Lio/reactivex/functions/Consumer;Lio/reactivex/functions/Action;Lio/reactivex/functions/Action;)V","onSubscribe(Lio/reactivex/disposables/Disposable;)V","onNext(Ljava/lang/Object;)V","onError(Ljava/lang/Throwable;)V","dispose()V","onComplete()V"],
"io.reactivex.internal.operators.observable.ObservableScalarXMap": ["tryScalarXMapSubscribe(Lio/reactivex/ObservableSource;Lio/reactivex/Observer;Lio/reactivex/functions/Function;)Z"],
"io.reactivex.internal.operators.observable.ObservableConcatMap$ConcatMapDelayErrorObserver": ["ObservableConcatMap$ConcatMapDelayErrorObserver(Lio/reactivex/Observer;Lio/reactivex/functions/Function;IZ)V","onSubscribe(Lio/reactivex/disposables/Disposable;)V","drain()V"],
"io.reactivex.internal.operators.observable.ObservableConcatMap$ConcatMapDelayErrorObserver$DelayErrorInnerObserver": ["ObservableConcatMap$ConcatMapDelayErrorObserver$DelayErrorInnerObserver(Lio/reactivex/Observer;Lio/reactivex/internal/operators/observable/ObservableConcatMap$ConcatMapDelayErrorObserver;)V","onSubscribe(Lio/reactivex/disposables/Disposable;)V","onNext(Ljava/lang/Object;)V","onComplete()V","onError(Ljava/lang/Throwable;)V"],
"io.reactivex.internal.disposables.SequentialDisposable": ["SequentialDisposable()V","replace(Lio/reactivex/disposables/Disposable;)Z"],
"io.reactivex.internal.operators.observable.ObservableFromArray$FromArrayDisposable": ["ObservableFromArray$FromArrayDisposable(Lio/reactivex/Observer;[Ljava/lang/Object;)V","requestFusion(I)I","poll()Ljava/lang/Object;","dispose()V","clear()V"],
"io.reactivex.internal.observers.BasicQueueDisposable": ["BasicQueueDisposable()V"],
"io.reactivex.internal.operators.observable.ObservableFromIterable$FromIterableDisposable": ["ObservableFromIterable$FromIterableDisposable(Lio/reactivex/Observer;Ljava/util/Iterator;)V","run()V","isDisposed()Z"],
"io.reactivex.subjects.PublishSubject$PublishDisposable": ["PublishSubject$PublishDisposable(Lio/reactivex/Observer;Lio/reactivex/subjects/PublishSubject;)V","isDisposed()Z","onError(Ljava/lang/Throwable;)V","onNext(Ljava/lang/Object;)V","dispose()V","onComplete()V"],
"io.reactivex.internal.observers.LambdaObserver": ["LambdaObserver(Lio/reactivex/functions/Consumer;Lio/reactivex/functions/Consumer;Lio/reactivex/functions/Action;Lio/reactivex/functions/Consumer;)V","onSubscribe(Lio/reactivex/disposables/Disposable;)V","onNext(Ljava/lang/Object;)V","isDisposed()Z"],
"io.reactivex.internal.operators.observable.ObservableDoOnLifecycle": ["ObservableDoOnLifecycle(Lio/reactivex/Observable;Lio/reactivex/functions/Consumer;Lio/reactivex/functions/Action;)V","subscribeActual(Lio/reactivex/Observer;)V"],
"io.reactivex.internal.observers.DisposableLambdaObserver": ["DisposableLambdaObserver(Lio/reactivex/Observer;Lio/reactivex/functions/Consumer;Lio/reactivex/functions/Action;)V","onSubscribe(Lio/reactivex/disposables/Disposable;)V","dispose()V"]
}