JCov,org.zeroturnaround.zip.commons.StringBuilderWriter,<init>(I)V
JCov,org.zeroturnaround.zip.commons.StringBuilderWriter,write([CII)V
JCov,org.zeroturnaround.zip.commons.StringBuilderWriter,toString()Ljava/lang/String;
JCov,org.zeroturnaround.zip.commons.StringBuilderWriter,write(Ljava/lang/String;)V
JCov,org.zeroturnaround.zip.commons.StringBuilderWriter,<init>()V
JCov,org.zeroturnaround.zip.commons.StringBuilderWriter,close()V
JCov,org.zeroturnaround.zip.ZipUtil$21,<init>(Ljava/io/File;Ljava/lang/String;Lorg/zeroturnaround/zip/transform/ZipEntryTransformer;)V
JCov,org.zeroturnaround.zip.ZipUtil$21,act(Ljava/io/File;)Z
JCov,org.slf4j.LoggerFactory,bind()V
JCov,org.slf4j.LoggerFactory,class$(Ljava/lang/String;)Ljava/lang/Class;
JCov,org.slf4j.LoggerFactory,getLogger(Ljava/lang/String;)Lorg/slf4j/Logger;
JCov,org.slf4j.LoggerFactory,reportActualBinding(Ljava/util/Set;)V
JCov,org.slf4j.LoggerFactory,emitSubstituteLoggerWarning()V
JCov,org.slf4j.LoggerFactory,getILoggerFactory()Lorg/slf4j/ILoggerFactory;
JCov,org.slf4j.LoggerFactory,<clinit>()V
JCov,org.slf4j.LoggerFactory,versionSanityCheck()V
JCov,org.slf4j.LoggerFactory,reportMultipleBindingAmbiguity(Ljava/util/Set;)V
JCov,org.slf4j.LoggerFactory,performInitialization()V
JCov,org.slf4j.LoggerFactory,isAmbiguousStaticLoggerBinderPathSet(Ljava/util/Set;)Z
JCov,org.slf4j.LoggerFactory,findPossibleStaticLoggerBinderPathSet()Ljava/util/Set;
JCov,org.zeroturnaround.zip.ZTFilePermissionsUtil,toPosixFileMode(Lorg/zeroturnaround/zip/ZTFilePermissions;)I
JCov,org.zeroturnaround.zip.ZTFilePermissionsUtil,addFlag(ZI)I
JCov,org.zeroturnaround.zip.ZTFilePermissionsUtil,fetchDefaultStrategy()Lorg/zeroturnaround/zip/ZTFilePermissionsStrategy;
JCov,org.zeroturnaround.zip.ZTFilePermissionsUtil,<clinit>()V
JCov,org.zeroturnaround.zip.ZTFilePermissionsUtil,getDefaultStategy()Lorg/zeroturnaround/zip/ZTFilePermissionsStrategy;
JCov,org.zeroturnaround.zip.ZTFilePermissionsUtil,fromPosixFileMode(I)Lorg/zeroturnaround/zip/ZTFilePermissions;
JCov,org.zeroturnaround.zip.ZTFilePermissionsUtil,tryInstantiateStrategy(Ljava/lang/Class;)Lorg/zeroturnaround/zip/ZTFilePermissionsStrategy;
JCov,org.zeroturnaround.zip.ZTFilePermissionsUtil$1,<init>()V
JCov,org.zeroturnaround.zip.ZipUtil$15,act(Ljava/io/File;)Z
JCov,org.zeroturnaround.zip.ZipUtil$15,<init>(Ljava/io/File;Ljava/lang/String;[BI)V
JCov,org.zeroturnaround.zip.ZipUtil$17,<init>(Ljava/util/Set;Ljava/util/Map;Ljava/util/zip/ZipOutputStream;)V
JCov,org.zeroturnaround.zip.ZipUtil$17,process(Ljava/io/InputStream;Ljava/util/zip/ZipEntry;)V
JCov,org.zeroturnaround.zip.ZipUtil$RepackZipEntryCallback,closeStream()V
JCov,org.zeroturnaround.zip.ZipUtil$RepackZipEntryCallback,process(Ljava/io/InputStream;Ljava/util/zip/ZipEntry;)V
JCov,org.zeroturnaround.zip.ZipUtil$RepackZipEntryCallback,<init>(Ljava/io/File;I)V
JCov,org.zeroturnaround.zip.ZipUtil$RepackZipEntryCallback,access$500(Lorg/zeroturnaround/zip/ZipUtil$RepackZipEntryCallback;)V
JCov,org.zeroturnaround.zip.ZipUtil$RepackZipEntryCallback,<init>(Ljava/io/File;ILorg/zeroturnaround/zip/ZipUtil$1;)V
JCov,org.zeroturnaround.zip.ZipUtil$10,<init>(Ljava/util/Set;Ljava/util/zip/ZipOutputStream;)V
JCov,org.zeroturnaround.zip.ZipUtil$10,process(Ljava/io/InputStream;Ljava/util/zip/ZipEntry;)V
JCov,org.zeroturnaround.zip.ZipUtil$11,<init>(Ljava/util/Set;Ljava/util/zip/ZipOutputStream;)V
JCov,org.zeroturnaround.zip.ZipUtil$11,process(Ljava/io/InputStream;Ljava/util/zip/ZipEntry;)V
JCov,org.zeroturnaround.zip.extra.ExtraFieldUtils,parse([B)Ljava/util/List;
JCov,org.zeroturnaround.zip.extra.ExtraFieldUtils,register(Ljava/lang/Class;)V
JCov,org.zeroturnaround.zip.extra.ExtraFieldUtils,mergeLocalFileDataData(Ljava/util/List;)[B
JCov,org.zeroturnaround.zip.extra.ExtraFieldUtils,<clinit>()V
JCov,org.zeroturnaround.zip.extra.ExtraFieldUtils,createExtraField(Lorg/zeroturnaround/zip/extra/ZipShort;)Lorg/zeroturnaround/zip/extra/ZipExtraField;
JCov,org.zeroturnaround.zip.ZipUtil$12,process(Ljava/io/InputStream;Ljava/util/zip/ZipEntry;)V
JCov,org.zeroturnaround.zip.ZipUtil$12,<init>(Ljava/util/Set;Ljava/util/Set;Ljava/util/Set;Ljava/util/zip/ZipOutputStream;)V
JCov,org.zeroturnaround.zip.ZTZipReflectionUtil,invoke(Ljava/lang/reflect/Method;Ljava/lang/Object;[Ljava/lang/Object;)Ljava/lang/Object;
JCov,org.zeroturnaround.zip.ZTZipReflectionUtil,getClassForName(Ljava/lang/String;Ljava/lang/Class;)Ljava/lang/Class;
JCov,org.zeroturnaround.zip.ZTZipReflectionUtil,getDeclaredMethod(Ljava/lang/Class;Ljava/lang/String;[Ljava/lang/Class;)Ljava/lang/reflect/Method;
JCov,org.zeroturnaround.zip.ZipUtil$19,<init>(Ljava/util/Set;Ljava/util/Map;Ljava/util/zip/ZipOutputStream;)V
JCov,org.zeroturnaround.zip.ZipUtil$19,process(Ljava/io/InputStream;Ljava/util/zip/ZipEntry;)V
JCov,org.slf4j.helpers.SubstituteLoggerFactory,<init>()V
JCov,org.slf4j.helpers.SubstituteLoggerFactory,getLoggerNameList()Ljava/util/List;
JCov,org.zeroturnaround.zip.extra.ZipLong,getValue([BI)J
JCov,org.zeroturnaround.zip.extra.ZipLong,<init>(J)V
JCov,org.zeroturnaround.zip.extra.ZipLong,<clinit>()V
JCov,org.zeroturnaround.zip.extra.ZipLong,getBytes(J)[B
JCov,org.zeroturnaround.zip.commons.FilenameUtils,getPrefixLength(Ljava/lang/String;)I
JCov,org.zeroturnaround.zip.commons.FilenameUtils,isSystemWindows()Z
JCov,org.zeroturnaround.zip.commons.FilenameUtils,isSeparator(C)Z
JCov,org.zeroturnaround.zip.commons.FilenameUtils,<clinit>()V
JCov,org.zeroturnaround.zip.ZipUtil$9,<init>(Ljava/io/File;[Ljava/lang/String;)V
JCov,org.zeroturnaround.zip.ZipUtil$9,act(Ljava/io/File;)Z
JCov,org.zeroturnaround.zip.transform.ZipEntrySourceZipEntryTransformer,addEntry(Lorg/zeroturnaround/zip/ZipEntrySource;Ljava/util/zip/ZipOutputStream;)V
JCov,org.zeroturnaround.zip.FileSource,getInputStream()Ljava/io/InputStream;
JCov,org.zeroturnaround.zip.FileSource,pair([Ljava/io/File;[Ljava/lang/String;)[Lorg/zeroturnaround/zip/FileSource;
JCov,org.zeroturnaround.zip.FileSource,<init>(Ljava/lang/String;Ljava/io/File;)V
JCov,org.zeroturnaround.zip.FileSource,toString()Ljava/lang/String;
JCov,org.zeroturnaround.zip.FileSource,getEntry()Ljava/util/zip/ZipEntry;
JCov,org.zeroturnaround.zip.ZipUtil$5,act(Ljava/io/File;)Z
JCov,org.zeroturnaround.zip.ZipUtil$5,<init>(Ljava/io/File;Ljava/lang/String;[BI)V
JCov,org.zeroturnaround.zip.ZipUtil$8,<init>(Ljava/io/File;Ljava/lang/String;)V
JCov,org.zeroturnaround.zip.ZipUtil$8,act(Ljava/io/File;)Z
JCov,org.zeroturnaround.zip.ZipUtil$2,<init>(Ljava/lang/String;)V
JCov,org.zeroturnaround.zip.ZipUtil$2,map(Ljava/lang/String;)Ljava/lang/String;
JCov,org.zeroturnaround.zip.transform.StreamZipEntryTransformer,transform(Ljava/io/InputStream;Ljava/util/zip/ZipEntry;Ljava/util/zip/ZipOutputStream;)V
JCov,org.zeroturnaround.zip.transform.StreamZipEntryTransformer,<init>()V
JCov,org.zeroturnaround.zip.ZipUtil$1,<init>(Ljava/lang/String;)V
JCov,org.zeroturnaround.zip.ZipUtil$1,map(Ljava/lang/String;)Ljava/lang/String;
JCov,org.zeroturnaround.zip.extra.UnrecognizedExtraField,setLocalFileDataData([B)V
JCov,org.zeroturnaround.zip.extra.UnrecognizedExtraField,parseFromLocalFileData([BII)V
JCov,org.zeroturnaround.zip.extra.UnrecognizedExtraField,<init>()V
JCov,org.zeroturnaround.zip.extra.UnrecognizedExtraField,setHeaderId(Lorg/zeroturnaround/zip/extra/ZipShort;)V
JCov,org.zeroturnaround.zip.extra.UnrecognizedExtraField,copy([B)[B
JCov,org.zeroturnaround.zip.ZipUtil$3,<init>(Ljava/io/File;Ljava/lang/String;Ljava/io/File;)V
JCov,org.zeroturnaround.zip.ZipUtil$3,act(Ljava/io/File;)Z
JCov,org.zeroturnaround.zip.ZipFileUtil,createZipInputStream(Ljava/io/InputStream;Ljava/nio/charset/Charset;)Ljava/util/zip/ZipInputStream;
JCov,org.zeroturnaround.zip.ZipFileUtil,createZipOutputStream(Ljava/io/BufferedOutputStream;Ljava/nio/charset/Charset;)Ljava/util/zip/ZipOutputStream;
JCov,org.zeroturnaround.zip.ZipFileUtil,isCharsetSupported()Z
JCov,org.zeroturnaround.zip.ZipFileUtil,getZipFile(Ljava/io/File;Ljava/nio/charset/Charset;)Ljava/util/zip/ZipFile;
JCov,org.zeroturnaround.zip.ZipUtil$SingleZipEntryCallback,process(Ljava/io/InputStream;Ljava/util/zip/ZipEntry;)V
JCov,org.zeroturnaround.zip.ZipUtil$SingleZipEntryCallback,found()Z
JCov,org.zeroturnaround.zip.ZipUtil$SingleZipEntryCallback,<init>(Ljava/lang/String;Lorg/zeroturnaround/zip/ZipEntryCallback;)V
JCov,org.zeroturnaround.zip.ZipBreakException,<init>()V
JCov,org.zeroturnaround.zip.ZipUtil$Unwrapper,getUnrootedName(Ljava/lang/String;Ljava/lang/String;)Ljava/lang/String;
JCov,org.zeroturnaround.zip.ZipUtil$Unwrapper,getRootName(Ljava/lang/String;)Ljava/lang/String;
JCov,org.zeroturnaround.zip.ZipUtil$Unwrapper,process(Ljava/io/InputStream;Ljava/util/zip/ZipEntry;)V
JCov,org.zeroturnaround.zip.ZipUtil$Unwrapper,<init>(Ljava/io/File;Lorg/zeroturnaround/zip/NameMapper;)V
JCov,org.zeroturnaround.zip.commons.FileUtils,copy(Ljava/io/InputStream;Ljava/io/File;)V
JCov,org.zeroturnaround.zip.commons.FileUtils,copy(Ljava/io/File;Ljava/io/OutputStream;)V
JCov,org.zeroturnaround.zip.commons.FileUtils,getTempFileFor(Ljava/io/File;)Ljava/io/File;
JCov,org.zeroturnaround.zip.timestamps.Java8TimestampStrategy,setTime(Ljava/util/zip/ZipEntry;Ljava/util/zip/ZipEntry;)V
JCov,org.zeroturnaround.zip.timestamps.Java8TimestampStrategy,<init>()V
JCov,org.zeroturnaround.zip.ZipUtil$Unpacker,process(Ljava/io/InputStream;Ljava/util/zip/ZipEntry;)V
JCov,org.zeroturnaround.zip.ZipUtil$Unpacker,<init>(Ljava/io/File;Lorg/zeroturnaround/zip/NameMapper;)V
JCov,org.slf4j.helpers.MarkerIgnoringBase,<init>()V
JCov,org.zeroturnaround.zip.ZipUtil$InPlaceAction,<init>(Lorg/zeroturnaround/zip/ZipUtil$1;)V
JCov,org.zeroturnaround.zip.ZipUtil$InPlaceAction,<init>()V
JCov,org.zeroturnaround.zip.ZTFilePermissions,setDirectory(Z)V
JCov,org.zeroturnaround.zip.ZTFilePermissions,isOwnerCanWrite()Z
JCov,org.zeroturnaround.zip.ZTFilePermissions,setOthersCanWrite(Z)V
JCov,org.zeroturnaround.zip.ZTFilePermissions,isGroupCanWrite()Z
JCov,org.zeroturnaround.zip.ZTFilePermissions,setGroupCanWrite(Z)V
JCov,org.zeroturnaround.zip.ZTFilePermissions,setGroupCanExecute(Z)V
JCov,org.zeroturnaround.zip.ZTFilePermissions,isOthersCanWrite()Z
JCov,org.zeroturnaround.zip.ZTFilePermissions,setOwnerCanRead(Z)V
JCov,org.zeroturnaround.zip.ZTFilePermissions,setOwnerCanExecute(Z)V
JCov,org.zeroturnaround.zip.ZTFilePermissions,isGroupCanRead()Z
JCov,org.zeroturnaround.zip.ZTFilePermissions,setGroupCanRead(Z)V
JCov,org.zeroturnaround.zip.ZTFilePermissions,setOthersCanExecute(Z)V
JCov,org.zeroturnaround.zip.ZTFilePermissions,isOwnerCanExecute()Z
JCov,org.zeroturnaround.zip.ZTFilePermissions,isGroupCanExecute()Z
JCov,org.zeroturnaround.zip.ZTFilePermissions,setOthersCanRead(Z)V
JCov,org.zeroturnaround.zip.ZTFilePermissions,<init>()V
JCov,org.zeroturnaround.zip.ZTFilePermissions,isOthersCanRead()Z
JCov,org.zeroturnaround.zip.ZTFilePermissions,isOwnerCanRead()Z
JCov,org.zeroturnaround.zip.ZTFilePermissions,isOthersCanExecute()Z
JCov,org.zeroturnaround.zip.ZTFilePermissions,setOwnerCanWrite(Z)V
JCov,org.zeroturnaround.zip.transform.FileZipEntryTransformer,copy(Ljava/io/InputStream;Ljava/io/File;)V
JCov,org.zeroturnaround.zip.transform.FileZipEntryTransformer,transform(Ljava/io/InputStream;Ljava/util/zip/ZipEntry;Ljava/util/zip/ZipOutputStream;)V
JCov,org.zeroturnaround.zip.transform.FileZipEntryTransformer,<init>()V
JCov,org.zeroturnaround.zip.ZipUtil$BackslashUnpacker,<init>(Ljava/io/File;)V
JCov,org.zeroturnaround.zip.ZipUtil$BackslashUnpacker,process(Ljava/io/InputStream;Ljava/util/zip/ZipEntry;)V
JCov,org.zeroturnaround.zip.ZipUtil$BackslashUnpacker,<init>(Ljava/io/File;Lorg/zeroturnaround/zip/NameMapper;)V
JCov,org.zeroturnaround.zip.ZipException,<init>(Ljava/lang/String;)V
JCov,org.zeroturnaround.zip.ZipException,<init>(Ljava/lang/Exception;)V
JCov,org.zeroturnaround.zip.ZipEntryOrInfoAdapter,process(Ljava/io/InputStream;Ljava/util/zip/ZipEntry;)V
JCov,org.zeroturnaround.zip.ZipEntryOrInfoAdapter,<init>(Lorg/zeroturnaround/zip/ZipEntryCallback;Lorg/zeroturnaround/zip/ZipInfoCallback;)V
JCov,org.zeroturnaround.zip.extra.ZipShort,getValue([BI)I
JCov,org.zeroturnaround.zip.extra.ZipShort,getValue()I
JCov,org.zeroturnaround.zip.extra.ZipShort,hashCode()I
JCov,org.zeroturnaround.zip.extra.ZipShort,equals(Ljava/lang/Object;)Z
JCov,org.zeroturnaround.zip.extra.ZipShort,<init>(I)V
JCov,org.zeroturnaround.zip.extra.ZipShort,<init>([BI)V
JCov,org.zeroturnaround.zip.extra.ZipShort,getBytes()[B
JCov,org.zeroturnaround.zip.extra.ZipShort,getBytes(I)[B
JCov,org.zeroturnaround.zip.transform.StringZipEntryTransformer,<init>(Ljava/lang/String;)V
JCov,org.zeroturnaround.zip.transform.StringZipEntryTransformer,transform(Ljava/io/InputStream;Ljava/util/zip/ZipEntry;Ljava/util/zip/ZipOutputStream;)V
JCov,org.zeroturnaround.zip.MaliciousZipException,<init>(Ljava/io/File;Ljava/lang/String;)V
JCov,org.zeroturnaround.zip.ZipUtil$TransformerZipEntryCallback,process(Ljava/io/InputStream;Ljava/util/zip/ZipEntry;)V
JCov,org.zeroturnaround.zip.ZipUtil$TransformerZipEntryCallback,<init>(Ljava/util/List;Ljava/util/zip/ZipOutputStream;)V
JCov,org.zeroturnaround.zip.ZipUtil$TransformerZipEntryCallback,found()Z
JCov,org.slf4j.helpers.NOPLoggerFactory,<init>()V
JCov,org.zeroturnaround.zip.ZipExceptionUtil,rethrow(Ljava/io/IOException;)Lorg/zeroturnaround/zip/ZipException;
JCov,org.zeroturnaround.zip.Zips$CopyingCallback,<init>(Ljava/util/List;Ljava/util/zip/ZipOutputStream;Z)V
JCov,org.zeroturnaround.zip.Zips$CopyingCallback,process(Ljava/io/InputStream;Ljava/util/zip/ZipEntry;)V
JCov,org.zeroturnaround.zip.Zips$CopyingCallback,<init>(Ljava/util/List;Ljava/util/zip/ZipOutputStream;ZLorg/zeroturnaround/zip/Zips$1;)V
JCov,org.zeroturnaround.zip.transform.ByteArrayZipEntryTransformer,preserveTimestamps()Z
JCov,org.zeroturnaround.zip.transform.ByteArrayZipEntryTransformer,transform(Ljava/io/InputStream;Ljava/util/zip/ZipEntry;Ljava/util/zip/ZipOutputStream;)V
JCov,org.zeroturnaround.zip.transform.ByteArrayZipEntryTransformer,<init>()V
JCov,org.zeroturnaround.zip.Java7Nio2ApiPermissionsStrategy,toPath(Ljava/io/File;)Ljava/lang/Object;
JCov,org.zeroturnaround.zip.Java7Nio2ApiPermissionsStrategy,setPermissions(Ljava/io/File;Lorg/zeroturnaround/zip/ZTFilePermissions;)V
JCov,org.zeroturnaround.zip.Java7Nio2ApiPermissionsStrategy,getPermissions(Ljava/io/File;)Lorg/zeroturnaround/zip/ZTFilePermissions;
JCov,org.zeroturnaround.zip.Java7Nio2ApiPermissionsStrategy,setPosixFilePermissions(Ljava/io/File;Ljava/util/Set;)V
JCov,org.zeroturnaround.zip.Java7Nio2ApiPermissionsStrategy,isPosix()Z
JCov,org.zeroturnaround.zip.Java7Nio2ApiPermissionsStrategy,<init>()V
JCov,org.zeroturnaround.zip.Java7Nio2ApiPermissionsStrategy,addIf(ZLjava/util/Set;Ljava/lang/Object;)V
JCov,org.zeroturnaround.zip.Java7Nio2ApiPermissionsStrategy,getPosixFilePermissions(Ljava/io/File;)Ljava/util/Set;
JCov,org.zeroturnaround.zip.extra.AsiExtraField,setDirectory(Z)V
JCov,org.zeroturnaround.zip.extra.AsiExtraField,getLocalFileDataData()[B
JCov,org.zeroturnaround.zip.extra.AsiExtraField,getMode()I
JCov,org.zeroturnaround.zip.extra.AsiExtraField,isDirectory()Z
JCov,org.zeroturnaround.zip.extra.AsiExtraField,parseFromLocalFileData([BII)V
JCov,org.zeroturnaround.zip.extra.AsiExtraField,getUserId()I
JCov,org.zeroturnaround.zip.extra.AsiExtraField,getLinkedFile()Ljava/lang/String;
JCov,org.zeroturnaround.zip.extra.AsiExtraField,getHeaderId()Lorg/zeroturnaround/zip/extra/ZipShort;
JCov,org.zeroturnaround.zip.extra.AsiExtraField,isLink()Z
JCov,org.zeroturnaround.zip.extra.AsiExtraField,getMode(I)I
JCov,org.zeroturnaround.zip.extra.AsiExtraField,getLocalFileDataLength()Lorg/zeroturnaround/zip/extra/ZipShort;
JCov,org.zeroturnaround.zip.extra.AsiExtraField,getGroupId()I
JCov,org.zeroturnaround.zip.extra.AsiExtraField,<clinit>()V
JCov,org.zeroturnaround.zip.extra.AsiExtraField,<init>()V
JCov,org.zeroturnaround.zip.extra.AsiExtraField,setMode(I)V
JCov,org.zeroturnaround.zip.timestamps.TimestampStrategyFactory,hasZipEntryFileTimeMethods()Z
JCov,org.zeroturnaround.zip.timestamps.TimestampStrategyFactory,getStrategy()Lorg/zeroturnaround/zip/timestamps/TimestampStrategy;
JCov,org.zeroturnaround.zip.timestamps.TimestampStrategyFactory,<clinit>()V
JCov,org.zeroturnaround.zip.timestamps.TimestampStrategyFactory,getInstance()Lorg/zeroturnaround/zip/timestamps/TimestampStrategy;
JCov,org.zeroturnaround.zip.ZTFileUtil$1,accept(Ljava/io/File;)Z
JCov,org.zeroturnaround.zip.ZTFileUtil$1,<init>()V
JCov,org.zeroturnaround.zip.commons.FileUtilsV2_2,doCopyFile(Ljava/io/File;Ljava/io/File;Z)V
JCov,org.zeroturnaround.zip.commons.FileUtilsV2_2,readFileToString(Ljava/io/File;Ljava/lang/String;)Ljava/lang/String;
JCov,org.zeroturnaround.zip.commons.FileUtilsV2_2,openInputStream(Ljava/io/File;)Ljava/io/FileInputStream;
JCov,org.zeroturnaround.zip.commons.FileUtilsV2_2,copyFile(Ljava/io/File;Ljava/io/File;)V
JCov,org.zeroturnaround.zip.commons.FileUtilsV2_2,copyFileToDirectory(Ljava/io/File;Ljava/io/File;Z)V
JCov,org.zeroturnaround.zip.commons.FileUtilsV2_2,copyFileToDirectory(Ljava/io/File;Ljava/io/File;)V
JCov,org.zeroturnaround.zip.commons.FileUtilsV2_2,moveDirectory(Ljava/io/File;Ljava/io/File;)V
JCov,org.zeroturnaround.zip.commons.FileUtilsV2_2,deleteDirectory(Ljava/io/File;)V
JCov,org.zeroturnaround.zip.commons.FileUtilsV2_2,forceDelete(Ljava/io/File;)V
JCov,org.zeroturnaround.zip.commons.FileUtilsV2_2,copyFile(Ljava/io/File;Ljava/io/File;Z)V
JCov,org.zeroturnaround.zip.commons.FileUtilsV2_2,moveFile(Ljava/io/File;Ljava/io/File;)V
JCov,org.zeroturnaround.zip.commons.FileUtilsV2_2,forceMkdir(Ljava/io/File;)V
JCov,org.zeroturnaround.zip.commons.FileUtilsV2_2,deleteQuietly(Ljava/io/File;)Z
JCov,org.zeroturnaround.zip.commons.FileUtilsV2_2,cleanDirectory(Ljava/io/File;)V
JCov,org.zeroturnaround.zip.commons.FileUtilsV2_2,<clinit>()V
JCov,org.zeroturnaround.zip.commons.FileUtilsV2_2,contentEquals(Ljava/io/File;Ljava/io/File;)Z
JCov,org.zeroturnaround.zip.commons.FileUtilsV2_2,isSymlink(Ljava/io/File;)Z
JCov,org.zeroturnaround.zip.commons.FileUtilsV2_2,readFileToString(Ljava/io/File;)Ljava/lang/String;
JCov,org.zeroturnaround.zip.IdentityNameMapper,map(Ljava/lang/String;)Ljava/lang/String;
JCov,org.zeroturnaround.zip.IdentityNameMapper,<clinit>()V
JCov,org.zeroturnaround.zip.IdentityNameMapper,<init>()V
JCov,org.slf4j.helpers.FormattingTuple,getMessage()Ljava/lang/String;
JCov,org.slf4j.helpers.FormattingTuple,<init>(Ljava/lang/String;)V
JCov,org.slf4j.helpers.FormattingTuple,<clinit>()V
JCov,org.slf4j.helpers.FormattingTuple,getThrowable()Ljava/lang/Throwable;
JCov,org.slf4j.helpers.FormattingTuple,<init>(Ljava/lang/String;[Ljava/lang/Object;Ljava/lang/Throwable;)V
JCov,org.zeroturnaround.zip.Zips$UnpackingCallback$1,run()V
JCov,org.zeroturnaround.zip.Zips$UnpackingCallback$1,<init>(Lorg/zeroturnaround/zip/Zips$UnpackingCallback;Lorg/zeroturnaround/zip/transform/ZipEntryTransformer;Ljava/io/InputStream;Ljava/util/zip/ZipEntry;Ljava/util/zip/ZipOutputStream;)V
JCov,org.zeroturnaround.zip.ZipUtil$FileUnpacker,<init>(Ljava/io/File;)V
JCov,org.zeroturnaround.zip.ZipUtil$FileUnpacker,process(Ljava/io/InputStream;Ljava/util/zip/ZipEntry;)V
JCov,org.zeroturnaround.zip.ZipUtil$ByteArrayUnpacker,process(Ljava/io/InputStream;Ljava/util/zip/ZipEntry;)V
JCov,org.zeroturnaround.zip.ZipUtil$ByteArrayUnpacker,<init>(Lorg/zeroturnaround/zip/ZipUtil$1;)V
JCov,org.zeroturnaround.zip.ZipUtil$ByteArrayUnpacker,<init>()V
JCov,org.zeroturnaround.zip.ZipUtil$ByteArrayUnpacker,getBytes()[B
JCov,org.zeroturnaround.zip.ByteSource,getInputStream()Ljava/io/InputStream;
JCov,org.zeroturnaround.zip.ByteSource,<init>(Ljava/lang/String;[B)V
JCov,org.zeroturnaround.zip.ByteSource,<init>(Ljava/lang/String;[BJI)V
JCov,org.zeroturnaround.zip.ByteSource,<init>(Ljava/lang/String;[BI)V
JCov,org.zeroturnaround.zip.ByteSource,getPath()Ljava/lang/String;
JCov,org.zeroturnaround.zip.ByteSource,toString()Ljava/lang/String;
JCov,org.zeroturnaround.zip.ByteSource,<init>(Ljava/lang/String;[BJ)V
JCov,org.zeroturnaround.zip.ByteSource,getEntry()Ljava/util/zip/ZipEntry;
JCov,org.slf4j.helpers.NamedLoggerBase,<init>()V
JCov,org.slf4j.helpers.MessageFormatter,deeplyAppendParameter(Ljava/lang/StringBuffer;Ljava/lang/Object;Ljava/util/Map;)V
JCov,org.slf4j.helpers.MessageFormatter,format(Ljava/lang/String;Ljava/lang/Object;Ljava/lang/Object;)Lorg/slf4j/helpers/FormattingTuple;
JCov,org.slf4j.helpers.MessageFormatter,isEscapedDelimeter(Ljava/lang/String;I)Z
JCov,org.slf4j.helpers.MessageFormatter,safeObjectAppend(Ljava/lang/StringBuffer;Ljava/lang/Object;)V
JCov,org.slf4j.helpers.MessageFormatter,arrayFormat(Ljava/lang/String;[Ljava/lang/Object;)Lorg/slf4j/helpers/FormattingTuple;
JCov,org.slf4j.helpers.MessageFormatter,getThrowableCandidate([Ljava/lang/Object;)Ljava/lang/Throwable;
JCov,org.slf4j.helpers.MessageFormatter,objectArrayAppend(Ljava/lang/StringBuffer;[Ljava/lang/Object;Ljava/util/Map;)V
JCov,org.slf4j.helpers.MessageFormatter,format(Ljava/lang/String;Ljava/lang/Object;)Lorg/slf4j/helpers/FormattingTuple;
JCov,org.zeroturnaround.zip.transform.ZipEntryTransformerEntry,<init>(Ljava/lang/String;Lorg/zeroturnaround/zip/transform/ZipEntryTransformer;)V
JCov,org.zeroturnaround.zip.transform.ZipEntryTransformerEntry,getPath()Ljava/lang/String;
JCov,org.zeroturnaround.zip.transform.ZipEntryTransformerEntry,toString()Ljava/lang/String;
JCov,org.zeroturnaround.zip.transform.ZipEntryTransformerEntry,getTransformer()Lorg/zeroturnaround/zip/transform/ZipEntryTransformer;
JCov,org.zeroturnaround.zip.CloseShieldInputStream,<init>(Ljava/io/InputStream;)V
JCov,org.zeroturnaround.zip.CloseShieldInputStream,close()V
JCov,org.zeroturnaround.zip.ZipEntryUtil,setZTFilePermissions(Ljava/util/zip/ZipEntry;Lorg/zeroturnaround/zip/ZTFilePermissions;)Z
JCov,org.zeroturnaround.zip.ZipEntryUtil,getFirstAsiExtraField(Ljava/util/List;)Lorg/zeroturnaround/zip/extra/AsiExtraField;
JCov,org.zeroturnaround.zip.ZipEntryUtil,copy(Ljava/util/zip/ZipEntry;)Ljava/util/zip/ZipEntry;
JCov,org.zeroturnaround.zip.ZipEntryUtil,copy(Ljava/util/zip/ZipEntry;Ljava/lang/String;)Ljava/util/zip/ZipEntry;
JCov,org.zeroturnaround.zip.ZipEntryUtil,getZTFilePermissions(Ljava/util/zip/ZipEntry;)Lorg/zeroturnaround/zip/ZTFilePermissions;
JCov,org.zeroturnaround.zip.ZipEntryUtil,copyEntry(Ljava/util/zip/ZipEntry;Ljava/io/InputStream;Ljava/util/zip/ZipOutputStream;Z)V
JCov,org.zeroturnaround.zip.ZipEntryUtil,addEntry(Ljava/util/zip/ZipEntry;Ljava/io/InputStream;Ljava/util/zip/ZipOutputStream;)V
JCov,org.zeroturnaround.zip.ZipEntryUtil,fromFile(Ljava/lang/String;Ljava/io/File;)Ljava/util/zip/ZipEntry;
JCov,org.zeroturnaround.zip.ZipEntryUtil,copyEntry(Ljava/util/zip/ZipEntry;Ljava/io/InputStream;Ljava/util/zip/ZipOutputStream;)V
JCov,org.zeroturnaround.zip.Zips$UnpackingCallback,transformIntoFile(Lorg/zeroturnaround/zip/transform/ZipEntryTransformer;Ljava/io/InputStream;Ljava/util/zip/ZipEntry;Ljava/io/File;)V
JCov,org.zeroturnaround.zip.Zips$UnpackingCallback,process(Ljava/io/InputStream;Ljava/util/zip/ZipEntry;)V
JCov,org.zeroturnaround.zip.Zips$UnpackingCallback,<init>(Ljava/util/List;Ljava/io/File;Lorg/zeroturnaround/zip/Zips$1;)V
JCov,org.zeroturnaround.zip.Zips$UnpackingCallback,<init>(Ljava/util/List;Ljava/io/File;)V
Yajta,org.zeroturnaround.zip.timestamps.TimestampStrategyFactory,hasZipEntryFileTimeMethods()Z
Yajta,org.zeroturnaround.zip.timestamps.TimestampStrategyFactory,getStrategy()Lorg/zeroturnaround/zip/timestamps/TimestampStrategy;
Yajta,org.zeroturnaround.zip.timestamps.TimestampStrategyFactory,<clinit>()V
Yajta,org.zeroturnaround.zip.commons.FilenameUtils,isSystemWindows()Z
Yajta,org.zeroturnaround.zip.commons.FilenameUtils,<clinit>()V
Yajta,org.zeroturnaround.zip.commons.StringBuilderWriter,toString()Ljava/lang/String;
Yajta,org.zeroturnaround.zip.commons.StringBuilderWriter,write(Ljava/lang/String;)V
Yajta,org.zeroturnaround.zip.commons.StringBuilderWriter,StringBuilderWriter(I)V
Yajta,org.zeroturnaround.zip.commons.StringBuilderWriter,close()V
Yajta,org.zeroturnaround.zip.Zips,get(Ljava/io/File;)Lorg/zeroturnaround/zip/Zips;
Yajta,org.zeroturnaround.zip.Zips,addFile(Ljava/io/File;Ljava/io/FileFilter;)Lorg/zeroturnaround/zip/Zips;
Yajta,org.zeroturnaround.zip.Zips,addEntry(Lorg/zeroturnaround/zip/ZipEntrySource;)Lorg/zeroturnaround/zip/Zips;
Yajta,org.zeroturnaround.zip.Zips,destination(Ljava/io/File;)Lorg/zeroturnaround/zip/Zips;
Yajta,org.zeroturnaround.zip.Zips,addFile(Ljava/io/File;Z)Lorg/zeroturnaround/zip/Zips;
Yajta,org.zeroturnaround.zip.Zips,unpack()Lorg/zeroturnaround/zip/Zips;
Yajta,org.zeroturnaround.zip.Zips,process()V
Yajta,org.zeroturnaround.zip.Zips,processAllEntries(Lorg/zeroturnaround/zip/ZipEntryOrInfoAdapter;)V
Yajta,org.zeroturnaround.zip.Zips,isUnpack()Z
Yajta,org.zeroturnaround.zip.Zips,Zips(Ljava/io/File;)V
Yajta,org.zeroturnaround.zip.Zips,addEntries([Lorg/zeroturnaround/zip/ZipEntrySource;)Lorg/zeroturnaround/zip/Zips;
Yajta,org.zeroturnaround.zip.Zips,addFile(Ljava/io/File;)Lorg/zeroturnaround/zip/Zips;
Yajta,org.zeroturnaround.zip.Zips,iterateExistingExceptRemoved(Lorg/zeroturnaround/zip/ZipEntryOrInfoAdapter;)V
Yajta,org.zeroturnaround.zip.Zips,preserveTimestamps()Lorg/zeroturnaround/zip/Zips;
Yajta,org.zeroturnaround.zip.Zips,iterateChangedAndAdded(Lorg/zeroturnaround/zip/ZipEntryOrInfoAdapter;)V
Yajta,org.zeroturnaround.zip.Zips,getDestinationFile()Ljava/io/File;
Yajta,org.zeroturnaround.zip.Zips,create()Lorg/zeroturnaround/zip/Zips;
Yajta,org.zeroturnaround.zip.Zips,addTransformer(Ljava/lang/String;Lorg/zeroturnaround/zip/transform/ZipEntryTransformer;)Lorg/zeroturnaround/zip/Zips;
Yajta,org.zeroturnaround.zip.Zips,iterate(Lorg/zeroturnaround/zip/ZipEntryCallback;)V
Yajta,org.zeroturnaround.zip.Zips,setPreserveTimestamps(Z)Lorg/zeroturnaround/zip/Zips;
Yajta,org.zeroturnaround.zip.Zips,removeEntries([Ljava/lang/String;)Lorg/zeroturnaround/zip/Zips;
Yajta,org.zeroturnaround.zip.Zips,removeEntry(Ljava/lang/String;)Lorg/zeroturnaround/zip/Zips;
Yajta,org.zeroturnaround.zip.Zips,getRelativePath(Ljava/io/File;Ljava/io/File;)Ljava/lang/String;
Yajta,org.zeroturnaround.zip.Zips,isInPlace()Z
Yajta,org.zeroturnaround.zip.Zips,addFile(Ljava/io/File;ZLjava/io/FileFilter;)Lorg/zeroturnaround/zip/Zips;
Yajta,org.zeroturnaround.zip.Zips,nameMapper(Lorg/zeroturnaround/zip/NameMapper;)Lorg/zeroturnaround/zip/Zips;
Yajta,org.zeroturnaround.zip.ZTFileUtil$1,accept(Ljava/io/File;)Z
Yajta,org.zeroturnaround.zip.ZTFileUtil$1,ZTFileUtil$1()V
Yajta,org.zeroturnaround.zip.commons.FileUtilsV2_2,forceDelete(Ljava/io/File;)V
Yajta,org.zeroturnaround.zip.commons.FileUtilsV2_2,copyFile(Ljava/io/File;Ljava/io/File;Z)V
Yajta,org.zeroturnaround.zip.commons.FileUtilsV2_2,doCopyFile(Ljava/io/File;Ljava/io/File;Z)V
Yajta,org.zeroturnaround.zip.commons.FileUtilsV2_2,<clinit>()V
Yajta,org.zeroturnaround.zip.commons.FileUtilsV2_2,copyFile(Ljava/io/File;Ljava/io/File;)V
Yajta,org.zeroturnaround.zip.commons.FileUtilsV2_2,deleteQuietly(Ljava/io/File;)Z
Yajta,org.zeroturnaround.zip.commons.FileUtilsV2_2,cleanDirectory(Ljava/io/File;)V
Yajta,org.zeroturnaround.zip.commons.FileUtilsV2_2,copyFileToDirectory(Ljava/io/File;Ljava/io/File;Z)V
Yajta,org.zeroturnaround.zip.commons.FileUtilsV2_2,copyFileToDirectory(Ljava/io/File;Ljava/io/File;)V
Yajta,org.zeroturnaround.zip.commons.FileUtilsV2_2,isSymlink(Ljava/io/File;)Z
Yajta,org.zeroturnaround.zip.commons.FileUtilsV2_2,deleteDirectory(Ljava/io/File;)V
Yajta,org.zeroturnaround.zip.FileSource,FileSource(Ljava/lang/String;Ljava/io/File;)V
Yajta,org.zeroturnaround.zip.FileSource,pair([Ljava/io/File;[Ljava/lang/String;)[Lorg/zeroturnaround/zip/FileSource;
Yajta,org.zeroturnaround.zip.FileSource,getEntry()Ljava/util/zip/ZipEntry;
Yajta,org.zeroturnaround.zip.ZipEntryOrInfoAdapter,ZipEntryOrInfoAdapter(Lorg/zeroturnaround/zip/ZipEntryCallback;Lorg/zeroturnaround/zip/ZipInfoCallback;)V
Yajta,org.zeroturnaround.zip.ZipUtil,<clinit>()V
Yajta,org.zeroturnaround.zip.extra.ZipShort,getValue([BI)I
Yajta,org.zeroturnaround.zip.extra.ZipShort,getValue()I
Yajta,org.zeroturnaround.zip.extra.ZipShort,ZipShort([BI)V
Yajta,org.zeroturnaround.zip.extra.ZipShort,hashCode()I
Yajta,org.zeroturnaround.zip.extra.ZipShort,equals(Ljava/lang/Object;)Z
Yajta,org.zeroturnaround.zip.extra.ZipShort,ZipShort(I)V
Yajta,org.zeroturnaround.zip.extra.ZipShort,getBytes()[B
Yajta,org.zeroturnaround.zip.extra.ZipShort,getBytes(I)[B
Yajta,org.zeroturnaround.zip.IdentityNameMapper,<clinit>()V
Yajta,org.zeroturnaround.zip.IdentityNameMapper,IdentityNameMapper()V
Yajta,org.zeroturnaround.zip.transform.StreamZipEntryTransformer,StreamZipEntryTransformer()V
Yajta,org.zeroturnaround.zip.transform.StringZipEntryTransformer,StringZipEntryTransformer(Ljava/lang/String;)V
Yajta,org.zeroturnaround.zip.ZipFileUtil,createZipOutputStream(Ljava/io/BufferedOutputStream;Ljava/nio/charset/Charset;)Ljava/util/zip/ZipOutputStream;
Yajta,org.zeroturnaround.zip.ZipFileUtil,isCharsetSupported()Z
Yajta,org.zeroturnaround.zip.ZipFileUtil,getZipFile(Ljava/io/File;Ljava/nio/charset/Charset;)Ljava/util/zip/ZipFile;
Yajta,org.zeroturnaround.zip.ZTFilePermissionsUtil,toPosixFileMode(Lorg/zeroturnaround/zip/ZTFilePermissions;)I
Yajta,org.zeroturnaround.zip.ZTFilePermissionsUtil,addFlag(ZI)I
Yajta,org.zeroturnaround.zip.ZTFilePermissionsUtil,fetchDefaultStrategy()Lorg/zeroturnaround/zip/ZTFilePermissionsStrategy;
Yajta,org.zeroturnaround.zip.ZTFilePermissionsUtil,<clinit>()V
Yajta,org.zeroturnaround.zip.ZTFilePermissionsUtil,getDefaultStategy()Lorg/zeroturnaround/zip/ZTFilePermissionsStrategy;
Yajta,org.zeroturnaround.zip.ZTFilePermissionsUtil,fromPosixFileMode(I)Lorg/zeroturnaround/zip/ZTFilePermissions;
Yajta,org.zeroturnaround.zip.ZTFilePermissionsUtil,tryInstantiateStrategy(Ljava/lang/Class;)Lorg/zeroturnaround/zip/ZTFilePermissionsStrategy;
Yajta,org.zeroturnaround.zip.ZTFileUtil,listFiles(Ljava/io/File;)Ljava/util/Collection;
Yajta,org.zeroturnaround.zip.ZTFileUtil,listFiles(Ljava/io/File;Ljava/io/FileFilter;)Ljava/util/Collection;
Yajta,org.zeroturnaround.zip.ZTFileUtil,innerListFiles(Ljava/io/File;Ljava/util/Collection;Ljava/io/FileFilter;)V
Yajta,org.zeroturnaround.zip.ByteSource,ByteSource(Ljava/lang/String;[B)V
Yajta,org.zeroturnaround.zip.ByteSource,ByteSource(Ljava/lang/String;[BJ)V
Yajta,org.zeroturnaround.zip.ByteSource,ByteSource(Ljava/lang/String;[BJI)V
Yajta,org.zeroturnaround.zip.ZTFilePermissionsUtil$1,ZTFilePermissionsUtil$1()V
Yajta,org.zeroturnaround.zip.extra.ExtraFieldUtils,parse([B)Ljava/util/List;
Yajta,org.zeroturnaround.zip.extra.ExtraFieldUtils,register(Ljava/lang/Class;)V
Yajta,org.zeroturnaround.zip.extra.ExtraFieldUtils,mergeLocalFileDataData(Ljava/util/List;)[B
Yajta,org.zeroturnaround.zip.extra.ExtraFieldUtils,<clinit>()V
Yajta,org.zeroturnaround.zip.extra.ExtraFieldUtils,createExtraField(Lorg/zeroturnaround/zip/extra/ZipShort;)Lorg/zeroturnaround/zip/extra/ZipExtraField;
Yajta,org.zeroturnaround.zip.commons.FileUtils,copy(Ljava/io/File;Ljava/io/OutputStream;)V
Yajta,org.zeroturnaround.zip.commons.FileUtils,getTempFileFor(Ljava/io/File;)Ljava/io/File;
Yajta,org.zeroturnaround.zip.timestamps.Java8TimestampStrategy,Java8TimestampStrategy()V
Yajta,org.zeroturnaround.zip.ZTZipReflectionUtil,invoke(Ljava/lang/reflect/Method;Ljava/lang/Object;[Ljava/lang/Object;)Ljava/lang/Object;
Yajta,org.zeroturnaround.zip.ZTZipReflectionUtil,getClassForName(Ljava/lang/String;Ljava/lang/Class;)Ljava/lang/Class;
Yajta,org.zeroturnaround.zip.ZTZipReflectionUtil,getDeclaredMethod(Ljava/lang/Class;Ljava/lang/String;[Ljava/lang/Class;)Ljava/lang/reflect/Method;
Yajta,org.zeroturnaround.zip.transform.ZipEntryTransformerEntry,ZipEntryTransformerEntry(Ljava/lang/String;Lorg/zeroturnaround/zip/transform/ZipEntryTransformer;)V
Yajta,org.zeroturnaround.zip.Zips$CopyingCallback,Zips$CopyingCallback(Ljava/util/List;Ljava/util/zip/ZipOutputStream;ZLorg/zeroturnaround/zip/Zips$1;)V
Yajta,org.zeroturnaround.zip.Zips$CopyingCallback,Zips$CopyingCallback(Ljava/util/List;Ljava/util/zip/ZipOutputStream;Z)V
Yajta,org.zeroturnaround.zip.transform.ByteArrayZipEntryTransformer,ByteArrayZipEntryTransformer()V
Yajta,org.zeroturnaround.zip.Java7Nio2ApiPermissionsStrategy,toPath(Ljava/io/File;)Ljava/lang/Object;
Yajta,org.zeroturnaround.zip.Java7Nio2ApiPermissionsStrategy,Java7Nio2ApiPermissionsStrategy()V
Yajta,org.zeroturnaround.zip.Java7Nio2ApiPermissionsStrategy,getPermissions(Ljava/io/File;)Lorg/zeroturnaround/zip/ZTFilePermissions;
Yajta,org.zeroturnaround.zip.Java7Nio2ApiPermissionsStrategy,isPosix()Z
Yajta,org.zeroturnaround.zip.Java7Nio2ApiPermissionsStrategy,getPosixFilePermissions(Ljava/io/File;)Ljava/util/Set;
Yajta,org.zeroturnaround.zip.extra.ZipLong,getValue([BI)J
Yajta,org.zeroturnaround.zip.extra.ZipLong,<clinit>()V
Yajta,org.zeroturnaround.zip.extra.ZipLong,ZipLong(J)V
Yajta,org.zeroturnaround.zip.extra.ZipLong,getBytes(J)[B
Yajta,org.zeroturnaround.zip.ZTFilePermissions,setOthersCanWrite(Z)V
Yajta,org.zeroturnaround.zip.ZTFilePermissions,isOwnerCanWrite()Z
Yajta,org.zeroturnaround.zip.ZTFilePermissions,setDirectory(Z)V
Yajta,org.zeroturnaround.zip.ZTFilePermissions,setGroupCanWrite(Z)V
Yajta,org.zeroturnaround.zip.ZTFilePermissions,isGroupCanWrite()Z
Yajta,org.zeroturnaround.zip.ZTFilePermissions,setGroupCanExecute(Z)V
Yajta,org.zeroturnaround.zip.ZTFilePermissions,isOthersCanWrite()Z
Yajta,org.zeroturnaround.zip.ZTFilePermissions,setOwnerCanRead(Z)V
Yajta,org.zeroturnaround.zip.ZTFilePermissions,setOwnerCanExecute(Z)V
Yajta,org.zeroturnaround.zip.ZTFilePermissions,isGroupCanRead()Z
Yajta,org.zeroturnaround.zip.ZTFilePermissions,setGroupCanRead(Z)V
Yajta,org.zeroturnaround.zip.ZTFilePermissions,setOthersCanExecute(Z)V
Yajta,org.zeroturnaround.zip.ZTFilePermissions,ZTFilePermissions()V
Yajta,org.zeroturnaround.zip.ZTFilePermissions,isOwnerCanExecute()Z
Yajta,org.zeroturnaround.zip.ZTFilePermissions,isGroupCanExecute()Z
Yajta,org.zeroturnaround.zip.ZTFilePermissions,setOthersCanRead(Z)V
Yajta,org.zeroturnaround.zip.ZTFilePermissions,isOthersCanRead()Z
Yajta,org.zeroturnaround.zip.ZTFilePermissions,isOthersCanExecute()Z
Yajta,org.zeroturnaround.zip.ZTFilePermissions,isOwnerCanRead()Z
Yajta,org.zeroturnaround.zip.ZTFilePermissions,setOwnerCanWrite(Z)V
Yajta,org.zeroturnaround.zip.transform.FileZipEntryTransformer,FileZipEntryTransformer()V
Yajta,org.zeroturnaround.zip.ZipEntryUtil,setZTFilePermissions(Ljava/util/zip/ZipEntry;Lorg/zeroturnaround/zip/ZTFilePermissions;)Z
Yajta,org.zeroturnaround.zip.ZipEntryUtil,getFirstAsiExtraField(Ljava/util/List;)Lorg/zeroturnaround/zip/extra/AsiExtraField;
Yajta,org.zeroturnaround.zip.ZipEntryUtil,getZTFilePermissions(Ljava/util/zip/ZipEntry;)Lorg/zeroturnaround/zip/ZTFilePermissions;
Yajta,org.zeroturnaround.zip.ZipEntryUtil,fromFile(Ljava/lang/String;Ljava/io/File;)Ljava/util/zip/ZipEntry;
Yajta,org.zeroturnaround.zip.commons.IOUtils,copy(Ljava/io/InputStream;Ljava/io/OutputStream;)I
Yajta,org.zeroturnaround.zip.commons.IOUtils,copyLarge(Ljava/io/InputStream;Ljava/io/OutputStream;[B)J
Yajta,org.zeroturnaround.zip.commons.IOUtils,closeQuietly(Ljava/io/Closeable;)V
Yajta,org.zeroturnaround.zip.commons.IOUtils,copyLarge(Ljava/io/InputStream;Ljava/io/OutputStream;)J
Yajta,org.zeroturnaround.zip.commons.IOUtils,<clinit>()V
Yajta,org.zeroturnaround.zip.commons.IOUtils,closeQuietly(Ljava/io/InputStream;)V
Yajta,org.zeroturnaround.zip.commons.IOUtils,closeQuietly(Ljava/io/OutputStream;)V
Yajta,org.zeroturnaround.zip.extra.AsiExtraField,setDirectory(Z)V
Yajta,org.zeroturnaround.zip.extra.AsiExtraField,getLocalFileDataData()[B
Yajta,org.zeroturnaround.zip.extra.AsiExtraField,getMode()I
Yajta,org.zeroturnaround.zip.extra.AsiExtraField,isDirectory()Z
Yajta,org.zeroturnaround.zip.extra.AsiExtraField,parseFromLocalFileData([BII)V
Yajta,org.zeroturnaround.zip.extra.AsiExtraField,getUserId()I
Yajta,org.zeroturnaround.zip.extra.AsiExtraField,getLinkedFile()Ljava/lang/String;
Yajta,org.zeroturnaround.zip.extra.AsiExtraField,getHeaderId()Lorg/zeroturnaround/zip/extra/ZipShort;
Yajta,org.zeroturnaround.zip.extra.AsiExtraField,isLink()Z
Yajta,org.zeroturnaround.zip.extra.AsiExtraField,getMode(I)I
Yajta,org.zeroturnaround.zip.extra.AsiExtraField,AsiExtraField()V
Yajta,org.zeroturnaround.zip.extra.AsiExtraField,getLocalFileDataLength()Lorg/zeroturnaround/zip/extra/ZipShort;
Yajta,org.zeroturnaround.zip.extra.AsiExtraField,getGroupId()I
Yajta,org.zeroturnaround.zip.extra.AsiExtraField,<clinit>()V
Yajta,org.zeroturnaround.zip.extra.AsiExtraField,setMode(I)V
Yajta,org.zeroturnaround.zip.Zips$UnpackingCallback,Zips$UnpackingCallback(Ljava/util/List;Ljava/io/File;Lorg/zeroturnaround/zip/Zips$1;)V
Yajta,org.zeroturnaround.zip.Zips$UnpackingCallback,Zips$UnpackingCallback(Ljava/util/List;Ljava/io/File;)V
Yajta,org.zeroturnaround.zip.ZipUtil$BackslashUnpacker,ZipUtil$BackslashUnpacker(Ljava/io/File;)V
Yajta,org.zeroturnaround.zip.ZipUtil$BackslashUnpacker,ZipUtil$BackslashUnpacker(Ljava/io/File;Lorg/zeroturnaround/zip/NameMapper;)V
JaCoCo,org.zeroturnaround.zip.commons.StringBuilderWriter,<init>(I)V
JaCoCo,org.zeroturnaround.zip.commons.StringBuilderWriter,write([CII)V
JaCoCo,org.zeroturnaround.zip.commons.StringBuilderWriter,toString()Ljava/lang/String;
JaCoCo,org.zeroturnaround.zip.commons.StringBuilderWriter,write(Ljava/lang/String;)V
JaCoCo,org.zeroturnaround.zip.commons.StringBuilderWriter,<init>()V
JaCoCo,org.zeroturnaround.zip.commons.StringBuilderWriter,close()V
JaCoCo,org.zeroturnaround.zip.ZipUtil$21,<init>(Ljava/io/File;Ljava/lang/String;Lorg/zeroturnaround/zip/transform/ZipEntryTransformer;)V
JaCoCo,org.zeroturnaround.zip.ZipUtil$21,act(Ljava/io/File;)Z
JaCoCo,org.zeroturnaround.zip.ZipException,<init>(Ljava/lang/String;)V
JaCoCo,org.zeroturnaround.zip.ZipException,<init>(Ljava/lang/Exception;)V
JaCoCo,org.zeroturnaround.zip.ZipEntryOrInfoAdapter,process(Ljava/io/InputStream;Ljava/util/zip/ZipEntry;)V
JaCoCo,org.zeroturnaround.zip.ZipEntryOrInfoAdapter,<init>(Lorg/zeroturnaround/zip/ZipEntryCallback;Lorg/zeroturnaround/zip/ZipInfoCallback;)V
JaCoCo,org.zeroturnaround.zip.ZipUtil,unwrap(Ljava/io/File;Ljava/io/File;)V
JaCoCo,org.zeroturnaround.zip.ZipUtil,newCloseShieldZipInputStream(Ljava/io/InputStream;Ljava/nio/charset/Charset;)Ljava/util/zip/ZipInputStream;
JaCoCo,org.zeroturnaround.zip.ZipUtil,unpack(Ljava/io/File;Ljava/io/File;Ljava/nio/charset/Charset;)V
JaCoCo,org.zeroturnaround.zip.ZipUtil,unpack(Ljava/io/InputStream;Ljava/io/File;Lorg/zeroturnaround/zip/NameMapper;Ljava/nio/charset/Charset;)V
JaCoCo,org.zeroturnaround.zip.ZipUtil,archiveEquals(Ljava/io/File;Ljava/io/File;)Z
JaCoCo,org.zeroturnaround.zip.ZipUtil,handle(Ljava/io/InputStream;Ljava/lang/String;Lorg/zeroturnaround/zip/ZipEntryCallback;)Z
JaCoCo,org.zeroturnaround.zip.ZipUtil,unexplode(Ljava/io/File;)V
JaCoCo,org.zeroturnaround.zip.ZipUtil,addEntry(Ljava/io/File;Lorg/zeroturnaround/zip/ZipEntrySource;Ljava/io/File;)V
JaCoCo,org.zeroturnaround.zip.ZipUtil,operateInPlace(Ljava/io/File;Lorg/zeroturnaround/zip/ZipUtil$InPlaceAction;)Z
JaCoCo,org.zeroturnaround.zip.ZipUtil,transformEntries(Ljava/io/File;[Lorg/zeroturnaround/zip/transform/ZipEntryTransformerEntry;Ljava/io/File;)Z
JaCoCo,org.zeroturnaround.zip.ZipUtil,transformEntries(Ljava/io/InputStream;[Lorg/zeroturnaround/zip/transform/ZipEntryTransformerEntry;Ljava/io/OutputStream;)Z
JaCoCo,org.zeroturnaround.zip.ZipUtil,addEntry(Ljava/io/File;Ljava/lang/String;Ljava/io/File;)V
JaCoCo,org.zeroturnaround.zip.ZipUtil,filterDirEntries(Ljava/io/File;Ljava/util/Collection;)Ljava/util/Set;
JaCoCo,org.zeroturnaround.zip.ZipUtil,removeEntries(Ljava/io/File;[Ljava/lang/String;)V
JaCoCo,org.zeroturnaround.zip.ZipUtil,doUnpackEntry(Ljava/util/zip/ZipFile;Ljava/lang/String;Ljava/io/File;)Z
JaCoCo,org.zeroturnaround.zip.ZipUtil,transformEntry(Ljava/io/File;Ljava/lang/String;Lorg/zeroturnaround/zip/transform/ZipEntryTransformer;)Z
JaCoCo,org.zeroturnaround.zip.ZipUtil,copyEntries(Ljava/io/InputStream;Ljava/util/zip/ZipOutputStream;)V
JaCoCo,org.zeroturnaround.zip.ZipUtil,removeEntry(Ljava/io/File;Ljava/lang/String;)V
JaCoCo,org.zeroturnaround.zip.ZipUtil,pack(Ljava/io/File;Ljava/io/OutputStream;)V
JaCoCo,org.zeroturnaround.zip.ZipUtil,addEntry(Ljava/io/File;Ljava/lang/String;[BLjava/io/File;I)V
JaCoCo,org.zeroturnaround.zip.ZipUtil,transformEntry(Ljava/io/File;Lorg/zeroturnaround/zip/transform/ZipEntryTransformerEntry;Ljava/io/File;)Z
JaCoCo,org.zeroturnaround.zip.ZipUtil,iterate(Ljava/io/File;Lorg/zeroturnaround/zip/ZipEntryCallback;)V
JaCoCo,org.zeroturnaround.zip.ZipUtil,copyEntries(Ljava/io/File;Ljava/util/zip/ZipOutputStream;)V
JaCoCo,org.zeroturnaround.zip.ZipUtil,copyEntries(Ljava/io/File;Ljava/util/zip/ZipOutputStream;Ljava/util/Set;)V
JaCoCo,org.zeroturnaround.zip.ZipUtil,containsEntry(Ljava/io/File;Ljava/lang/String;)Z
JaCoCo,org.zeroturnaround.zip.ZipUtil,packEntries([Ljava/io/File;Ljava/io/File;Lorg/zeroturnaround/zip/NameMapper;I)V
JaCoCo,org.zeroturnaround.zip.ZipUtil,pack(Ljava/io/File;Ljava/io/File;Lorg/zeroturnaround/zip/NameMapper;)V
JaCoCo,org.zeroturnaround.zip.ZipUtil,unpackEntry(Ljava/io/File;Ljava/lang/String;Ljava/nio/charset/Charset;)[B
JaCoCo,org.zeroturnaround.zip.ZipUtil,packEntries([Ljava/io/File;Ljava/io/File;)V
JaCoCo,org.zeroturnaround.zip.ZipUtil,pack([Lorg/zeroturnaround/zip/ZipEntrySource;Ljava/io/OutputStream;)V
JaCoCo,org.zeroturnaround.zip.ZipUtil,handle(Ljava/io/File;Ljava/lang/String;Lorg/zeroturnaround/zip/ZipEntryCallback;)Z
JaCoCo,org.zeroturnaround.zip.ZipUtil,doEntryEquals(Ljava/util/zip/ZipFile;Ljava/util/zip/ZipFile;Ljava/lang/String;Ljava/lang/String;)Z
JaCoCo,org.zeroturnaround.zip.ZipUtil,pack(Ljava/io/File;Ljava/io/File;Lorg/zeroturnaround/zip/NameMapper;I)V
JaCoCo,org.zeroturnaround.zip.ZipUtil,pack(Ljava/io/File;Ljava/util/zip/ZipOutputStream;Lorg/zeroturnaround/zip/NameMapper;Ljava/lang/String;Z)V
JaCoCo,org.zeroturnaround.zip.ZipUtil,entriesByPath([Lorg/zeroturnaround/zip/ZipEntrySource;)Ljava/util/Map;
JaCoCo,org.zeroturnaround.zip.ZipUtil,addOrReplaceEntries(Ljava/io/File;[Lorg/zeroturnaround/zip/ZipEntrySource;Ljava/io/File;)V
JaCoCo,org.zeroturnaround.zip.ZipUtil,iterate(Ljava/io/InputStream;Lorg/zeroturnaround/zip/ZipEntryCallback;)V
JaCoCo,org.zeroturnaround.zip.ZipUtil,addEntry(Ljava/io/File;Ljava/lang/String;Ljava/io/File;Ljava/io/File;)V
JaCoCo,org.zeroturnaround.zip.ZipUtil,containsAnyEntry(Ljava/io/File;[Ljava/lang/String;)Z
JaCoCo,org.zeroturnaround.zip.ZipUtil,addEntries(Ljava/io/File;[Lorg/zeroturnaround/zip/ZipEntrySource;Ljava/io/OutputStream;)V
JaCoCo,org.zeroturnaround.zip.ZipUtil,removeEntry(Ljava/io/File;Ljava/lang/String;Ljava/io/File;)V
JaCoCo,org.zeroturnaround.zip.ZipUtil,packEntries([Ljava/io/File;Ljava/io/File;Lorg/zeroturnaround/zip/NameMapper;)V
JaCoCo,org.zeroturnaround.zip.ZipUtil,explode(Ljava/io/File;)V
JaCoCo,org.zeroturnaround.zip.ZipUtil,iterate(Ljava/io/InputStream;Lorg/zeroturnaround/zip/ZipEntryCallback;Ljava/nio/charset/Charset;)V
JaCoCo,org.zeroturnaround.zip.ZipUtil,pack([Lorg/zeroturnaround/zip/ZipEntrySource;Ljava/io/File;)V
JaCoCo,org.zeroturnaround.zip.ZipUtil,getCompressionMethodOfEntry(Ljava/io/File;Ljava/lang/String;)I
JaCoCo,org.zeroturnaround.zip.ZipUtil,unpackEntry(Ljava/io/InputStream;Ljava/lang/String;Ljava/io/File;)Z
JaCoCo,org.zeroturnaround.zip.ZipUtil,addEntries(Ljava/io/File;[Lorg/zeroturnaround/zip/ZipEntrySource;Ljava/io/File;)V
JaCoCo,org.zeroturnaround.zip.ZipUtil,iterate(Ljava/io/InputStream;[Ljava/lang/String;Lorg/zeroturnaround/zip/ZipEntryCallback;Ljava/nio/charset/Charset;)V
JaCoCo,org.zeroturnaround.zip.ZipUtil,unwrap(Ljava/io/File;Ljava/io/File;Lorg/zeroturnaround/zip/NameMapper;)V
JaCoCo,org.zeroturnaround.zip.ZipUtil,doUnpackEntry(Ljava/util/zip/ZipFile;Ljava/lang/String;)[B
JaCoCo,org.zeroturnaround.zip.ZipUtil,packEntry(Ljava/io/File;)[B
JaCoCo,org.zeroturnaround.zip.ZipUtil,packEntry(Ljava/io/File;Ljava/io/File;Ljava/lang/String;)V
JaCoCo,org.zeroturnaround.zip.ZipUtil,addEntry(Lorg/zeroturnaround/zip/ZipEntrySource;Ljava/util/zip/ZipOutputStream;)V
JaCoCo,org.zeroturnaround.zip.ZipUtil,replaceEntries(Ljava/io/File;[Lorg/zeroturnaround/zip/ZipEntrySource;Ljava/io/File;)Z
JaCoCo,org.zeroturnaround.zip.ZipUtil,unpack(Ljava/io/InputStream;Ljava/io/File;)V
JaCoCo,org.zeroturnaround.zip.ZipUtil,iterate(Ljava/io/File;Lorg/zeroturnaround/zip/ZipEntryCallback;Ljava/nio/charset/Charset;)V
JaCoCo,org.zeroturnaround.zip.ZipUtil,addEntry(Ljava/io/File;Ljava/lang/String;[BI)V
JaCoCo,org.zeroturnaround.zip.ZipUtil,pack(Ljava/io/File;Ljava/io/File;I)V
JaCoCo,org.zeroturnaround.zip.ZipUtil,transformEntry(Ljava/io/InputStream;Ljava/lang/String;Lorg/zeroturnaround/zip/transform/ZipEntryTransformer;Ljava/io/OutputStream;)Z
JaCoCo,org.zeroturnaround.zip.ZipUtil,unpack(Ljava/io/File;Ljava/io/File;)V
JaCoCo,org.zeroturnaround.zip.ZipUtil,archiveEqualsInternal(Ljava/io/File;Ljava/io/File;)Z
JaCoCo,org.zeroturnaround.zip.ZipUtil,transformersByPath(Ljava/util/List;)Ljava/util/Map;
JaCoCo,org.zeroturnaround.zip.ZipUtil,replaceEntry(Ljava/io/File;Ljava/lang/String;[BI)Z
JaCoCo,org.zeroturnaround.zip.ZipUtil,removeEntries(Ljava/io/File;[Ljava/lang/String;Ljava/io/File;)V
JaCoCo,org.zeroturnaround.zip.ZipUtil,unpackEntry(Ljava/io/File;Ljava/lang/String;Ljava/io/File;Ljava/nio/charset/Charset;)Z
JaCoCo,org.zeroturnaround.zip.ZipUtil,makeDestinationFile(Ljava/io/File;Ljava/lang/String;)Ljava/io/File;
JaCoCo,org.zeroturnaround.zip.ZipUtil,addEntries(Ljava/io/InputStream;[Lorg/zeroturnaround/zip/ZipEntrySource;Ljava/io/OutputStream;)V
JaCoCo,org.zeroturnaround.zip.ZipUtil,entryEquals(Ljava/io/File;Ljava/io/File;Ljava/lang/String;)Z
JaCoCo,org.zeroturnaround.zip.ZipUtil,unwrap(Ljava/io/InputStream;Ljava/io/File;Lorg/zeroturnaround/zip/NameMapper;)V
JaCoCo,org.zeroturnaround.zip.ZipUtil,repack(Ljava/io/File;Ljava/io/File;I)V
JaCoCo,org.zeroturnaround.zip.ZipUtil,pack([Lorg/zeroturnaround/zip/ZipEntrySource;Ljava/io/OutputStream;Z)V
JaCoCo,org.zeroturnaround.zip.ZipUtil,replaceEntry(Ljava/io/File;Lorg/zeroturnaround/zip/ZipEntrySource;Ljava/io/File;)Z
JaCoCo,org.zeroturnaround.zip.ZipUtil,metaDataEquals(Ljava/lang/String;Ljava/util/zip/ZipEntry;Ljava/util/zip/ZipEntry;)Z
JaCoCo,org.zeroturnaround.zip.ZipUtil,unpack(Ljava/io/File;Ljava/io/File;Lorg/zeroturnaround/zip/NameMapper;)V
JaCoCo,org.zeroturnaround.zip.ZipUtil,checkDestinationFileForTraversal(Ljava/io/File;Ljava/lang/String;Ljava/io/File;)Ljava/io/File;
JaCoCo,org.zeroturnaround.zip.ZipUtil,transformEntry(Ljava/io/InputStream;Lorg/zeroturnaround/zip/transform/ZipEntryTransformerEntry;Ljava/io/OutputStream;)Z
JaCoCo,org.zeroturnaround.zip.ZipUtil,unpackEntry(Ljava/io/File;Ljava/lang/String;)[B
JaCoCo,org.zeroturnaround.zip.ZipUtil,entryEquals(Ljava/io/File;Ljava/io/File;Ljava/lang/String;Ljava/lang/String;)Z
JaCoCo,org.zeroturnaround.zip.ZipUtil,unpackEntry(Ljava/io/File;Ljava/lang/String;Ljava/io/File;)Z
JaCoCo,org.zeroturnaround.zip.ZipUtil,unpack(Ljava/io/InputStream;Ljava/io/File;Ljava/nio/charset/Charset;)V
JaCoCo,org.zeroturnaround.zip.ZipUtil,pack(Ljava/io/File;Ljava/io/File;)V
JaCoCo,org.zeroturnaround.zip.ZipUtil,iterate(Ljava/io/File;[Ljava/lang/String;Lorg/zeroturnaround/zip/ZipEntryCallback;Ljava/nio/charset/Charset;)V
JaCoCo,org.zeroturnaround.zip.ZipUtil,iterate(Ljava/io/File;[Ljava/lang/String;Lorg/zeroturnaround/zip/ZipInfoCallback;)V
JaCoCo,org.zeroturnaround.zip.ZipUtil,packEntry(Ljava/io/File;Ljava/io/File;)V
JaCoCo,org.zeroturnaround.zip.ZipUtil,pack(Ljava/io/File;Ljava/io/File;Z)V
JaCoCo,org.zeroturnaround.zip.ZipUtil,iterate(Ljava/io/InputStream;[Ljava/lang/String;Lorg/zeroturnaround/zip/ZipEntryCallback;)V
JaCoCo,org.zeroturnaround.zip.ZipUtil,unpack(Ljava/io/File;Ljava/io/File;Lorg/zeroturnaround/zip/NameMapper;Ljava/nio/charset/Charset;)V
JaCoCo,org.zeroturnaround.zip.ZipUtil,pack(Ljava/io/File;Ljava/io/OutputStream;Lorg/zeroturnaround/zip/NameMapper;I)V
JaCoCo,org.zeroturnaround.zip.ZipUtil,iterate(Ljava/io/File;[Ljava/lang/String;Lorg/zeroturnaround/zip/ZipEntryCallback;)V
JaCoCo,org.zeroturnaround.zip.ZipUtil,packEntry(Ljava/io/File;Ljava/io/File;Lorg/zeroturnaround/zip/NameMapper;)V
JaCoCo,org.zeroturnaround.zip.ZipUtil,iterate(Ljava/io/File;Lorg/zeroturnaround/zip/ZipInfoCallback;)V
JaCoCo,org.zeroturnaround.zip.ZipUtil,<clinit>()V
JaCoCo,org.zeroturnaround.zip.ZipUtil,unwrap(Ljava/io/InputStream;Ljava/io/File;)V
JaCoCo,org.zeroturnaround.zip.ZipUtil,unexplode(Ljava/io/File;I)V
JaCoCo,org.zeroturnaround.zip.ZipUtil,packEntries([Ljava/io/File;Ljava/io/File;I)V
JaCoCo,org.zeroturnaround.zip.ZipUtil,closeQuietly(Ljava/util/zip/ZipFile;)V
JaCoCo,org.zeroturnaround.zip.ZipUtil,unpackEntry(Ljava/io/InputStream;Ljava/lang/String;)[B
JaCoCo,org.zeroturnaround.zip.ZipUtil,removeEntries(Ljava/io/File;[Ljava/lang/String;Ljava/io/OutputStream;)V
JaCoCo,org.zeroturnaround.zip.ZipUtil,transformEntry(Ljava/io/File;Ljava/lang/String;Lorg/zeroturnaround/zip/transform/ZipEntryTransformer;Ljava/io/File;)Z
JaCoCo,org.zeroturnaround.zip.extra.ZipShort,getValue([BI)I
JaCoCo,org.zeroturnaround.zip.extra.ZipShort,getValue()I
JaCoCo,org.zeroturnaround.zip.extra.ZipShort,hashCode()I
JaCoCo,org.zeroturnaround.zip.extra.ZipShort,equals(Ljava/lang/Object;)Z
JaCoCo,org.zeroturnaround.zip.extra.ZipShort,<init>(I)V
JaCoCo,org.zeroturnaround.zip.extra.ZipShort,<init>([BI)V
JaCoCo,org.zeroturnaround.zip.extra.ZipShort,getBytes()[B
JaCoCo,org.zeroturnaround.zip.extra.ZipShort,getBytes(I)[B
JaCoCo,org.zeroturnaround.zip.transform.StringZipEntryTransformer,<init>(Ljava/lang/String;)V
JaCoCo,org.zeroturnaround.zip.transform.StringZipEntryTransformer,transform(Ljava/io/InputStream;Ljava/util/zip/ZipEntry;Ljava/util/zip/ZipOutputStream;)V
JaCoCo,org.slf4j.LoggerFactory,bind()V
JaCoCo,org.slf4j.LoggerFactory,getLogger(Ljava/lang/String;)Lorg/slf4j/Logger;
JaCoCo,org.slf4j.LoggerFactory,reportActualBinding(Ljava/util/Set;)V
JaCoCo,org.slf4j.LoggerFactory,emitSubstituteLoggerWarning()V
JaCoCo,org.slf4j.LoggerFactory,getILoggerFactory()Lorg/slf4j/ILoggerFactory;
JaCoCo,org.slf4j.LoggerFactory,<clinit>()V
JaCoCo,org.slf4j.LoggerFactory,versionSanityCheck()V
JaCoCo,org.slf4j.LoggerFactory,reportMultipleBindingAmbiguity(Ljava/util/Set;)V
JaCoCo,org.slf4j.LoggerFactory,performInitialization()V
JaCoCo,org.slf4j.LoggerFactory,isAmbiguousStaticLoggerBinderPathSet(Ljava/util/Set;)Z
JaCoCo,org.slf4j.LoggerFactory,findPossibleStaticLoggerBinderPathSet()Ljava/util/Set;
JaCoCo,org.zeroturnaround.zip.ZTFilePermissionsUtil,toPosixFileMode(Lorg/zeroturnaround/zip/ZTFilePermissions;)I
JaCoCo,org.zeroturnaround.zip.ZTFilePermissionsUtil,addFlag(ZI)I
JaCoCo,org.zeroturnaround.zip.ZTFilePermissionsUtil,fetchDefaultStrategy()Lorg/zeroturnaround/zip/ZTFilePermissionsStrategy;
JaCoCo,org.zeroturnaround.zip.ZTFilePermissionsUtil,<clinit>()V
JaCoCo,org.zeroturnaround.zip.ZTFilePermissionsUtil,getDefaultStategy()Lorg/zeroturnaround/zip/ZTFilePermissionsStrategy;
JaCoCo,org.zeroturnaround.zip.ZTFilePermissionsUtil,fromPosixFileMode(I)Lorg/zeroturnaround/zip/ZTFilePermissions;
JaCoCo,org.zeroturnaround.zip.ZTFilePermissionsUtil,tryInstantiateStrategy(Ljava/lang/Class;)Lorg/zeroturnaround/zip/ZTFilePermissionsStrategy;
JaCoCo,org.zeroturnaround.zip.ZTFileUtil,listFiles(Ljava/io/File;)Ljava/util/Collection;
JaCoCo,org.zeroturnaround.zip.ZTFileUtil,listFiles(Ljava/io/File;Ljava/io/FileFilter;)Ljava/util/Collection;
JaCoCo,org.zeroturnaround.zip.ZTFileUtil,innerListFiles(Ljava/io/File;Ljava/util/Collection;Ljava/io/FileFilter;)V
JaCoCo,org.zeroturnaround.zip.MaliciousZipException,<init>(Ljava/io/File;Ljava/lang/String;)V
JaCoCo,org.zeroturnaround.zip.ZipUtil$TransformerZipEntryCallback,process(Ljava/io/InputStream;Ljava/util/zip/ZipEntry;)V
JaCoCo,org.zeroturnaround.zip.ZipUtil$TransformerZipEntryCallback,<init>(Ljava/util/List;Ljava/util/zip/ZipOutputStream;)V
JaCoCo,org.zeroturnaround.zip.ZipUtil$TransformerZipEntryCallback,found()Z
JaCoCo,org.zeroturnaround.zip.ZTFilePermissionsUtil$1,<init>()V
JaCoCo,org.slf4j.helpers.NOPLoggerFactory,<init>()V
JaCoCo,org.zeroturnaround.zip.ZipUtil$15,act(Ljava/io/File;)Z
JaCoCo,org.zeroturnaround.zip.ZipUtil$15,<init>(Ljava/io/File;Ljava/lang/String;[BI)V
JaCoCo,org.zeroturnaround.zip.ZipUtil$RepackZipEntryCallback,closeStream()V
JaCoCo,org.zeroturnaround.zip.ZipUtil$RepackZipEntryCallback,process(Ljava/io/InputStream;Ljava/util/zip/ZipEntry;)V
JaCoCo,org.zeroturnaround.zip.ZipUtil$RepackZipEntryCallback,<init>(Ljava/io/File;I)V
JaCoCo,org.zeroturnaround.zip.ZipUtil$17,<init>(Ljava/util/Set;Ljava/util/Map;Ljava/util/zip/ZipOutputStream;)V
JaCoCo,org.zeroturnaround.zip.ZipUtil$17,process(Ljava/io/InputStream;Ljava/util/zip/ZipEntry;)V
JaCoCo,org.zeroturnaround.zip.ZipUtil$10,<init>(Ljava/util/Set;Ljava/util/zip/ZipOutputStream;)V
JaCoCo,org.zeroturnaround.zip.ZipUtil$10,process(Ljava/io/InputStream;Ljava/util/zip/ZipEntry;)V
JaCoCo,org.zeroturnaround.zip.ZipUtil$11,<init>(Ljava/util/Set;Ljava/util/zip/ZipOutputStream;)V
JaCoCo,org.zeroturnaround.zip.ZipUtil$11,process(Ljava/io/InputStream;Ljava/util/zip/ZipEntry;)V
JaCoCo,org.zeroturnaround.zip.ZipExceptionUtil,rethrow(Ljava/io/IOException;)Lorg/zeroturnaround/zip/ZipException;
JaCoCo,org.zeroturnaround.zip.extra.ExtraFieldUtils,parse([B)Ljava/util/List;
JaCoCo,org.zeroturnaround.zip.extra.ExtraFieldUtils,register(Ljava/lang/Class;)V
JaCoCo,org.zeroturnaround.zip.extra.ExtraFieldUtils,mergeLocalFileDataData(Ljava/util/List;)[B
JaCoCo,org.zeroturnaround.zip.extra.ExtraFieldUtils,<clinit>()V
JaCoCo,org.zeroturnaround.zip.extra.ExtraFieldUtils,createExtraField(Lorg/zeroturnaround/zip/extra/ZipShort;)Lorg/zeroturnaround/zip/extra/ZipExtraField;
JaCoCo,org.zeroturnaround.zip.ZipUtil$12,process(Ljava/io/InputStream;Ljava/util/zip/ZipEntry;)V
JaCoCo,org.zeroturnaround.zip.ZipUtil$12,<init>(Ljava/util/Set;Ljava/util/Set;Ljava/util/Set;Ljava/util/zip/ZipOutputStream;)V
JaCoCo,org.zeroturnaround.zip.ZTZipReflectionUtil,invoke(Ljava/lang/reflect/Method;Ljava/lang/Object;[Ljava/lang/Object;)Ljava/lang/Object;
JaCoCo,org.zeroturnaround.zip.ZTZipReflectionUtil,getClassForName(Ljava/lang/String;Ljava/lang/Class;)Ljava/lang/Class;
JaCoCo,org.zeroturnaround.zip.ZTZipReflectionUtil,getDeclaredMethod(Ljava/lang/Class;Ljava/lang/String;[Ljava/lang/Class;)Ljava/lang/reflect/Method;
JaCoCo,org.zeroturnaround.zip.ZipUtil$19,<init>(Ljava/util/Set;Ljava/util/Map;Ljava/util/zip/ZipOutputStream;)V
JaCoCo,org.zeroturnaround.zip.ZipUtil$19,process(Ljava/io/InputStream;Ljava/util/zip/ZipEntry;)V
JaCoCo,org.slf4j.helpers.SubstituteLoggerFactory,<init>()V
JaCoCo,org.slf4j.helpers.SubstituteLoggerFactory,getLoggerNameList()Ljava/util/List;
JaCoCo,org.zeroturnaround.zip.Zips$CopyingCallback,<init>(Ljava/util/List;Ljava/util/zip/ZipOutputStream;Z)V
JaCoCo,org.zeroturnaround.zip.Zips$CopyingCallback,process(Ljava/io/InputStream;Ljava/util/zip/ZipEntry;)V
JaCoCo,org.zeroturnaround.zip.transform.ByteArrayZipEntryTransformer,preserveTimestamps()Z
JaCoCo,org.zeroturnaround.zip.transform.ByteArrayZipEntryTransformer,transform(Ljava/io/InputStream;Ljava/util/zip/ZipEntry;Ljava/util/zip/ZipOutputStream;)V
JaCoCo,org.zeroturnaround.zip.transform.ByteArrayZipEntryTransformer,<init>()V
JaCoCo,org.zeroturnaround.zip.Java7Nio2ApiPermissionsStrategy,toPath(Ljava/io/File;)Ljava/lang/Object;
JaCoCo,org.zeroturnaround.zip.Java7Nio2ApiPermissionsStrategy,setPermissions(Ljava/io/File;Lorg/zeroturnaround/zip/ZTFilePermissions;)V
JaCoCo,org.zeroturnaround.zip.Java7Nio2ApiPermissionsStrategy,getPermissions(Ljava/io/File;)Lorg/zeroturnaround/zip/ZTFilePermissions;
JaCoCo,org.zeroturnaround.zip.Java7Nio2ApiPermissionsStrategy,setPosixFilePermissions(Ljava/io/File;Ljava/util/Set;)V
JaCoCo,org.zeroturnaround.zip.Java7Nio2ApiPermissionsStrategy,isPosix()Z
JaCoCo,org.zeroturnaround.zip.Java7Nio2ApiPermissionsStrategy,<init>()V
JaCoCo,org.zeroturnaround.zip.Java7Nio2ApiPermissionsStrategy,addIf(ZLjava/util/Set;Ljava/lang/Object;)V
JaCoCo,org.zeroturnaround.zip.Java7Nio2ApiPermissionsStrategy,getPosixFilePermissions(Ljava/io/File;)Ljava/util/Set;
JaCoCo,org.zeroturnaround.zip.extra.ZipLong,getValue([BI)J
JaCoCo,org.zeroturnaround.zip.extra.ZipLong,<init>(J)V
JaCoCo,org.zeroturnaround.zip.extra.ZipLong,<clinit>()V
JaCoCo,org.zeroturnaround.zip.extra.ZipLong,getBytes(J)[B
JaCoCo,org.zeroturnaround.zip.commons.IOUtils,toString(Ljava/io/InputStream;Ljava/lang/String;)Ljava/lang/String;
JaCoCo,org.zeroturnaround.zip.commons.IOUtils,copyLarge(Ljava/io/InputStream;Ljava/io/OutputStream;)J
JaCoCo,org.zeroturnaround.zip.commons.IOUtils,copy(Ljava/io/InputStream;Ljava/io/Writer;Ljava/lang/String;)V
JaCoCo,org.zeroturnaround.zip.commons.IOUtils,closeQuietly(Ljava/io/InputStream;)V
JaCoCo,org.zeroturnaround.zip.commons.IOUtils,copy(Ljava/io/InputStream;Ljava/io/Writer;)V
JaCoCo,org.zeroturnaround.zip.commons.IOUtils,copyLarge(Ljava/io/Reader;Ljava/io/Writer;)J
JaCoCo,org.zeroturnaround.zip.commons.IOUtils,copyLarge(Ljava/io/Reader;Ljava/io/Writer;[C)J
JaCoCo,org.zeroturnaround.zip.commons.IOUtils,copy(Ljava/io/InputStream;Ljava/io/OutputStream;)I
JaCoCo,org.zeroturnaround.zip.commons.IOUtils,copyLarge(Ljava/io/InputStream;Ljava/io/OutputStream;[B)J
JaCoCo,org.zeroturnaround.zip.commons.IOUtils,contentEquals(Ljava/io/InputStream;Ljava/io/InputStream;)Z
JaCoCo,org.zeroturnaround.zip.commons.IOUtils,closeQuietly(Ljava/io/Closeable;)V
JaCoCo,org.zeroturnaround.zip.commons.IOUtils,copy(Ljava/io/Reader;Ljava/io/Writer;)I
JaCoCo,org.zeroturnaround.zip.commons.IOUtils,<clinit>()V
JaCoCo,org.zeroturnaround.zip.commons.IOUtils,closeQuietly(Ljava/io/OutputStream;)V
JaCoCo,org.zeroturnaround.zip.commons.IOUtils,toByteArray(Ljava/io/InputStream;)[B
JaCoCo,org.zeroturnaround.zip.extra.AsiExtraField,setDirectory(Z)V
JaCoCo,org.zeroturnaround.zip.extra.AsiExtraField,getLocalFileDataData()[B
JaCoCo,org.zeroturnaround.zip.extra.AsiExtraField,getMode()I
JaCoCo,org.zeroturnaround.zip.extra.AsiExtraField,isDirectory()Z
JaCoCo,org.zeroturnaround.zip.extra.AsiExtraField,parseFromLocalFileData([BII)V
JaCoCo,org.zeroturnaround.zip.extra.AsiExtraField,getUserId()I
JaCoCo,org.zeroturnaround.zip.extra.AsiExtraField,getLinkedFile()Ljava/lang/String;
JaCoCo,org.zeroturnaround.zip.extra.AsiExtraField,getHeaderId()Lorg/zeroturnaround/zip/extra/ZipShort;
JaCoCo,org.zeroturnaround.zip.extra.AsiExtraField,isLink()Z
JaCoCo,org.zeroturnaround.zip.extra.AsiExtraField,getMode(I)I
JaCoCo,org.zeroturnaround.zip.extra.AsiExtraField,getLocalFileDataLength()Lorg/zeroturnaround/zip/extra/ZipShort;
JaCoCo,org.zeroturnaround.zip.extra.AsiExtraField,getGroupId()I
JaCoCo,org.zeroturnaround.zip.extra.AsiExtraField,<clinit>()V
JaCoCo,org.zeroturnaround.zip.extra.AsiExtraField,<init>()V
JaCoCo,org.zeroturnaround.zip.extra.AsiExtraField,setMode(I)V
JaCoCo,org.zeroturnaround.zip.timestamps.TimestampStrategyFactory,hasZipEntryFileTimeMethods()Z
JaCoCo,org.zeroturnaround.zip.timestamps.TimestampStrategyFactory,getStrategy()Lorg/zeroturnaround/zip/timestamps/TimestampStrategy;
JaCoCo,org.zeroturnaround.zip.timestamps.TimestampStrategyFactory,<clinit>()V
JaCoCo,org.zeroturnaround.zip.timestamps.TimestampStrategyFactory,getInstance()Lorg/zeroturnaround/zip/timestamps/TimestampStrategy;
JaCoCo,org.zeroturnaround.zip.commons.FilenameUtils,getPrefixLength(Ljava/lang/String;)I
JaCoCo,org.zeroturnaround.zip.commons.FilenameUtils,isSystemWindows()Z
JaCoCo,org.zeroturnaround.zip.commons.FilenameUtils,isSeparator(C)Z
JaCoCo,org.zeroturnaround.zip.commons.FilenameUtils,<clinit>()V
JaCoCo,org.zeroturnaround.zip.Zips,get(Ljava/io/File;)Lorg/zeroturnaround/zip/Zips;
JaCoCo,org.zeroturnaround.zip.Zips,addFile(Ljava/io/File;Ljava/io/FileFilter;)Lorg/zeroturnaround/zip/Zips;
JaCoCo,org.zeroturnaround.zip.Zips,addEntry(Lorg/zeroturnaround/zip/ZipEntrySource;)Lorg/zeroturnaround/zip/Zips;
JaCoCo,org.zeroturnaround.zip.Zips,destination(Ljava/io/File;)Lorg/zeroturnaround/zip/Zips;
JaCoCo,org.zeroturnaround.zip.Zips,addFile(Ljava/io/File;Z)Lorg/zeroturnaround/zip/Zips;
JaCoCo,org.zeroturnaround.zip.Zips,unpack()Lorg/zeroturnaround/zip/Zips;
JaCoCo,org.zeroturnaround.zip.Zips,process()V
JaCoCo,org.zeroturnaround.zip.Zips,processAllEntries(Lorg/zeroturnaround/zip/ZipEntryOrInfoAdapter;)V
JaCoCo,org.zeroturnaround.zip.Zips,<init>(Ljava/io/File;)V
JaCoCo,org.zeroturnaround.zip.Zips,isUnpack()Z
JaCoCo,org.zeroturnaround.zip.Zips,addEntries([Lorg/zeroturnaround/zip/ZipEntrySource;)Lorg/zeroturnaround/zip/Zips;
JaCoCo,org.zeroturnaround.zip.Zips,addFile(Ljava/io/File;)Lorg/zeroturnaround/zip/Zips;
JaCoCo,org.zeroturnaround.zip.Zips,handleInPlaceActions(Ljava/io/File;)V
JaCoCo,org.zeroturnaround.zip.Zips,iterateExistingExceptRemoved(Lorg/zeroturnaround/zip/ZipEntryOrInfoAdapter;)V
JaCoCo,org.zeroturnaround.zip.Zips,preserveTimestamps()Lorg/zeroturnaround/zip/Zips;
JaCoCo,org.zeroturnaround.zip.Zips,iterateChangedAndAdded(Lorg/zeroturnaround/zip/ZipEntryOrInfoAdapter;)V
JaCoCo,org.zeroturnaround.zip.Zips,getDestinationFile()Ljava/io/File;
JaCoCo,org.zeroturnaround.zip.Zips,create()Lorg/zeroturnaround/zip/Zips;
JaCoCo,org.zeroturnaround.zip.Zips,isEntryInDir(Ljava/util/Set;Ljava/lang/String;)Z
JaCoCo,org.zeroturnaround.zip.Zips,addTransformer(Ljava/lang/String;Lorg/zeroturnaround/zip/transform/ZipEntryTransformer;)Lorg/zeroturnaround/zip/Zips;
JaCoCo,org.zeroturnaround.zip.Zips,iterate(Lorg/zeroturnaround/zip/ZipEntryCallback;)V
JaCoCo,org.zeroturnaround.zip.Zips,setPreserveTimestamps(Z)Lorg/zeroturnaround/zip/Zips;
JaCoCo,org.zeroturnaround.zip.Zips,removeEntries([Ljava/lang/String;)Lorg/zeroturnaround/zip/Zips;
JaCoCo,org.zeroturnaround.zip.Zips,getRelativePath(Ljava/io/File;Ljava/io/File;)Ljava/lang/String;
JaCoCo,org.zeroturnaround.zip.Zips,removeEntry(Ljava/lang/String;)Lorg/zeroturnaround/zip/Zips;
JaCoCo,org.zeroturnaround.zip.Zips,addFile(Ljava/io/File;ZLjava/io/FileFilter;)Lorg/zeroturnaround/zip/Zips;
JaCoCo,org.zeroturnaround.zip.Zips,isInPlace()Z
JaCoCo,org.zeroturnaround.zip.Zips,getZipFile()Ljava/util/zip/ZipFile;
JaCoCo,org.zeroturnaround.zip.Zips,charset(Ljava/nio/charset/Charset;)Lorg/zeroturnaround/zip/Zips;
JaCoCo,org.zeroturnaround.zip.Zips,nameMapper(Lorg/zeroturnaround/zip/NameMapper;)Lorg/zeroturnaround/zip/Zips;
JaCoCo,org.zeroturnaround.zip.ZipUtil$9,<init>(Ljava/io/File;[Ljava/lang/String;)V
JaCoCo,org.zeroturnaround.zip.ZipUtil$9,act(Ljava/io/File;)Z
JaCoCo,org.zeroturnaround.zip.ZTFileUtil$1,accept(Ljava/io/File;)Z
JaCoCo,org.zeroturnaround.zip.ZTFileUtil$1,<init>()V
JaCoCo,org.zeroturnaround.zip.commons.FileUtilsV2_2,doCopyFile(Ljava/io/File;Ljava/io/File;Z)V
JaCoCo,org.zeroturnaround.zip.commons.FileUtilsV2_2,readFileToString(Ljava/io/File;Ljava/lang/String;)Ljava/lang/String;
JaCoCo,org.zeroturnaround.zip.commons.FileUtilsV2_2,openInputStream(Ljava/io/File;)Ljava/io/FileInputStream;
JaCoCo,org.zeroturnaround.zip.commons.FileUtilsV2_2,copyFile(Ljava/io/File;Ljava/io/File;)V
JaCoCo,org.zeroturnaround.zip.commons.FileUtilsV2_2,copyFileToDirectory(Ljava/io/File;Ljava/io/File;Z)V
JaCoCo,org.zeroturnaround.zip.commons.FileUtilsV2_2,copyFileToDirectory(Ljava/io/File;Ljava/io/File;)V
JaCoCo,org.zeroturnaround.zip.commons.FileUtilsV2_2,moveDirectory(Ljava/io/File;Ljava/io/File;)V
JaCoCo,org.zeroturnaround.zip.commons.FileUtilsV2_2,deleteDirectory(Ljava/io/File;)V
JaCoCo,org.zeroturnaround.zip.commons.FileUtilsV2_2,forceDelete(Ljava/io/File;)V
JaCoCo,org.zeroturnaround.zip.commons.FileUtilsV2_2,copyFile(Ljava/io/File;Ljava/io/File;Z)V
JaCoCo,org.zeroturnaround.zip.commons.FileUtilsV2_2,moveFile(Ljava/io/File;Ljava/io/File;)V
JaCoCo,org.zeroturnaround.zip.commons.FileUtilsV2_2,forceMkdir(Ljava/io/File;)V
JaCoCo,org.zeroturnaround.zip.commons.FileUtilsV2_2,deleteQuietly(Ljava/io/File;)Z
JaCoCo,org.zeroturnaround.zip.commons.FileUtilsV2_2,cleanDirectory(Ljava/io/File;)V
JaCoCo,org.zeroturnaround.zip.commons.FileUtilsV2_2,<clinit>()V
JaCoCo,org.zeroturnaround.zip.commons.FileUtilsV2_2,contentEquals(Ljava/io/File;Ljava/io/File;)Z
JaCoCo,org.zeroturnaround.zip.commons.FileUtilsV2_2,isSymlink(Ljava/io/File;)Z
JaCoCo,org.zeroturnaround.zip.commons.FileUtilsV2_2,readFileToString(Ljava/io/File;)Ljava/lang/String;
JaCoCo,org.zeroturnaround.zip.transform.ZipEntrySourceZipEntryTransformer,addEntry(Lorg/zeroturnaround/zip/ZipEntrySource;Ljava/util/zip/ZipOutputStream;)V
JaCoCo,org.zeroturnaround.zip.FileSource,getInputStream()Ljava/io/InputStream;
JaCoCo,org.zeroturnaround.zip.FileSource,pair([Ljava/io/File;[Ljava/lang/String;)[Lorg/zeroturnaround/zip/FileSource;
JaCoCo,org.zeroturnaround.zip.FileSource,<init>(Ljava/lang/String;Ljava/io/File;)V
JaCoCo,org.zeroturnaround.zip.FileSource,toString()Ljava/lang/String;
JaCoCo,org.zeroturnaround.zip.FileSource,getEntry()Ljava/util/zip/ZipEntry;
JaCoCo,org.zeroturnaround.zip.ZipUtil$5,act(Ljava/io/File;)Z
JaCoCo,org.zeroturnaround.zip.ZipUtil$5,<init>(Ljava/io/File;Ljava/lang/String;[BI)V
JaCoCo,org.zeroturnaround.zip.ZipUtil$8,<init>(Ljava/io/File;Ljava/lang/String;)V
JaCoCo,org.zeroturnaround.zip.ZipUtil$8,act(Ljava/io/File;)Z
JaCoCo,org.zeroturnaround.zip.IdentityNameMapper,map(Ljava/lang/String;)Ljava/lang/String;
JaCoCo,org.zeroturnaround.zip.IdentityNameMapper,<clinit>()V
JaCoCo,org.slf4j.helpers.FormattingTuple,getMessage()Ljava/lang/String;
JaCoCo,org.slf4j.helpers.FormattingTuple,<init>(Ljava/lang/String;)V
JaCoCo,org.slf4j.helpers.FormattingTuple,<clinit>()V
JaCoCo,org.slf4j.helpers.FormattingTuple,getThrowable()Ljava/lang/Throwable;
JaCoCo,org.slf4j.helpers.FormattingTuple,<init>(Ljava/lang/String;[Ljava/lang/Object;Ljava/lang/Throwable;)V
JaCoCo,org.zeroturnaround.zip.ZipUtil$2,<init>(Ljava/lang/String;)V
JaCoCo,org.zeroturnaround.zip.ZipUtil$2,map(Ljava/lang/String;)Ljava/lang/String;
JaCoCo,org.zeroturnaround.zip.transform.StreamZipEntryTransformer,transform(Ljava/io/InputStream;Ljava/util/zip/ZipEntry;Ljava/util/zip/ZipOutputStream;)V
JaCoCo,org.zeroturnaround.zip.transform.StreamZipEntryTransformer,<init>()V
JaCoCo,org.zeroturnaround.zip.ZipUtil$1,<init>(Ljava/lang/String;)V
JaCoCo,org.zeroturnaround.zip.ZipUtil$1,map(Ljava/lang/String;)Ljava/lang/String;
JaCoCo,org.zeroturnaround.zip.extra.UnrecognizedExtraField,setLocalFileDataData([B)V
JaCoCo,org.zeroturnaround.zip.extra.UnrecognizedExtraField,parseFromLocalFileData([BII)V
JaCoCo,org.zeroturnaround.zip.extra.UnrecognizedExtraField,<init>()V
JaCoCo,org.zeroturnaround.zip.extra.UnrecognizedExtraField,setHeaderId(Lorg/zeroturnaround/zip/extra/ZipShort;)V
JaCoCo,org.zeroturnaround.zip.extra.UnrecognizedExtraField,copy([B)[B
JaCoCo,org.zeroturnaround.zip.ZipUtil$3,<init>(Ljava/io/File;Ljava/lang/String;Ljava/io/File;)V
JaCoCo,org.zeroturnaround.zip.ZipUtil$3,act(Ljava/io/File;)Z
JaCoCo,org.zeroturnaround.zip.Zips$UnpackingCallback$1,run()V
JaCoCo,org.zeroturnaround.zip.Zips$UnpackingCallback$1,<init>(Lorg/zeroturnaround/zip/Zips$UnpackingCallback;Lorg/zeroturnaround/zip/transform/ZipEntryTransformer;Ljava/io/InputStream;Ljava/util/zip/ZipEntry;Ljava/util/zip/ZipOutputStream;)V
JaCoCo,org.zeroturnaround.zip.ZipFileUtil,createZipInputStream(Ljava/io/InputStream;Ljava/nio/charset/Charset;)Ljava/util/zip/ZipInputStream;
JaCoCo,org.zeroturnaround.zip.ZipFileUtil,createZipOutputStream(Ljava/io/BufferedOutputStream;Ljava/nio/charset/Charset;)Ljava/util/zip/ZipOutputStream;
JaCoCo,org.zeroturnaround.zip.ZipFileUtil,isCharsetSupported()Z
JaCoCo,org.zeroturnaround.zip.ZipFileUtil,getZipFile(Ljava/io/File;Ljava/nio/charset/Charset;)Ljava/util/zip/ZipFile;
JaCoCo,org.zeroturnaround.zip.ZipUtil$FileUnpacker,<init>(Ljava/io/File;)V
JaCoCo,org.zeroturnaround.zip.ZipUtil$FileUnpacker,process(Ljava/io/InputStream;Ljava/util/zip/ZipEntry;)V
JaCoCo,org.zeroturnaround.zip.ZipUtil$SingleZipEntryCallback,process(Ljava/io/InputStream;Ljava/util/zip/ZipEntry;)V
JaCoCo,org.zeroturnaround.zip.ZipUtil$SingleZipEntryCallback,found()Z
JaCoCo,org.zeroturnaround.zip.ZipUtil$SingleZipEntryCallback,<init>(Ljava/lang/String;Lorg/zeroturnaround/zip/ZipEntryCallback;)V
JaCoCo,org.zeroturnaround.zip.ZipUtil$ByteArrayUnpacker,process(Ljava/io/InputStream;Ljava/util/zip/ZipEntry;)V
JaCoCo,org.zeroturnaround.zip.ZipUtil$ByteArrayUnpacker,getBytes()[B
JaCoCo,org.zeroturnaround.zip.ByteSource,getInputStream()Ljava/io/InputStream;
JaCoCo,org.zeroturnaround.zip.ByteSource,<init>(Ljava/lang/String;[B)V
JaCoCo,org.zeroturnaround.zip.ByteSource,<init>(Ljava/lang/String;[BJI)V
JaCoCo,org.zeroturnaround.zip.ByteSource,<init>(Ljava/lang/String;[BI)V
JaCoCo,org.zeroturnaround.zip.ByteSource,getPath()Ljava/lang/String;
JaCoCo,org.zeroturnaround.zip.ByteSource,toString()Ljava/lang/String;
JaCoCo,org.zeroturnaround.zip.ByteSource,<init>(Ljava/lang/String;[BJ)V
JaCoCo,org.zeroturnaround.zip.ByteSource,getEntry()Ljava/util/zip/ZipEntry;
JaCoCo,org.slf4j.helpers.NamedLoggerBase,<init>()V
JaCoCo,org.slf4j.helpers.MessageFormatter,deeplyAppendParameter(Ljava/lang/StringBuffer;Ljava/lang/Object;Ljava/util/Map;)V
JaCoCo,org.slf4j.helpers.MessageFormatter,format(Ljava/lang/String;Ljava/lang/Object;Ljava/lang/Object;)Lorg/slf4j/helpers/FormattingTuple;
JaCoCo,org.slf4j.helpers.MessageFormatter,isEscapedDelimeter(Ljava/lang/String;I)Z
JaCoCo,org.slf4j.helpers.MessageFormatter,safeObjectAppend(Ljava/lang/StringBuffer;Ljava/lang/Object;)V
JaCoCo,org.slf4j.helpers.MessageFormatter,arrayFormat(Ljava/lang/String;[Ljava/lang/Object;)Lorg/slf4j/helpers/FormattingTuple;
JaCoCo,org.slf4j.helpers.MessageFormatter,getThrowableCandidate([Ljava/lang/Object;)Ljava/lang/Throwable;
JaCoCo,org.slf4j.helpers.MessageFormatter,objectArrayAppend(Ljava/lang/StringBuffer;[Ljava/lang/Object;Ljava/util/Map;)V
JaCoCo,org.slf4j.helpers.MessageFormatter,format(Ljava/lang/String;Ljava/lang/Object;)Lorg/slf4j/helpers/FormattingTuple;
JaCoCo,org.zeroturnaround.zip.ZipBreakException,<init>()V
JaCoCo,org.zeroturnaround.zip.timestamps.Java8TimestampStrategy,setTime(Ljava/util/zip/ZipEntry;Ljava/util/zip/ZipEntry;)V
JaCoCo,org.zeroturnaround.zip.timestamps.Java8TimestampStrategy,<init>()V
JaCoCo,org.zeroturnaround.zip.commons.FileUtils,copy(Ljava/io/InputStream;Ljava/io/File;)V
JaCoCo,org.zeroturnaround.zip.commons.FileUtils,copy(Ljava/io/File;Ljava/io/OutputStream;)V
JaCoCo,org.zeroturnaround.zip.commons.FileUtils,getTempFileFor(Ljava/io/File;)Ljava/io/File;
JaCoCo,org.zeroturnaround.zip.ZipUtil$Unwrapper,getUnrootedName(Ljava/lang/String;Ljava/lang/String;)Ljava/lang/String;
JaCoCo,org.zeroturnaround.zip.ZipUtil$Unwrapper,getRootName(Ljava/lang/String;)Ljava/lang/String;
JaCoCo,org.zeroturnaround.zip.ZipUtil$Unwrapper,process(Ljava/io/InputStream;Ljava/util/zip/ZipEntry;)V
JaCoCo,org.zeroturnaround.zip.ZipUtil$Unwrapper,<init>(Ljava/io/File;Lorg/zeroturnaround/zip/NameMapper;)V
JaCoCo,org.zeroturnaround.zip.ZipUtil$Unpacker,process(Ljava/io/InputStream;Ljava/util/zip/ZipEntry;)V
JaCoCo,org.zeroturnaround.zip.ZipUtil$Unpacker,<init>(Ljava/io/File;Lorg/zeroturnaround/zip/NameMapper;)V
JaCoCo,org.zeroturnaround.zip.transform.ZipEntryTransformerEntry,<init>(Ljava/lang/String;Lorg/zeroturnaround/zip/transform/ZipEntryTransformer;)V
JaCoCo,org.zeroturnaround.zip.transform.ZipEntryTransformerEntry,getPath()Ljava/lang/String;
JaCoCo,org.zeroturnaround.zip.transform.ZipEntryTransformerEntry,toString()Ljava/lang/String;
JaCoCo,org.zeroturnaround.zip.transform.ZipEntryTransformerEntry,getTransformer()Lorg/zeroturnaround/zip/transform/ZipEntryTransformer;
JaCoCo,org.slf4j.helpers.MarkerIgnoringBase,<init>()V
JaCoCo,org.zeroturnaround.zip.CloseShieldInputStream,<init>(Ljava/io/InputStream;)V
JaCoCo,org.zeroturnaround.zip.CloseShieldInputStream,close()V
JaCoCo,org.zeroturnaround.zip.ZTFilePermissions,setDirectory(Z)V
JaCoCo,org.zeroturnaround.zip.ZTFilePermissions,isOwnerCanWrite()Z
JaCoCo,org.zeroturnaround.zip.ZTFilePermissions,setOthersCanWrite(Z)V
JaCoCo,org.zeroturnaround.zip.ZTFilePermissions,isGroupCanWrite()Z
JaCoCo,org.zeroturnaround.zip.ZTFilePermissions,setGroupCanWrite(Z)V
JaCoCo,org.zeroturnaround.zip.ZTFilePermissions,setGroupCanExecute(Z)V
JaCoCo,org.zeroturnaround.zip.ZTFilePermissions,isOthersCanWrite()Z
JaCoCo,org.zeroturnaround.zip.ZTFilePermissions,setOwnerCanRead(Z)V
JaCoCo,org.zeroturnaround.zip.ZTFilePermissions,setOwnerCanExecute(Z)V
JaCoCo,org.zeroturnaround.zip.ZTFilePermissions,isGroupCanRead()Z
JaCoCo,org.zeroturnaround.zip.ZTFilePermissions,setGroupCanRead(Z)V
JaCoCo,org.zeroturnaround.zip.ZTFilePermissions,setOthersCanExecute(Z)V
JaCoCo,org.zeroturnaround.zip.ZTFilePermissions,isOwnerCanExecute()Z
JaCoCo,org.zeroturnaround.zip.ZTFilePermissions,isGroupCanExecute()Z
JaCoCo,org.zeroturnaround.zip.ZTFilePermissions,setOthersCanRead(Z)V
JaCoCo,org.zeroturnaround.zip.ZTFilePermissions,<init>()V
JaCoCo,org.zeroturnaround.zip.ZTFilePermissions,isOthersCanRead()Z
JaCoCo,org.zeroturnaround.zip.ZTFilePermissions,isOwnerCanRead()Z
JaCoCo,org.zeroturnaround.zip.ZTFilePermissions,isOthersCanExecute()Z
JaCoCo,org.zeroturnaround.zip.ZTFilePermissions,setOwnerCanWrite(Z)V
JaCoCo,org.zeroturnaround.zip.ZipEntryUtil,setZTFilePermissions(Ljava/util/zip/ZipEntry;Lorg/zeroturnaround/zip/ZTFilePermissions;)Z
JaCoCo,org.zeroturnaround.zip.ZipEntryUtil,getFirstAsiExtraField(Ljava/util/List;)Lorg/zeroturnaround/zip/extra/AsiExtraField;
JaCoCo,org.zeroturnaround.zip.ZipEntryUtil,copy(Ljava/util/zip/ZipEntry;)Ljava/util/zip/ZipEntry;
JaCoCo,org.zeroturnaround.zip.ZipEntryUtil,copy(Ljava/util/zip/ZipEntry;Ljava/lang/String;)Ljava/util/zip/ZipEntry;
JaCoCo,org.zeroturnaround.zip.ZipEntryUtil,getZTFilePermissions(Ljava/util/zip/ZipEntry;)Lorg/zeroturnaround/zip/ZTFilePermissions;
JaCoCo,org.zeroturnaround.zip.ZipEntryUtil,copyEntry(Ljava/util/zip/ZipEntry;Ljava/io/InputStream;Ljava/util/zip/ZipOutputStream;Z)V
JaCoCo,org.zeroturnaround.zip.ZipEntryUtil,addEntry(Ljava/util/zip/ZipEntry;Ljava/io/InputStream;Ljava/util/zip/ZipOutputStream;)V
JaCoCo,org.zeroturnaround.zip.ZipEntryUtil,fromFile(Ljava/lang/String;Ljava/io/File;)Ljava/util/zip/ZipEntry;
JaCoCo,org.zeroturnaround.zip.ZipEntryUtil,copyEntry(Ljava/util/zip/ZipEntry;Ljava/io/InputStream;Ljava/util/zip/ZipOutputStream;)V
JaCoCo,org.zeroturnaround.zip.transform.FileZipEntryTransformer,copy(Ljava/io/InputStream;Ljava/io/File;)V
JaCoCo,org.zeroturnaround.zip.transform.FileZipEntryTransformer,transform(Ljava/io/InputStream;Ljava/util/zip/ZipEntry;Ljava/util/zip/ZipOutputStream;)V
JaCoCo,org.zeroturnaround.zip.transform.FileZipEntryTransformer,<init>()V
JaCoCo,org.zeroturnaround.zip.Zips$UnpackingCallback,transformIntoFile(Lorg/zeroturnaround/zip/transform/ZipEntryTransformer;Ljava/io/InputStream;Ljava/util/zip/ZipEntry;Ljava/io/File;)V
JaCoCo,org.zeroturnaround.zip.Zips$UnpackingCallback,process(Ljava/io/InputStream;Ljava/util/zip/ZipEntry;)V
JaCoCo,org.zeroturnaround.zip.Zips$UnpackingCallback,<init>(Ljava/util/List;Ljava/io/File;)V
JaCoCo,org.zeroturnaround.zip.ZipUtil$BackslashUnpacker,<init>(Ljava/io/File;)V
JaCoCo,org.zeroturnaround.zip.ZipUtil$BackslashUnpacker,process(Ljava/io/InputStream;Ljava/util/zip/ZipEntry;)V
JaCoCo,org.zeroturnaround.zip.ZipUtil$BackslashUnpacker,<init>(Ljava/io/File;Lorg/zeroturnaround/zip/NameMapper;)V
JVM,org.zeroturnaround.zip.timestamps.Java8TimestampStrategy,UNKNOWN
JVM,org.zeroturnaround.zip.extra.ZipLong,UNKNOWN
JVM,org.zeroturnaround.zip.transform.ZipEntrySourceZipEntryTransformer,UNKNOWN
JVM,org.zeroturnaround.zip.ZipFileUtil,UNKNOWN
JVM,org.zeroturnaround.zip.ZipException,UNKNOWN
JVM,org.zeroturnaround.zip.NameMapper,UNKNOWN
JVM,org.slf4j.LoggerFactory,UNKNOWN
JVM,org.zeroturnaround.zip.transform.ZipEntryTransformer,UNKNOWN
JVM,org.zeroturnaround.zip.ByteSource,UNKNOWN
JVM,org.zeroturnaround.zip.transform.ZipEntryTransformerEntry,UNKNOWN
JVM,org.zeroturnaround.zip.ZipUtil$BackslashUnpacker,UNKNOWN
JVM,org.zeroturnaround.zip.transform.ByteArrayZipEntryTransformer,UNKNOWN
JVM,org.zeroturnaround.zip.FileSource,UNKNOWN
JVM,org.zeroturnaround.zip.commons.FileExistsException,UNKNOWN
JVM,org.zeroturnaround.zip.ZipUtil$RepackZipEntryCallback,UNKNOWN
JVM,org.slf4j.helpers.NOPLoggerFactory,UNKNOWN
JVM,org.slf4j.helpers.MessageFormatter,UNKNOWN
JVM,org.zeroturnaround.zip.ZipUtil$SingleZipEntryCallback,UNKNOWN
JVM,org.zeroturnaround.zip.timestamps.TimestampStrategyFactory,UNKNOWN
JVM,org.zeroturnaround.zip.ZTFileUtil,UNKNOWN
JVM,org.zeroturnaround.zip.ZTFilePermissionsUtil$1,UNKNOWN
JVM,org.zeroturnaround.zip.transform.FileZipEntryTransformer,UNKNOWN
JVM,org.zeroturnaround.zip.ZipUtil$23,UNKNOWN
JVM,org.zeroturnaround.zip.ZipEntrySource,UNKNOWN
JVM,org.zeroturnaround.zip.ZipUtil$22,UNKNOWN
JVM,org.slf4j.helpers.MarkerIgnoringBase,UNKNOWN
JVM,org.zeroturnaround.zip.transform.StringZipEntryTransformer,UNKNOWN
JVM,org.zeroturnaround.zip.IdentityNameMapper,UNKNOWN
JVM,org.zeroturnaround.zip.Java7Nio2ApiPermissionsStrategy,UNKNOWN
JVM,org.slf4j.ILoggerFactory,UNKNOWN
JVM,org.slf4j.helpers.NamedLoggerBase,UNKNOWN
JVM,org.zeroturnaround.zip.ZipEntryUtil,UNKNOWN
JVM,org.zeroturnaround.zip.timestamps.TimestampStrategy,UNKNOWN
JVM,org.zeroturnaround.zip.ZipUtil$InPlaceAction,UNKNOWN
JVM,org.zeroturnaround.zip.ZipEntryCallback,UNKNOWN
JVM,org.zeroturnaround.zip.commons.FilenameUtils,UNKNOWN
JVM,org.zeroturnaround.zip.ZipInfoCallback,UNKNOWN
JVM,org.zeroturnaround.zip.commons.FileUtilsV2_2,UNKNOWN
JVM,org.zeroturnaround.zip.ZTFileUtil$1,UNKNOWN
JVM,org.zeroturnaround.zip.extra.UnrecognizedExtraField,UNKNOWN
JVM,org.zeroturnaround.zip.ZipUtil$21,UNKNOWN
JVM,org.zeroturnaround.zip.ZipUtil$20,UNKNOWN
JVM,org.zeroturnaround.zip.ZipEntryOrInfoAdapter,UNKNOWN
JVM,org.zeroturnaround.zip.Zips,UNKNOWN
JVM,org.slf4j.spi.LocationAwareLogger,UNKNOWN
JVM,org.zeroturnaround.zip.commons.StringBuilderWriter,UNKNOWN
JVM,org.zeroturnaround.zip.commons.FileUtils,UNKNOWN
JVM,org.zeroturnaround.zip.ZipUtil$18,UNKNOWN
JVM,org.zeroturnaround.zip.ZTFilePermissionsUtil,UNKNOWN
JVM,org.zeroturnaround.zip.ZipUtil$17,UNKNOWN
JVM,org.zeroturnaround.zip.ZipUtil$16,UNKNOWN
JVM,org.zeroturnaround.zip.ZipUtil$15,UNKNOWN
JVM,org.zeroturnaround.zip.MaliciousZipException,UNKNOWN
JVM,org.zeroturnaround.zip.ZipUtil$14,UNKNOWN
JVM,org.zeroturnaround.zip.ZipUtil$13,UNKNOWN
JVM,org.zeroturnaround.zip.ZipUtil$12,UNKNOWN
JVM,org.zeroturnaround.zip.extra.ZipExtraField,UNKNOWN
JVM,org.zeroturnaround.zip.ZipUtil$11,UNKNOWN
JVM,org.zeroturnaround.zip.Zips$CopyingCallback,UNKNOWN
JVM,org.zeroturnaround.zip.extra.AsiExtraField,UNKNOWN
JVM,org.zeroturnaround.zip.transform.StreamZipEntryTransformer,UNKNOWN
JVM,org.zeroturnaround.zip.ZTZipReflectionUtil,UNKNOWN
JVM,org.zeroturnaround.zip.ZipUtil$FileUnpacker,UNKNOWN
JVM,org.zeroturnaround.zip.ZipExceptionUtil,UNKNOWN
JVM,org.zeroturnaround.zip.Zips$UnpackingCallback$1,UNKNOWN
JVM,org.zeroturnaround.zip.extra.ZipShort,UNKNOWN
JVM,org.zeroturnaround.zip.ZipUtil$19,UNKNOWN
JVM,org.zeroturnaround.zip.ZipUtil,UNKNOWN
JVM,org.slf4j.Logger,UNKNOWN
JVM,org.zeroturnaround.zip.ZipUtil$Unwrapper,UNKNOWN
JVM,org.zeroturnaround.zip.ZipUtil$ByteArrayUnpacker,UNKNOWN
JVM,org.slf4j.spi.LoggerFactoryBinder,UNKNOWN
JVM,org.zeroturnaround.zip.ZipUtil$TransformerZipEntryCallback,UNKNOWN
JVM,org.zeroturnaround.zip.ZipBreakException,UNKNOWN
JVM,org.zeroturnaround.zip.ZipUtil$10,UNKNOWN
JVM,org.zeroturnaround.zip.commons.IOUtils,UNKNOWN
JVM,org.slf4j.helpers.FormattingTuple,UNKNOWN
JVM,org.slf4j.helpers.SubstituteLoggerFactory,UNKNOWN
JVM,org.zeroturnaround.zip.ZipUtil$5,UNKNOWN
JVM,org.zeroturnaround.zip.ZipUtil$4,UNKNOWN
JVM,org.zeroturnaround.zip.ZipUtil$7,UNKNOWN
JVM,org.zeroturnaround.zip.ZipUtil$6,UNKNOWN
JVM,org.zeroturnaround.zip.ZTFilePermissionsStrategy,UNKNOWN
JVM,org.zeroturnaround.zip.Zips$UnpackingCallback,UNKNOWN
JVM,org.zeroturnaround.zip.ZipUtil$1,UNKNOWN
JVM,org.zeroturnaround.zip.ZipUtil$3,UNKNOWN
JVM,org.zeroturnaround.zip.extra.ExtraFieldUtils,UNKNOWN
JVM,org.zeroturnaround.zip.ZipUtil$Unpacker,UNKNOWN
JVM,org.zeroturnaround.zip.ZipUtil$2,UNKNOWN
JVM,org.zeroturnaround.zip.CloseShieldInputStream,UNKNOWN
JVM,org.zeroturnaround.zip.ZTFilePermissions,UNKNOWN
JVM,org.zeroturnaround.zip.ZipUtil$9,UNKNOWN
JVM,org.zeroturnaround.zip.ZipUtil$8,UNKNOWN
