UsedClass,org.slf4j.Logger,INTERFACE
UsedClass,org.slf4j.spi.LoggerFactoryBinder,INTERFACE
UsedClass,org.slf4j.spi.LocationAwareLogger,INTERFACE
PreservedClass,org.slf4j.spi.MarkerFactoryBinder,INTERFACE
PreservedClass,org.slf4j.spi.MDCAdapter,INTERFACE
UsedClass,org.slf4j.LoggerFactory,CONSTANT
BloatedClass,org.slf4j.MarkerFactory,SINGLETON
UsedClass,org.slf4j.ILoggerFactory,INTERFACE
PreservedClass,org.slf4j.Marker,INTERFACE
BloatedClass,org.slf4j.MDC,SINGLETON
UsedClass,org.slf4j.helpers.FormattingTuple,CLASS
BloatedClass,org.slf4j.helpers.BasicMarkerFactory,CLASS
BloatedClass,org.slf4j.helpers.NOPLogger,SINGLETON
BloatedClass,org.slf4j.helpers.NOPMDCAdapter,CLASS
UsedClass,org.slf4j.helpers.MessageFormatter,CONSTANT
BloatedClass,org.slf4j.helpers.BasicMDCAdapter,CLASS
UsedClass,org.slf4j.helpers.NOPLoggerFactory,CLASS
BloatedClass,org.slf4j.helpers.BasicMarker,SINGLETON
BloatedClass,org.slf4j.helpers.Util,CLASS
UsedClass,org.slf4j.helpers.SubstituteLoggerFactory,CLASS
UsedClass,org.slf4j.helpers.NamedLoggerBase,CLASS_ABSTRACT
UsedClass,org.slf4j.helpers.MarkerIgnoringBase,CLASS_ABSTRACT
PreservedClass,org.slf4j.IMarkerFactory,INTERFACE
UsedClass,org.zeroturnaround.zip.ZipUtil$21,SINGLETON
UsedClass,org.zeroturnaround.zip.ZipUtil$7,SINGLETON
UsedClass,org.zeroturnaround.zip.ZipBreakException,EXCEPTION
UsedClass,org.zeroturnaround.zip.ZipUtil$5,SINGLETON
UsedClass,org.zeroturnaround.zip.ZipUtil$23,SINGLETON
UsedClass,org.zeroturnaround.zip.ZipInfoCallback,INTERFACE
UsedClass,org.zeroturnaround.zip.ZipUtil$1,SINGLETON
UsedClass,org.zeroturnaround.zip.ZipUtil$3,SINGLETON
UsedClass,org.zeroturnaround.zip.CloseShieldInputStream,CLASS
UsedClass,org.zeroturnaround.zip.timestamps.Java8TimestampStrategy,CLASS
UsedClass,org.zeroturnaround.zip.timestamps.TimestampStrategy,INTERFACE
BloatedClass,org.zeroturnaround.zip.timestamps.PreJava8TimestampStrategy,CLASS
UsedClass,org.zeroturnaround.zip.timestamps.TimestampStrategyFactory,SINGLETON
UsedClass,org.zeroturnaround.zip.ZipUtil$RepackZipEntryCallback,CONSTANT
UsedClass,org.zeroturnaround.zip.ZipException,EXCEPTION
UsedClass,org.zeroturnaround.zip.ZipUtil$18,SINGLETON
UsedClass,org.zeroturnaround.zip.ZipUtil$4,SINGLETON
UsedClass,org.zeroturnaround.zip.commons.FileUtilsV2_2,CLASS
UsedClass,org.zeroturnaround.zip.commons.FilenameUtils,CLASS
UsedClass,org.zeroturnaround.zip.commons.FileExistsException,EXCEPTION
UsedClass,org.zeroturnaround.zip.commons.IOUtils,CLASS
UsedClass,org.zeroturnaround.zip.commons.FileUtils,CLASS
UsedClass,org.zeroturnaround.zip.commons.StringBuilderWriter,CLASS
UsedClass,org.zeroturnaround.zip.ZTZipReflectionUtil,SINGLETON
UsedClass,org.zeroturnaround.zip.IdentityNameMapper,CONSTANT
UsedClass,org.zeroturnaround.zip.ZipUtil$BackslashUnpacker,CLASS
UsedClass,org.zeroturnaround.zip.ZTFileUtil,CONSTANT
UsedClass,org.zeroturnaround.zip.ZipUtil$22,SINGLETON
UsedClass,org.zeroturnaround.zip.ZipUtil$20,SINGLETON
BloatedClass,org.zeroturnaround.zip.Zips$1,SINGLETON
UsedClass,org.zeroturnaround.zip.ByteSource,CLASS
UsedClass,org.zeroturnaround.zip.ZipUtil,CONSTANT
UsedClass,org.zeroturnaround.zip.ZipUtil$6,SINGLETON
UsedClass,org.zeroturnaround.zip.ZipUtil$InPlaceAction,CLASS_ABSTRACT
UsedClass,org.zeroturnaround.zip.ZTFilePermissionsUtil$1,SINGLETON
UsedClass,org.zeroturnaround.zip.ZipUtil$2,SINGLETON
UsedClass,org.zeroturnaround.zip.ZTFilePermissionsUtil,SINGLETON
UsedClass,org.zeroturnaround.zip.ZipUtil$19,SINGLETON
UsedClass,org.zeroturnaround.zip.ZipEntryUtil,SINGLETON
UsedClass,org.zeroturnaround.zip.ZipUtil$FileUnpacker,CLASS
UsedClass,org.zeroturnaround.zip.Zips$CopyingCallback,SINGLETON
UsedClass,org.zeroturnaround.zip.ZipUtil$17,SINGLETON
UsedClass,org.zeroturnaround.zip.ZipUtil$15,SINGLETON
UsedClass,org.zeroturnaround.zip.ZTFileUtil$1,SINGLETON
UsedClass,org.zeroturnaround.zip.ZTFilePermissions,SINGLETON
UsedClass,org.zeroturnaround.zip.ZipUtil$Unpacker,CLASS
UsedClass,org.zeroturnaround.zip.Zips$UnpackingCallback$1,SINGLETON
UsedClass,org.zeroturnaround.zip.extra.ZipShort,CONSTANT
UsedClass,org.zeroturnaround.zip.extra.ZipExtraField,INTERFACE
UsedClass,org.zeroturnaround.zip.extra.ExtraFieldUtils,CLASS
PreservedClass,org.zeroturnaround.zip.extra.ZipConstants,CONSTANT
UsedClass,org.zeroturnaround.zip.extra.UnrecognizedExtraField,CLASS
UsedClass,org.zeroturnaround.zip.extra.ZipLong,CONSTANT
UsedClass,org.zeroturnaround.zip.extra.AsiExtraField,CLASS
BloatedClass,org.zeroturnaround.zip.Java6FileApiPermissionsStrategy,CLASS
UsedClass,org.zeroturnaround.zip.NameMapper,INTERFACE
UsedClass,org.zeroturnaround.zip.ZipEntryCallback,INTERFACE
UsedClass,org.zeroturnaround.zip.ZipUtil$ByteArrayUnpacker,SINGLETON
UsedClass,org.zeroturnaround.zip.ZipUtil$TransformerZipEntryCallback,CLASS
UsedClass,org.zeroturnaround.zip.ZipUtil$11,SINGLETON
UsedClass,org.zeroturnaround.zip.ZipEntryOrInfoAdapter,CLASS
UsedClass,org.zeroturnaround.zip.MaliciousZipException,EXCEPTION
UsedClass,org.zeroturnaround.zip.ZipUtil$13,SINGLETON
UsedClass,org.zeroturnaround.zip.ZTFilePermissionsStrategy,INTERFACE
UsedClass,org.zeroturnaround.zip.ZipUtil$8,SINGLETON
UsedClass,org.zeroturnaround.zip.ZipUtil$14,SINGLETON
UsedClass,org.zeroturnaround.zip.Zips,SINGLETON
UsedClass,org.zeroturnaround.zip.ZipFileUtil,SINGLETON
UsedClass,org.zeroturnaround.zip.ZipUtil$16,SINGLETON
UsedClass,org.zeroturnaround.zip.Java7Nio2ApiPermissionsStrategy,CLASS
UsedClass,org.zeroturnaround.zip.ZipUtil$12,SINGLETON
UsedClass,org.zeroturnaround.zip.ZipEntrySource,INTERFACE
UsedClass,org.zeroturnaround.zip.FileSource,CLASS
UsedClass,org.zeroturnaround.zip.transform.FileZipEntryTransformer,CLASS_ABSTRACT
UsedClass,org.zeroturnaround.zip.transform.StreamZipEntryTransformer,CLASS_ABSTRACT
UsedClass,org.zeroturnaround.zip.transform.ByteArrayZipEntryTransformer,CLASS_ABSTRACT
UsedClass,org.zeroturnaround.zip.transform.ZipEntrySourceZipEntryTransformer,CLASS
UsedClass,org.zeroturnaround.zip.transform.StringZipEntryTransformer,CLASS_ABSTRACT
UsedClass,org.zeroturnaround.zip.transform.ZipEntryTransformer,INTERFACE
UsedClass,org.zeroturnaround.zip.transform.ZipEntryTransformerEntry,CLASS
UsedClass,org.zeroturnaround.zip.ZipUtil$9,SINGLETON
UsedClass,org.zeroturnaround.zip.ZipUtil$SingleZipEntryCallback,CLASS
UsedClass,org.zeroturnaround.zip.ZipUtil$Unwrapper,CLASS
UsedClass,org.zeroturnaround.zip.Zips$UnpackingCallback,SINGLETON
UsedClass,org.zeroturnaround.zip.ZipExceptionUtil,SINGLETON
UsedClass,org.zeroturnaround.zip.ZipUtil$10,SINGLETON
UsedMethod,org.zeroturnaround.zip.commons.StringBuilderWriter:<init>()V,UNKNOWN
UsedMethod,org.zeroturnaround.zip.commons.StringBuilderWriter:<init>(I)V,UNKNOWN
UsedMethod,org.zeroturnaround.zip.commons.StringBuilderWriter:<init>(Ljava/lang/StringBuilder;)V,UNKNOWN
BloatedMethod,org.zeroturnaround.zip.commons.StringBuilderWriter:append(C)Ljava/io/Writer;,UNKNOWN
BloatedMethod,org.zeroturnaround.zip.commons.StringBuilderWriter:append(Ljava/lang/CharSequence;)Ljava/io/Writer;,UNKNOWN
BloatedMethod,org.zeroturnaround.zip.commons.StringBuilderWriter:append(Ljava/lang/CharSequence;II)Ljava/io/Writer;,UNKNOWN
UsedMethod,org.zeroturnaround.zip.commons.StringBuilderWriter:close()V,UNKNOWN
UsedMethod,org.zeroturnaround.zip.commons.StringBuilderWriter:flush()V,UNKNOWN
UsedMethod,org.zeroturnaround.zip.commons.StringBuilderWriter:write(Ljava/lang/String;)V,UNKNOWN
UsedMethod,org.zeroturnaround.zip.commons.StringBuilderWriter:write([CII)V,UNKNOWN
UsedMethod,org.zeroturnaround.zip.commons.StringBuilderWriter:getBuilder()Ljava/lang/StringBuilder;,UNKNOWN
UsedMethod,org.zeroturnaround.zip.commons.StringBuilderWriter:toString()Ljava/lang/String;,UNKNOWN
UsedMethod,org.zeroturnaround.zip.commons.StringBuilderWriter:append(C)Ljava/lang/Appendable;,UNKNOWN
UsedMethod,org.zeroturnaround.zip.commons.StringBuilderWriter:append(Ljava/lang/CharSequence;II)Ljava/lang/Appendable;,UNKNOWN
UsedMethod,org.zeroturnaround.zip.commons.StringBuilderWriter:append(Ljava/lang/CharSequence;)Ljava/lang/Appendable;,UNKNOWN
UsedMethod,org.zeroturnaround.zip.ZipUtil$21:<init>(Ljava/io/File;Ljava/lang/String;Lorg/zeroturnaround/zip/transform/ZipEntryTransformer;)V,UNKNOWN
UsedMethod,org.zeroturnaround.zip.ZipUtil$21:act(Ljava/io/File;)Z,UNKNOWN
UsedMethod,org.zeroturnaround.zip.ZipException:<init>(Ljava/lang/String;)V,UNKNOWN
UsedMethod,org.zeroturnaround.zip.ZipException:<init>(Ljava/lang/Exception;)V,UNKNOWN
UsedMethod,org.zeroturnaround.zip.ZipException:<init>(Ljava/lang/String;Ljava/lang/Throwable;)V,UNKNOWN
UsedMethod,org.zeroturnaround.zip.ZipEntryOrInfoAdapter:<init>(Lorg/zeroturnaround/zip/ZipEntryCallback;Lorg/zeroturnaround/zip/ZipInfoCallback;)V,UNKNOWN
BloatedMethod,org.zeroturnaround.zip.ZipEntryOrInfoAdapter:process(Ljava/util/zip/ZipEntry;)V,UNKNOWN
UsedMethod,org.zeroturnaround.zip.ZipEntryOrInfoAdapter:process(Ljava/io/InputStream;Ljava/util/zip/ZipEntry;)V,UNKNOWN
UsedMethod,org.zeroturnaround.zip.ZipUtil:<init>()V,UNKNOWN
UsedMethod,org.zeroturnaround.zip.ZipUtil:containsEntry(Ljava/io/File;Ljava/lang/String;)Z,UNKNOWN
UsedMethod,org.zeroturnaround.zip.ZipUtil:getCompressionLevelOfEntry(Ljava/io/File;Ljava/lang/String;)I,UNKNOWN
UsedMethod,org.zeroturnaround.zip.ZipUtil:getCompressionMethodOfEntry(Ljava/io/File;Ljava/lang/String;)I,UNKNOWN
UsedMethod,org.zeroturnaround.zip.ZipUtil:containsAnyEntry(Ljava/io/File;[Ljava/lang/String;)Z,UNKNOWN
UsedMethod,org.zeroturnaround.zip.ZipUtil:unpackEntry(Ljava/io/File;Ljava/lang/String;)[B,UNKNOWN
UsedMethod,org.zeroturnaround.zip.ZipUtil:unpackEntry(Ljava/io/File;Ljava/lang/String;Ljava/nio/charset/Charset;)[B,UNKNOWN
BloatedMethod,org.zeroturnaround.zip.ZipUtil:unpackEntry(Ljava/util/zip/ZipFile;Ljava/lang/String;)[B,UNKNOWN
UsedMethod,org.zeroturnaround.zip.ZipUtil:doUnpackEntry(Ljava/util/zip/ZipFile;Ljava/lang/String;)[B,UNKNOWN
UsedMethod,org.zeroturnaround.zip.ZipUtil:unpackEntry(Ljava/io/InputStream;Ljava/lang/String;)[B,UNKNOWN
UsedMethod,org.zeroturnaround.zip.ZipUtil:unpackEntry(Ljava/io/File;Ljava/lang/String;Ljava/io/File;)Z,UNKNOWN
UsedMethod,org.zeroturnaround.zip.ZipUtil:unpackEntry(Ljava/io/File;Ljava/lang/String;Ljava/io/File;Ljava/nio/charset/Charset;)Z,UNKNOWN
BloatedMethod,org.zeroturnaround.zip.ZipUtil:unpackEntry(Ljava/util/zip/ZipFile;Ljava/lang/String;Ljava/io/File;)Z,UNKNOWN
UsedMethod,org.zeroturnaround.zip.ZipUtil:doUnpackEntry(Ljava/util/zip/ZipFile;Ljava/lang/String;Ljava/io/File;)Z,UNKNOWN
UsedMethod,org.zeroturnaround.zip.ZipUtil:unpackEntry(Ljava/io/InputStream;Ljava/lang/String;Ljava/io/File;)Z,UNKNOWN
UsedMethod,org.zeroturnaround.zip.ZipUtil:iterate(Ljava/io/File;Lorg/zeroturnaround/zip/ZipEntryCallback;)V,UNKNOWN
UsedMethod,org.zeroturnaround.zip.ZipUtil:iterate(Ljava/io/File;Lorg/zeroturnaround/zip/ZipEntryCallback;Ljava/nio/charset/Charset;)V,UNKNOWN
UsedMethod,org.zeroturnaround.zip.ZipUtil:iterate(Ljava/io/File;[Ljava/lang/String;Lorg/zeroturnaround/zip/ZipEntryCallback;)V,UNKNOWN
UsedMethod,org.zeroturnaround.zip.ZipUtil:iterate(Ljava/io/File;[Ljava/lang/String;Lorg/zeroturnaround/zip/ZipEntryCallback;Ljava/nio/charset/Charset;)V,UNKNOWN
UsedMethod,org.zeroturnaround.zip.ZipUtil:iterate(Ljava/io/File;Lorg/zeroturnaround/zip/ZipInfoCallback;)V,UNKNOWN
UsedMethod,org.zeroturnaround.zip.ZipUtil:iterate(Ljava/io/File;[Ljava/lang/String;Lorg/zeroturnaround/zip/ZipInfoCallback;)V,UNKNOWN
UsedMethod,org.zeroturnaround.zip.ZipUtil:iterate(Ljava/io/InputStream;Lorg/zeroturnaround/zip/ZipEntryCallback;Ljava/nio/charset/Charset;)V,UNKNOWN
UsedMethod,org.zeroturnaround.zip.ZipUtil:iterate(Ljava/io/InputStream;Lorg/zeroturnaround/zip/ZipEntryCallback;)V,UNKNOWN
UsedMethod,org.zeroturnaround.zip.ZipUtil:iterate(Ljava/io/InputStream;[Ljava/lang/String;Lorg/zeroturnaround/zip/ZipEntryCallback;Ljava/nio/charset/Charset;)V,UNKNOWN
UsedMethod,org.zeroturnaround.zip.ZipUtil:iterate(Ljava/io/InputStream;[Ljava/lang/String;Lorg/zeroturnaround/zip/ZipEntryCallback;)V,UNKNOWN
UsedMethod,org.zeroturnaround.zip.ZipUtil:newCloseShieldZipInputStream(Ljava/io/InputStream;Ljava/nio/charset/Charset;)Ljava/util/zip/ZipInputStream;,UNKNOWN
UsedMethod,org.zeroturnaround.zip.ZipUtil:handle(Ljava/io/File;Ljava/lang/String;Lorg/zeroturnaround/zip/ZipEntryCallback;)Z,UNKNOWN
UsedMethod,org.zeroturnaround.zip.ZipUtil:handle(Ljava/io/InputStream;Ljava/lang/String;Lorg/zeroturnaround/zip/ZipEntryCallback;)Z,UNKNOWN
UsedMethod,org.zeroturnaround.zip.ZipUtil:unpack(Ljava/io/File;Ljava/io/File;)V,UNKNOWN
UsedMethod,org.zeroturnaround.zip.ZipUtil:unpack(Ljava/io/File;Ljava/io/File;Ljava/nio/charset/Charset;)V,UNKNOWN
UsedMethod,org.zeroturnaround.zip.ZipUtil:unpack(Ljava/io/File;Ljava/io/File;Lorg/zeroturnaround/zip/NameMapper;Ljava/nio/charset/Charset;)V,UNKNOWN
UsedMethod,org.zeroturnaround.zip.ZipUtil:unpack(Ljava/io/File;Ljava/io/File;Lorg/zeroturnaround/zip/NameMapper;)V,UNKNOWN
UsedMethod,org.zeroturnaround.zip.ZipUtil:unwrap(Ljava/io/File;Ljava/io/File;)V,UNKNOWN
UsedMethod,org.zeroturnaround.zip.ZipUtil:unwrap(Ljava/io/File;Ljava/io/File;Lorg/zeroturnaround/zip/NameMapper;)V,UNKNOWN
UsedMethod,org.zeroturnaround.zip.ZipUtil:unpack(Ljava/io/InputStream;Ljava/io/File;)V,UNKNOWN
UsedMethod,org.zeroturnaround.zip.ZipUtil:unpack(Ljava/io/InputStream;Ljava/io/File;Ljava/nio/charset/Charset;)V,UNKNOWN
BloatedMethod,org.zeroturnaround.zip.ZipUtil:unpack(Ljava/io/InputStream;Ljava/io/File;Lorg/zeroturnaround/zip/NameMapper;)V,UNKNOWN
UsedMethod,org.zeroturnaround.zip.ZipUtil:unpack(Ljava/io/InputStream;Ljava/io/File;Lorg/zeroturnaround/zip/NameMapper;Ljava/nio/charset/Charset;)V,UNKNOWN
UsedMethod,org.zeroturnaround.zip.ZipUtil:unwrap(Ljava/io/InputStream;Ljava/io/File;)V,UNKNOWN
UsedMethod,org.zeroturnaround.zip.ZipUtil:unwrap(Ljava/io/InputStream;Ljava/io/File;Lorg/zeroturnaround/zip/NameMapper;)V,UNKNOWN
UsedMethod,org.zeroturnaround.zip.ZipUtil:makeDestinationFile(Ljava/io/File;Ljava/lang/String;)Ljava/io/File;,UNKNOWN
UsedMethod,org.zeroturnaround.zip.ZipUtil:checkDestinationFileForTraversal(Ljava/io/File;Ljava/lang/String;Ljava/io/File;)Ljava/io/File;,UNKNOWN
UsedMethod,org.zeroturnaround.zip.ZipUtil:explode(Ljava/io/File;)V,UNKNOWN
UsedMethod,org.zeroturnaround.zip.ZipUtil:packEntry(Ljava/io/File;)[B,UNKNOWN
UsedMethod,org.zeroturnaround.zip.ZipUtil:pack(Ljava/io/File;Ljava/io/File;)V,UNKNOWN
UsedMethod,org.zeroturnaround.zip.ZipUtil:pack(Ljava/io/File;Ljava/io/File;I)V,UNKNOWN
UsedMethod,org.zeroturnaround.zip.ZipUtil:pack(Ljava/io/File;Ljava/io/File;Z)V,UNKNOWN
UsedMethod,org.zeroturnaround.zip.ZipUtil:packEntry(Ljava/io/File;Ljava/io/File;)V,UNKNOWN
UsedMethod,org.zeroturnaround.zip.ZipUtil:packEntry(Ljava/io/File;Ljava/io/File;Ljava/lang/String;)V,UNKNOWN
UsedMethod,org.zeroturnaround.zip.ZipUtil:packEntry(Ljava/io/File;Ljava/io/File;Lorg/zeroturnaround/zip/NameMapper;)V,UNKNOWN
UsedMethod,org.zeroturnaround.zip.ZipUtil:packEntries([Ljava/io/File;Ljava/io/File;)V,UNKNOWN
UsedMethod,org.zeroturnaround.zip.ZipUtil:packEntries([Ljava/io/File;Ljava/io/File;Lorg/zeroturnaround/zip/NameMapper;)V,UNKNOWN
UsedMethod,org.zeroturnaround.zip.ZipUtil:packEntries([Ljava/io/File;Ljava/io/File;I)V,UNKNOWN
UsedMethod,org.zeroturnaround.zip.ZipUtil:packEntries([Ljava/io/File;Ljava/io/File;Lorg/zeroturnaround/zip/NameMapper;I)V,UNKNOWN
UsedMethod,org.zeroturnaround.zip.ZipUtil:pack(Ljava/io/File;Ljava/io/File;Lorg/zeroturnaround/zip/NameMapper;)V,UNKNOWN
UsedMethod,org.zeroturnaround.zip.ZipUtil:pack(Ljava/io/File;Ljava/io/File;Lorg/zeroturnaround/zip/NameMapper;I)V,UNKNOWN
UsedMethod,org.zeroturnaround.zip.ZipUtil:pack(Ljava/io/File;Ljava/io/OutputStream;)V,UNKNOWN
BloatedMethod,org.zeroturnaround.zip.ZipUtil:pack(Ljava/io/File;Ljava/io/OutputStream;I)V,UNKNOWN
BloatedMethod,org.zeroturnaround.zip.ZipUtil:pack(Ljava/io/File;Ljava/io/OutputStream;Lorg/zeroturnaround/zip/NameMapper;)V,UNKNOWN
UsedMethod,org.zeroturnaround.zip.ZipUtil:pack(Ljava/io/File;Ljava/io/OutputStream;Lorg/zeroturnaround/zip/NameMapper;I)V,UNKNOWN
UsedMethod,org.zeroturnaround.zip.ZipUtil:pack(Ljava/io/File;Ljava/util/zip/ZipOutputStream;Lorg/zeroturnaround/zip/NameMapper;Ljava/lang/String;Z)V,UNKNOWN
UsedMethod,org.zeroturnaround.zip.ZipUtil:repack(Ljava/io/File;Ljava/io/File;I)V,UNKNOWN
BloatedMethod,org.zeroturnaround.zip.ZipUtil:repack(Ljava/io/InputStream;Ljava/io/File;I)V,UNKNOWN
BloatedMethod,org.zeroturnaround.zip.ZipUtil:repack(Ljava/io/File;I)V,UNKNOWN
UsedMethod,org.zeroturnaround.zip.ZipUtil:unexplode(Ljava/io/File;)V,UNKNOWN
UsedMethod,org.zeroturnaround.zip.ZipUtil:unexplode(Ljava/io/File;I)V,UNKNOWN
UsedMethod,org.zeroturnaround.zip.ZipUtil:pack([Lorg/zeroturnaround/zip/ZipEntrySource;Ljava/io/OutputStream;)V,UNKNOWN
UsedMethod,org.zeroturnaround.zip.ZipUtil:pack([Lorg/zeroturnaround/zip/ZipEntrySource;Ljava/io/OutputStream;Z)V,UNKNOWN
UsedMethod,org.zeroturnaround.zip.ZipUtil:pack([Lorg/zeroturnaround/zip/ZipEntrySource;Ljava/io/File;)V,UNKNOWN
UsedMethod,org.zeroturnaround.zip.ZipUtil:addEntry(Ljava/io/File;Ljava/lang/String;Ljava/io/File;Ljava/io/File;)V,UNKNOWN
UsedMethod,org.zeroturnaround.zip.ZipUtil:addEntry(Ljava/io/File;Ljava/lang/String;Ljava/io/File;)V,UNKNOWN
BloatedMethod,org.zeroturnaround.zip.ZipUtil:addEntry(Ljava/io/File;Ljava/lang/String;[BLjava/io/File;)V,UNKNOWN
UsedMethod,org.zeroturnaround.zip.ZipUtil:addEntry(Ljava/io/File;Ljava/lang/String;[BLjava/io/File;I)V,UNKNOWN
BloatedMethod,org.zeroturnaround.zip.ZipUtil:addEntry(Ljava/io/File;Ljava/lang/String;[B)V,UNKNOWN
UsedMethod,org.zeroturnaround.zip.ZipUtil:addEntry(Ljava/io/File;Ljava/lang/String;[BI)V,UNKNOWN
UsedMethod,org.zeroturnaround.zip.ZipUtil:addEntry(Ljava/io/File;Lorg/zeroturnaround/zip/ZipEntrySource;Ljava/io/File;)V,UNKNOWN
BloatedMethod,org.zeroturnaround.zip.ZipUtil:addEntry(Ljava/io/File;Lorg/zeroturnaround/zip/ZipEntrySource;)V,UNKNOWN
UsedMethod,org.zeroturnaround.zip.ZipUtil:addEntries(Ljava/io/File;[Lorg/zeroturnaround/zip/ZipEntrySource;Ljava/io/File;)V,UNKNOWN
UsedMethod,org.zeroturnaround.zip.ZipUtil:addEntries(Ljava/io/File;[Lorg/zeroturnaround/zip/ZipEntrySource;Ljava/io/OutputStream;)V,UNKNOWN
UsedMethod,org.zeroturnaround.zip.ZipUtil:addEntries(Ljava/io/InputStream;[Lorg/zeroturnaround/zip/ZipEntrySource;Ljava/io/OutputStream;)V,UNKNOWN
BloatedMethod,org.zeroturnaround.zip.ZipUtil:addEntries(Ljava/io/File;[Lorg/zeroturnaround/zip/ZipEntrySource;)V,UNKNOWN
UsedMethod,org.zeroturnaround.zip.ZipUtil:removeEntry(Ljava/io/File;Ljava/lang/String;Ljava/io/File;)V,UNKNOWN
UsedMethod,org.zeroturnaround.zip.ZipUtil:removeEntry(Ljava/io/File;Ljava/lang/String;)V,UNKNOWN
UsedMethod,org.zeroturnaround.zip.ZipUtil:removeEntries(Ljava/io/File;[Ljava/lang/String;Ljava/io/File;)V,UNKNOWN
UsedMethod,org.zeroturnaround.zip.ZipUtil:removeEntries(Ljava/io/File;[Ljava/lang/String;Ljava/io/OutputStream;)V,UNKNOWN
UsedMethod,org.zeroturnaround.zip.ZipUtil:removeEntries(Ljava/io/File;[Ljava/lang/String;)V,UNKNOWN
UsedMethod,org.zeroturnaround.zip.ZipUtil:copyEntries(Ljava/io/File;Ljava/util/zip/ZipOutputStream;)V,UNKNOWN
UsedMethod,org.zeroturnaround.zip.ZipUtil:copyEntries(Ljava/io/InputStream;Ljava/util/zip/ZipOutputStream;)V,UNKNOWN
UsedMethod,org.zeroturnaround.zip.ZipUtil:copyEntries(Ljava/io/File;Ljava/util/zip/ZipOutputStream;Ljava/util/Set;)V,UNKNOWN
UsedMethod,org.zeroturnaround.zip.ZipUtil:filterDirEntries(Ljava/io/File;Ljava/util/Collection;)Ljava/util/Set;,UNKNOWN
UsedMethod,org.zeroturnaround.zip.ZipUtil:replaceEntry(Ljava/io/File;Ljava/lang/String;Ljava/io/File;Ljava/io/File;)Z,UNKNOWN
UsedMethod,org.zeroturnaround.zip.ZipUtil:replaceEntry(Ljava/io/File;Ljava/lang/String;Ljava/io/File;)Z,UNKNOWN
UsedMethod,org.zeroturnaround.zip.ZipUtil:replaceEntry(Ljava/io/File;Ljava/lang/String;[BLjava/io/File;)Z,UNKNOWN
UsedMethod,org.zeroturnaround.zip.ZipUtil:replaceEntry(Ljava/io/File;Ljava/lang/String;[B)Z,UNKNOWN
UsedMethod,org.zeroturnaround.zip.ZipUtil:replaceEntry(Ljava/io/File;Ljava/lang/String;[BI)Z,UNKNOWN
UsedMethod,org.zeroturnaround.zip.ZipUtil:replaceEntry(Ljava/io/File;Lorg/zeroturnaround/zip/ZipEntrySource;Ljava/io/File;)Z,UNKNOWN
UsedMethod,org.zeroturnaround.zip.ZipUtil:replaceEntry(Ljava/io/File;Lorg/zeroturnaround/zip/ZipEntrySource;)Z,UNKNOWN
UsedMethod,org.zeroturnaround.zip.ZipUtil:replaceEntries(Ljava/io/File;[Lorg/zeroturnaround/zip/ZipEntrySource;Ljava/io/File;)Z,UNKNOWN
UsedMethod,org.zeroturnaround.zip.ZipUtil:replaceEntries(Ljava/io/File;[Lorg/zeroturnaround/zip/ZipEntrySource;)Z,UNKNOWN
UsedMethod,org.zeroturnaround.zip.ZipUtil:addOrReplaceEntries(Ljava/io/File;[Lorg/zeroturnaround/zip/ZipEntrySource;Ljava/io/File;)V,UNKNOWN
BloatedMethod,org.zeroturnaround.zip.ZipUtil:addOrReplaceEntries(Ljava/io/File;[Lorg/zeroturnaround/zip/ZipEntrySource;)V,UNKNOWN
UsedMethod,org.zeroturnaround.zip.ZipUtil:entriesByPath([Lorg/zeroturnaround/zip/ZipEntrySource;)Ljava/util/Map;,UNKNOWN
UsedMethod,org.zeroturnaround.zip.ZipUtil:transformEntry(Ljava/io/File;Ljava/lang/String;Lorg/zeroturnaround/zip/transform/ZipEntryTransformer;Ljava/io/File;)Z,UNKNOWN
UsedMethod,org.zeroturnaround.zip.ZipUtil:transformEntry(Ljava/io/File;Ljava/lang/String;Lorg/zeroturnaround/zip/transform/ZipEntryTransformer;)Z,UNKNOWN
UsedMethod,org.zeroturnaround.zip.ZipUtil:transformEntry(Ljava/io/File;Lorg/zeroturnaround/zip/transform/ZipEntryTransformerEntry;Ljava/io/File;)Z,UNKNOWN
UsedMethod,org.zeroturnaround.zip.ZipUtil:transformEntry(Ljava/io/File;Lorg/zeroturnaround/zip/transform/ZipEntryTransformerEntry;)Z,UNKNOWN
UsedMethod,org.zeroturnaround.zip.ZipUtil:transformEntries(Ljava/io/File;[Lorg/zeroturnaround/zip/transform/ZipEntryTransformerEntry;Ljava/io/File;)Z,UNKNOWN
UsedMethod,org.zeroturnaround.zip.ZipUtil:transformEntries(Ljava/io/File;[Lorg/zeroturnaround/zip/transform/ZipEntryTransformerEntry;)Z,UNKNOWN
UsedMethod,org.zeroturnaround.zip.ZipUtil:transformEntry(Ljava/io/InputStream;Ljava/lang/String;Lorg/zeroturnaround/zip/transform/ZipEntryTransformer;Ljava/io/OutputStream;)Z,UNKNOWN
UsedMethod,org.zeroturnaround.zip.ZipUtil:transformEntry(Ljava/io/InputStream;Lorg/zeroturnaround/zip/transform/ZipEntryTransformerEntry;Ljava/io/OutputStream;)Z,UNKNOWN
UsedMethod,org.zeroturnaround.zip.ZipUtil:transformEntries(Ljava/io/InputStream;[Lorg/zeroturnaround/zip/transform/ZipEntryTransformerEntry;Ljava/io/OutputStream;)Z,UNKNOWN
UsedMethod,org.zeroturnaround.zip.ZipUtil:transformersByPath(Ljava/util/List;)Ljava/util/Map;,UNKNOWN
UsedMethod,org.zeroturnaround.zip.ZipUtil:addEntry(Lorg/zeroturnaround/zip/ZipEntrySource;Ljava/util/zip/ZipOutputStream;)V,UNKNOWN
UsedMethod,org.zeroturnaround.zip.ZipUtil:archiveEquals(Ljava/io/File;Ljava/io/File;)Z,UNKNOWN
UsedMethod,org.zeroturnaround.zip.ZipUtil:archiveEqualsInternal(Ljava/io/File;Ljava/io/File;)Z,UNKNOWN
UsedMethod,org.zeroturnaround.zip.ZipUtil:metaDataEquals(Ljava/lang/String;Ljava/util/zip/ZipEntry;Ljava/util/zip/ZipEntry;)Z,UNKNOWN
UsedMethod,org.zeroturnaround.zip.ZipUtil:entryEquals(Ljava/io/File;Ljava/io/File;Ljava/lang/String;)Z,UNKNOWN
UsedMethod,org.zeroturnaround.zip.ZipUtil:entryEquals(Ljava/io/File;Ljava/io/File;Ljava/lang/String;Ljava/lang/String;)Z,UNKNOWN
BloatedMethod,org.zeroturnaround.zip.ZipUtil:entryEquals(Ljava/util/zip/ZipFile;Ljava/util/zip/ZipFile;Ljava/lang/String;Ljava/lang/String;)Z,UNKNOWN
UsedMethod,org.zeroturnaround.zip.ZipUtil:doEntryEquals(Ljava/util/zip/ZipFile;Ljava/util/zip/ZipFile;Ljava/lang/String;Ljava/lang/String;)Z,UNKNOWN
UsedMethod,org.zeroturnaround.zip.ZipUtil:closeQuietly(Ljava/util/zip/ZipFile;)V,UNKNOWN
UsedMethod,org.zeroturnaround.zip.ZipUtil:operateInPlace(Ljava/io/File;Lorg/zeroturnaround/zip/ZipUtil$InPlaceAction;)Z,UNKNOWN
UsedMethod,org.zeroturnaround.zip.ZipUtil:access$100(Ljava/io/File;Ljava/lang/String;)Ljava/io/File;,UNKNOWN
UsedMethod,org.zeroturnaround.zip.ZipUtil:access$200()Lorg/slf4j/Logger;,UNKNOWN
UsedMethod,org.zeroturnaround.zip.ZipUtil:access$300(Ljava/io/File;Ljava/lang/String;Ljava/io/File;)Ljava/io/File;,UNKNOWN
UsedMethod,org.zeroturnaround.zip.ZipUtil:access$700(Lorg/zeroturnaround/zip/ZipEntrySource;Ljava/util/zip/ZipOutputStream;)V,UNKNOWN
UsedMethod,org.zeroturnaround.zip.ZipUtil:<clinit>()V,UNKNOWN
UsedMethod,org.zeroturnaround.zip.extra.ZipShort:<init>(I)V,UNKNOWN
UsedMethod,org.zeroturnaround.zip.extra.ZipShort:<init>([B)V,UNKNOWN
UsedMethod,org.zeroturnaround.zip.extra.ZipShort:<init>([BI)V,UNKNOWN
UsedMethod,org.zeroturnaround.zip.extra.ZipShort:getBytes()[B,UNKNOWN
UsedMethod,org.zeroturnaround.zip.extra.ZipShort:getValue()I,UNKNOWN
UsedMethod,org.zeroturnaround.zip.extra.ZipShort:getBytes(I)[B,UNKNOWN
UsedMethod,org.zeroturnaround.zip.extra.ZipShort:getValue([BI)I,UNKNOWN
UsedMethod,org.zeroturnaround.zip.extra.ZipShort:getValue([B)I,UNKNOWN
UsedMethod,org.zeroturnaround.zip.extra.ZipShort:equals(Ljava/lang/Object;)Z,UNKNOWN
UsedMethod,org.zeroturnaround.zip.extra.ZipShort:hashCode()I,UNKNOWN
BloatedMethod,org.zeroturnaround.zip.extra.ZipShort:clone()Ljava/lang/Object;,UNKNOWN
UsedMethod,org.zeroturnaround.zip.extra.ZipShort:toString()Ljava/lang/String;,UNKNOWN
UsedMethod,org.zeroturnaround.zip.transform.StringZipEntryTransformer:<init>()V,UNKNOWN
UsedMethod,org.zeroturnaround.zip.transform.StringZipEntryTransformer:<init>(Ljava/lang/String;)V,UNKNOWN
UsedMethod,org.zeroturnaround.zip.transform.StringZipEntryTransformer:transform(Ljava/util/zip/ZipEntry;Ljava/lang/String;)Ljava/lang/String;,UNKNOWN
UsedMethod,org.zeroturnaround.zip.transform.StringZipEntryTransformer:transform(Ljava/io/InputStream;Ljava/util/zip/ZipEntry;Ljava/util/zip/ZipOutputStream;)V,UNKNOWN
UsedMethod,org.slf4j.LoggerFactory:<init>()V,UNKNOWN
BloatedMethod,org.slf4j.LoggerFactory:reset()V,UNKNOWN
UsedMethod,org.slf4j.LoggerFactory:performInitialization()V,UNKNOWN
BloatedMethod,org.slf4j.LoggerFactory:messageContainsOrgSlf4jImplStaticLoggerBinder(Ljava/lang/String;)Z,UNKNOWN
UsedMethod,org.slf4j.LoggerFactory:bind()V,UNKNOWN
BloatedMethod,org.slf4j.LoggerFactory:failedBinding(Ljava/lang/Throwable;)V,UNKNOWN
UsedMethod,org.slf4j.LoggerFactory:emitSubstituteLoggerWarning()V,UNKNOWN
UsedMethod,org.slf4j.LoggerFactory:versionSanityCheck()V,UNKNOWN
UsedMethod,org.slf4j.LoggerFactory:findPossibleStaticLoggerBinderPathSet()Ljava/util/Set;,UNKNOWN
UsedMethod,org.slf4j.LoggerFactory:isAmbiguousStaticLoggerBinderPathSet(Ljava/util/Set;)Z,UNKNOWN
UsedMethod,org.slf4j.LoggerFactory:reportMultipleBindingAmbiguity(Ljava/util/Set;)V,UNKNOWN
UsedMethod,org.slf4j.LoggerFactory:reportActualBinding(Ljava/util/Set;)V,UNKNOWN
UsedMethod,org.slf4j.LoggerFactory:getLogger(Ljava/lang/String;)Lorg/slf4j/Logger;,UNKNOWN
UsedMethod,org.slf4j.LoggerFactory:getLogger(Ljava/lang/Class;)Lorg/slf4j/Logger;,UNKNOWN
UsedMethod,org.slf4j.LoggerFactory:getILoggerFactory()Lorg/slf4j/ILoggerFactory;,UNKNOWN
UsedMethod,org.slf4j.LoggerFactory:class$(Ljava/lang/String;)Ljava/lang/Class;,UNKNOWN
UsedMethod,org.slf4j.LoggerFactory:<clinit>()V,UNKNOWN
UsedMethod,org.zeroturnaround.zip.ZTFilePermissionsUtil:<init>()V,UNKNOWN
UsedMethod,org.zeroturnaround.zip.ZTFilePermissionsUtil:getDefaultStategy()Lorg/zeroturnaround/zip/ZTFilePermissionsStrategy;,UNKNOWN
UsedMethod,org.zeroturnaround.zip.ZTFilePermissionsUtil:toPosixFileMode(Lorg/zeroturnaround/zip/ZTFilePermissions;)I,UNKNOWN
UsedMethod,org.zeroturnaround.zip.ZTFilePermissionsUtil:addFlag(ZI)I,UNKNOWN
UsedMethod,org.zeroturnaround.zip.ZTFilePermissionsUtil:fromPosixFileMode(I)Lorg/zeroturnaround/zip/ZTFilePermissions;,UNKNOWN
UsedMethod,org.zeroturnaround.zip.ZTFilePermissionsUtil:fetchDefaultStrategy()Lorg/zeroturnaround/zip/ZTFilePermissionsStrategy;,UNKNOWN
UsedMethod,org.zeroturnaround.zip.ZTFilePermissionsUtil:tryInstantiateStrategy(Ljava/lang/Class;)Lorg/zeroturnaround/zip/ZTFilePermissionsStrategy;,UNKNOWN
UsedMethod,org.zeroturnaround.zip.ZTFilePermissionsUtil:<clinit>()V,UNKNOWN
UsedMethod,org.zeroturnaround.zip.ZTFileUtil:<init>()V,UNKNOWN
UsedMethod,org.zeroturnaround.zip.ZTFileUtil:listFiles(Ljava/io/File;)Ljava/util/Collection;,UNKNOWN
UsedMethod,org.zeroturnaround.zip.ZTFileUtil:listFiles(Ljava/io/File;Ljava/io/FileFilter;)Ljava/util/Collection;,UNKNOWN
UsedMethod,org.zeroturnaround.zip.ZTFileUtil:innerListFiles(Ljava/io/File;Ljava/util/Collection;Ljava/io/FileFilter;)V,UNKNOWN
UsedMethod,org.zeroturnaround.zip.MaliciousZipException:<init>(Ljava/io/File;Ljava/lang/String;)V,UNKNOWN
UsedMethod,org.zeroturnaround.zip.ZipUtil$TransformerZipEntryCallback:<init>(Ljava/util/List;Ljava/util/zip/ZipOutputStream;)V,UNKNOWN
UsedMethod,org.zeroturnaround.zip.ZipUtil$TransformerZipEntryCallback:process(Ljava/io/InputStream;Ljava/util/zip/ZipEntry;)V,UNKNOWN
UsedMethod,org.zeroturnaround.zip.ZipUtil$TransformerZipEntryCallback:found()Z,UNKNOWN
UsedMethod,org.zeroturnaround.zip.ZTFilePermissionsUtil$1:<init>()V,UNKNOWN
UsedMethod,org.zeroturnaround.zip.ZTFilePermissionsUtil$1:setPermissions(Ljava/io/File;Lorg/zeroturnaround/zip/ZTFilePermissions;)V,UNKNOWN
UsedMethod,org.zeroturnaround.zip.ZTFilePermissionsUtil$1:getPermissions(Ljava/io/File;)Lorg/zeroturnaround/zip/ZTFilePermissions;,UNKNOWN
UsedMethod,org.slf4j.helpers.NOPLoggerFactory:<init>()V,UNKNOWN
UsedMethod,org.slf4j.helpers.NOPLoggerFactory:getLogger(Ljava/lang/String;)Lorg/slf4j/Logger;,UNKNOWN
UsedMethod,org.zeroturnaround.zip.ZipUtil$15:<init>(Ljava/io/File;Ljava/lang/String;[BI)V,UNKNOWN
UsedMethod,org.zeroturnaround.zip.ZipUtil$15:act(Ljava/io/File;)Z,UNKNOWN
UsedMethod,org.zeroturnaround.zip.ZipUtil$RepackZipEntryCallback:<init>(Ljava/io/File;I)V,UNKNOWN
UsedMethod,org.zeroturnaround.zip.ZipUtil$RepackZipEntryCallback:process(Ljava/io/InputStream;Ljava/util/zip/ZipEntry;)V,UNKNOWN
UsedMethod,org.zeroturnaround.zip.ZipUtil$RepackZipEntryCallback:closeStream()V,UNKNOWN
UsedMethod,org.zeroturnaround.zip.ZipUtil$RepackZipEntryCallback:<init>(Ljava/io/File;ILorg/zeroturnaround/zip/ZipUtil$1;)V,UNKNOWN
UsedMethod,org.zeroturnaround.zip.ZipUtil$RepackZipEntryCallback:access$500(Lorg/zeroturnaround/zip/ZipUtil$RepackZipEntryCallback;)V,UNKNOWN
UsedMethod,org.zeroturnaround.zip.ZipUtil$17:<init>(Ljava/util/Set;Ljava/util/Map;Ljava/util/zip/ZipOutputStream;)V,UNKNOWN
UsedMethod,org.zeroturnaround.zip.ZipUtil$17:process(Ljava/io/InputStream;Ljava/util/zip/ZipEntry;)V,UNKNOWN
UsedMethod,org.zeroturnaround.zip.ZipUtil$10:<init>(Ljava/util/Set;Ljava/util/zip/ZipOutputStream;)V,UNKNOWN
UsedMethod,org.zeroturnaround.zip.ZipUtil$10:process(Ljava/io/InputStream;Ljava/util/zip/ZipEntry;)V,UNKNOWN
UsedMethod,org.zeroturnaround.zip.extra.ExtraFieldUtils:<init>()V,UNKNOWN
UsedMethod,org.zeroturnaround.zip.extra.ExtraFieldUtils:register(Ljava/lang/Class;)V,UNKNOWN
UsedMethod,org.zeroturnaround.zip.extra.ExtraFieldUtils:createExtraField(Lorg/zeroturnaround/zip/extra/ZipShort;)Lorg/zeroturnaround/zip/extra/ZipExtraField;,UNKNOWN
BloatedMethod,org.zeroturnaround.zip.extra.ExtraFieldUtils:parseA([B)[Lorg/zeroturnaround/zip/extra/ZipExtraField;,UNKNOWN
UsedMethod,org.zeroturnaround.zip.extra.ExtraFieldUtils:parse([B)Ljava/util/List;,UNKNOWN
UsedMethod,org.zeroturnaround.zip.extra.ExtraFieldUtils:mergeLocalFileDataData(Ljava/util/List;)[B,UNKNOWN
UsedMethod,org.zeroturnaround.zip.extra.ExtraFieldUtils:<clinit>()V,UNKNOWN
UsedMethod,org.zeroturnaround.zip.ZipUtil$11:<init>(Ljava/util/Set;Ljava/util/zip/ZipOutputStream;)V,UNKNOWN
UsedMethod,org.zeroturnaround.zip.ZipUtil$11:process(Ljava/io/InputStream;Ljava/util/zip/ZipEntry;)V,UNKNOWN
UsedMethod,org.zeroturnaround.zip.ZipExceptionUtil:<init>()V,UNKNOWN
UsedMethod,org.zeroturnaround.zip.ZipExceptionUtil:rethrow(Ljava/io/IOException;)Lorg/zeroturnaround/zip/ZipException;,UNKNOWN
UsedMethod,org.zeroturnaround.zip.ZipUtil$12:<init>(Ljava/util/Set;Ljava/util/Set;Ljava/util/Set;Ljava/util/zip/ZipOutputStream;)V,UNKNOWN
UsedMethod,org.zeroturnaround.zip.ZipUtil$12:process(Ljava/io/InputStream;Ljava/util/zip/ZipEntry;)V,UNKNOWN
UsedMethod,org.zeroturnaround.zip.ZTZipReflectionUtil:<init>()V,UNKNOWN
UsedMethod,org.zeroturnaround.zip.ZTZipReflectionUtil:getClassForName(Ljava/lang/String;Ljava/lang/Class;)Ljava/lang/Class;,UNKNOWN
UsedMethod,org.zeroturnaround.zip.ZTZipReflectionUtil:getDeclaredMethod(Ljava/lang/Class;Ljava/lang/String;[Ljava/lang/Class;)Ljava/lang/reflect/Method;,UNKNOWN
UsedMethod,org.zeroturnaround.zip.ZTZipReflectionUtil:invoke(Ljava/lang/reflect/Method;Ljava/lang/Object;[Ljava/lang/Object;)Ljava/lang/Object;,UNKNOWN
UsedMethod,org.zeroturnaround.zip.ZipUtil$19:<init>(Ljava/util/Set;Ljava/util/Map;Ljava/util/zip/ZipOutputStream;)V,UNKNOWN
UsedMethod,org.zeroturnaround.zip.ZipUtil$19:process(Ljava/io/InputStream;Ljava/util/zip/ZipEntry;)V,UNKNOWN
UsedMethod,org.slf4j.helpers.SubstituteLoggerFactory:<init>()V,UNKNOWN
BloatedMethod,org.slf4j.helpers.SubstituteLoggerFactory:getLogger(Ljava/lang/String;)Lorg/slf4j/Logger;,UNKNOWN
UsedMethod,org.slf4j.helpers.SubstituteLoggerFactory:getLoggerNameList()Ljava/util/List;,UNKNOWN
UsedMethod,org.zeroturnaround.zip.Zips$CopyingCallback:<init>(Ljava/util/List;Ljava/util/zip/ZipOutputStream;Z)V,UNKNOWN
UsedMethod,org.zeroturnaround.zip.Zips$CopyingCallback:process(Ljava/io/InputStream;Ljava/util/zip/ZipEntry;)V,UNKNOWN
UsedMethod,org.zeroturnaround.zip.Zips$CopyingCallback:<init>(Ljava/util/List;Ljava/util/zip/ZipOutputStream;ZLorg/zeroturnaround/zip/Zips$1;)V,UNKNOWN
UsedMethod,org.zeroturnaround.zip.transform.ByteArrayZipEntryTransformer:<init>()V,UNKNOWN
UsedMethod,org.zeroturnaround.zip.transform.ByteArrayZipEntryTransformer:transform(Ljava/util/zip/ZipEntry;[B)[B,UNKNOWN
UsedMethod,org.zeroturnaround.zip.transform.ByteArrayZipEntryTransformer:transform(Ljava/io/InputStream;Ljava/util/zip/ZipEntry;Ljava/util/zip/ZipOutputStream;)V,UNKNOWN
UsedMethod,org.zeroturnaround.zip.transform.ByteArrayZipEntryTransformer:preserveTimestamps()Z,UNKNOWN
UsedMethod,org.zeroturnaround.zip.Java7Nio2ApiPermissionsStrategy:<init>()V,UNKNOWN
UsedMethod,org.zeroturnaround.zip.Java7Nio2ApiPermissionsStrategy:getPermissions(Ljava/io/File;)Lorg/zeroturnaround/zip/ZTFilePermissions;,UNKNOWN
UsedMethod,org.zeroturnaround.zip.Java7Nio2ApiPermissionsStrategy:setPermissions(Ljava/io/File;Lorg/zeroturnaround/zip/ZTFilePermissions;)V,UNKNOWN
UsedMethod,org.zeroturnaround.zip.Java7Nio2ApiPermissionsStrategy:addIf(ZLjava/util/Set;Ljava/lang/Object;)V,UNKNOWN
UsedMethod,org.zeroturnaround.zip.Java7Nio2ApiPermissionsStrategy:toPath(Ljava/io/File;)Ljava/lang/Object;,UNKNOWN
UsedMethod,org.zeroturnaround.zip.Java7Nio2ApiPermissionsStrategy:setPosixFilePermissions(Ljava/io/File;Ljava/util/Set;)V,UNKNOWN
UsedMethod,org.zeroturnaround.zip.Java7Nio2ApiPermissionsStrategy:getPosixFilePermissions(Ljava/io/File;)Ljava/util/Set;,UNKNOWN
UsedMethod,org.zeroturnaround.zip.Java7Nio2ApiPermissionsStrategy:isPosix()Z,UNKNOWN
UsedMethod,org.zeroturnaround.zip.extra.ZipLong:<init>(J)V,UNKNOWN
UsedMethod,org.zeroturnaround.zip.extra.ZipLong:<init>([B)V,UNKNOWN
UsedMethod,org.zeroturnaround.zip.extra.ZipLong:<init>([BI)V,UNKNOWN
UsedMethod,org.zeroturnaround.zip.extra.ZipLong:getBytes()[B,UNKNOWN
UsedMethod,org.zeroturnaround.zip.extra.ZipLong:getValue()J,UNKNOWN
UsedMethod,org.zeroturnaround.zip.extra.ZipLong:getBytes(J)[B,UNKNOWN
UsedMethod,org.zeroturnaround.zip.extra.ZipLong:getValue([BI)J,UNKNOWN
UsedMethod,org.zeroturnaround.zip.extra.ZipLong:getValue([B)J,UNKNOWN
BloatedMethod,org.zeroturnaround.zip.extra.ZipLong:equals(Ljava/lang/Object;)Z,UNKNOWN
UsedMethod,org.zeroturnaround.zip.extra.ZipLong:hashCode()I,UNKNOWN
BloatedMethod,org.zeroturnaround.zip.extra.ZipLong:clone()Ljava/lang/Object;,UNKNOWN
UsedMethod,org.zeroturnaround.zip.extra.ZipLong:toString()Ljava/lang/String;,UNKNOWN
UsedMethod,org.zeroturnaround.zip.extra.ZipLong:<clinit>()V,UNKNOWN
UsedMethod,org.zeroturnaround.zip.commons.IOUtils:<init>()V,UNKNOWN
UsedMethod,org.zeroturnaround.zip.commons.IOUtils:closeQuietly(Ljava/io/InputStream;)V,UNKNOWN
UsedMethod,org.zeroturnaround.zip.commons.IOUtils:closeQuietly(Ljava/io/OutputStream;)V,UNKNOWN
UsedMethod,org.zeroturnaround.zip.commons.IOUtils:closeQuietly(Ljava/io/Closeable;)V,UNKNOWN
UsedMethod,org.zeroturnaround.zip.commons.IOUtils:toByteArray(Ljava/io/InputStream;)[B,UNKNOWN
UsedMethod,org.zeroturnaround.zip.commons.IOUtils:toString(Ljava/io/InputStream;Ljava/lang/String;)Ljava/lang/String;,UNKNOWN
UsedMethod,org.zeroturnaround.zip.commons.IOUtils:copy(Ljava/io/InputStream;Ljava/io/OutputStream;)I,UNKNOWN
UsedMethod,org.zeroturnaround.zip.commons.IOUtils:copyLarge(Ljava/io/InputStream;Ljava/io/OutputStream;)J,UNKNOWN
UsedMethod,org.zeroturnaround.zip.commons.IOUtils:copyLarge(Ljava/io/InputStream;Ljava/io/OutputStream;[B)J,UNKNOWN
UsedMethod,org.zeroturnaround.zip.commons.IOUtils:copy(Ljava/io/InputStream;Ljava/io/Writer;)V,UNKNOWN
UsedMethod,org.zeroturnaround.zip.commons.IOUtils:copy(Ljava/io/InputStream;Ljava/io/Writer;Ljava/lang/String;)V,UNKNOWN
UsedMethod,org.zeroturnaround.zip.commons.IOUtils:copy(Ljava/io/Reader;Ljava/io/Writer;)I,UNKNOWN
UsedMethod,org.zeroturnaround.zip.commons.IOUtils:copyLarge(Ljava/io/Reader;Ljava/io/Writer;)J,UNKNOWN
UsedMethod,org.zeroturnaround.zip.commons.IOUtils:copyLarge(Ljava/io/Reader;Ljava/io/Writer;[C)J,UNKNOWN
UsedMethod,org.zeroturnaround.zip.commons.IOUtils:contentEquals(Ljava/io/InputStream;Ljava/io/InputStream;)Z,UNKNOWN
UsedMethod,org.zeroturnaround.zip.commons.IOUtils:<clinit>()V,UNKNOWN
UsedMethod,org.zeroturnaround.zip.extra.AsiExtraField:<init>()V,UNKNOWN
UsedMethod,org.zeroturnaround.zip.extra.AsiExtraField:getHeaderId()Lorg/zeroturnaround/zip/extra/ZipShort;,UNKNOWN
UsedMethod,org.zeroturnaround.zip.extra.AsiExtraField:getLocalFileDataLength()Lorg/zeroturnaround/zip/extra/ZipShort;,UNKNOWN
UsedMethod,org.zeroturnaround.zip.extra.AsiExtraField:getCentralDirectoryLength()Lorg/zeroturnaround/zip/extra/ZipShort;,UNKNOWN
UsedMethod,org.zeroturnaround.zip.extra.AsiExtraField:getLocalFileDataData()[B,UNKNOWN
UsedMethod,org.zeroturnaround.zip.extra.AsiExtraField:getCentralDirectoryData()[B,UNKNOWN
BloatedMethod,org.zeroturnaround.zip.extra.AsiExtraField:setUserId(I)V,UNKNOWN
UsedMethod,org.zeroturnaround.zip.extra.AsiExtraField:getUserId()I,UNKNOWN
BloatedMethod,org.zeroturnaround.zip.extra.AsiExtraField:setGroupId(I)V,UNKNOWN
UsedMethod,org.zeroturnaround.zip.extra.AsiExtraField:getGroupId()I,UNKNOWN
BloatedMethod,org.zeroturnaround.zip.extra.AsiExtraField:setLinkedFile(Ljava/lang/String;)V,UNKNOWN
UsedMethod,org.zeroturnaround.zip.extra.AsiExtraField:getLinkedFile()Ljava/lang/String;,UNKNOWN
UsedMethod,org.zeroturnaround.zip.extra.AsiExtraField:isLink()Z,UNKNOWN
UsedMethod,org.zeroturnaround.zip.extra.AsiExtraField:setMode(I)V,UNKNOWN
UsedMethod,org.zeroturnaround.zip.extra.AsiExtraField:getMode()I,UNKNOWN
UsedMethod,org.zeroturnaround.zip.extra.AsiExtraField:setDirectory(Z)V,UNKNOWN
UsedMethod,org.zeroturnaround.zip.extra.AsiExtraField:isDirectory()Z,UNKNOWN
UsedMethod,org.zeroturnaround.zip.extra.AsiExtraField:parseFromLocalFileData([BII)V,UNKNOWN
UsedMethod,org.zeroturnaround.zip.extra.AsiExtraField:getMode(I)I,UNKNOWN
BloatedMethod,org.zeroturnaround.zip.extra.AsiExtraField:clone()Ljava/lang/Object;,UNKNOWN
UsedMethod,org.zeroturnaround.zip.extra.AsiExtraField:<clinit>()V,UNKNOWN
UsedMethod,org.zeroturnaround.zip.timestamps.TimestampStrategyFactory:<init>()V,UNKNOWN
UsedMethod,org.zeroturnaround.zip.timestamps.TimestampStrategyFactory:hasZipEntryFileTimeMethods()Z,UNKNOWN
UsedMethod,org.zeroturnaround.zip.timestamps.TimestampStrategyFactory:getStrategy()Lorg/zeroturnaround/zip/timestamps/TimestampStrategy;,UNKNOWN
UsedMethod,org.zeroturnaround.zip.timestamps.TimestampStrategyFactory:getInstance()Lorg/zeroturnaround/zip/timestamps/TimestampStrategy;,UNKNOWN
UsedMethod,org.zeroturnaround.zip.timestamps.TimestampStrategyFactory:<clinit>()V,UNKNOWN
UsedMethod,org.zeroturnaround.zip.commons.FilenameUtils:<init>()V,UNKNOWN
UsedMethod,org.zeroturnaround.zip.commons.FilenameUtils:isSystemWindows()Z,UNKNOWN
UsedMethod,org.zeroturnaround.zip.commons.FilenameUtils:isSeparator(C)Z,UNKNOWN
UsedMethod,org.zeroturnaround.zip.commons.FilenameUtils:getPrefixLength(Ljava/lang/String;)I,UNKNOWN
UsedMethod,org.zeroturnaround.zip.commons.FilenameUtils:<clinit>()V,UNKNOWN
UsedMethod,org.zeroturnaround.zip.Zips:<init>(Ljava/io/File;)V,UNKNOWN
UsedMethod,org.zeroturnaround.zip.Zips:get(Ljava/io/File;)Lorg/zeroturnaround/zip/Zips;,UNKNOWN
UsedMethod,org.zeroturnaround.zip.Zips:create()Lorg/zeroturnaround/zip/Zips;,UNKNOWN
UsedMethod,org.zeroturnaround.zip.Zips:addEntry(Lorg/zeroturnaround/zip/ZipEntrySource;)Lorg/zeroturnaround/zip/Zips;,UNKNOWN
UsedMethod,org.zeroturnaround.zip.Zips:addEntries([Lorg/zeroturnaround/zip/ZipEntrySource;)Lorg/zeroturnaround/zip/Zips;,UNKNOWN
UsedMethod,org.zeroturnaround.zip.Zips:addFile(Ljava/io/File;)Lorg/zeroturnaround/zip/Zips;,UNKNOWN
UsedMethod,org.zeroturnaround.zip.Zips:addFile(Ljava/io/File;Z)Lorg/zeroturnaround/zip/Zips;,UNKNOWN
UsedMethod,org.zeroturnaround.zip.Zips:addFile(Ljava/io/File;Ljava/io/FileFilter;)Lorg/zeroturnaround/zip/Zips;,UNKNOWN
UsedMethod,org.zeroturnaround.zip.Zips:addFile(Ljava/io/File;ZLjava/io/FileFilter;)Lorg/zeroturnaround/zip/Zips;,UNKNOWN
UsedMethod,org.zeroturnaround.zip.Zips:getRelativePath(Ljava/io/File;Ljava/io/File;)Ljava/lang/String;,UNKNOWN
UsedMethod,org.zeroturnaround.zip.Zips:removeEntry(Ljava/lang/String;)Lorg/zeroturnaround/zip/Zips;,UNKNOWN
UsedMethod,org.zeroturnaround.zip.Zips:removeEntries([Ljava/lang/String;)Lorg/zeroturnaround/zip/Zips;,UNKNOWN
UsedMethod,org.zeroturnaround.zip.Zips:preserveTimestamps()Lorg/zeroturnaround/zip/Zips;,UNKNOWN
UsedMethod,org.zeroturnaround.zip.Zips:setPreserveTimestamps(Z)Lorg/zeroturnaround/zip/Zips;,UNKNOWN
UsedMethod,org.zeroturnaround.zip.Zips:charset(Ljava/nio/charset/Charset;)Lorg/zeroturnaround/zip/Zips;,UNKNOWN
UsedMethod,org.zeroturnaround.zip.Zips:destination(Ljava/io/File;)Lorg/zeroturnaround/zip/Zips;,UNKNOWN
UsedMethod,org.zeroturnaround.zip.Zips:nameMapper(Lorg/zeroturnaround/zip/NameMapper;)Lorg/zeroturnaround/zip/Zips;,UNKNOWN
UsedMethod,org.zeroturnaround.zip.Zips:unpack()Lorg/zeroturnaround/zip/Zips;,UNKNOWN
UsedMethod,org.zeroturnaround.zip.Zips:isInPlace()Z,UNKNOWN
UsedMethod,org.zeroturnaround.zip.Zips:isUnpack()Z,UNKNOWN
UsedMethod,org.zeroturnaround.zip.Zips:addTransformer(Ljava/lang/String;Lorg/zeroturnaround/zip/transform/ZipEntryTransformer;)Lorg/zeroturnaround/zip/Zips;,UNKNOWN
UsedMethod,org.zeroturnaround.zip.Zips:process()V,UNKNOWN
UsedMethod,org.zeroturnaround.zip.Zips:processAllEntries(Lorg/zeroturnaround/zip/ZipEntryOrInfoAdapter;)V,UNKNOWN
UsedMethod,org.zeroturnaround.zip.Zips:getDestinationFile()Ljava/io/File;,UNKNOWN
UsedMethod,org.zeroturnaround.zip.Zips:iterate(Lorg/zeroturnaround/zip/ZipEntryCallback;)V,UNKNOWN
BloatedMethod,org.zeroturnaround.zip.Zips:iterate(Lorg/zeroturnaround/zip/ZipInfoCallback;)V,UNKNOWN
BloatedMethod,org.zeroturnaround.zip.Zips:getEntry(Ljava/lang/String;)[B,UNKNOWN
BloatedMethod,org.zeroturnaround.zip.Zips:containsEntry(Ljava/lang/String;)Z,UNKNOWN
UsedMethod,org.zeroturnaround.zip.Zips:iterateExistingExceptRemoved(Lorg/zeroturnaround/zip/ZipEntryOrInfoAdapter;)V,UNKNOWN
UsedMethod,org.zeroturnaround.zip.Zips:iterateChangedAndAdded(Lorg/zeroturnaround/zip/ZipEntryOrInfoAdapter;)V,UNKNOWN
UsedMethod,org.zeroturnaround.zip.Zips:handleInPlaceActions(Ljava/io/File;)V,UNKNOWN
UsedMethod,org.zeroturnaround.zip.Zips:isEntryInDir(Ljava/util/Set;Ljava/lang/String;)Z,UNKNOWN
UsedMethod,org.zeroturnaround.zip.Zips:getZipFile()Ljava/util/zip/ZipFile;,UNKNOWN
UsedMethod,org.zeroturnaround.zip.ZTFileUtil$1:<init>()V,UNKNOWN
UsedMethod,org.zeroturnaround.zip.ZTFileUtil$1:accept(Ljava/io/File;)Z,UNKNOWN
UsedMethod,org.zeroturnaround.zip.ZipUtil$9:<init>(Ljava/io/File;[Ljava/lang/String;)V,UNKNOWN
UsedMethod,org.zeroturnaround.zip.ZipUtil$9:act(Ljava/io/File;)Z,UNKNOWN
UsedMethod,org.zeroturnaround.zip.commons.FileUtilsV2_2:<init>()V,UNKNOWN
UsedMethod,org.zeroturnaround.zip.commons.FileUtilsV2_2:openInputStream(Ljava/io/File;)Ljava/io/FileInputStream;,UNKNOWN
UsedMethod,org.zeroturnaround.zip.commons.FileUtilsV2_2:openOutputStream(Ljava/io/File;)Ljava/io/FileOutputStream;,UNKNOWN
BloatedMethod,org.zeroturnaround.zip.commons.FileUtilsV2_2:openOutputStream(Ljava/io/File;Z)Ljava/io/FileOutputStream;,UNKNOWN
UsedMethod,org.zeroturnaround.zip.commons.FileUtilsV2_2:contentEquals(Ljava/io/File;Ljava/io/File;)Z,UNKNOWN
UsedMethod,org.zeroturnaround.zip.commons.FileUtilsV2_2:copyFileToDirectory(Ljava/io/File;Ljava/io/File;)V,UNKNOWN
UsedMethod,org.zeroturnaround.zip.commons.FileUtilsV2_2:copyFileToDirectory(Ljava/io/File;Ljava/io/File;Z)V,UNKNOWN
UsedMethod,org.zeroturnaround.zip.commons.FileUtilsV2_2:copyFile(Ljava/io/File;Ljava/io/File;)V,UNKNOWN
UsedMethod,org.zeroturnaround.zip.commons.FileUtilsV2_2:copyFile(Ljava/io/File;Ljava/io/File;Z)V,UNKNOWN
UsedMethod,org.zeroturnaround.zip.commons.FileUtilsV2_2:doCopyFile(Ljava/io/File;Ljava/io/File;Z)V,UNKNOWN
BloatedMethod,org.zeroturnaround.zip.commons.FileUtilsV2_2:copyDirectory(Ljava/io/File;Ljava/io/File;)V,UNKNOWN
BloatedMethod,org.zeroturnaround.zip.commons.FileUtilsV2_2:copyDirectory(Ljava/io/File;Ljava/io/File;Z)V,UNKNOWN
BloatedMethod,org.zeroturnaround.zip.commons.FileUtilsV2_2:copyDirectory(Ljava/io/File;Ljava/io/File;Ljava/io/FileFilter;Z)V,UNKNOWN
BloatedMethod,org.zeroturnaround.zip.commons.FileUtilsV2_2:doCopyDirectory(Ljava/io/File;Ljava/io/File;Ljava/io/FileFilter;ZLjava/util/List;)V,UNKNOWN
UsedMethod,org.zeroturnaround.zip.commons.FileUtilsV2_2:deleteDirectory(Ljava/io/File;)V,UNKNOWN
UsedMethod,org.zeroturnaround.zip.commons.FileUtilsV2_2:deleteQuietly(Ljava/io/File;)Z,UNKNOWN
UsedMethod,org.zeroturnaround.zip.commons.FileUtilsV2_2:cleanDirectory(Ljava/io/File;)V,UNKNOWN
UsedMethod,org.zeroturnaround.zip.commons.FileUtilsV2_2:readFileToString(Ljava/io/File;Ljava/lang/String;)Ljava/lang/String;,UNKNOWN
UsedMethod,org.zeroturnaround.zip.commons.FileUtilsV2_2:readFileToString(Ljava/io/File;)Ljava/lang/String;,UNKNOWN
UsedMethod,org.zeroturnaround.zip.commons.FileUtilsV2_2:forceDelete(Ljava/io/File;)V,UNKNOWN
BloatedMethod,org.zeroturnaround.zip.commons.FileUtilsV2_2:forceDeleteOnExit(Ljava/io/File;)V,UNKNOWN
BloatedMethod,org.zeroturnaround.zip.commons.FileUtilsV2_2:deleteDirectoryOnExit(Ljava/io/File;)V,UNKNOWN
BloatedMethod,org.zeroturnaround.zip.commons.FileUtilsV2_2:cleanDirectoryOnExit(Ljava/io/File;)V,UNKNOWN
UsedMethod,org.zeroturnaround.zip.commons.FileUtilsV2_2:forceMkdir(Ljava/io/File;)V,UNKNOWN
BloatedMethod,org.zeroturnaround.zip.commons.FileUtilsV2_2:sizeOf(Ljava/io/File;)J,UNKNOWN
BloatedMethod,org.zeroturnaround.zip.commons.FileUtilsV2_2:sizeOfDirectory(Ljava/io/File;)J,UNKNOWN
UsedMethod,org.zeroturnaround.zip.commons.FileUtilsV2_2:moveDirectory(Ljava/io/File;Ljava/io/File;)V,UNKNOWN
UsedMethod,org.zeroturnaround.zip.commons.FileUtilsV2_2:moveFile(Ljava/io/File;Ljava/io/File;)V,UNKNOWN
UsedMethod,org.zeroturnaround.zip.commons.FileUtilsV2_2:isSymlink(Ljava/io/File;)Z,UNKNOWN
UsedMethod,org.zeroturnaround.zip.commons.FileUtilsV2_2:<clinit>()V,UNKNOWN
UsedMethod,org.zeroturnaround.zip.transform.ZipEntrySourceZipEntryTransformer:<init>(Lorg/zeroturnaround/zip/ZipEntrySource;)V,UNKNOWN
BloatedMethod,org.zeroturnaround.zip.transform.ZipEntrySourceZipEntryTransformer:transform(Ljava/io/InputStream;Ljava/util/zip/ZipEntry;Ljava/util/zip/ZipOutputStream;)V,UNKNOWN
UsedMethod,org.zeroturnaround.zip.transform.ZipEntrySourceZipEntryTransformer:addEntry(Lorg/zeroturnaround/zip/ZipEntrySource;Ljava/util/zip/ZipOutputStream;)V,UNKNOWN
UsedMethod,org.zeroturnaround.zip.FileSource:<init>(Ljava/lang/String;Ljava/io/File;)V,UNKNOWN
UsedMethod,org.zeroturnaround.zip.FileSource:getPath()Ljava/lang/String;,UNKNOWN
UsedMethod,org.zeroturnaround.zip.FileSource:getEntry()Ljava/util/zip/ZipEntry;,UNKNOWN
UsedMethod,org.zeroturnaround.zip.FileSource:getInputStream()Ljava/io/InputStream;,UNKNOWN
UsedMethod,org.zeroturnaround.zip.FileSource:toString()Ljava/lang/String;,UNKNOWN
UsedMethod,org.zeroturnaround.zip.FileSource:pair([Ljava/io/File;[Ljava/lang/String;)[Lorg/zeroturnaround/zip/FileSource;,UNKNOWN
UsedMethod,org.zeroturnaround.zip.ZipUtil$5:<init>(Ljava/io/File;Ljava/lang/String;[BI)V,UNKNOWN
UsedMethod,org.zeroturnaround.zip.ZipUtil$5:act(Ljava/io/File;)Z,UNKNOWN
UsedMethod,org.zeroturnaround.zip.ZipUtil$8:<init>(Ljava/io/File;Ljava/lang/String;)V,UNKNOWN
UsedMethod,org.zeroturnaround.zip.ZipUtil$8:act(Ljava/io/File;)Z,UNKNOWN
UsedMethod,org.zeroturnaround.zip.IdentityNameMapper:<init>()V,UNKNOWN
UsedMethod,org.zeroturnaround.zip.IdentityNameMapper:map(Ljava/lang/String;)Ljava/lang/String;,UNKNOWN
UsedMethod,org.zeroturnaround.zip.IdentityNameMapper:<clinit>()V,UNKNOWN
UsedMethod,org.zeroturnaround.zip.transform.StreamZipEntryTransformer:<init>()V,UNKNOWN
UsedMethod,org.zeroturnaround.zip.transform.StreamZipEntryTransformer:transform(Ljava/util/zip/ZipEntry;Ljava/io/InputStream;Ljava/io/OutputStream;)V,UNKNOWN
UsedMethod,org.zeroturnaround.zip.transform.StreamZipEntryTransformer:transform(Ljava/io/InputStream;Ljava/util/zip/ZipEntry;Ljava/util/zip/ZipOutputStream;)V,UNKNOWN
UsedMethod,org.slf4j.helpers.FormattingTuple:<init>(Ljava/lang/String;)V,UNKNOWN
UsedMethod,org.slf4j.helpers.FormattingTuple:<init>(Ljava/lang/String;[Ljava/lang/Object;Ljava/lang/Throwable;)V,UNKNOWN
BloatedMethod,org.slf4j.helpers.FormattingTuple:trimmedCopy([Ljava/lang/Object;)[Ljava/lang/Object;,UNKNOWN
UsedMethod,org.slf4j.helpers.FormattingTuple:getMessage()Ljava/lang/String;,UNKNOWN
UsedMethod,org.slf4j.helpers.FormattingTuple:getArgArray()[Ljava/lang/Object;,UNKNOWN
UsedMethod,org.slf4j.helpers.FormattingTuple:getThrowable()Ljava/lang/Throwable;,UNKNOWN
UsedMethod,org.slf4j.helpers.FormattingTuple:<clinit>()V,UNKNOWN
UsedMethod,org.zeroturnaround.zip.ZipUtil$2:<init>(Ljava/lang/String;)V,UNKNOWN
UsedMethod,org.zeroturnaround.zip.ZipUtil$2:map(Ljava/lang/String;)Ljava/lang/String;,UNKNOWN
UsedMethod,org.zeroturnaround.zip.ZipUtil$1:<init>(Ljava/lang/String;)V,UNKNOWN
UsedMethod,org.zeroturnaround.zip.ZipUtil$1:map(Ljava/lang/String;)Ljava/lang/String;,UNKNOWN
UsedMethod,org.zeroturnaround.zip.extra.UnrecognizedExtraField:<init>()V,UNKNOWN
UsedMethod,org.zeroturnaround.zip.extra.UnrecognizedExtraField:setHeaderId(Lorg/zeroturnaround/zip/extra/ZipShort;)V,UNKNOWN
UsedMethod,org.zeroturnaround.zip.extra.UnrecognizedExtraField:getHeaderId()Lorg/zeroturnaround/zip/extra/ZipShort;,UNKNOWN
UsedMethod,org.zeroturnaround.zip.extra.UnrecognizedExtraField:setLocalFileDataData([B)V,UNKNOWN
UsedMethod,org.zeroturnaround.zip.extra.UnrecognizedExtraField:getLocalFileDataLength()Lorg/zeroturnaround/zip/extra/ZipShort;,UNKNOWN
UsedMethod,org.zeroturnaround.zip.extra.UnrecognizedExtraField:getLocalFileDataData()[B,UNKNOWN
BloatedMethod,org.zeroturnaround.zip.extra.UnrecognizedExtraField:setCentralDirectoryData([B)V,UNKNOWN
BloatedMethod,org.zeroturnaround.zip.extra.UnrecognizedExtraField:getCentralDirectoryLength()Lorg/zeroturnaround/zip/extra/ZipShort;,UNKNOWN
BloatedMethod,org.zeroturnaround.zip.extra.UnrecognizedExtraField:getCentralDirectoryData()[B,UNKNOWN
UsedMethod,org.zeroturnaround.zip.extra.UnrecognizedExtraField:parseFromLocalFileData([BII)V,UNKNOWN
BloatedMethod,org.zeroturnaround.zip.extra.UnrecognizedExtraField:parseFromCentralDirectoryData([BII)V,UNKNOWN
UsedMethod,org.zeroturnaround.zip.extra.UnrecognizedExtraField:copy([B)[B,UNKNOWN
UsedMethod,org.zeroturnaround.zip.ZipUtil$3:<init>(Ljava/io/File;Ljava/lang/String;Ljava/io/File;)V,UNKNOWN
UsedMethod,org.zeroturnaround.zip.ZipUtil$3:act(Ljava/io/File;)Z,UNKNOWN
UsedMethod,org.zeroturnaround.zip.Zips$UnpackingCallback$1:<init>(Lorg/zeroturnaround/zip/Zips$UnpackingCallback;Lorg/zeroturnaround/zip/transform/ZipEntryTransformer;Ljava/io/InputStream;Ljava/util/zip/ZipEntry;Ljava/util/zip/ZipOutputStream;)V,UNKNOWN
UsedMethod,org.zeroturnaround.zip.Zips$UnpackingCallback$1:run()V,UNKNOWN
UsedMethod,org.zeroturnaround.zip.ZipFileUtil:<init>()V,UNKNOWN
UsedMethod,org.zeroturnaround.zip.ZipFileUtil:createZipInputStream(Ljava/io/InputStream;Ljava/nio/charset/Charset;)Ljava/util/zip/ZipInputStream;,UNKNOWN
UsedMethod,org.zeroturnaround.zip.ZipFileUtil:createZipOutputStream(Ljava/io/BufferedOutputStream;Ljava/nio/charset/Charset;)Ljava/util/zip/ZipOutputStream;,UNKNOWN
UsedMethod,org.zeroturnaround.zip.ZipFileUtil:getZipFile(Ljava/io/File;Ljava/nio/charset/Charset;)Ljava/util/zip/ZipFile;,UNKNOWN
UsedMethod,org.zeroturnaround.zip.ZipFileUtil:isCharsetSupported()Z,UNKNOWN
UsedMethod,org.zeroturnaround.zip.ZipUtil$FileUnpacker:<init>(Ljava/io/File;)V,UNKNOWN
UsedMethod,org.zeroturnaround.zip.ZipUtil$FileUnpacker:process(Ljava/io/InputStream;Ljava/util/zip/ZipEntry;)V,UNKNOWN
UsedMethod,org.zeroturnaround.zip.ZipUtil$SingleZipEntryCallback:<init>(Ljava/lang/String;Lorg/zeroturnaround/zip/ZipEntryCallback;)V,UNKNOWN
UsedMethod,org.zeroturnaround.zip.ZipUtil$SingleZipEntryCallback:process(Ljava/io/InputStream;Ljava/util/zip/ZipEntry;)V,UNKNOWN
UsedMethod,org.zeroturnaround.zip.ZipUtil$SingleZipEntryCallback:found()Z,UNKNOWN
UsedMethod,org.zeroturnaround.zip.ZipUtil$ByteArrayUnpacker:<init>()V,UNKNOWN
UsedMethod,org.zeroturnaround.zip.ZipUtil$ByteArrayUnpacker:process(Ljava/io/InputStream;Ljava/util/zip/ZipEntry;)V,UNKNOWN
UsedMethod,org.zeroturnaround.zip.ZipUtil$ByteArrayUnpacker:getBytes()[B,UNKNOWN
UsedMethod,org.zeroturnaround.zip.ZipUtil$ByteArrayUnpacker:<init>(Lorg/zeroturnaround/zip/ZipUtil$1;)V,UNKNOWN
UsedMethod,org.zeroturnaround.zip.ByteSource:<init>(Ljava/lang/String;[B)V,UNKNOWN
UsedMethod,org.zeroturnaround.zip.ByteSource:<init>(Ljava/lang/String;[BJ)V,UNKNOWN
UsedMethod,org.zeroturnaround.zip.ByteSource:<init>(Ljava/lang/String;[BI)V,UNKNOWN
UsedMethod,org.zeroturnaround.zip.ByteSource:<init>(Ljava/lang/String;[BJI)V,UNKNOWN
UsedMethod,org.zeroturnaround.zip.ByteSource:getPath()Ljava/lang/String;,UNKNOWN
UsedMethod,org.zeroturnaround.zip.ByteSource:getEntry()Ljava/util/zip/ZipEntry;,UNKNOWN
UsedMethod,org.zeroturnaround.zip.ByteSource:getInputStream()Ljava/io/InputStream;,UNKNOWN
UsedMethod,org.zeroturnaround.zip.ByteSource:toString()Ljava/lang/String;,UNKNOWN
UsedMethod,org.slf4j.helpers.NamedLoggerBase:<init>()V,UNKNOWN
UsedMethod,org.slf4j.helpers.NamedLoggerBase:getName()Ljava/lang/String;,UNKNOWN
UsedMethod,org.slf4j.helpers.NamedLoggerBase:readResolve()Ljava/lang/Object;,UNKNOWN
UsedMethod,org.slf4j.helpers.MessageFormatter:<init>()V,UNKNOWN
UsedMethod,org.slf4j.helpers.MessageFormatter:format(Ljava/lang/String;Ljava/lang/Object;)Lorg/slf4j/helpers/FormattingTuple;,UNKNOWN
UsedMethod,org.slf4j.helpers.MessageFormatter:format(Ljava/lang/String;Ljava/lang/Object;Ljava/lang/Object;)Lorg/slf4j/helpers/FormattingTuple;,UNKNOWN
UsedMethod,org.slf4j.helpers.MessageFormatter:getThrowableCandidate([Ljava/lang/Object;)Ljava/lang/Throwable;,UNKNOWN
UsedMethod,org.slf4j.helpers.MessageFormatter:arrayFormat(Ljava/lang/String;[Ljava/lang/Object;)Lorg/slf4j/helpers/FormattingTuple;,UNKNOWN
UsedMethod,org.slf4j.helpers.MessageFormatter:isEscapedDelimeter(Ljava/lang/String;I)Z,UNKNOWN
BloatedMethod,org.slf4j.helpers.MessageFormatter:isDoubleEscaped(Ljava/lang/String;I)Z,UNKNOWN
UsedMethod,org.slf4j.helpers.MessageFormatter:deeplyAppendParameter(Ljava/lang/StringBuffer;Ljava/lang/Object;Ljava/util/Map;)V,UNKNOWN
UsedMethod,org.slf4j.helpers.MessageFormatter:safeObjectAppend(Ljava/lang/StringBuffer;Ljava/lang/Object;)V,UNKNOWN
UsedMethod,org.slf4j.helpers.MessageFormatter:objectArrayAppend(Ljava/lang/StringBuffer;[Ljava/lang/Object;Ljava/util/Map;)V,UNKNOWN
BloatedMethod,org.slf4j.helpers.MessageFormatter:booleanArrayAppend(Ljava/lang/StringBuffer;[Z)V,UNKNOWN
BloatedMethod,org.slf4j.helpers.MessageFormatter:byteArrayAppend(Ljava/lang/StringBuffer;[B)V,UNKNOWN
BloatedMethod,org.slf4j.helpers.MessageFormatter:charArrayAppend(Ljava/lang/StringBuffer;[C)V,UNKNOWN
BloatedMethod,org.slf4j.helpers.MessageFormatter:shortArrayAppend(Ljava/lang/StringBuffer;[S)V,UNKNOWN
BloatedMethod,org.slf4j.helpers.MessageFormatter:intArrayAppend(Ljava/lang/StringBuffer;[I)V,UNKNOWN
BloatedMethod,org.slf4j.helpers.MessageFormatter:longArrayAppend(Ljava/lang/StringBuffer;[J)V,UNKNOWN
BloatedMethod,org.slf4j.helpers.MessageFormatter:floatArrayAppend(Ljava/lang/StringBuffer;[F)V,UNKNOWN
BloatedMethod,org.slf4j.helpers.MessageFormatter:doubleArrayAppend(Ljava/lang/StringBuffer;[D)V,UNKNOWN
UsedMethod,org.zeroturnaround.zip.ZipBreakException:<init>(Ljava/lang/String;)V,UNKNOWN
UsedMethod,org.zeroturnaround.zip.ZipBreakException:<init>(Ljava/lang/Exception;)V,UNKNOWN
UsedMethod,org.zeroturnaround.zip.ZipBreakException:<init>()V,UNKNOWN
UsedMethod,org.zeroturnaround.zip.commons.FileUtils:<init>()V,UNKNOWN
UsedMethod,org.zeroturnaround.zip.commons.FileUtils:copy(Ljava/io/File;Ljava/io/OutputStream;)V,UNKNOWN
UsedMethod,org.zeroturnaround.zip.commons.FileUtils:copy(Ljava/io/InputStream;Ljava/io/File;)V,UNKNOWN
UsedMethod,org.zeroturnaround.zip.commons.FileUtils:getTempFileFor(Ljava/io/File;)Ljava/io/File;,UNKNOWN
UsedMethod,org.zeroturnaround.zip.timestamps.Java8TimestampStrategy:<init>()V,UNKNOWN
UsedMethod,org.zeroturnaround.zip.timestamps.Java8TimestampStrategy:setTime(Ljava/util/zip/ZipEntry;Ljava/util/zip/ZipEntry;)V,UNKNOWN
UsedMethod,org.zeroturnaround.zip.ZipUtil$Unwrapper:<init>(Ljava/io/File;Lorg/zeroturnaround/zip/NameMapper;)V,UNKNOWN
UsedMethod,org.zeroturnaround.zip.ZipUtil$Unwrapper:process(Ljava/io/InputStream;Ljava/util/zip/ZipEntry;)V,UNKNOWN
UsedMethod,org.zeroturnaround.zip.ZipUtil$Unwrapper:getUnrootedName(Ljava/lang/String;Ljava/lang/String;)Ljava/lang/String;,UNKNOWN
UsedMethod,org.zeroturnaround.zip.ZipUtil$Unwrapper:getRootName(Ljava/lang/String;)Ljava/lang/String;,UNKNOWN
UsedMethod,org.zeroturnaround.zip.ZipUtil$Unpacker:<init>(Ljava/io/File;Lorg/zeroturnaround/zip/NameMapper;)V,UNKNOWN
UsedMethod,org.zeroturnaround.zip.ZipUtil$Unpacker:process(Ljava/io/InputStream;Ljava/util/zip/ZipEntry;)V,UNKNOWN
UsedMethod,org.zeroturnaround.zip.transform.ZipEntryTransformerEntry:<init>(Ljava/lang/String;Lorg/zeroturnaround/zip/transform/ZipEntryTransformer;)V,UNKNOWN
UsedMethod,org.zeroturnaround.zip.transform.ZipEntryTransformerEntry:getPath()Ljava/lang/String;,UNKNOWN
UsedMethod,org.zeroturnaround.zip.transform.ZipEntryTransformerEntry:getTransformer()Lorg/zeroturnaround/zip/transform/ZipEntryTransformer;,UNKNOWN
UsedMethod,org.zeroturnaround.zip.transform.ZipEntryTransformerEntry:toString()Ljava/lang/String;,UNKNOWN
UsedMethod,org.slf4j.helpers.MarkerIgnoringBase:<init>()V,UNKNOWN
UsedMethod,org.slf4j.helpers.MarkerIgnoringBase:isTraceEnabled(Lorg/slf4j/Marker;)Z,UNKNOWN
BloatedMethod,org.slf4j.helpers.MarkerIgnoringBase:trace(Lorg/slf4j/Marker;Ljava/lang/String;)V,UNKNOWN
BloatedMethod,org.slf4j.helpers.MarkerIgnoringBase:trace(Lorg/slf4j/Marker;Ljava/lang/String;Ljava/lang/Object;)V,UNKNOWN
BloatedMethod,org.slf4j.helpers.MarkerIgnoringBase:trace(Lorg/slf4j/Marker;Ljava/lang/String;Ljava/lang/Object;Ljava/lang/Object;)V,UNKNOWN
BloatedMethod,org.slf4j.helpers.MarkerIgnoringBase:trace(Lorg/slf4j/Marker;Ljava/lang/String;[Ljava/lang/Object;)V,UNKNOWN
BloatedMethod,org.slf4j.helpers.MarkerIgnoringBase:trace(Lorg/slf4j/Marker;Ljava/lang/String;Ljava/lang/Throwable;)V,UNKNOWN
UsedMethod,org.slf4j.helpers.MarkerIgnoringBase:isDebugEnabled(Lorg/slf4j/Marker;)Z,UNKNOWN
BloatedMethod,org.slf4j.helpers.MarkerIgnoringBase:debug(Lorg/slf4j/Marker;Ljava/lang/String;)V,UNKNOWN
BloatedMethod,org.slf4j.helpers.MarkerIgnoringBase:debug(Lorg/slf4j/Marker;Ljava/lang/String;Ljava/lang/Object;)V,UNKNOWN
BloatedMethod,org.slf4j.helpers.MarkerIgnoringBase:debug(Lorg/slf4j/Marker;Ljava/lang/String;Ljava/lang/Object;Ljava/lang/Object;)V,UNKNOWN
BloatedMethod,org.slf4j.helpers.MarkerIgnoringBase:debug(Lorg/slf4j/Marker;Ljava/lang/String;[Ljava/lang/Object;)V,UNKNOWN
BloatedMethod,org.slf4j.helpers.MarkerIgnoringBase:debug(Lorg/slf4j/Marker;Ljava/lang/String;Ljava/lang/Throwable;)V,UNKNOWN
UsedMethod,org.slf4j.helpers.MarkerIgnoringBase:isInfoEnabled(Lorg/slf4j/Marker;)Z,UNKNOWN
BloatedMethod,org.slf4j.helpers.MarkerIgnoringBase:info(Lorg/slf4j/Marker;Ljava/lang/String;)V,UNKNOWN
BloatedMethod,org.slf4j.helpers.MarkerIgnoringBase:info(Lorg/slf4j/Marker;Ljava/lang/String;Ljava/lang/Object;)V,UNKNOWN
BloatedMethod,org.slf4j.helpers.MarkerIgnoringBase:info(Lorg/slf4j/Marker;Ljava/lang/String;Ljava/lang/Object;Ljava/lang/Object;)V,UNKNOWN
BloatedMethod,org.slf4j.helpers.MarkerIgnoringBase:info(Lorg/slf4j/Marker;Ljava/lang/String;[Ljava/lang/Object;)V,UNKNOWN
BloatedMethod,org.slf4j.helpers.MarkerIgnoringBase:info(Lorg/slf4j/Marker;Ljava/lang/String;Ljava/lang/Throwable;)V,UNKNOWN
UsedMethod,org.slf4j.helpers.MarkerIgnoringBase:isWarnEnabled(Lorg/slf4j/Marker;)Z,UNKNOWN
BloatedMethod,org.slf4j.helpers.MarkerIgnoringBase:warn(Lorg/slf4j/Marker;Ljava/lang/String;)V,UNKNOWN
BloatedMethod,org.slf4j.helpers.MarkerIgnoringBase:warn(Lorg/slf4j/Marker;Ljava/lang/String;Ljava/lang/Object;)V,UNKNOWN
BloatedMethod,org.slf4j.helpers.MarkerIgnoringBase:warn(Lorg/slf4j/Marker;Ljava/lang/String;Ljava/lang/Object;Ljava/lang/Object;)V,UNKNOWN
BloatedMethod,org.slf4j.helpers.MarkerIgnoringBase:warn(Lorg/slf4j/Marker;Ljava/lang/String;[Ljava/lang/Object;)V,UNKNOWN
BloatedMethod,org.slf4j.helpers.MarkerIgnoringBase:warn(Lorg/slf4j/Marker;Ljava/lang/String;Ljava/lang/Throwable;)V,UNKNOWN
UsedMethod,org.slf4j.helpers.MarkerIgnoringBase:isErrorEnabled(Lorg/slf4j/Marker;)Z,UNKNOWN
BloatedMethod,org.slf4j.helpers.MarkerIgnoringBase:error(Lorg/slf4j/Marker;Ljava/lang/String;)V,UNKNOWN
BloatedMethod,org.slf4j.helpers.MarkerIgnoringBase:error(Lorg/slf4j/Marker;Ljava/lang/String;Ljava/lang/Object;)V,UNKNOWN
BloatedMethod,org.slf4j.helpers.MarkerIgnoringBase:error(Lorg/slf4j/Marker;Ljava/lang/String;Ljava/lang/Object;Ljava/lang/Object;)V,UNKNOWN
BloatedMethod,org.slf4j.helpers.MarkerIgnoringBase:error(Lorg/slf4j/Marker;Ljava/lang/String;[Ljava/lang/Object;)V,UNKNOWN
BloatedMethod,org.slf4j.helpers.MarkerIgnoringBase:error(Lorg/slf4j/Marker;Ljava/lang/String;Ljava/lang/Throwable;)V,UNKNOWN
UsedMethod,org.slf4j.helpers.MarkerIgnoringBase:toString()Ljava/lang/String;,UNKNOWN
UsedMethod,org.zeroturnaround.zip.CloseShieldInputStream:<init>(Ljava/io/InputStream;)V,UNKNOWN
UsedMethod,org.zeroturnaround.zip.CloseShieldInputStream:close()V,UNKNOWN
UsedMethod,org.zeroturnaround.zip.ZipUtil$InPlaceAction:<init>()V,UNKNOWN
UsedMethod,org.zeroturnaround.zip.ZipUtil$InPlaceAction:act(Ljava/io/File;)Z,UNKNOWN
UsedMethod,org.zeroturnaround.zip.ZipUtil$InPlaceAction:<init>(Lorg/zeroturnaround/zip/ZipUtil$1;)V,UNKNOWN
UsedMethod,org.zeroturnaround.zip.ZTFilePermissions:<init>()V,UNKNOWN
UsedMethod,org.zeroturnaround.zip.ZTFilePermissions:isDirectory()Z,UNKNOWN
UsedMethod,org.zeroturnaround.zip.ZTFilePermissions:setDirectory(Z)V,UNKNOWN
UsedMethod,org.zeroturnaround.zip.ZTFilePermissions:isOwnerCanRead()Z,UNKNOWN
UsedMethod,org.zeroturnaround.zip.ZTFilePermissions:setOwnerCanRead(Z)V,UNKNOWN
UsedMethod,org.zeroturnaround.zip.ZTFilePermissions:isOwnerCanWrite()Z,UNKNOWN
UsedMethod,org.zeroturnaround.zip.ZTFilePermissions:setOwnerCanWrite(Z)V,UNKNOWN
UsedMethod,org.zeroturnaround.zip.ZTFilePermissions:isOwnerCanExecute()Z,UNKNOWN
UsedMethod,org.zeroturnaround.zip.ZTFilePermissions:setOwnerCanExecute(Z)V,UNKNOWN
UsedMethod,org.zeroturnaround.zip.ZTFilePermissions:isGroupCanRead()Z,UNKNOWN
UsedMethod,org.zeroturnaround.zip.ZTFilePermissions:setGroupCanRead(Z)V,UNKNOWN
UsedMethod,org.zeroturnaround.zip.ZTFilePermissions:isGroupCanWrite()Z,UNKNOWN
UsedMethod,org.zeroturnaround.zip.ZTFilePermissions:setGroupCanWrite(Z)V,UNKNOWN
UsedMethod,org.zeroturnaround.zip.ZTFilePermissions:isGroupCanExecute()Z,UNKNOWN
UsedMethod,org.zeroturnaround.zip.ZTFilePermissions:setGroupCanExecute(Z)V,UNKNOWN
UsedMethod,org.zeroturnaround.zip.ZTFilePermissions:isOthersCanRead()Z,UNKNOWN
UsedMethod,org.zeroturnaround.zip.ZTFilePermissions:setOthersCanRead(Z)V,UNKNOWN
UsedMethod,org.zeroturnaround.zip.ZTFilePermissions:isOthersCanWrite()Z,UNKNOWN
UsedMethod,org.zeroturnaround.zip.ZTFilePermissions:setOthersCanWrite(Z)V,UNKNOWN
UsedMethod,org.zeroturnaround.zip.ZTFilePermissions:isOthersCanExecute()Z,UNKNOWN
UsedMethod,org.zeroturnaround.zip.ZTFilePermissions:setOthersCanExecute(Z)V,UNKNOWN
UsedMethod,org.zeroturnaround.zip.transform.FileZipEntryTransformer:<init>()V,UNKNOWN
UsedMethod,org.zeroturnaround.zip.transform.FileZipEntryTransformer:transform(Ljava/util/zip/ZipEntry;Ljava/io/File;Ljava/io/File;)V,UNKNOWN
UsedMethod,org.zeroturnaround.zip.transform.FileZipEntryTransformer:transform(Ljava/io/InputStream;Ljava/util/zip/ZipEntry;Ljava/util/zip/ZipOutputStream;)V,UNKNOWN
UsedMethod,org.zeroturnaround.zip.transform.FileZipEntryTransformer:copy(Ljava/io/InputStream;Ljava/io/File;)V,UNKNOWN
UsedMethod,org.zeroturnaround.zip.ZipEntryUtil:<init>()V,UNKNOWN
UsedMethod,org.zeroturnaround.zip.ZipEntryUtil:copy(Ljava/util/zip/ZipEntry;)Ljava/util/zip/ZipEntry;,UNKNOWN
UsedMethod,org.zeroturnaround.zip.ZipEntryUtil:copy(Ljava/util/zip/ZipEntry;Ljava/lang/String;)Ljava/util/zip/ZipEntry;,UNKNOWN
UsedMethod,org.zeroturnaround.zip.ZipEntryUtil:copyEntry(Ljava/util/zip/ZipEntry;Ljava/io/InputStream;Ljava/util/zip/ZipOutputStream;)V,UNKNOWN
UsedMethod,org.zeroturnaround.zip.ZipEntryUtil:copyEntry(Ljava/util/zip/ZipEntry;Ljava/io/InputStream;Ljava/util/zip/ZipOutputStream;Z)V,UNKNOWN
UsedMethod,org.zeroturnaround.zip.ZipEntryUtil:addEntry(Ljava/util/zip/ZipEntry;Ljava/io/InputStream;Ljava/util/zip/ZipOutputStream;)V,UNKNOWN
UsedMethod,org.zeroturnaround.zip.ZipEntryUtil:fromFile(Ljava/lang/String;Ljava/io/File;)Ljava/util/zip/ZipEntry;,UNKNOWN
UsedMethod,org.zeroturnaround.zip.ZipEntryUtil:setZTFilePermissions(Ljava/util/zip/ZipEntry;Lorg/zeroturnaround/zip/ZTFilePermissions;)Z,UNKNOWN
UsedMethod,org.zeroturnaround.zip.ZipEntryUtil:getZTFilePermissions(Ljava/util/zip/ZipEntry;)Lorg/zeroturnaround/zip/ZTFilePermissions;,UNKNOWN
UsedMethod,org.zeroturnaround.zip.ZipEntryUtil:getFirstAsiExtraField(Ljava/util/List;)Lorg/zeroturnaround/zip/extra/AsiExtraField;,UNKNOWN
UsedMethod,org.zeroturnaround.zip.Zips$UnpackingCallback:<init>(Ljava/util/List;Ljava/io/File;)V,UNKNOWN
UsedMethod,org.zeroturnaround.zip.Zips$UnpackingCallback:process(Ljava/io/InputStream;Ljava/util/zip/ZipEntry;)V,UNKNOWN
UsedMethod,org.zeroturnaround.zip.Zips$UnpackingCallback:transformIntoFile(Lorg/zeroturnaround/zip/transform/ZipEntryTransformer;Ljava/io/InputStream;Ljava/util/zip/ZipEntry;Ljava/io/File;)V,UNKNOWN
UsedMethod,org.zeroturnaround.zip.Zips$UnpackingCallback:<init>(Ljava/util/List;Ljava/io/File;Lorg/zeroturnaround/zip/Zips$1;)V,UNKNOWN
UsedMethod,org.zeroturnaround.zip.ZipUtil$BackslashUnpacker:<init>(Ljava/io/File;Lorg/zeroturnaround/zip/NameMapper;)V,UNKNOWN
UsedMethod,org.zeroturnaround.zip.ZipUtil$BackslashUnpacker:<init>(Ljava/io/File;)V,UNKNOWN
UsedMethod,org.zeroturnaround.zip.ZipUtil$BackslashUnpacker:process(Ljava/io/InputStream;Ljava/util/zip/ZipEntry;)V,UNKNOWN
