slf4j-api-1.6.6,BloatedClass,org.slf4j.helpers.BasicMDCAdapter
slf4j-api-1.6.6,UsedClass,org.slf4j.Logger
slf4j-api-1.6.6,UsedClass,org.slf4j.spi.LoggerFactoryBinder
slf4j-api-1.6.6,UsedClass,org.slf4j.LoggerFactory
slf4j-api-1.6.6,BloatedClass,org.slf4j.MarkerFactory
slf4j-api-1.6.6,UsedClass,org.slf4j.helpers.FormattingTuple
slf4j-api-1.6.6,BloatedClass,org.slf4j.spi.MarkerFactoryBinder
slf4j-api-1.6.6,BloatedClass,org.slf4j.spi.MDCAdapter
slf4j-api-1.6.6,UsedClass,org.slf4j.spi.LocationAwareLogger
slf4j-api-1.6.6,UsedClass,org.slf4j.helpers.SubstituteLoggerFactory
slf4j-api-1.6.6,BloatedClass,org.slf4j.helpers.NOPMDCAdapter
slf4j-api-1.6.6,BloatedClass,org.slf4j.helpers.Util
slf4j-api-1.6.6,BloatedClass,org.slf4j.helpers.BasicMarkerFactory
slf4j-api-1.6.6,BloatedClass,org.slf4j.helpers.NOPLogger
slf4j-api-1.6.6,BloatedClass,org.slf4j.Marker
slf4j-api-1.6.6,BloatedClass,org.slf4j.MDC
slf4j-api-1.6.6,UsedClass,org.slf4j.helpers.MarkerIgnoringBase
slf4j-api-1.6.6,BloatedClass,org.slf4j.helpers.BasicMarker
slf4j-api-1.6.6,UsedClass,org.slf4j.helpers.NOPLoggerFactory
slf4j-api-1.6.6,BloatedClass,org.slf4j.IMarkerFactory
slf4j-api-1.6.6,UsedClass,org.slf4j.helpers.NamedLoggerBase
slf4j-api-1.6.6,UsedClass,org.slf4j.ILoggerFactory
slf4j-api-1.6.6,UsedClass,org.slf4j.helpers.MessageFormatter
jcov-file-saver-1.0,BloatedClass,com.sun.tdk.jcov.tools.JcovVersion
jcov-file-saver-1.0,BloatedClass,com.sun.tdk.jcov.runtime.TemplateFileSaver
jcov-file-saver-1.0,BloatedClass,com.sun.tdk.jcov.runtime.CollectDetect$ThreadInfo
jcov-file-saver-1.0,BloatedClass,com.sun.tdk.jcov.runtime.Collect
jcov-file-saver-1.0,BloatedClass,com.sun.tdk.jcov.constants.MiscConstants
jcov-file-saver-1.0,BloatedClass,com.sun.tdk.jcov.runtime.SaverDecorator
jcov-file-saver-1.0,BloatedClass,com.sun.tdk.jcov.runtime.CollectDetect
jcov-file-saver-1.0,BloatedClass,com.sun.tdk.jcov.runtime.JCovSaver
jcov-file-saver-1.0,BloatedClass,com.sun.tdk.jcov.runtime.PropertyFinder$1
jcov-file-saver-1.0,BloatedClass,com.sun.tdk.jcov.runtime.PropertyFinder
jcov-file-saver-1.0,BloatedClass,com.sun.tdk.jcov.util.MapHelper
jcov-file-saver-1.0,BloatedClass,com.sun.tdk.jcov.util.RuntimeUtils
slf4j-api-1.6.6,BloatedClass,org.slf4j.helpers.BasicMDCAdapter
slf4j-api-1.6.6,UsedClass,org.slf4j.Logger
slf4j-api-1.6.6,UsedClass,org.slf4j.spi.LoggerFactoryBinder
slf4j-api-1.6.6,UsedClass,org.slf4j.LoggerFactory
slf4j-api-1.6.6,BloatedClass,org.slf4j.MarkerFactory
slf4j-api-1.6.6,UsedClass,org.slf4j.helpers.FormattingTuple
slf4j-api-1.6.6,BloatedClass,org.slf4j.spi.MarkerFactoryBinder
slf4j-api-1.6.6,BloatedClass,org.slf4j.spi.MDCAdapter
slf4j-api-1.6.6,UsedClass,org.slf4j.spi.LocationAwareLogger
slf4j-api-1.6.6,UsedClass,org.slf4j.helpers.SubstituteLoggerFactory
slf4j-api-1.6.6,BloatedClass,org.slf4j.helpers.NOPMDCAdapter
slf4j-api-1.6.6,BloatedClass,org.slf4j.helpers.Util
slf4j-api-1.6.6,BloatedClass,org.slf4j.helpers.BasicMarkerFactory
slf4j-api-1.6.6,BloatedClass,org.slf4j.helpers.NOPLogger
slf4j-api-1.6.6,BloatedClass,org.slf4j.Marker
slf4j-api-1.6.6,BloatedClass,org.slf4j.MDC
slf4j-api-1.6.6,UsedClass,org.slf4j.helpers.MarkerIgnoringBase
slf4j-api-1.6.6,BloatedClass,org.slf4j.helpers.BasicMarker
slf4j-api-1.6.6,UsedClass,org.slf4j.helpers.NOPLoggerFactory
slf4j-api-1.6.6,BloatedClass,org.slf4j.IMarkerFactory
slf4j-api-1.6.6,UsedClass,org.slf4j.helpers.NamedLoggerBase
slf4j-api-1.6.6,UsedClass,org.slf4j.ILoggerFactory
slf4j-api-1.6.6,UsedClass,org.slf4j.helpers.MessageFormatter
slf4j-api-1.6.6,BloatedClass,org.slf4j.helpers.BasicMDCAdapter
slf4j-api-1.6.6,UsedClass,org.slf4j.Logger
slf4j-api-1.6.6,UsedClass,org.slf4j.spi.LoggerFactoryBinder
slf4j-api-1.6.6,UsedClass,org.slf4j.LoggerFactory
slf4j-api-1.6.6,BloatedClass,org.slf4j.MarkerFactory
slf4j-api-1.6.6,UsedClass,org.slf4j.helpers.FormattingTuple
slf4j-api-1.6.6,BloatedClass,org.slf4j.spi.MarkerFactoryBinder
slf4j-api-1.6.6,BloatedClass,org.slf4j.spi.MDCAdapter
slf4j-api-1.6.6,UsedClass,org.slf4j.spi.LocationAwareLogger
slf4j-api-1.6.6,UsedClass,org.slf4j.helpers.SubstituteLoggerFactory
slf4j-api-1.6.6,BloatedClass,org.slf4j.helpers.NOPMDCAdapter
slf4j-api-1.6.6,BloatedClass,org.slf4j.helpers.Util
slf4j-api-1.6.6,BloatedClass,org.slf4j.helpers.BasicMarkerFactory
slf4j-api-1.6.6,BloatedClass,org.slf4j.helpers.NOPLogger
slf4j-api-1.6.6,BloatedClass,org.slf4j.Marker
slf4j-api-1.6.6,BloatedClass,org.slf4j.MDC
slf4j-api-1.6.6,UsedClass,org.slf4j.helpers.MarkerIgnoringBase
slf4j-api-1.6.6,BloatedClass,org.slf4j.helpers.BasicMarker
slf4j-api-1.6.6,UsedClass,org.slf4j.helpers.NOPLoggerFactory
slf4j-api-1.6.6,BloatedClass,org.slf4j.IMarkerFactory
slf4j-api-1.6.6,UsedClass,org.slf4j.helpers.NamedLoggerBase
slf4j-api-1.6.6,UsedClass,org.slf4j.ILoggerFactory
slf4j-api-1.6.6,UsedClass,org.slf4j.helpers.MessageFormatter
