{
"org.zeroturnaround.zip.commons.FileUtilsV2_2": ["<clinit>()V","copyFile(Ljava/io/File;Ljava/io/File;)V","copyFile(Ljava/io/File;Ljava/io/File;Z)V","doCopyFile(Ljava/io/File;Ljava/io/File;Z)V","deleteQuietly(Ljava/io/File;)Z","copyFileToDirectory(Ljava/io/File;Ljava/io/File;)V","copyFileToDirectory(Ljava/io/File;Ljava/io/File;Z)V","cleanDirectory(Ljava/io/File;)V","forceDelete(Ljava/io/File;)V","deleteDirectory(Ljava/io/File;)V","isSymlink(Ljava/io/File;)Z"],
"org.zeroturnaround.zip.commons.IOUtils": ["<clinit>()V","closeQuietly(Ljava/io/Closeable;)V","closeQuietly(Ljava/io/OutputStream;)V","closeQuietly(Ljava/io/InputStream;)V","copy(Ljava/io/InputStream;Ljava/io/OutputStream;)I","copyLarge(Ljava/io/InputStream;Ljava/io/OutputStream;)J","copyLarge(Ljava/io/InputStream;Ljava/io/OutputStream;[B)J"],
"org.zeroturnaround.zip.commons.StringBuilderWriter": ["StringBuilderWriter(I)V","write(Ljava/lang/String;)V","toString()Ljava/lang/String;","close()V"],
"org.zeroturnaround.zip.ZipUtil": ["<clinit>()V"],
"org.zeroturnaround.zip.transform.ByteArrayZipEntryTransformer": ["ByteArrayZipEntryTransformer()V"],
"org.zeroturnaround.zip.transform.StreamZipEntryTransformer": ["StreamZipEntryTransformer()V"],
"org.zeroturnaround.zip.transform.FileZipEntryTransformer": ["FileZipEntryTransformer()V"],
"org.zeroturnaround.zip.transform.StringZipEntryTransformer": ["StringZipEntryTransformer(Ljava/lang/String;)V"],
"org.zeroturnaround.zip.commons.FileUtils": ["copy(Ljava/io/File;Ljava/io/OutputStream;)V","getTempFileFor(Ljava/io/File;)Ljava/io/File;"],
"org.zeroturnaround.zip.timestamps.TimestampStrategyFactory": ["<clinit>()V","hasZipEntryFileTimeMethods()Z","getStrategy()Lorg/zeroturnaround/zip/timestamps/TimestampStrategy;"],
"org.zeroturnaround.zip.timestamps.Java8TimestampStrategy": ["Java8TimestampStrategy()V"],
"org.zeroturnaround.zip.Zips": ["get(Ljava/io/File;)Lorg/zeroturnaround/zip/Zips;","Zips(Ljava/io/File;)V","addEntries([Lorg/zeroturnaround/zip/ZipEntrySource;)Lorg/zeroturnaround/zip/Zips;","destination(Ljava/io/File;)Lorg/zeroturnaround/zip/Zips;","process()V","getDestinationFile()Ljava/io/File;","isUnpack()Z","isInPlace()Z","setPreserveTimestamps(Z)Lorg/zeroturnaround/zip/Zips;","preserveTimestamps()Lorg/zeroturnaround/zip/Zips;","unpack()Lorg/zeroturnaround/zip/Zips;","addEntry(Lorg/zeroturnaround/zip/ZipEntrySource;)Lorg/zeroturnaround/zip/Zips;","addTransformer(Ljava/lang/String;Lorg/zeroturnaround/zip/transform/ZipEntryTransformer;)Lorg/zeroturnaround/zip/Zips;","removeEntries([Ljava/lang/String;)Lorg/zeroturnaround/zip/Zips;","removeEntry(Ljava/lang/String;)Lorg/zeroturnaround/zip/Zips;","create()Lorg/zeroturnaround/zip/Zips;","addFile(Ljava/io/File;Z)Lorg/zeroturnaround/zip/Zips;","addFile(Ljava/io/File;ZLjava/io/FileFilter;)Lorg/zeroturnaround/zip/Zips;","getRelativePath(Ljava/io/File;Ljava/io/File;)Ljava/lang/String;","iterate(Lorg/zeroturnaround/zip/ZipEntryCallback;)V","processAllEntries(Lorg/zeroturnaround/zip/ZipEntryOrInfoAdapter;)V","iterateChangedAndAdded(Lorg/zeroturnaround/zip/ZipEntryOrInfoAdapter;)V","iterateExistingExceptRemoved(Lorg/zeroturnaround/zip/ZipEntryOrInfoAdapter;)V","addFile(Ljava/io/File;)Lorg/zeroturnaround/zip/Zips;","nameMapper(Lorg/zeroturnaround/zip/NameMapper;)Lorg/zeroturnaround/zip/Zips;","addFile(Ljava/io/File;Ljava/io/FileFilter;)Lorg/zeroturnaround/zip/Zips;"],
"org.zeroturnaround.zip.ZipFileUtil": ["createZipOutputStream(Ljava/io/BufferedOutputStream;Ljava/nio/charset/Charset;)Ljava/util/zip/ZipOutputStream;","isCharsetSupported()Z","getZipFile(Ljava/io/File;Ljava/nio/charset/Charset;)Ljava/util/zip/ZipFile;"],
"org.zeroturnaround.zip.Zips$CopyingCallback": ["Zips$CopyingCallback(Ljava/util/List;Ljava/util/zip/ZipOutputStream;ZLorg/zeroturnaround/zip/Zips$1;)V","Zips$CopyingCallback(Ljava/util/List;Ljava/util/zip/ZipOutputStream;Z)V"],
"org.zeroturnaround.zip.ZTFilePermissionsUtil": ["<clinit>()V","fetchDefaultStrategy()Lorg/zeroturnaround/zip/ZTFilePermissionsStrategy;","tryInstantiateStrategy(Ljava/lang/Class;)Lorg/zeroturnaround/zip/ZTFilePermissionsStrategy;","fromPosixFileMode(I)Lorg/zeroturnaround/zip/ZTFilePermissions;","toPosixFileMode(Lorg/zeroturnaround/zip/ZTFilePermissions;)I","addFlag(ZI)I","getDefaultStategy()Lorg/zeroturnaround/zip/ZTFilePermissionsStrategy;"],
"org.zeroturnaround.zip.ZTFilePermissionsUtil$1": ["ZTFilePermissionsUtil$1()V"],
"org.zeroturnaround.zip.Java7Nio2ApiPermissionsStrategy": ["Java7Nio2ApiPermissionsStrategy()V","isPosix()Z","getPermissions(Ljava/io/File;)Lorg/zeroturnaround/zip/ZTFilePermissions;","getPosixFilePermissions(Ljava/io/File;)Ljava/util/Set;","toPath(Ljava/io/File;)Ljava/lang/Object;"],
"org.zeroturnaround.zip.ZTZipReflectionUtil": ["getClassForName(Ljava/lang/String;Ljava/lang/Class;)Ljava/lang/Class;","getDeclaredMethod(Ljava/lang/Class;Ljava/lang/String;[Ljava/lang/Class;)Ljava/lang/reflect/Method;","invoke(Ljava/lang/reflect/Method;Ljava/lang/Object;[Ljava/lang/Object;)Ljava/lang/Object;"],
"org.zeroturnaround.zip.ZTFilePermissions": ["ZTFilePermissions()V","setOwnerCanExecute(Z)V","setGroupCanExecute(Z)V","setOthersCanExecute(Z)V","setOwnerCanWrite(Z)V","setGroupCanWrite(Z)V","setOthersCanWrite(Z)V","setOwnerCanRead(Z)V","setGroupCanRead(Z)V","setOthersCanRead(Z)V","isOwnerCanExecute()Z","isGroupCanExecute()Z","isOthersCanExecute()Z","isOwnerCanWrite()Z","isGroupCanWrite()Z","isOthersCanWrite()Z","isOwnerCanRead()Z","isGroupCanRead()Z","isOthersCanRead()Z","setDirectory(Z)V"],
"org.zeroturnaround.zip.ZipEntryUtil": ["setZTFilePermissions(Ljava/util/zip/ZipEntry;Lorg/zeroturnaround/zip/ZTFilePermissions;)Z","getFirstAsiExtraField(Ljava/util/List;)Lorg/zeroturnaround/zip/extra/AsiExtraField;","getZTFilePermissions(Ljava/util/zip/ZipEntry;)Lorg/zeroturnaround/zip/ZTFilePermissions;","fromFile(Ljava/lang/String;Ljava/io/File;)Ljava/util/zip/ZipEntry;"],
"org.zeroturnaround.zip.extra.ExtraFieldUtils": ["<clinit>()V","register(Ljava/lang/Class;)V","parse([B)Ljava/util/List;","mergeLocalFileDataData(Ljava/util/List;)[B","createExtraField(Lorg/zeroturnaround/zip/extra/ZipShort;)Lorg/zeroturnaround/zip/extra/ZipExtraField;"],
"org.zeroturnaround.zip.extra.AsiExtraField": ["<clinit>()V","AsiExtraField()V","getHeaderId()Lorg/zeroturnaround/zip/extra/ZipShort;","setDirectory(Z)V","getMode(I)I","isLink()Z","getLinkedFile()Ljava/lang/String;","isDirectory()Z","setMode(I)V","getLocalFileDataLength()Lorg/zeroturnaround/zip/extra/ZipShort;","getLocalFileDataData()[B","getMode()I","getUserId()I","getGroupId()I","parseFromLocalFileData([BII)V"],
"org.zeroturnaround.zip.extra.ZipShort": ["ZipShort(I)V","hashCode()I","getValue()I","getBytes()[B","getBytes(I)[B","ZipShort([BI)V","getValue([BI)I","equals(Ljava/lang/Object;)Z"],
"org.zeroturnaround.zip.extra.ZipLong": ["<clinit>()V","ZipLong(J)V","getBytes(J)[B","getValue([BI)J"],
"org.zeroturnaround.zip.Zips$UnpackingCallback": ["Zips$UnpackingCallback(Ljava/util/List;Ljava/io/File;Lorg/zeroturnaround/zip/Zips$1;)V","Zips$UnpackingCallback(Ljava/util/List;Ljava/io/File;)V"],
"org.zeroturnaround.zip.FileSource": ["FileSource(Ljava/lang/String;Ljava/io/File;)V","pair([Ljava/io/File;[Ljava/lang/String;)[Lorg/zeroturnaround/zip/FileSource;","getEntry()Ljava/util/zip/ZipEntry;"],
"org.zeroturnaround.zip.transform.ZipEntryTransformerEntry": ["ZipEntryTransformerEntry(Ljava/lang/String;Lorg/zeroturnaround/zip/transform/ZipEntryTransformer;)V"],
"org.zeroturnaround.zip.ZTFileUtil": ["listFiles(Ljava/io/File;)Ljava/util/Collection;","listFiles(Ljava/io/File;Ljava/io/FileFilter;)Ljava/util/Collection;","innerListFiles(Ljava/io/File;Ljava/util/Collection;Ljava/io/FileFilter;)V"],
"org.zeroturnaround.zip.ZTFileUtil$1": ["ZTFileUtil$1()V","accept(Ljava/io/File;)Z"],
"org.zeroturnaround.zip.ZipEntryOrInfoAdapter": ["ZipEntryOrInfoAdapter(Lorg/zeroturnaround/zip/ZipEntryCallback;Lorg/zeroturnaround/zip/ZipInfoCallback;)V"],
"org.zeroturnaround.zip.commons.FilenameUtils": ["<clinit>()V","isSystemWindows()Z"],
"org.zeroturnaround.zip.ZipUtil$BackslashUnpacker": ["ZipUtil$BackslashUnpacker(Ljava/io/File;)V","ZipUtil$BackslashUnpacker(Ljava/io/File;Lorg/zeroturnaround/zip/NameMapper;)V"],
"org.zeroturnaround.zip.IdentityNameMapper": ["<clinit>()V","IdentityNameMapper()V"],
"org.zeroturnaround.zip.ByteSource": ["ByteSource(Ljava/lang/String;[B)V","ByteSource(Ljava/lang/String;[BJ)V","ByteSource(Ljava/lang/String;[BJI)V"]
}