JCov,com.bradrydzewski.gwt.calendar.client.monthview.AppointmentWidgetParts,values()[Lcom/bradrydzewski/gwt/calendar/client/monthview/AppointmentWidgetParts;
JCov,com.bradrydzewski.gwt.calendar.client.monthview.AppointmentWidgetParts,<clinit>()V
JCov,com.bradrydzewski.gwt.calendar.client.monthview.AppointmentWidgetParts,<init>(Ljava/lang/String;I)V
JCov,com.bradrydzewski.gwt.calendar.client.util.AppointmentUtil,rangeContains(Lcom/bradrydzewski/gwt/calendar/client/Appointment;Ljava/util/Date;Ljava/util/Date;)Z
JCov,com.bradrydzewski.gwt.calendar.client.monthview.DayLayoutDescription,addAppointment(Lcom/bradrydzewski/gwt/calendar/client/Appointment;)V
JCov,com.bradrydzewski.gwt.calendar.client.monthview.DayLayoutDescription,getAppointments()Ljava/util/ArrayList;
JCov,com.bradrydzewski.gwt.calendar.client.monthview.DayLayoutDescription,<init>(I)V
JCov,com.bradrydzewski.gwt.calendar.client.monthview.DayLayoutDescription,getTotalAppointmentCount()I
JCov,com.bradrydzewski.gwt.calendar.client.monthview.WeekLayoutDescription,<init>(Ljava/util/Date;Ljava/util/Date;)V
JCov,com.bradrydzewski.gwt.calendar.client.monthview.WeekLayoutDescription,addMultiWeekAppointment(Lcom/bradrydzewski/gwt/calendar/client/Appointment;Lcom/bradrydzewski/gwt/calendar/client/monthview/AppointmentWidgetParts;)V
JCov,com.bradrydzewski.gwt.calendar.client.monthview.WeekLayoutDescription,assertValidDayIndex(I)V
JCov,com.bradrydzewski.gwt.calendar.client.monthview.WeekLayoutDescription,addAppointment(Lcom/bradrydzewski/gwt/calendar/client/Appointment;)V
JCov,com.bradrydzewski.gwt.calendar.client.monthview.WeekLayoutDescription,areThereAppointmentsOnDay(I)Z
JCov,com.bradrydzewski.gwt.calendar.client.monthview.WeekLayoutDescription,initDay(I)Lcom/bradrydzewski/gwt/calendar/client/monthview/DayLayoutDescription;
JCov,com.bradrydzewski.gwt.calendar.client.monthview.WeekLayoutDescription,dayInWeek(Ljava/util/Date;)I
JCov,com.bradrydzewski.gwt.calendar.client.monthview.WeekLayoutDescription,getTopAppointmentsManager()Lcom/bradrydzewski/gwt/calendar/client/monthview/AppointmentStackingManager;
JCov,com.bradrydzewski.gwt.calendar.client.monthview.WeekLayoutDescription,<init>(Ljava/util/Date;Ljava/util/Date;I)V
JCov,com.bradrydzewski.gwt.calendar.client.monthview.WeekLayoutDescription,currentStackOrderInDay(I)I
JCov,com.bradrydzewski.gwt.calendar.client.monthview.WeekLayoutDescription,addMultiDayAppointment(Lcom/bradrydzewski/gwt/calendar/client/Appointment;)V
JCov,com.bradrydzewski.gwt.calendar.client.monthview.WeekLayoutDescription,getDayLayoutDescription(I)Lcom/bradrydzewski/gwt/calendar/client/monthview/DayLayoutDescription;
JCov,com.bradrydzewski.gwt.calendar.client.AppointmentStyle,<clinit>()V
JCov,com.bradrydzewski.gwt.calendar.client.AppointmentStyle,<init>(Ljava/lang/String;I)V
JCov,com.bradrydzewski.gwt.calendar.client.monthview.AppointmentStackingManager,initLayer(I)V
JCov,com.bradrydzewski.gwt.calendar.client.monthview.AppointmentStackingManager,getDescriptionsInLayer(I)Ljava/util/ArrayList;
JCov,com.bradrydzewski.gwt.calendar.client.monthview.AppointmentStackingManager,overlapsWithDescriptionInLayer(Ljava/util/ArrayList;II)Z
JCov,com.bradrydzewski.gwt.calendar.client.monthview.AppointmentStackingManager,isLayerAllocated(I)Z
JCov,com.bradrydzewski.gwt.calendar.client.monthview.AppointmentStackingManager,multidayAppointmentsOverLimitOn(I)I
JCov,com.bradrydzewski.gwt.calendar.client.monthview.AppointmentStackingManager,assignLayer(Lcom/bradrydzewski/gwt/calendar/client/monthview/AppointmentLayoutDescription;)V
JCov,com.bradrydzewski.gwt.calendar.client.monthview.AppointmentStackingManager,lowestLayerIndex(I)I
JCov,com.bradrydzewski.gwt.calendar.client.monthview.AppointmentStackingManager,assignLayer(ILcom/bradrydzewski/gwt/calendar/client/monthview/AppointmentLayoutDescription;)Z
JCov,com.bradrydzewski.gwt.calendar.client.monthview.AppointmentStackingManager,areThereAppointmentsOn(I)Z
JCov,com.bradrydzewski.gwt.calendar.client.monthview.AppointmentStackingManager,<init>()V
JCov,com.bradrydzewski.gwt.calendar.client.monthview.AppointmentStackingManager,setLayerOverflowLimit(I)V
JCov,com.bradrydzewski.gwt.calendar.client.monthview.AppointmentStackingManager,nextLowestLayerIndex(II)I
JCov,com.bradrydzewski.gwt.calendar.client.DateUtils,moveOneDayForward(Ljava/util/Date;)Ljava/util/Date;
JCov,com.bradrydzewski.gwt.calendar.client.DateUtils,resetTime(Ljava/util/Date;)V
JCov,com.bradrydzewski.gwt.calendar.client.DateUtils,areOnTheSameMonth(Ljava/util/Date;Ljava/util/Date;)Z
JCov,com.bradrydzewski.gwt.calendar.client.DateUtils,newDate(Ljava/util/Date;)Ljava/util/Date;
JCov,com.bradrydzewski.gwt.calendar.client.DateUtils,safeInMillis(Ljava/util/Date;)J
JCov,com.bradrydzewski.gwt.calendar.client.DateUtils,areOnTheSameDay(Ljava/util/Date;Ljava/util/Date;)Z
JCov,com.bradrydzewski.gwt.calendar.client.DateUtils,firstOfNextMonth(Ljava/util/Date;)Ljava/util/Date;
JCov,com.bradrydzewski.gwt.calendar.client.DateUtils,firstOfTheMonth(Ljava/util/Date;)Ljava/util/Date;
JCov,com.bradrydzewski.gwt.calendar.client.DateUtils,differenceInDays(Ljava/util/Date;Ljava/util/Date;)I
JCov,com.bradrydzewski.gwt.calendar.client.DateUtils,previousDay(Ljava/util/Date;)Ljava/util/Date;
JCov,com.bradrydzewski.gwt.calendar.client.Appointment,setTitle(Ljava/lang/String;)V
JCov,com.bradrydzewski.gwt.calendar.client.Appointment,setDescription(Ljava/lang/String;)V
JCov,com.bradrydzewski.gwt.calendar.client.Appointment,getDescription()Ljava/lang/String;
JCov,com.bradrydzewski.gwt.calendar.client.Appointment,getCustomStyle()Ljava/lang/String;
JCov,com.bradrydzewski.gwt.calendar.client.Appointment,setCreatedBy(Ljava/lang/String;)V
JCov,com.bradrydzewski.gwt.calendar.client.Appointment,setId(Ljava/lang/String;)V
JCov,com.bradrydzewski.gwt.calendar.client.Appointment,setAttendees(Ljava/util/List;)V
JCov,com.bradrydzewski.gwt.calendar.client.Appointment,getAttendees()Ljava/util/List;
JCov,com.bradrydzewski.gwt.calendar.client.Appointment,getStart()Ljava/util/Date;
JCov,com.bradrydzewski.gwt.calendar.client.Appointment,getEnd()Ljava/util/Date;
JCov,com.bradrydzewski.gwt.calendar.client.Appointment,getId()Ljava/lang/String;
JCov,com.bradrydzewski.gwt.calendar.client.Appointment,setEnd(Ljava/util/Date;)V
JCov,com.bradrydzewski.gwt.calendar.client.Appointment,getStyle()Lcom/bradrydzewski/gwt/calendar/client/AppointmentStyle;
JCov,com.bradrydzewski.gwt.calendar.client.Appointment,setCustomStyle(Ljava/lang/String;)V
JCov,com.bradrydzewski.gwt.calendar.client.Appointment,getLocation()Ljava/lang/String;
JCov,com.bradrydzewski.gwt.calendar.client.Appointment,setReadOnly(Z)V
JCov,com.bradrydzewski.gwt.calendar.client.Appointment,getCreatedBy()Ljava/lang/String;
JCov,com.bradrydzewski.gwt.calendar.client.Appointment,getTitle()Ljava/lang/String;
JCov,com.bradrydzewski.gwt.calendar.client.Appointment,setLocation(Ljava/lang/String;)V
JCov,com.bradrydzewski.gwt.calendar.client.Appointment,isAllDay()Z
JCov,com.bradrydzewski.gwt.calendar.client.Appointment,setStart(Ljava/util/Date;)V
JCov,com.bradrydzewski.gwt.calendar.client.Appointment,clone()Lcom/bradrydzewski/gwt/calendar/client/Appointment;
JCov,com.bradrydzewski.gwt.calendar.client.Appointment,setStyle(Lcom/bradrydzewski/gwt/calendar/client/AppointmentStyle;)V
JCov,com.bradrydzewski.gwt.calendar.client.Appointment,<init>()V
JCov,com.bradrydzewski.gwt.calendar.client.Appointment,setAllDay(Z)V
JCov,com.bradrydzewski.gwt.calendar.client.Appointment,isMultiDay()Z
JCov,com.bradrydzewski.gwt.calendar.client.monthview.MonthLayoutDescription,initWeek(II)V
JCov,com.bradrydzewski.gwt.calendar.client.monthview.MonthLayoutDescription,calculateWeekFor(Ljava/util/Date;Ljava/util/Date;)I
JCov,com.bradrydzewski.gwt.calendar.client.monthview.MonthLayoutDescription,isMultiWeekAppointment(II)Z
JCov,com.bradrydzewski.gwt.calendar.client.monthview.MonthLayoutDescription,overlapsWithMonth(Lcom/bradrydzewski/gwt/calendar/client/Appointment;Ljava/util/Date;Ljava/util/Date;)Z
JCov,com.bradrydzewski.gwt.calendar.client.monthview.MonthLayoutDescription,<init>(Ljava/util/Date;ILjava/util/ArrayList;I)V
JCov,com.bradrydzewski.gwt.calendar.client.monthview.MonthLayoutDescription,<init>(Ljava/util/Date;ILjava/util/ArrayList;)V
JCov,com.bradrydzewski.gwt.calendar.client.monthview.MonthLayoutDescription,positionMultidayAppointment(ILcom/bradrydzewski/gwt/calendar/client/Appointment;I)V
JCov,com.bradrydzewski.gwt.calendar.client.monthview.MonthLayoutDescription,calculateLastDate(Ljava/util/Date;I)Ljava/util/Date;
JCov,com.bradrydzewski.gwt.calendar.client.monthview.MonthLayoutDescription,placeAppointments(Ljava/util/ArrayList;I)V
JCov,com.bradrydzewski.gwt.calendar.client.monthview.MonthLayoutDescription,getWeekDescriptions()[Lcom/bradrydzewski/gwt/calendar/client/monthview/WeekLayoutDescription;
JCov,com.bradrydzewski.gwt.calendar.client.monthview.MonthLayoutDescription,distributeOverWeeks(IILcom/bradrydzewski/gwt/calendar/client/Appointment;I)V
JCov,com.bradrydzewski.gwt.calendar.client.monthview.MonthViewDateUtils,firstDateShownInAMonthView(Ljava/util/Date;I)Ljava/util/Date;
JCov,com.bradrydzewski.gwt.calendar.client.monthview.MonthViewDateUtils,daysInPeriod(Ljava/util/Date;Ljava/util/Date;)I
JCov,com.bradrydzewski.gwt.calendar.client.monthview.MonthViewDateUtils,monthViewRequiredRows(Ljava/util/Date;I)I
JCov,com.bradrydzewski.gwt.calendar.client.monthview.WeekLayoutDescription$1,<clinit>()V
JCov,com.bradrydzewski.gwt.calendar.client.monthview.MonthView$1,<init>()V
JCov,com.bradrydzewski.gwt.calendar.client.monthview.AppointmentLayoutDescription,spansMoreThanADay()Z
JCov,com.bradrydzewski.gwt.calendar.client.monthview.AppointmentLayoutDescription,overlapsWithRange(II)Z
JCov,com.bradrydzewski.gwt.calendar.client.monthview.AppointmentLayoutDescription,<init>(ILcom/bradrydzewski/gwt/calendar/client/Appointment;)V
JCov,com.bradrydzewski.gwt.calendar.client.monthview.AppointmentLayoutDescription,<init>(IILcom/bradrydzewski/gwt/calendar/client/Appointment;)V
JCov,com.bradrydzewski.gwt.calendar.client.monthview.AppointmentLayoutDescription,getWeekEndDay()I
JCov,com.bradrydzewski.gwt.calendar.client.monthview.AppointmentLayoutDescription,getAppointment()Lcom/bradrydzewski/gwt/calendar/client/Appointment;
JCov,com.bradrydzewski.gwt.calendar.client.monthview.AppointmentLayoutDescription,getWeekStartDay()I
JCov,com.bradrydzewski.gwt.calendar.client.monthview.AppointmentLayoutDescription,split()Lcom/bradrydzewski/gwt/calendar/client/monthview/AppointmentLayoutDescription;
JCov,com.bradrydzewski.gwt.calendar.client.AppointmentManager,selectPreviousAppointment()Z
JCov,com.bradrydzewski.gwt.calendar.client.AppointmentManager,removeCurrentlySelectedAppointment()V
JCov,com.bradrydzewski.gwt.calendar.client.AppointmentManager,removeAppointment(Lcom/bradrydzewski/gwt/calendar/client/Appointment;)V
JCov,com.bradrydzewski.gwt.calendar.client.AppointmentManager,addAppointment(Lcom/bradrydzewski/gwt/calendar/client/Appointment;)V
JCov,com.bradrydzewski.gwt.calendar.client.AppointmentManager,hasAppointmentSelected()Z
JCov,com.bradrydzewski.gwt.calendar.client.AppointmentManager,getAppointments()Ljava/util/ArrayList;
JCov,com.bradrydzewski.gwt.calendar.client.AppointmentManager,selectNextAppointment()Z
JCov,com.bradrydzewski.gwt.calendar.client.AppointmentManager,getSelectedAppointment()Lcom/bradrydzewski/gwt/calendar/client/Appointment;
JCov,com.bradrydzewski.gwt.calendar.client.AppointmentManager,clearAppointments()V
JCov,com.bradrydzewski.gwt.calendar.client.AppointmentManager,<init>()V
JCov,com.bradrydzewski.gwt.calendar.client.AppointmentManager,addAppointments(Ljava/util/ArrayList;)V
JCov,com.bradrydzewski.gwt.calendar.client.AppointmentManager,setSelectedAppointment(Lcom/bradrydzewski/gwt/calendar/client/Appointment;)V
Yajta,com.bradrydzewski.gwt.calendar.client.monthview.AppointmentStackingManager,initLayer(I)V
Yajta,com.bradrydzewski.gwt.calendar.client.monthview.AppointmentStackingManager,AppointmentStackingManager()V
Yajta,com.bradrydzewski.gwt.calendar.client.monthview.AppointmentStackingManager,isLayerAllocated(I)Z
Yajta,com.bradrydzewski.gwt.calendar.client.monthview.AppointmentStackingManager,multidayAppointmentsOverLimitOn(I)I
Yajta,com.bradrydzewski.gwt.calendar.client.monthview.AppointmentStackingManager,assignLayer(Lcom/bradrydzewski/gwt/calendar/client/monthview/AppointmentLayoutDescription;)V
Yajta,com.bradrydzewski.gwt.calendar.client.monthview.AppointmentStackingManager,getDescriptionsInLayer(I)Ljava/util/ArrayList;
Yajta,com.bradrydzewski.gwt.calendar.client.monthview.AppointmentStackingManager,overlapsWithDescriptionInLayer(Ljava/util/ArrayList;II)Z
Yajta,com.bradrydzewski.gwt.calendar.client.monthview.AppointmentStackingManager,lowestLayerIndex(I)I
Yajta,com.bradrydzewski.gwt.calendar.client.monthview.AppointmentStackingManager,assignLayer(ILcom/bradrydzewski/gwt/calendar/client/monthview/AppointmentLayoutDescription;)Z
Yajta,com.bradrydzewski.gwt.calendar.client.monthview.AppointmentStackingManager,areThereAppointmentsOn(I)Z
Yajta,com.bradrydzewski.gwt.calendar.client.monthview.AppointmentStackingManager,setLayerOverflowLimit(I)V
Yajta,com.bradrydzewski.gwt.calendar.client.monthview.AppointmentStackingManager,nextLowestLayerIndex(II)I
Yajta,com.bradrydzewski.gwt.calendar.client.DateUtils,moveOneDayForward(Ljava/util/Date;)Ljava/util/Date;
Yajta,com.bradrydzewski.gwt.calendar.client.DateUtils,resetTime(Ljava/util/Date;)V
Yajta,com.bradrydzewski.gwt.calendar.client.DateUtils,areOnTheSameMonth(Ljava/util/Date;Ljava/util/Date;)Z
Yajta,com.bradrydzewski.gwt.calendar.client.DateUtils,newDate(Ljava/util/Date;)Ljava/util/Date;
Yajta,com.bradrydzewski.gwt.calendar.client.DateUtils,areOnTheSameDay(Ljava/util/Date;Ljava/util/Date;)Z
Yajta,com.bradrydzewski.gwt.calendar.client.DateUtils,safeInMillis(Ljava/util/Date;)J
Yajta,com.bradrydzewski.gwt.calendar.client.DateUtils,firstOfNextMonth(Ljava/util/Date;)Ljava/util/Date;
Yajta,com.bradrydzewski.gwt.calendar.client.DateUtils,firstOfTheMonth(Ljava/util/Date;)Ljava/util/Date;
Yajta,com.bradrydzewski.gwt.calendar.client.DateUtils,differenceInDays(Ljava/util/Date;Ljava/util/Date;)I
Yajta,com.bradrydzewski.gwt.calendar.client.DateUtils,previousDay(Ljava/util/Date;)Ljava/util/Date;
Yajta,com.bradrydzewski.gwt.calendar.client.monthview.MonthLayoutDescription,initWeek(II)V
Yajta,com.bradrydzewski.gwt.calendar.client.monthview.MonthLayoutDescription,MonthLayoutDescription(Ljava/util/Date;ILjava/util/ArrayList;)V
Yajta,com.bradrydzewski.gwt.calendar.client.monthview.MonthLayoutDescription,calculateWeekFor(Ljava/util/Date;Ljava/util/Date;)I
Yajta,com.bradrydzewski.gwt.calendar.client.monthview.MonthLayoutDescription,isMultiWeekAppointment(II)Z
Yajta,com.bradrydzewski.gwt.calendar.client.monthview.MonthLayoutDescription,overlapsWithMonth(Lcom/bradrydzewski/gwt/calendar/client/Appointment;Ljava/util/Date;Ljava/util/Date;)Z
Yajta,com.bradrydzewski.gwt.calendar.client.monthview.MonthLayoutDescription,MonthLayoutDescription(Ljava/util/Date;ILjava/util/ArrayList;I)V
Yajta,com.bradrydzewski.gwt.calendar.client.monthview.MonthLayoutDescription,positionMultidayAppointment(ILcom/bradrydzewski/gwt/calendar/client/Appointment;I)V
Yajta,com.bradrydzewski.gwt.calendar.client.monthview.MonthLayoutDescription,calculateLastDate(Ljava/util/Date;I)Ljava/util/Date;
Yajta,com.bradrydzewski.gwt.calendar.client.monthview.MonthLayoutDescription,placeAppointments(Ljava/util/ArrayList;I)V
Yajta,com.bradrydzewski.gwt.calendar.client.monthview.MonthLayoutDescription,getWeekDescriptions()[Lcom/bradrydzewski/gwt/calendar/client/monthview/WeekLayoutDescription;
Yajta,com.bradrydzewski.gwt.calendar.client.monthview.MonthLayoutDescription,distributeOverWeeks(IILcom/bradrydzewski/gwt/calendar/client/Appointment;I)V
Yajta,com.bradrydzewski.gwt.calendar.client.monthview.DayLayoutDescription,addAppointment(Lcom/bradrydzewski/gwt/calendar/client/Appointment;)V
Yajta,com.bradrydzewski.gwt.calendar.client.monthview.DayLayoutDescription,getAppointments()Ljava/util/ArrayList;
Yajta,com.bradrydzewski.gwt.calendar.client.monthview.DayLayoutDescription,getTotalAppointmentCount()I
Yajta,com.bradrydzewski.gwt.calendar.client.monthview.DayLayoutDescription,DayLayoutDescription(I)V
Yajta,com.bradrydzewski.gwt.calendar.client.AppointmentManager,selectPreviousAppointment()Z
Yajta,com.bradrydzewski.gwt.calendar.client.AppointmentManager,hasAppointmentSelected()Z
Yajta,com.bradrydzewski.gwt.calendar.client.AppointmentManager,getAppointments()Ljava/util/ArrayList;
Yajta,com.bradrydzewski.gwt.calendar.client.AppointmentManager,selectNextAppointment()Z
Yajta,com.bradrydzewski.gwt.calendar.client.AppointmentManager,setSelectedAppointment(Lcom/bradrydzewski/gwt/calendar/client/Appointment;)V
Yajta,com.bradrydzewski.gwt.calendar.client.AppointmentManager,AppointmentManager()V
Yajta,com.bradrydzewski.gwt.calendar.client.AppointmentManager,removeCurrentlySelectedAppointment()V
Yajta,com.bradrydzewski.gwt.calendar.client.AppointmentManager,removeAppointment(Lcom/bradrydzewski/gwt/calendar/client/Appointment;)V
Yajta,com.bradrydzewski.gwt.calendar.client.AppointmentManager,addAppointment(Lcom/bradrydzewski/gwt/calendar/client/Appointment;)V
Yajta,com.bradrydzewski.gwt.calendar.client.AppointmentManager,getSelectedAppointment()Lcom/bradrydzewski/gwt/calendar/client/Appointment;
Yajta,com.bradrydzewski.gwt.calendar.client.AppointmentManager,clearAppointments()V
Yajta,com.bradrydzewski.gwt.calendar.client.AppointmentManager,addAppointments(Ljava/util/ArrayList;)V
Yajta,com.bradrydzewski.gwt.calendar.client.monthview.MonthView,<clinit>()V
Yajta,com.bradrydzewski.gwt.calendar.client.monthview.WeekLayoutDescription$1,<clinit>()V
Yajta,com.bradrydzewski.gwt.calendar.client.util.AppointmentUtil,rangeContains(Lcom/bradrydzewski/gwt/calendar/client/Appointment;Ljava/util/Date;Ljava/util/Date;)Z
Yajta,com.bradrydzewski.gwt.calendar.client.monthview.AppointmentLayoutDescription,spansMoreThanADay()Z
Yajta,com.bradrydzewski.gwt.calendar.client.monthview.AppointmentLayoutDescription,overlapsWithRange(II)Z
Yajta,com.bradrydzewski.gwt.calendar.client.monthview.AppointmentLayoutDescription,AppointmentLayoutDescription(IILcom/bradrydzewski/gwt/calendar/client/Appointment;)V
Yajta,com.bradrydzewski.gwt.calendar.client.monthview.AppointmentLayoutDescription,getWeekEndDay()I
Yajta,com.bradrydzewski.gwt.calendar.client.monthview.AppointmentLayoutDescription,getAppointment()Lcom/bradrydzewski/gwt/calendar/client/Appointment;
Yajta,com.bradrydzewski.gwt.calendar.client.monthview.AppointmentLayoutDescription,AppointmentLayoutDescription(ILcom/bradrydzewski/gwt/calendar/client/Appointment;)V
Yajta,com.bradrydzewski.gwt.calendar.client.monthview.AppointmentLayoutDescription,split()Lcom/bradrydzewski/gwt/calendar/client/monthview/AppointmentLayoutDescription;
Yajta,com.bradrydzewski.gwt.calendar.client.monthview.AppointmentLayoutDescription,getWeekStartDay()I
Yajta,com.bradrydzewski.gwt.calendar.client.monthview.MonthViewDateUtils,firstDateShownInAMonthView(Ljava/util/Date;I)Ljava/util/Date;
Yajta,com.bradrydzewski.gwt.calendar.client.monthview.MonthViewDateUtils,daysInPeriod(Ljava/util/Date;Ljava/util/Date;)I
Yajta,com.bradrydzewski.gwt.calendar.client.monthview.MonthViewDateUtils,monthViewRequiredRows(Ljava/util/Date;I)I
Yajta,com.bradrydzewski.gwt.calendar.client.monthview.WeekLayoutDescription,addMultiWeekAppointment(Lcom/bradrydzewski/gwt/calendar/client/Appointment;Lcom/bradrydzewski/gwt/calendar/client/monthview/AppointmentWidgetParts;)V
Yajta,com.bradrydzewski.gwt.calendar.client.monthview.WeekLayoutDescription,assertValidDayIndex(I)V
Yajta,com.bradrydzewski.gwt.calendar.client.monthview.WeekLayoutDescription,areThereAppointmentsOnDay(I)Z
Yajta,com.bradrydzewski.gwt.calendar.client.monthview.WeekLayoutDescription,initDay(I)Lcom/bradrydzewski/gwt/calendar/client/monthview/DayLayoutDescription;
Yajta,com.bradrydzewski.gwt.calendar.client.monthview.WeekLayoutDescription,currentStackOrderInDay(I)I
Yajta,com.bradrydzewski.gwt.calendar.client.monthview.WeekLayoutDescription,WeekLayoutDescription(Ljava/util/Date;Ljava/util/Date;)V
Yajta,com.bradrydzewski.gwt.calendar.client.monthview.WeekLayoutDescription,WeekLayoutDescription(Ljava/util/Date;Ljava/util/Date;I)V
Yajta,com.bradrydzewski.gwt.calendar.client.monthview.WeekLayoutDescription,addAppointment(Lcom/bradrydzewski/gwt/calendar/client/Appointment;)V
Yajta,com.bradrydzewski.gwt.calendar.client.monthview.WeekLayoutDescription,dayInWeek(Ljava/util/Date;)I
Yajta,com.bradrydzewski.gwt.calendar.client.monthview.WeekLayoutDescription,getTopAppointmentsManager()Lcom/bradrydzewski/gwt/calendar/client/monthview/AppointmentStackingManager;
Yajta,com.bradrydzewski.gwt.calendar.client.monthview.WeekLayoutDescription,addMultiDayAppointment(Lcom/bradrydzewski/gwt/calendar/client/Appointment;)V
Yajta,com.bradrydzewski.gwt.calendar.client.monthview.WeekLayoutDescription,getDayLayoutDescription(I)Lcom/bradrydzewski/gwt/calendar/client/monthview/DayLayoutDescription;
Yajta,com.bradrydzewski.gwt.calendar.client.monthview.AppointmentWidgetParts,values()[Lcom/bradrydzewski/gwt/calendar/client/monthview/AppointmentWidgetParts;
Yajta,com.bradrydzewski.gwt.calendar.client.monthview.AppointmentWidgetParts,<clinit>()V
Yajta,com.bradrydzewski.gwt.calendar.client.monthview.AppointmentWidgetParts,AppointmentWidgetParts(Ljava/lang/String;I)V
Yajta,com.bradrydzewski.gwt.calendar.client.Appointment,setTitle(Ljava/lang/String;)V
Yajta,com.bradrydzewski.gwt.calendar.client.Appointment,setDescription(Ljava/lang/String;)V
Yajta,com.bradrydzewski.gwt.calendar.client.Appointment,getDescription()Ljava/lang/String;
Yajta,com.bradrydzewski.gwt.calendar.client.Appointment,getCustomStyle()Ljava/lang/String;
Yajta,com.bradrydzewski.gwt.calendar.client.Appointment,setCreatedBy(Ljava/lang/String;)V
Yajta,com.bradrydzewski.gwt.calendar.client.Appointment,setId(Ljava/lang/String;)V
Yajta,com.bradrydzewski.gwt.calendar.client.Appointment,setAttendees(Ljava/util/List;)V
Yajta,com.bradrydzewski.gwt.calendar.client.Appointment,getAttendees()Ljava/util/List;
Yajta,com.bradrydzewski.gwt.calendar.client.Appointment,getStart()Ljava/util/Date;
Yajta,com.bradrydzewski.gwt.calendar.client.Appointment,getEnd()Ljava/util/Date;
Yajta,com.bradrydzewski.gwt.calendar.client.Appointment,getId()Ljava/lang/String;
Yajta,com.bradrydzewski.gwt.calendar.client.Appointment,setEnd(Ljava/util/Date;)V
Yajta,com.bradrydzewski.gwt.calendar.client.Appointment,getStyle()Lcom/bradrydzewski/gwt/calendar/client/AppointmentStyle;
Yajta,com.bradrydzewski.gwt.calendar.client.Appointment,Appointment()V
Yajta,com.bradrydzewski.gwt.calendar.client.Appointment,setCustomStyle(Ljava/lang/String;)V
Yajta,com.bradrydzewski.gwt.calendar.client.Appointment,getLocation()Ljava/lang/String;
Yajta,com.bradrydzewski.gwt.calendar.client.Appointment,setReadOnly(Z)V
Yajta,com.bradrydzewski.gwt.calendar.client.Appointment,getCreatedBy()Ljava/lang/String;
Yajta,com.bradrydzewski.gwt.calendar.client.Appointment,getTitle()Ljava/lang/String;
Yajta,com.bradrydzewski.gwt.calendar.client.Appointment,isAllDay()Z
Yajta,com.bradrydzewski.gwt.calendar.client.Appointment,setLocation(Ljava/lang/String;)V
Yajta,com.bradrydzewski.gwt.calendar.client.Appointment,setStart(Ljava/util/Date;)V
Yajta,com.bradrydzewski.gwt.calendar.client.Appointment,setStyle(Lcom/bradrydzewski/gwt/calendar/client/AppointmentStyle;)V
Yajta,com.bradrydzewski.gwt.calendar.client.Appointment,clone()Lcom/bradrydzewski/gwt/calendar/client/Appointment;
Yajta,com.bradrydzewski.gwt.calendar.client.Appointment,setAllDay(Z)V
Yajta,com.bradrydzewski.gwt.calendar.client.Appointment,isMultiDay()Z
Yajta,com.bradrydzewski.gwt.calendar.client.AppointmentStyle,<clinit>()V
Yajta,com.bradrydzewski.gwt.calendar.client.AppointmentStyle,AppointmentStyle(Ljava/lang/String;I)V
Yajta,com.bradrydzewski.gwt.calendar.client.monthview.MonthView$1,MonthView$1()V
JaCoCo,com.bradrydzewski.gwt.calendar.client.monthview.MonthView,<clinit>()V
JaCoCo,com.bradrydzewski.gwt.calendar.client.monthview.AppointmentWidgetParts,<clinit>()V
JaCoCo,com.bradrydzewski.gwt.calendar.client.util.AppointmentUtil,rangeContains(Lcom/bradrydzewski/gwt/calendar/client/Appointment;Ljava/util/Date;Ljava/util/Date;)Z
JaCoCo,com.bradrydzewski.gwt.calendar.client.monthview.DayLayoutDescription,addAppointment(Lcom/bradrydzewski/gwt/calendar/client/Appointment;)V
JaCoCo,com.bradrydzewski.gwt.calendar.client.monthview.DayLayoutDescription,getAppointments()Ljava/util/ArrayList;
JaCoCo,com.bradrydzewski.gwt.calendar.client.monthview.DayLayoutDescription,<init>(I)V
JaCoCo,com.bradrydzewski.gwt.calendar.client.monthview.DayLayoutDescription,getTotalAppointmentCount()I
JaCoCo,com.bradrydzewski.gwt.calendar.client.monthview.WeekLayoutDescription,<init>(Ljava/util/Date;Ljava/util/Date;)V
JaCoCo,com.bradrydzewski.gwt.calendar.client.monthview.WeekLayoutDescription,addMultiWeekAppointment(Lcom/bradrydzewski/gwt/calendar/client/Appointment;Lcom/bradrydzewski/gwt/calendar/client/monthview/AppointmentWidgetParts;)V
JaCoCo,com.bradrydzewski.gwt.calendar.client.monthview.WeekLayoutDescription,assertValidDayIndex(I)V
JaCoCo,com.bradrydzewski.gwt.calendar.client.monthview.WeekLayoutDescription,addAppointment(Lcom/bradrydzewski/gwt/calendar/client/Appointment;)V
JaCoCo,com.bradrydzewski.gwt.calendar.client.monthview.WeekLayoutDescription,areThereAppointmentsOnDay(I)Z
JaCoCo,com.bradrydzewski.gwt.calendar.client.monthview.WeekLayoutDescription,initDay(I)Lcom/bradrydzewski/gwt/calendar/client/monthview/DayLayoutDescription;
JaCoCo,com.bradrydzewski.gwt.calendar.client.monthview.WeekLayoutDescription,dayInWeek(Ljava/util/Date;)I
JaCoCo,com.bradrydzewski.gwt.calendar.client.monthview.WeekLayoutDescription,getTopAppointmentsManager()Lcom/bradrydzewski/gwt/calendar/client/monthview/AppointmentStackingManager;
JaCoCo,com.bradrydzewski.gwt.calendar.client.monthview.WeekLayoutDescription,<init>(Ljava/util/Date;Ljava/util/Date;I)V
JaCoCo,com.bradrydzewski.gwt.calendar.client.monthview.WeekLayoutDescription,currentStackOrderInDay(I)I
JaCoCo,com.bradrydzewski.gwt.calendar.client.monthview.WeekLayoutDescription,addMultiDayAppointment(Lcom/bradrydzewski/gwt/calendar/client/Appointment;)V
JaCoCo,com.bradrydzewski.gwt.calendar.client.monthview.WeekLayoutDescription,getDayLayoutDescription(I)Lcom/bradrydzewski/gwt/calendar/client/monthview/DayLayoutDescription;
JaCoCo,com.bradrydzewski.gwt.calendar.client.AppointmentStyle,<clinit>()V
JaCoCo,com.bradrydzewski.gwt.calendar.client.monthview.AppointmentStackingManager,initLayer(I)V
JaCoCo,com.bradrydzewski.gwt.calendar.client.monthview.AppointmentStackingManager,getDescriptionsInLayer(I)Ljava/util/ArrayList;
JaCoCo,com.bradrydzewski.gwt.calendar.client.monthview.AppointmentStackingManager,overlapsWithDescriptionInLayer(Ljava/util/ArrayList;II)Z
JaCoCo,com.bradrydzewski.gwt.calendar.client.monthview.AppointmentStackingManager,isLayerAllocated(I)Z
JaCoCo,com.bradrydzewski.gwt.calendar.client.monthview.AppointmentStackingManager,multidayAppointmentsOverLimitOn(I)I
JaCoCo,com.bradrydzewski.gwt.calendar.client.monthview.AppointmentStackingManager,assignLayer(Lcom/bradrydzewski/gwt/calendar/client/monthview/AppointmentLayoutDescription;)V
JaCoCo,com.bradrydzewski.gwt.calendar.client.monthview.AppointmentStackingManager,lowestLayerIndex(I)I
JaCoCo,com.bradrydzewski.gwt.calendar.client.monthview.AppointmentStackingManager,assignLayer(ILcom/bradrydzewski/gwt/calendar/client/monthview/AppointmentLayoutDescription;)Z
JaCoCo,com.bradrydzewski.gwt.calendar.client.monthview.AppointmentStackingManager,areThereAppointmentsOn(I)Z
JaCoCo,com.bradrydzewski.gwt.calendar.client.monthview.AppointmentStackingManager,<init>()V
JaCoCo,com.bradrydzewski.gwt.calendar.client.monthview.AppointmentStackingManager,setLayerOverflowLimit(I)V
JaCoCo,com.bradrydzewski.gwt.calendar.client.monthview.AppointmentStackingManager,nextLowestLayerIndex(II)I
JaCoCo,com.bradrydzewski.gwt.calendar.client.DateUtils,moveOneDayForward(Ljava/util/Date;)Ljava/util/Date;
JaCoCo,com.bradrydzewski.gwt.calendar.client.DateUtils,resetTime(Ljava/util/Date;)V
JaCoCo,com.bradrydzewski.gwt.calendar.client.DateUtils,areOnTheSameMonth(Ljava/util/Date;Ljava/util/Date;)Z
JaCoCo,com.bradrydzewski.gwt.calendar.client.DateUtils,newDate(Ljava/util/Date;)Ljava/util/Date;
JaCoCo,com.bradrydzewski.gwt.calendar.client.DateUtils,safeInMillis(Ljava/util/Date;)J
JaCoCo,com.bradrydzewski.gwt.calendar.client.DateUtils,areOnTheSameDay(Ljava/util/Date;Ljava/util/Date;)Z
JaCoCo,com.bradrydzewski.gwt.calendar.client.DateUtils,firstOfNextMonth(Ljava/util/Date;)Ljava/util/Date;
JaCoCo,com.bradrydzewski.gwt.calendar.client.DateUtils,firstOfTheMonth(Ljava/util/Date;)Ljava/util/Date;
JaCoCo,com.bradrydzewski.gwt.calendar.client.DateUtils,differenceInDays(Ljava/util/Date;Ljava/util/Date;)I
JaCoCo,com.bradrydzewski.gwt.calendar.client.DateUtils,previousDay(Ljava/util/Date;)Ljava/util/Date;
JaCoCo,com.bradrydzewski.gwt.calendar.client.Appointment,setTitle(Ljava/lang/String;)V
JaCoCo,com.bradrydzewski.gwt.calendar.client.Appointment,setDescription(Ljava/lang/String;)V
JaCoCo,com.bradrydzewski.gwt.calendar.client.Appointment,getDescription()Ljava/lang/String;
JaCoCo,com.bradrydzewski.gwt.calendar.client.Appointment,getCustomStyle()Ljava/lang/String;
JaCoCo,com.bradrydzewski.gwt.calendar.client.Appointment,setCreatedBy(Ljava/lang/String;)V
JaCoCo,com.bradrydzewski.gwt.calendar.client.Appointment,setId(Ljava/lang/String;)V
JaCoCo,com.bradrydzewski.gwt.calendar.client.Appointment,setAttendees(Ljava/util/List;)V
JaCoCo,com.bradrydzewski.gwt.calendar.client.Appointment,getAttendees()Ljava/util/List;
JaCoCo,com.bradrydzewski.gwt.calendar.client.Appointment,getStart()Ljava/util/Date;
JaCoCo,com.bradrydzewski.gwt.calendar.client.Appointment,getEnd()Ljava/util/Date;
JaCoCo,com.bradrydzewski.gwt.calendar.client.Appointment,getId()Ljava/lang/String;
JaCoCo,com.bradrydzewski.gwt.calendar.client.Appointment,setEnd(Ljava/util/Date;)V
JaCoCo,com.bradrydzewski.gwt.calendar.client.Appointment,getStyle()Lcom/bradrydzewski/gwt/calendar/client/AppointmentStyle;
JaCoCo,com.bradrydzewski.gwt.calendar.client.Appointment,setCustomStyle(Ljava/lang/String;)V
JaCoCo,com.bradrydzewski.gwt.calendar.client.Appointment,getLocation()Ljava/lang/String;
JaCoCo,com.bradrydzewski.gwt.calendar.client.Appointment,setReadOnly(Z)V
JaCoCo,com.bradrydzewski.gwt.calendar.client.Appointment,getCreatedBy()Ljava/lang/String;
JaCoCo,com.bradrydzewski.gwt.calendar.client.Appointment,getTitle()Ljava/lang/String;
JaCoCo,com.bradrydzewski.gwt.calendar.client.Appointment,setLocation(Ljava/lang/String;)V
JaCoCo,com.bradrydzewski.gwt.calendar.client.Appointment,isAllDay()Z
JaCoCo,com.bradrydzewski.gwt.calendar.client.Appointment,setStart(Ljava/util/Date;)V
JaCoCo,com.bradrydzewski.gwt.calendar.client.Appointment,clone()Lcom/bradrydzewski/gwt/calendar/client/Appointment;
JaCoCo,com.bradrydzewski.gwt.calendar.client.Appointment,setStyle(Lcom/bradrydzewski/gwt/calendar/client/AppointmentStyle;)V
JaCoCo,com.bradrydzewski.gwt.calendar.client.Appointment,<init>()V
JaCoCo,com.bradrydzewski.gwt.calendar.client.Appointment,setAllDay(Z)V
JaCoCo,com.bradrydzewski.gwt.calendar.client.Appointment,isMultiDay()Z
JaCoCo,com.bradrydzewski.gwt.calendar.client.monthview.MonthLayoutDescription,initWeek(II)V
JaCoCo,com.bradrydzewski.gwt.calendar.client.monthview.MonthLayoutDescription,calculateWeekFor(Ljava/util/Date;Ljava/util/Date;)I
JaCoCo,com.bradrydzewski.gwt.calendar.client.monthview.MonthLayoutDescription,isMultiWeekAppointment(II)Z
JaCoCo,com.bradrydzewski.gwt.calendar.client.monthview.MonthLayoutDescription,overlapsWithMonth(Lcom/bradrydzewski/gwt/calendar/client/Appointment;Ljava/util/Date;Ljava/util/Date;)Z
JaCoCo,com.bradrydzewski.gwt.calendar.client.monthview.MonthLayoutDescription,<init>(Ljava/util/Date;ILjava/util/ArrayList;I)V
JaCoCo,com.bradrydzewski.gwt.calendar.client.monthview.MonthLayoutDescription,<init>(Ljava/util/Date;ILjava/util/ArrayList;)V
JaCoCo,com.bradrydzewski.gwt.calendar.client.monthview.MonthLayoutDescription,positionMultidayAppointment(ILcom/bradrydzewski/gwt/calendar/client/Appointment;I)V
JaCoCo,com.bradrydzewski.gwt.calendar.client.monthview.MonthLayoutDescription,calculateLastDate(Ljava/util/Date;I)Ljava/util/Date;
JaCoCo,com.bradrydzewski.gwt.calendar.client.monthview.MonthLayoutDescription,placeAppointments(Ljava/util/ArrayList;I)V
JaCoCo,com.bradrydzewski.gwt.calendar.client.monthview.MonthLayoutDescription,getWeekDescriptions()[Lcom/bradrydzewski/gwt/calendar/client/monthview/WeekLayoutDescription;
JaCoCo,com.bradrydzewski.gwt.calendar.client.monthview.MonthLayoutDescription,distributeOverWeeks(IILcom/bradrydzewski/gwt/calendar/client/Appointment;I)V
JaCoCo,com.bradrydzewski.gwt.calendar.client.monthview.MonthViewDateUtils,firstDateShownInAMonthView(Ljava/util/Date;I)Ljava/util/Date;
JaCoCo,com.bradrydzewski.gwt.calendar.client.monthview.MonthViewDateUtils,daysInPeriod(Ljava/util/Date;Ljava/util/Date;)I
JaCoCo,com.bradrydzewski.gwt.calendar.client.monthview.MonthViewDateUtils,monthViewRequiredRows(Ljava/util/Date;I)I
JaCoCo,com.bradrydzewski.gwt.calendar.client.monthview.MonthView$1,<init>()V
JaCoCo,com.bradrydzewski.gwt.calendar.client.monthview.AppointmentLayoutDescription,spansMoreThanADay()Z
JaCoCo,com.bradrydzewski.gwt.calendar.client.monthview.AppointmentLayoutDescription,overlapsWithRange(II)Z
JaCoCo,com.bradrydzewski.gwt.calendar.client.monthview.AppointmentLayoutDescription,<init>(ILcom/bradrydzewski/gwt/calendar/client/Appointment;)V
JaCoCo,com.bradrydzewski.gwt.calendar.client.monthview.AppointmentLayoutDescription,<init>(IILcom/bradrydzewski/gwt/calendar/client/Appointment;)V
JaCoCo,com.bradrydzewski.gwt.calendar.client.monthview.AppointmentLayoutDescription,getWeekEndDay()I
JaCoCo,com.bradrydzewski.gwt.calendar.client.monthview.AppointmentLayoutDescription,getAppointment()Lcom/bradrydzewski/gwt/calendar/client/Appointment;
JaCoCo,com.bradrydzewski.gwt.calendar.client.monthview.AppointmentLayoutDescription,getWeekStartDay()I
JaCoCo,com.bradrydzewski.gwt.calendar.client.monthview.AppointmentLayoutDescription,split()Lcom/bradrydzewski/gwt/calendar/client/monthview/AppointmentLayoutDescription;
JaCoCo,com.bradrydzewski.gwt.calendar.client.AppointmentManager,selectPreviousAppointment()Z
JaCoCo,com.bradrydzewski.gwt.calendar.client.AppointmentManager,removeCurrentlySelectedAppointment()V
JaCoCo,com.bradrydzewski.gwt.calendar.client.AppointmentManager,removeAppointment(Lcom/bradrydzewski/gwt/calendar/client/Appointment;)V
JaCoCo,com.bradrydzewski.gwt.calendar.client.AppointmentManager,addAppointment(Lcom/bradrydzewski/gwt/calendar/client/Appointment;)V
JaCoCo,com.bradrydzewski.gwt.calendar.client.AppointmentManager,hasAppointmentSelected()Z
JaCoCo,com.bradrydzewski.gwt.calendar.client.AppointmentManager,getAppointments()Ljava/util/ArrayList;
JaCoCo,com.bradrydzewski.gwt.calendar.client.AppointmentManager,selectNextAppointment()Z
JaCoCo,com.bradrydzewski.gwt.calendar.client.AppointmentManager,getSelectedAppointment()Lcom/bradrydzewski/gwt/calendar/client/Appointment;
JaCoCo,com.bradrydzewski.gwt.calendar.client.AppointmentManager,clearAppointments()V
JaCoCo,com.bradrydzewski.gwt.calendar.client.AppointmentManager,<init>()V
JaCoCo,com.bradrydzewski.gwt.calendar.client.AppointmentManager,addAppointments(Ljava/util/ArrayList;)V
JaCoCo,com.bradrydzewski.gwt.calendar.client.AppointmentManager,setSelectedAppointment(Lcom/bradrydzewski/gwt/calendar/client/Appointment;)V
JVM,com.google.gwt.i18n.client.HasDirection,UNKNOWN
JVM,com.google.gwt.user.client.ui.SourcesTableEvents,UNKNOWN
JVM,com.google.gwt.user.client.ui.FlexTable,UNKNOWN
JVM,com.google.gwt.i18n.shared.HasDirectionEstimator,UNKNOWN
JVM,com.bradrydzewski.gwt.calendar.client.monthview.WeekLayoutDescription$1,UNKNOWN
JVM,com.google.gwt.user.client.ui.IndexedPanel,UNKNOWN
JVM,com.google.gwt.event.dom.client.HasDropHandlers,UNKNOWN
JVM,com.google.gwt.user.client.ui.HasDirectionalText,UNKNOWN
JVM,com.google.gwt.user.client.ui.SimplePanel,UNKNOWN
JVM,com.google.gwt.event.dom.client.HasMouseOverHandlers,UNKNOWN
JVM,com.google.gwt.event.dom.client.HasMouseUpHandlers,UNKNOWN
JVM,com.bradrydzewski.gwt.calendar.client.DateUtils,UNKNOWN
JVM,com.google.gwt.event.dom.client.HasDragEndHandlers,UNKNOWN
JVM,com.bradrydzewski.gwt.calendar.client.event.HasDaySelectionHandlers,UNKNOWN
JVM,com.google.gwt.user.client.ui.HasFocus,UNKNOWN
JVM,com.google.gwt.user.client.EventListener,UNKNOWN
JVM,com.google.gwt.event.dom.client.HasGestureEndHandlers,UNKNOWN
JVM,com.google.gwt.event.dom.client.HasMouseWheelHandlers,UNKNOWN
JVM,com.google.gwt.user.client.ui.AbsolutePanel,UNKNOWN
JVM,com.google.gwt.event.dom.client.ClickHandler,UNKNOWN
JVM,com.google.gwt.user.client.ui.Panel,UNKNOWN
JVM,com.bradrydzewski.gwt.calendar.client.monthview.AppointmentWidgetParts,UNKNOWN
JVM,com.google.gwt.user.client.ui.CellPanel,UNKNOWN
JVM,com.google.gwt.user.client.ui.HasVisibility,UNKNOWN
JVM,com.bradrydzewski.gwt.calendar.client.monthview.MonthView,UNKNOWN
JVM,com.google.gwt.user.client.ui.ComplexPanel,UNKNOWN
JVM,com.google.gwt.event.dom.client.HasGestureChangeHandlers,UNKNOWN
JVM,com.google.gwt.event.dom.client.HasKeyDownHandlers,UNKNOWN
JVM,com.allen_sauer.gwt.dnd.client.PickupDragController,UNKNOWN
JVM,com.google.gwt.event.dom.client.HasMouseMoveHandlers,UNKNOWN
JVM,com.google.gwt.event.dom.client.HasDragHandlers,UNKNOWN
JVM,com.bradrydzewski.gwt.calendar.client.AppointmentManager,UNKNOWN
JVM,com.bradrydzewski.gwt.calendar.client.monthview.MonthView$1,UNKNOWN
JVM,com.google.gwt.event.dom.client.HasKeyPressHandlers,UNKNOWN
JVM,com.google.gwt.user.client.ui.SourcesKeyboardEvents,UNKNOWN
JVM,com.google.gwt.event.dom.client.HasTouchMoveHandlers,UNKNOWN
JVM,com.google.gwt.user.client.ui.HasVerticalAlignment,UNKNOWN
JVM,com.google.gwt.event.dom.client.HasBlurHandlers,UNKNOWN
JVM,com.google.gwt.user.client.ui.InsertPanel,UNKNOWN
JVM,com.google.gwt.user.client.ui.HorizontalPanel,UNKNOWN
JVM,com.bradrydzewski.gwt.calendar.client.monthview.WeekLayoutDescription,UNKNOWN
JVM,com.google.gwt.user.client.ui.InsertPanel$ForIsWidget,UNKNOWN
JVM,com.google.gwt.event.dom.client.HasTouchEndHandlers,UNKNOWN
JVM,com.bradrydzewski.gwt.calendar.client.monthview.AppointmentWidget,UNKNOWN
JVM,com.allen_sauer.gwt.dnd.client.DragController,UNKNOWN
JVM,com.google.gwt.event.dom.client.HasTouchStartHandlers,UNKNOWN
JVM,com.google.gwt.user.client.ui.LabelBase,UNKNOWN
JVM,com.bradrydzewski.gwt.calendar.client.util.AppointmentUtil,UNKNOWN
JVM,com.allen_sauer.gwt.dnd.client.drop.DropController,UNKNOWN
JVM,com.google.gwt.event.dom.client.HasKeyUpHandlers,UNKNOWN
JVM,com.google.gwt.event.dom.client.HasDoubleClickHandlers,UNKNOWN
JVM,com.google.gwt.user.client.ui.SourcesMouseWheelEvents,UNKNOWN
JVM,com.google.gwt.event.dom.client.HasAllKeyHandlers,UNKNOWN
JVM,com.google.gwt.user.client.ui.Focusable,UNKNOWN
JVM,com.google.gwt.user.client.ui.FocusPanel,UNKNOWN
JVM,com.bradrydzewski.gwt.calendar.client.AppointmentStyle,UNKNOWN
JVM,com.google.gwt.event.dom.client.HasDragStartHandlers,UNKNOWN
JVM,com.google.gwt.user.client.ui.UIObject,UNKNOWN
JVM,com.google.gwt.user.client.ui.Label,UNKNOWN
JVM,com.bradrydzewski.gwt.calendar.client.CalendarView,UNKNOWN
JVM,com.google.gwt.event.shared.EventHandler,UNKNOWN
JVM,com.google.gwt.user.client.ui.HasWordWrap,UNKNOWN
JVM,com.google.gwt.user.client.ui.IsWidget,UNKNOWN
JVM,com.google.gwt.event.dom.client.HasDragOverHandlers,UNKNOWN
JVM,com.google.gwt.event.dom.client.HasAllTouchHandlers,UNKNOWN
JVM,com.allen_sauer.gwt.dnd.client.AbstractDragController,UNKNOWN
JVM,com.google.gwt.event.dom.client.HasClickHandlers,UNKNOWN
JVM,com.google.gwt.event.dom.client.HasAllFocusHandlers,UNKNOWN
JVM,com.google.gwt.user.client.ui.HasWidgets$ForIsWidget,UNKNOWN
JVM,com.google.gwt.user.client.ui.Widget,UNKNOWN
JVM,com.google.gwt.user.client.ui.HasAutoHorizontalAlignment,UNKNOWN
JVM,com.google.gwt.user.client.ui.HasText,UNKNOWN
JVM,com.google.gwt.user.client.ui.HasAlignment,UNKNOWN
JVM,com.allen_sauer.gwt.dnd.client.drop.MonthViewPickupDragController,UNKNOWN
JVM,com.bradrydzewski.gwt.calendar.client.monthview.AppointmentLayoutDescription,UNKNOWN
JVM,com.google.gwt.event.dom.client.HasDragEnterHandlers,UNKNOWN
JVM,com.google.gwt.user.client.ui.SourcesFocusEvents,UNKNOWN
JVM,com.bradrydzewski.gwt.calendar.client.monthview.MonthViewDateUtils,UNKNOWN
JVM,com.bradrydzewski.gwt.calendar.client.event.HasWeekSelectionHandlers,UNKNOWN
JVM,com.google.gwt.event.dom.client.HasMouseDownHandlers,UNKNOWN
JVM,com.bradrydzewski.gwt.calendar.client.monthview.DayLayoutDescription,UNKNOWN
JVM,com.google.gwt.user.client.ui.HasWidgets,UNKNOWN
JVM,com.bradrydzewski.gwt.calendar.client.monthview.MonthLayoutDescription,UNKNOWN
JVM,com.google.gwt.event.dom.client.HasAllMouseHandlers,UNKNOWN
JVM,com.bradrydzewski.gwt.calendar.client.monthview.AppointmentStackingManager,UNKNOWN
JVM,com.allen_sauer.gwt.dnd.client.FiresDragEvents,UNKNOWN
JVM,com.google.gwt.user.client.ui.HasOneWidget,UNKNOWN
JVM,com.google.gwt.event.dom.client.HasMouseOutHandlers,UNKNOWN
JVM,com.google.gwt.event.dom.client.HasFocusHandlers,UNKNOWN
JVM,com.google.gwt.event.dom.client.HasAllGestureHandlers,UNKNOWN
JVM,com.google.gwt.event.shared.HasHandlers,UNKNOWN
JVM,com.google.gwt.event.dom.client.HasGestureStartHandlers,UNKNOWN
JVM,com.bradrydzewski.gwt.calendar.client.Appointment,UNKNOWN
JVM,com.bradrydzewski.gwt.calendar.client.HasSettings,UNKNOWN
JVM,com.google.gwt.event.dom.client.HasDragLeaveHandlers,UNKNOWN
JVM,com.google.gwt.editor.client.IsEditor,UNKNOWN
JVM,com.google.gwt.user.client.ui.HasHorizontalAlignment,UNKNOWN
JVM,com.google.gwt.event.logical.shared.HasAttachHandlers,UNKNOWN
JVM,com.google.gwt.event.dom.client.HasTouchCancelHandlers,UNKNOWN
JVM,com.google.gwt.user.client.ui.SourcesClickEvents,UNKNOWN
JVM,com.google.gwt.user.client.ui.HTMLTable,UNKNOWN
JVM,com.google.gwt.user.client.ui.IndexedPanel$ForIsWidget,UNKNOWN
JVM,com.google.gwt.event.dom.client.HasAllDragAndDropHandlers,UNKNOWN
JVM,com.allen_sauer.gwt.dnd.client.DragHandler,UNKNOWN
JVM,com.google.gwt.user.client.ui.AcceptsOneWidget,UNKNOWN
JVM,com.google.gwt.user.client.ui.SourcesMouseEvents,UNKNOWN
