org.w3c.css.sac.DescendantSelector,INTERFACE
org.w3c.css.sac.SelectorList,INTERFACE
org.w3c.css.sac.PositionalCondition,INTERFACE
org.w3c.css.sac.LexicalUnit,INTERFACE
org.w3c.css.sac.NegativeSelector,INTERFACE
org.w3c.css.sac.CSSParseException,EXCEPTION
org.w3c.css.sac.Condition,INTERFACE
org.w3c.css.sac.Selector,INTERFACE
org.w3c.css.sac.NegativeCondition,INTERFACE
org.w3c.css.sac.ErrorHandler,INTERFACE
org.w3c.css.sac.ConditionalSelector,INTERFACE
org.w3c.css.sac.LangCondition,INTERFACE
org.w3c.css.sac.CharacterDataSelector,INTERFACE
org.w3c.css.sac.ProcessingInstructionSelector,INTERFACE
org.w3c.css.sac.CombinatorCondition,INTERFACE
org.w3c.css.sac.ContentCondition,INTERFACE
org.w3c.css.sac.Locator,INTERFACE
org.w3c.css.sac.SACMediaList,INTERFACE
org.w3c.css.sac.SelectorFactory,INTERFACE
org.w3c.css.sac.AttributeCondition,INTERFACE
org.w3c.css.sac.ConditionFactory,INTERFACE
org.w3c.css.sac.Parser,INTERFACE
org.w3c.css.sac.CSSException,EXCEPTION
org.w3c.css.sac.SimpleSelector,INTERFACE
org.w3c.css.sac.SiblingSelector,INTERFACE
org.w3c.css.sac.DocumentHandler,INTERFACE
org.w3c.css.sac.ElementSelector,INTERFACE
org.w3c.flute.parser.Parser$JJCalls,CONSTANT
org.w3c.flute.parser.ThrowedParseException,EXCEPTION
org.w3c.flute.parser.Parser$LookaheadSuccess,CONSTANT
org.w3c.flute.parser.Generic_CharStream,CONSTANT
org.w3c.flute.parser.CharStream,INTERFACE
org.w3c.flute.parser.ParserConstants,INTERFACE
org.w3c.flute.parser.JumpException,EXCEPTION
org.w3c.flute.parser.ParseException,EXCEPTION
org.hibernate.validator.ValidationMessages,INTERFACE
javax.servlet.ServletContext,INTERFACE
javax.servlet.ServletRequestListener,INTERFACE
javax.servlet.ServletContextAttributeListener,INTERFACE
javax.servlet.SingleThreadModel,INTERFACE
javax.servlet.FilterChain,INTERFACE
javax.servlet.FilterConfig,INTERFACE
javax.servlet.ServletRequest,INTERFACE
javax.servlet.ServletConfig,INTERFACE
javax.servlet.Servlet,INTERFACE
javax.servlet.ServletRequestAttributeListener,INTERFACE
javax.servlet.UnavailableException,EXCEPTION
javax.servlet.ServletResponse,INTERFACE
javax.servlet.Filter,INTERFACE
javax.servlet.http.HttpSessionAttributeListener,INTERFACE
javax.servlet.http.HttpServletResponse,INTERFACE
javax.servlet.http.HttpSessionListener,INTERFACE
javax.servlet.http.HttpSessionActivationListener,INTERFACE
javax.servlet.http.HttpSessionContext,INTERFACE
javax.servlet.http.HttpServletRequest,INTERFACE
javax.servlet.http.HttpSessionBindingListener,INTERFACE
javax.servlet.http.HttpSession,INTERFACE
javax.servlet.ServletException,EXCEPTION
javax.servlet.ServletContextListener,INTERFACE
javax.servlet.RequestDispatcher,INTERFACE
javax.validation.Path$Node,INTERFACE
javax.validation.GroupDefinitionException,EXCEPTION
javax.validation.ValidationException,EXCEPTION
javax.validation.ConstraintValidatorContext,INTERFACE
javax.validation.ValidatorContext,INTERFACE
javax.validation.OverridesAttribute,ANNOTATION
javax.validation.TraversableResolver,INTERFACE
javax.validation.bootstrap.ProviderSpecificBootstrap,INTERFACE
javax.validation.bootstrap.GenericBootstrap,INTERFACE
javax.validation.MessageInterpolator$Context,INTERFACE
javax.validation.ConstraintValidatorContext$ConstraintViolationBuilder,INTERFACE
javax.validation.MessageInterpolator,INTERFACE
javax.validation.constraints.Max,ANNOTATION
javax.validation.constraints.Future,ANNOTATION
javax.validation.constraints.Past,ANNOTATION
javax.validation.constraints.AssertTrue,ANNOTATION
javax.validation.constraints.Size$List,ANNOTATION
javax.validation.constraints.Pattern$Flag,ENUM
javax.validation.constraints.AssertTrue$List,ANNOTATION
javax.validation.constraints.Pattern$List,ANNOTATION
javax.validation.constraints.AssertFalse,ANNOTATION
javax.validation.constraints.Min$List,ANNOTATION
javax.validation.constraints.DecimalMax,ANNOTATION
javax.validation.constraints.Digits,ANNOTATION
javax.validation.constraints.DecimalMin$List,ANNOTATION
javax.validation.constraints.Digits$List,ANNOTATION
javax.validation.constraints.Size,ANNOTATION
javax.validation.constraints.NotNull$List,ANNOTATION
javax.validation.constraints.DecimalMin,ANNOTATION
javax.validation.constraints.Null,ANNOTATION
javax.validation.constraints.Null$List,ANNOTATION
javax.validation.constraints.Pattern,ANNOTATION
javax.validation.constraints.Future$List,ANNOTATION
javax.validation.constraints.Past$List,ANNOTATION
javax.validation.constraints.Max$List,ANNOTATION
javax.validation.constraints.Min,ANNOTATION
javax.validation.constraints.NotNull,ANNOTATION
javax.validation.constraints.AssertFalse$List,ANNOTATION
javax.validation.constraints.DecimalMax$List,ANNOTATION
javax.validation.GroupSequence,ANNOTATION
javax.validation.Validator,INTERFACE
javax.validation.ConstraintViolationException,EXCEPTION
javax.validation.ReportAsSingleViolation,ANNOTATION
javax.validation.ConstraintValidatorFactory,INTERFACE
javax.validation.groups.Default,INTERFACE
javax.validation.ValidatorFactory,INTERFACE
javax.validation.UnexpectedTypeException,EXCEPTION
javax.validation.ConstraintValidatorContext$ConstraintViolationBuilder$NodeContextBuilder,INTERFACE
javax.validation.ValidationProviderResolver,INTERFACE
javax.validation.spi.ConfigurationState,INTERFACE
javax.validation.spi.ValidationProvider,INTERFACE
javax.validation.spi.BootstrapState,INTERFACE
javax.validation.ConstraintValidatorContext$ConstraintViolationBuilder$NodeBuilderCustomizableContext,INTERFACE
javax.validation.ConstraintViolation,INTERFACE
javax.validation.Path,INTERFACE
javax.validation.ConstraintValidatorContext$ConstraintViolationBuilder$NodeBuilderDefinedContext,INTERFACE
javax.validation.Valid,ANNOTATION
javax.validation.OverridesAttribute$List,ANNOTATION
javax.validation.Constraint,ANNOTATION
javax.validation.Payload,INTERFACE
javax.validation.ConstraintValidator,INTERFACE
javax.validation.Configuration,INTERFACE
javax.validation.metadata.Scope,ENUM
javax.validation.metadata.ElementDescriptor$ConstraintFinder,INTERFACE
javax.validation.metadata.ConstraintDescriptor,INTERFACE
javax.validation.metadata.BeanDescriptor,INTERFACE
javax.validation.metadata.ElementDescriptor,INTERFACE
javax.validation.metadata.PropertyDescriptor,INTERFACE
javax.validation.ConstraintDefinitionException,EXCEPTION
javax.validation.ConstraintDeclarationException,EXCEPTION
com.allen_sauer.gwt.dnd.client.util.Location,INTERFACE
com.allen_sauer.gwt.dnd.client.util.DragClientBundle$DragCssResource,INTERFACE
com.allen_sauer.gwt.dnd.client.util.DragClientBundle,INTERFACE
com.allen_sauer.gwt.dnd.client.util.Area,INTERFACE
com.allen_sauer.gwt.dnd.client.util.LocationWidgetComparator,INTERFACE
com.allen_sauer.gwt.dnd.client.HasDragHandle,INTERFACE
com.allen_sauer.gwt.dnd.client.VetoDragException,EXCEPTION
com.google.web.bindery.autobean.gwt.rebind.model.JBeanMethod,ENUM
com.google.web.bindery.autobean.gwt.client.impl.ClientPropertyContext$Setter,CONSTANT
com.google.web.bindery.autobean.gwt.client.impl.JsoSplittable,CONSTANT
com.google.web.bindery.autobean.gwt.client.impl.ClientPropertyContext,CONSTANT
com.google.web.bindery.autobean.gwt.client.impl.JsniCreatorMap,CONSTANT
com.google.web.bindery.autobean.shared.impl.EnumMap$ExtraEnums,ANNOTATION
com.google.web.bindery.autobean.shared.impl.EnumMap,INTERFACE
com.google.web.bindery.autobean.shared.impl.AutoBeanCodexImpl$HaltException,EXCEPTION
com.google.web.bindery.autobean.shared.impl.AutoBeanCodexImpl$Coder,INTERFACE
com.google.web.bindery.autobean.shared.impl.HasSplittable,INTERFACE
com.google.web.bindery.autobean.shared.AutoBeanVisitor$MapPropertyContext,INTERFACE
com.google.web.bindery.autobean.shared.AutoBean,INTERFACE
com.google.web.bindery.autobean.shared.AutoBeanFactory,INTERFACE
com.google.web.bindery.autobean.shared.AutoBeanUtils$Comparison,ENUM
com.google.web.bindery.autobean.shared.AutoBeanVisitor$CollectionPropertyContext,INTERFACE
com.google.web.bindery.autobean.shared.AutoBeanVisitor$Context,INTERFACE
com.google.web.bindery.autobean.shared.AutoBeanFactory$NoWrap,ANNOTATION
com.google.web.bindery.autobean.shared.AutoBeanVisitor$PropertyContext,INTERFACE
com.google.web.bindery.autobean.shared.Splittable,INTERFACE
com.google.web.bindery.autobean.shared.ValueCodex$Type,ENUM
com.google.web.bindery.autobean.shared.AutoBeanFactory$Category,ANNOTATION
com.google.web.bindery.autobean.shared.package-info,INTERFACE
com.google.web.bindery.autobean.shared.AutoBeanUtils,CONSTANT
com.google.web.bindery.autobean.shared.AutoBean$PropertyName,ANNOTATION
com.google.web.bindery.autobean.vm.impl.BeanMethod,ENUM
com.google.web.bindery.autobean.vm.impl.ProxyAutoBean$PropertyType,ENUM
com.google.web.bindery.autobean.vm.package-info,INTERFACE
com.google.web.bindery.requestfactory.gwt.ui.client.package-info,INTERFACE
com.google.web.bindery.requestfactory.gwt.rebind.model.HasExtraTypes,INTERFACE
com.google.web.bindery.requestfactory.gwt.rebind.model.RequestMethod$CollectionType,ENUM
com.google.web.bindery.requestfactory.gwt.rebind.model.AcceptsModelVisitor,INTERFACE
com.google.web.bindery.requestfactory.gwt.rebind.model.EntityProxyModel$Type,ENUM
com.google.web.bindery.requestfactory.gwt.client.HasRequestContext,INTERFACE
com.google.web.bindery.requestfactory.gwt.client.RequestFactoryLogHandler$LoggingRequestProvider,INTERFACE
com.google.web.bindery.requestfactory.gwt.client.testing.package-info,INTERFACE
com.google.web.bindery.requestfactory.gwt.client.RequestFactoryEditorDriver,INTERFACE
com.google.web.bindery.requestfactory.gwt.client.package-info,INTERFACE
com.google.web.bindery.requestfactory.server.ReflectiveServiceLayer,CONSTANT
com.google.web.bindery.requestfactory.server.RequestFactoryJarExtractor$Loader,INTERFACE
com.google.web.bindery.requestfactory.server.ResolverServiceLayer,CONSTANT
com.google.web.bindery.requestfactory.server.DeadEntityException,EXCEPTION
com.google.web.bindery.requestfactory.server.LocatorServiceLayer,CONSTANT
com.google.web.bindery.requestfactory.server.RequestFactoryJarExtractor$Emitter,INTERFACE
com.google.web.bindery.requestfactory.server.ReportableException,EXCEPTION
com.google.web.bindery.requestfactory.server.package-info,INTERFACE
com.google.web.bindery.requestfactory.server.UnexpectedException,EXCEPTION
com.google.web.bindery.requestfactory.server.ExceptionHandler,INTERFACE
com.google.web.bindery.requestfactory.server.RequestFactoryJarExtractor$Mode,ENUM
com.google.web.bindery.requestfactory.shared.ProxyStore,INTERFACE
com.google.web.bindery.requestfactory.shared.impl.FindRequest,INTERFACE
com.google.web.bindery.requestfactory.shared.impl.Constants,INTERFACE
com.google.web.bindery.requestfactory.shared.impl.AbstractRequestContext$DialectImpl,INTERFACE
com.google.web.bindery.requestfactory.shared.impl.ProxySerializerImpl$NoDataException,EXCEPTION
com.google.web.bindery.requestfactory.shared.impl.MessageFactoryHolder,INTERFACE
com.google.web.bindery.requestfactory.shared.impl.EntityCodex$EntitySource,INTERFACE
com.google.web.bindery.requestfactory.shared.impl.Poser,INTERFACE
com.google.web.bindery.requestfactory.shared.impl.AbstractRequestContext$Dialect,ENUM
com.google.web.bindery.requestfactory.shared.Violation,INTERFACE
com.google.web.bindery.requestfactory.shared.JsonRpcService,ANNOTATION
com.google.web.bindery.requestfactory.shared.WriteOperation,ENUM
com.google.web.bindery.requestfactory.shared.Service,ANNOTATION
com.google.web.bindery.requestfactory.shared.messages.IdMessage$Strength,ENUM
com.google.web.bindery.requestfactory.shared.messages.InvocationMessage,INTERFACE
com.google.web.bindery.requestfactory.shared.messages.RequestMessage,INTERFACE
com.google.web.bindery.requestfactory.shared.messages.MessageFactory,INTERFACE
com.google.web.bindery.requestfactory.shared.messages.package-info,INTERFACE
com.google.web.bindery.requestfactory.shared.messages.IdMessage,INTERFACE
com.google.web.bindery.requestfactory.shared.messages.OperationMessage,INTERFACE
com.google.web.bindery.requestfactory.shared.messages.JsonRpcRequest,INTERFACE
com.google.web.bindery.requestfactory.shared.messages.VersionedMessage,INTERFACE
com.google.web.bindery.requestfactory.shared.messages.ServerFailureMessage,INTERFACE
com.google.web.bindery.requestfactory.shared.messages.ResponseMessage,INTERFACE
com.google.web.bindery.requestfactory.shared.messages.ViolationMessage,INTERFACE
com.google.web.bindery.requestfactory.shared.JsonRpcProxy,ANNOTATION
com.google.web.bindery.requestfactory.shared.ServiceLocator,INTERFACE
com.google.web.bindery.requestfactory.shared.EntityProxy,INTERFACE
com.google.web.bindery.requestfactory.shared.JsonRpcWireName,ANNOTATION
com.google.web.bindery.requestfactory.shared.ProxySerializer,INTERFACE
com.google.web.bindery.requestfactory.shared.ProxyFor,ANNOTATION
com.google.web.bindery.requestfactory.shared.SkipInterfaceValidation,ANNOTATION
com.google.web.bindery.requestfactory.shared.RequestTransport$TransportReceiver,INTERFACE
com.google.web.bindery.requestfactory.shared.ValueProxy,INTERFACE
com.google.web.bindery.requestfactory.shared.ExtraTypes,ANNOTATION
com.google.web.bindery.requestfactory.shared.RequestContext,INTERFACE
com.google.web.bindery.requestfactory.shared.LoggingRequest,INTERFACE
com.google.web.bindery.requestfactory.shared.JsonRpcContent,ANNOTATION
com.google.web.bindery.requestfactory.shared.package-info,INTERFACE
com.google.web.bindery.requestfactory.shared.ProxyForName,ANNOTATION
com.google.web.bindery.requestfactory.shared.BaseProxy,INTERFACE
com.google.web.bindery.requestfactory.shared.Request,INTERFACE
com.google.web.bindery.requestfactory.shared.InstanceRequest,INTERFACE
com.google.web.bindery.requestfactory.shared.EntityProxyId,INTERFACE
com.google.web.bindery.requestfactory.shared.EntityProxyChange$Handler,INTERFACE
com.google.web.bindery.requestfactory.shared.ServiceName,ANNOTATION
com.google.web.bindery.requestfactory.shared.RequestFactory,INTERFACE
com.google.web.bindery.requestfactory.shared.RequestTransport,INTERFACE
com.google.web.bindery.requestfactory.vm.InProcessRequestFactory$Factory,INTERFACE
com.google.web.bindery.requestfactory.vm.package-info,INTERFACE
com.google.web.bindery.requestfactory.apt.HaltException,EXCEPTION
com.google.web.bindery.requestfactory.apt.ClientToDomainMapper$UnmappedTypeException,EXCEPTION
com.google.web.bindery.event.shared.HandlerRegistration,INTERFACE
com.google.web.bindery.event.shared.SimpleEventBus$Command,INTERFACE
com.google.web.bindery.event.shared.UmbrellaException,EXCEPTION
com.google.gwt.regexp.shared.package-info,INTERFACE
com.google.gwt.core.client.HttpThrowableReporter,CONSTANT
com.google.gwt.core.client.impl.SchedulerImpl$Rescuer,CONSTANT
com.google.gwt.core.client.impl.CrossSiteIframeLoadingStrategy$IntToIntMap,CONSTANT
com.google.gwt.core.client.impl.SchedulerImpl$Task,CONSTANT
com.google.gwt.core.client.impl.CrossSiteLoadingStrategy$IntToIntMap,CONSTANT
com.google.gwt.core.client.impl.Impl,CONSTANT
com.google.gwt.core.client.impl.Md5Digest,CONSTANT
com.google.gwt.core.client.impl.SchedulerImpl$Flusher,CONSTANT
com.google.gwt.core.client.impl.AsyncFragmentLoader$Logger,INTERFACE
com.google.gwt.core.client.impl.AsyncFragmentLoader$HttpDownloadFailure,EXCEPTION
com.google.gwt.core.client.impl.AsyncFragmentLoader$LoadTerminatedHandler,INTERFACE
com.google.gwt.core.client.impl.AsyncFragmentLoader$HttpInstallFailure,EXCEPTION
com.google.gwt.core.client.impl.XhrLoadingStrategy$MockableXMLHttpRequest,INTERFACE
com.google.gwt.core.client.impl.AsyncFragmentLoader$LoadingStrategy,INTERFACE
com.google.gwt.core.client.GWT$DefaultUncaughtExceptionHandler,CONSTANT
com.google.gwt.core.client.EntryPoint,INTERFACE
com.google.gwt.core.client.CodeDownloadException$Reason,ENUM
com.google.gwt.core.client.SingleJsoImpl,ANNOTATION
com.google.gwt.core.client.JavaScriptException,CONSTANT
com.google.gwt.core.client.Scheduler$ScheduledCommand,INTERFACE
com.google.gwt.core.client.testing.package-info,INTERFACE
com.google.gwt.core.client.package-info,INTERFACE
com.google.gwt.core.client.CodeDownloadException,CONSTANT
com.google.gwt.core.client.GWT,CONSTANT
com.google.gwt.core.client.prefetch.package-info,INTERFACE
com.google.gwt.core.client.prefetch.PrefetchableResource,INTERFACE
com.google.gwt.core.client.SingleJsoImplName,ANNOTATION
com.google.gwt.core.client.AsyncProvider,INTERFACE
com.google.gwt.core.client.RunAsyncCallback,INTERFACE
com.google.gwt.core.client.GWT$UncaughtExceptionHandler,INTERFACE
com.google.gwt.core.client.Callback,INTERFACE
com.google.gwt.core.client.Scheduler$RepeatingCommand,INTERFACE
com.google.gwt.widget.client.package-info,INTERFACE
com.google.gwt.util.regexfilter.package-info,INTERFACE
com.google.gwt.touch.client.Momentum,INTERFACE
com.google.gwt.junit.tools.package-info,INTERFACE
com.google.gwt.junit.tools.JUnitCreator,CONSTANT
com.google.gwt.junit.JUnitShell$Strategy,INTERFACE
com.google.gwt.junit.JUnitFatalLaunchException,EXCEPTION
com.google.gwt.junit.RunStyleSelenium$SeleniumWrapper,INTERFACE
com.google.gwt.junit.DoNotRunWith,ANNOTATION
com.google.gwt.junit.Platform,ENUM
com.google.gwt.junit.rebind.JUnitTestCaseStubGenerator$MethodFilter,INTERFACE
com.google.gwt.junit.client.impl.JUnitHost,INTERFACE
com.google.gwt.junit.client.impl.ExceptionWrapper,CONSTANT
com.google.gwt.junit.client.impl.JUnitHostAsync,INTERFACE
com.google.gwt.junit.client.WithProperties,ANNOTATION
com.google.gwt.junit.client.package-info,INTERFACE
com.google.gwt.junit.client.GWTTestCase$TestModuleInfo,CONSTANT
com.google.gwt.junit.client.WithProperties$Property,ANNOTATION
com.google.gwt.junit.client.TimeoutException,CONSTANT
com.google.gwt.junit.remote.BrowserManager,INTERFACE
com.google.gwt.junit.remote.BrowserManagerProcess$KillTask,CONSTANT
com.google.gwt.junit.remote.BrowserManagerServer_Stub,CONSTANT
com.google.gwt.junit.remote.BrowserManagerProcess$ProcessExitCb,INTERFACE
com.google.gwt.activity.shared.package-info,INTERFACE
com.google.gwt.activity.shared.FilteredActivityMapper$Filter,INTERFACE
com.google.gwt.activity.shared.Activity,INTERFACE
com.google.gwt.activity.shared.ActivityMapper,INTERFACE
com.google.gwt.layout.client.Layout$AnimationCallback,INTERFACE
com.google.gwt.layout.client.Layout$Alignment,ENUM
com.google.gwt.layout.client.package-info,INTERFACE
com.google.gwt.resources.css.package-info,INTERFACE
com.google.gwt.resources.css.ast.HasNodes,INTERFACE
com.google.gwt.resources.css.ast.CssCompilerException,EXCEPTION
com.google.gwt.resources.css.ast.HasSelectors,INTERFACE
com.google.gwt.resources.css.ast.CssSubstitution,INTERFACE
com.google.gwt.resources.css.ast.HasProperties,INTERFACE
com.google.gwt.resources.css.ast.Context,INTERFACE
com.google.gwt.resources.css.ast.CssVisitable,INTERFACE
com.google.gwt.resources.ext.ResourceContext,INTERFACE
com.google.gwt.resources.ext.ClientBundleRequirements,INTERFACE
com.google.gwt.resources.ext.SupportsGeneratorResultCaching,INTERFACE
com.google.gwt.resources.ext.ResourceGeneratorUtil$Locator,INTERFACE
com.google.gwt.resources.ext.ResourceGeneratorUtil,CONSTANT
com.google.gwt.resources.ext.package-info,INTERFACE
com.google.gwt.resources.ext.ResourceGeneratorType,ANNOTATION
com.google.gwt.resources.ext.ClientBundleFields,INTERFACE
com.google.gwt.resources.ext.DefaultExtensions,ANNOTATION
com.google.gwt.resources.ext.ResourceGenerator,INTERFACE
com.google.gwt.resources.rg.ImageBundleBuilder$Arranger,INTERFACE
com.google.gwt.resources.rg.CssObfuscationStyle,ENUM
com.google.gwt.resources.rg.UnsuitableForStripException,EXCEPTION
com.google.gwt.resources.rg.ImageResourceGenerator$CannotBundleImageException,EXCEPTION
com.google.gwt.resources.client.CommonResources$InlineBlockStyle,INTERFACE
com.google.gwt.resources.client.CssResource$NotStrict,ANNOTATION
com.google.gwt.resources.client.ImageResource$ImageOptions,ANNOTATION
com.google.gwt.resources.client.GwtCreateResource$ClassType,ANNOTATION
com.google.gwt.resources.client.ImageResource$RepeatStyle,ENUM
com.google.gwt.resources.client.ImageResource,INTERFACE
com.google.gwt.resources.client.CssResource$ImportedWithPrefix,ANNOTATION
com.google.gwt.resources.client.TextResourceCallback,INTERFACE
com.google.gwt.resources.client.ResourcePrototype,INTERFACE
com.google.gwt.resources.client.CssResource,INTERFACE
com.google.gwt.resources.client.ClientBundle,INTERFACE
com.google.gwt.resources.client.CssResource$Shared,ANNOTATION
com.google.gwt.resources.client.DataResource,INTERFACE
com.google.gwt.resources.client.ResourceCallback,INTERFACE
com.google.gwt.resources.client.GwtCreateResource,INTERFACE
com.google.gwt.resources.client.ClientBundle$Source,ANNOTATION
com.google.gwt.resources.client.CommonResources$Bundle,INTERFACE
com.google.gwt.resources.client.ResourceException,EXCEPTION
com.google.gwt.resources.client.TextResource,INTERFACE
com.google.gwt.resources.client.package-info,INTERFACE
com.google.gwt.resources.client.CssResourceBase,INTERFACE
com.google.gwt.resources.client.ClientBundleWithLookup,INTERFACE
com.google.gwt.resources.client.CssResource$ClassName,ANNOTATION
com.google.gwt.resources.client.CssResource$Strict,ANNOTATION
com.google.gwt.resources.client.DataResource$MimeType,ANNOTATION
com.google.gwt.resources.client.CssResource$Import,ANNOTATION
com.google.gwt.resources.client.DataResource$DoNotEmbed,ANNOTATION
com.google.gwt.resources.client.ExternalTextResource,INTERFACE
com.google.gwt.animation.client.AnimationScheduler$AnimationCallback,INTERFACE
com.google.gwt.animation.client.package-info,INTERFACE
com.google.gwt.safehtml.shared.UriUtils,CONSTANT
com.google.gwt.safehtml.shared.SafeHtmlBuilder,CONSTANT
com.google.gwt.safehtml.shared.package-info,INTERFACE
com.google.gwt.safehtml.shared.SafeUri,INTERFACE
com.google.gwt.safehtml.shared.HtmlSanitizer,INTERFACE
com.google.gwt.safehtml.shared.SimpleHtmlSanitizer,CONSTANT
com.google.gwt.safehtml.shared.SafeHtmlUtils,CONSTANT
com.google.gwt.safehtml.shared.SafeHtml,INTERFACE
com.google.gwt.safehtml.rebind.ParsedHtmlTemplate$HtmlContext$Type,ENUM
com.google.gwt.safehtml.rebind.ParsedHtmlTemplate$LiteralChunk,CONSTANT
com.google.gwt.safehtml.rebind.ParsedHtmlTemplate$HtmlContext,CONSTANT
com.google.gwt.safehtml.rebind.HtmlTemplateParser,CONSTANT
com.google.gwt.safehtml.rebind.ParsedHtmlTemplate$ParameterChunk,CONSTANT
com.google.gwt.safehtml.rebind.ParsedHtmlTemplate$TemplateChunk,INTERFACE
com.google.gwt.safehtml.rebind.ParsedHtmlTemplate,CONSTANT
com.google.gwt.safehtml.rebind.ParsedHtmlTemplate$TemplateChunk$Kind,ENUM
com.google.gwt.safehtml.client.SafeHtmlTemplates$Template,ANNOTATION
com.google.gwt.safehtml.client.SafeHtmlTemplates,INTERFACE
com.google.gwt.safehtml.client.HasSafeHtml,INTERFACE
com.google.gwt.safehtml.client.package-info,INTERFACE
com.google.gwt.user.tools.util.package-info,INTERFACE
com.google.gwt.user.tools.ProjectCreator,CONSTANT
com.google.gwt.user.tools.WebAppCreator,CONSTANT
com.google.gwt.user.tools.package-info,INTERFACE
com.google.gwt.user.tools.ApplicationCreator,CONSTANT
com.google.gwt.user.tools.WebAppCreator$FileCreator,CONSTANT
com.google.gwt.user.tools.WebAppCreatorException,EXCEPTION
com.google.gwt.user.linker.rpc.package-info,INTERFACE
com.google.gwt.user.datepicker.client.DefaultCalendarView,CONSTANT
com.google.gwt.user.datepicker.client.package-info,INTERFACE
com.google.gwt.user.datepicker.client.DefaultMonthSelector,CONSTANT
com.google.gwt.user.datepicker.client.DateBox$Format,INTERFACE
com.google.gwt.user.cellview.client.CellList$Template,INTERFACE
com.google.gwt.user.cellview.client.CellBrowser$Template,INTERFACE
com.google.gwt.user.cellview.client.CellTreeNodeView$Template,INTERFACE
com.google.gwt.user.cellview.client.SimplePager$Resources,INTERFACE
com.google.gwt.user.cellview.client.CellList$Style,INTERFACE
com.google.gwt.user.cellview.client.DataGrid$Style,INTERFACE
com.google.gwt.user.cellview.client.SimplePager$Style,INTERFACE
com.google.gwt.user.cellview.client.HasKeyboardSelectionPolicy,INTERFACE
com.google.gwt.user.cellview.client.HasKeyboardPagingPolicy$KeyboardPagingPolicy,ENUM
com.google.gwt.user.cellview.client.ColumnSortEvent$Handler,INTERFACE
com.google.gwt.user.cellview.client.ColumnSortList$Delegate,INTERFACE
com.google.gwt.user.cellview.client.HasKeyboardSelectionPolicy$KeyboardSelectionPolicy,ENUM
com.google.gwt.user.cellview.client.HasDataPresenter$ElementIterator,INTERFACE
com.google.gwt.user.cellview.client.CellTree$BasicResources,INTERFACE
com.google.gwt.user.cellview.client.HasDataPresenter$View,INTERFACE
com.google.gwt.user.cellview.client.CellTree$Template,INTERFACE
com.google.gwt.user.cellview.client.CellBrowser$Resources,INTERFACE
com.google.gwt.user.cellview.client.CellTree$Resources,INTERFACE
com.google.gwt.user.cellview.client.SimplePager$TextLocation,ENUM
com.google.gwt.user.cellview.client.RowStyles,INTERFACE
com.google.gwt.user.cellview.client.HasDataPresenter$State,INTERFACE
com.google.gwt.user.cellview.client.LoadingStateChangeEvent$Handler,INTERFACE
com.google.gwt.user.cellview.client.package-info,INTERFACE
com.google.gwt.user.cellview.client.CellTable$Resources,INTERFACE
com.google.gwt.user.cellview.client.CellTable$Style,INTERFACE
com.google.gwt.user.cellview.client.CellTable$BasicResources,INTERFACE
com.google.gwt.user.cellview.client.CellTree$Style,INTERFACE
com.google.gwt.user.cellview.client.AbstractCellTable$Style,INTERFACE
com.google.gwt.user.cellview.client.DataGrid$Resources,INTERFACE
com.google.gwt.user.cellview.client.CellList$Resources,INTERFACE
com.google.gwt.user.cellview.client.TreeNode,INTERFACE
com.google.gwt.user.cellview.client.CellTable$BasicStyle,INTERFACE
com.google.gwt.user.cellview.client.AbstractCellTable$Resources,INTERFACE
com.google.gwt.user.cellview.client.LoadingStateChangeEvent$LoadingState,INTERFACE
com.google.gwt.user.cellview.client.CellBrowser$Style,INTERFACE
com.google.gwt.user.cellview.client.CellTree$BasicStyle,INTERFACE
com.google.gwt.user.cellview.client.HasKeyboardPagingPolicy,INTERFACE
com.google.gwt.user.cellview.client.AbstractCellTable$Template,INTERFACE
com.google.gwt.user.server.package-info,INTERFACE
com.google.gwt.user.server.rpc.SerializationPolicyLoader,CONSTANT
com.google.gwt.user.server.rpc.impl.SerializedInstanceReference,INTERFACE
com.google.gwt.user.server.rpc.impl.ServerSerializationStreamReader$VectorReader,ENUM
com.google.gwt.user.server.rpc.impl.ServerSerializationStreamWriter,CONSTANT
com.google.gwt.user.server.rpc.impl.TypeNameObfuscator,INTERFACE
com.google.gwt.user.server.rpc.impl.ServerSerializationStreamReader,CONSTANT
com.google.gwt.user.server.rpc.impl.ServerSerializationStreamWriter$ValueWriter,ENUM
com.google.gwt.user.server.rpc.impl.ServerSerializationStreamReader$ValueReader,ENUM
com.google.gwt.user.server.rpc.impl.ServerSerializationStreamWriter$VectorWriter,ENUM
com.google.gwt.user.server.rpc.NoXsrfProtect,ANNOTATION
com.google.gwt.user.server.rpc.RPCRequest,CONSTANT
com.google.gwt.user.server.rpc.package-info,INTERFACE
com.google.gwt.user.server.rpc.SerializationPolicyProvider,INTERFACE
com.google.gwt.user.server.rpc.RPC,CONSTANT
com.google.gwt.user.server.rpc.UnexpectedException,EXCEPTION
com.google.gwt.user.server.rpc.XsrfProtect,ANNOTATION
com.google.gwt.user.rebind.BadMethodException,EXCEPTION
com.google.gwt.user.rebind.ui.ImageBundleGenerator$ResourceLocator,INTERFACE
com.google.gwt.user.rebind.ui.ImageBundleBuilder$HasRect,INTERFACE
com.google.gwt.user.rebind.ui.ImageBundleGenerator$JMethodOracle,INTERFACE
com.google.gwt.user.rebind.SourceWriter,INTERFACE
com.google.gwt.user.rebind.rpc.SerializableTypeOracleImpl,CONSTANT
com.google.gwt.user.rebind.rpc.ProblemReport$Priority,ENUM
com.google.gwt.user.rebind.rpc.TypePaths$TypePath,INTERFACE
com.google.gwt.user.rebind.rpc.TypeFilter,INTERFACE
com.google.gwt.user.rebind.rpc.SerializableTypeOracle,INTERFACE
com.google.gwt.user.rebind.rpc.SerializableTypeOracleBuilder$TypeState,ENUM
com.google.gwt.user.client.impl.AsyncProxyBase$ParamCommand,INTERFACE
com.google.gwt.user.client.impl.WindowImplIE$Resources,INTERFACE
com.google.gwt.user.client.ui.SuggestOracle$Callback,INTERFACE
com.google.gwt.user.client.ui.TreeListener,INTERFACE
com.google.gwt.user.client.ui.NativeHorizontalScrollbar$Resources,INTERFACE
com.google.gwt.user.client.ui.impl.ClippedImageImpl$Template,INTERFACE
com.google.gwt.user.client.ui.impl.FormPanelImplHost,INTERFACE
com.google.gwt.user.client.ui.AttachDetachException$Command,INTERFACE
com.google.gwt.user.client.ui.PopupPanel$PositionCallback,INTERFACE
com.google.gwt.user.client.ui.SuggestBox$SuggestionCallback,INTERFACE
com.google.gwt.user.client.ui.SourcesLoadEvents,INTERFACE
com.google.gwt.user.client.ui.IsRenderable,INTERFACE
com.google.gwt.user.client.ui.FormPanel$SubmitHandler,INTERFACE
com.google.gwt.user.client.ui.NativeVerticalScrollbar$StyleTransparant,INTERFACE
com.google.gwt.user.client.ui.ValueBoxBase$TextAlignment,ENUM
com.google.gwt.user.client.ui.FiresDisclosureEvents,INTERFACE
com.google.gwt.user.client.ui.VerticalSplitPanel,CONSTANT
com.google.gwt.user.client.ui.IsTreeItem,INTERFACE
com.google.gwt.user.client.ui.TreeImages,INTERFACE
com.google.gwt.user.client.ui.HasValue,INTERFACE
com.google.gwt.user.client.ui.FiresSuggestionEvents,INTERFACE
com.google.gwt.user.client.ui.SourcesChangeEvents,INTERFACE
com.google.gwt.user.client.ui.SourcesTabEvents,INTERFACE
com.google.gwt.user.client.ui.SourcesPopupEvents,INTERFACE
com.google.gwt.user.client.ui.PopupPanel$AnimationType,ENUM
com.google.gwt.user.client.ui.PopupListener,INTERFACE
com.google.gwt.user.client.ui.RichTextArea$BasicFormatter,INTERFACE
com.google.gwt.user.client.ui.CustomScrollPanel$Resources,INTERFACE
com.google.gwt.user.client.ui.FormPanel$SubmitCompleteHandler,INTERFACE
com.google.gwt.user.client.ui.DisclosurePanelImages,INTERFACE
com.google.gwt.user.client.ui.HasName,INTERFACE
com.google.gwt.user.client.ui.Tree$Resources,INTERFACE
com.google.gwt.user.client.ui.VerticalScrollbar,INTERFACE
com.google.gwt.user.client.ui.RichTextArea$Formatter,INTERFACE
com.google.gwt.user.client.ui.VerticalSplitPanel$Resources,INTERFACE
com.google.gwt.user.client.ui.AnimatedLayout,INTERFACE
com.google.gwt.user.client.ui.HorizontalSplitPanelImages,INTERFACE
com.google.gwt.user.client.ui.CustomScrollPanel$Style,INTERFACE
com.google.gwt.user.client.ui.NativeHorizontalScrollbar$NativeHorizontalScrollbarUiBinder,INTERFACE
com.google.gwt.user.client.ui.FiresFormEvents,INTERFACE
com.google.gwt.user.client.ui.SourcesTreeEvents,INTERFACE
com.google.gwt.user.client.ui.MouseWheelListener,INTERFACE
com.google.gwt.user.client.ui.LoadListener,INTERFACE
com.google.gwt.user.client.ui.HasScrolling,INTERFACE
com.google.gwt.user.client.ui.DisclosurePanel$ClickableHeader,CONSTANT
com.google.gwt.user.client.ui.DisclosurePanel$DefaultImages,INTERFACE
com.google.gwt.user.client.ui.AttachDetachException,EXCEPTION
com.google.gwt.user.client.ui.HasTreeItems$ForIsWidget,INTERFACE
com.google.gwt.user.client.ui.ClickListener,INTERFACE
com.google.gwt.user.client.ui.VerticalSplitPanelImages,INTERFACE
com.google.gwt.user.client.ui.HasTreeItems,INTERFACE
com.google.gwt.user.client.ui.Accessibility,CONSTANT
com.google.gwt.user.client.ui.DisclosurePanel,CONSTANT
com.google.gwt.user.client.ui.RequiresResize,INTERFACE
com.google.gwt.user.client.ui.ScrollListener,INTERFACE
com.google.gwt.user.client.ui.HasHorizontalScrolling,INTERFACE
com.google.gwt.user.client.ui.MenuBar$Resources,INTERFACE
com.google.gwt.user.client.ui.HorizontalScrollbar,INTERFACE
com.google.gwt.user.client.ui.FocusListener,INTERFACE
com.google.gwt.user.client.ui.HasKeyPreview,INTERFACE
com.google.gwt.user.client.ui.NativeHorizontalScrollbar$ResourcesTransparant,INTERFACE
com.google.gwt.user.client.ui.ProvidesResize,INTERFACE
com.google.gwt.user.client.ui.NotificationMole$Binder,INTERFACE
com.google.gwt.user.client.ui.NativeHorizontalScrollbar$Style,INTERFACE
com.google.gwt.user.client.ui.package-info,INTERFACE
com.google.gwt.user.client.ui.MenuBar$MenuBarImages,INTERFACE
com.google.gwt.user.client.ui.DisclosureHandler,INTERFACE
com.google.gwt.user.client.ui.MouseListener,INTERFACE
com.google.gwt.user.client.ui.NativeVerticalScrollbar$Resources,INTERFACE
com.google.gwt.user.client.ui.DisclosurePanel$Imager,INTERFACE
com.google.gwt.user.client.ui.ImageBundle,INTERFACE
com.google.gwt.user.client.ui.HasDirectionalHtml,INTERFACE
com.google.gwt.user.client.ui.NotificationMole$Style,INTERFACE
com.google.gwt.user.client.ui.FiniteWidgetIterator$WidgetProvider,INTERFACE
com.google.gwt.user.client.ui.TabBar$Tab,INTERFACE
com.google.gwt.user.client.ui.NativeVerticalScrollbar$NativeVerticalScrollbarUiBinder,INTERFACE
com.google.gwt.user.client.ui.HorizontalSplitPanel$Resources,INTERFACE
com.google.gwt.user.client.ui.HasEnabled,INTERFACE
com.google.gwt.user.client.ui.HasAnimation,INTERFACE
com.google.gwt.user.client.ui.HasConstrainedValue,INTERFACE
com.google.gwt.user.client.ui.RenderablePanel$HTMLTemplates,INTERFACE
com.google.gwt.user.client.ui.DockLayoutPanel$Direction,ENUM
com.google.gwt.user.client.ui.Composite$HTMLTemplates,INTERFACE
com.google.gwt.user.client.ui.HasHTML,INTERFACE
com.google.gwt.user.client.ui.HasVerticalScrolling,INTERFACE
com.google.gwt.user.client.ui.ChangeListener,INTERFACE
com.google.gwt.user.client.ui.TabListener,INTERFACE
com.google.gwt.user.client.ui.DialogBox$Caption,INTERFACE
com.google.gwt.user.client.ui.TableListener,INTERFACE
com.google.gwt.user.client.ui.SourcesScrollEvents,INTERFACE
com.google.gwt.user.client.ui.RichTextArea$ExtendedFormatter,INTERFACE
com.google.gwt.user.client.ui.FormHandler,INTERFACE
com.google.gwt.user.client.ui.KeyboardListener,INTERFACE
com.google.gwt.user.client.ui.SuggestionHandler,INTERFACE
com.google.gwt.user.client.ui.ResizeLayoutPanel$Impl$Delegate,INTERFACE
com.google.gwt.user.client.ui.SuggestOracle$Suggestion,INTERFACE
com.google.gwt.user.client.ui.HasDirectionalSafeHtml,INTERFACE
com.google.gwt.user.client.ui.HorizontalSplitPanel,CONSTANT
com.google.gwt.user.client.ui.NativeHorizontalScrollbar$StyleTransparant,INTERFACE
com.google.gwt.user.client.ui.ImageBundle$Resource,ANNOTATION
com.google.gwt.user.client.ui.DisclosurePanelImagesRTL,INTERFACE
com.google.gwt.user.client.ui.NativeVerticalScrollbar$ResourcesTransparant,INTERFACE
com.google.gwt.user.client.ui.HasCaption,INTERFACE
com.google.gwt.user.client.ui.NativeVerticalScrollbar$Style,INTERFACE
com.google.gwt.user.client.Random,CONSTANT
com.google.gwt.user.client.WindowScrollListener,INTERFACE
com.google.gwt.user.client.AsyncProxy$AllowNonVoid,ANNOTATION
com.google.gwt.user.client.Event$NativePreviewHandler,INTERFACE
com.google.gwt.user.client.ResponseTextHandler,INTERFACE
com.google.gwt.user.client.HistoryListener,INTERFACE
com.google.gwt.user.client.WindowResizeListener,INTERFACE
com.google.gwt.user.client.Window$ScrollHandler,INTERFACE
com.google.gwt.user.client.Command,INTERFACE
com.google.gwt.user.client.WindowCloseListener,INTERFACE
com.google.gwt.user.client.IncrementalCommand,INTERFACE
com.google.gwt.user.client.EventPreview,INTERFACE
com.google.gwt.user.client.package-info,INTERFACE
com.google.gwt.user.client.TakesValue,INTERFACE
com.google.gwt.user.client.DocumentModeAsserter$Severity,ENUM
com.google.gwt.user.client.IncrementalCommandCanceledException,EXCEPTION
com.google.gwt.user.client.Window$ClosingHandler,INTERFACE
com.google.gwt.user.client.DocumentModeAsserter$DocumentModeProperty,INTERFACE
com.google.gwt.user.client.CommandCanceledException,EXCEPTION
com.google.gwt.user.client.UserAgentAsserter$UserAgentProperty,INTERFACE
com.google.gwt.user.client.rpc.AsyncCallback,INTERFACE
com.google.gwt.user.client.rpc.impl.RequestCallbackAdapter$ResponseReader,ENUM
com.google.gwt.user.client.rpc.impl.TypeHandler,INTERFACE
com.google.gwt.user.client.rpc.impl.ClientSerializationStreamReader,CONSTANT
com.google.gwt.user.client.rpc.impl.ClientSerializationStreamWriter,CONSTANT
com.google.gwt.user.client.rpc.impl.Serializer,INTERFACE
com.google.gwt.user.client.rpc.SerializationException,EXCEPTION
com.google.gwt.user.client.rpc.IsSerializable,INTERFACE
com.google.gwt.user.client.rpc.RemoteService,INTERFACE
com.google.gwt.user.client.rpc.ServiceDefTarget,INTERFACE
com.google.gwt.user.client.rpc.SerializationStreamWriter,INTERFACE
com.google.gwt.user.client.rpc.SerializationStreamFactory,INTERFACE
com.google.gwt.user.client.rpc.core.java.util.Arrays,CONSTANT
com.google.gwt.user.client.rpc.core.java.util.IdentityHashMap_CustomFieldSerializer,CONSTANT
com.google.gwt.user.client.rpc.core.java.util.LinkedHashMap_CustomFieldSerializer,CONSTANT
com.google.gwt.user.client.rpc.core.java.util.Collections$EmptyList_CustomFieldSerializer,CONSTANT
com.google.gwt.user.client.rpc.core.java.util.Collections,CONSTANT
com.google.gwt.user.client.rpc.core.java.util.ArrayList_CustomFieldSerializer,CONSTANT
com.google.gwt.user.client.rpc.core.java.util.Vector_CustomFieldSerializer,CONSTANT
com.google.gwt.user.client.rpc.core.java.util.LinkedList_CustomFieldSerializer,CONSTANT
com.google.gwt.user.client.rpc.core.java.util.HashSet_CustomFieldSerializer,CONSTANT
com.google.gwt.user.client.rpc.core.java.util.Collections$EmptyMap_CustomFieldSerializer,CONSTANT
com.google.gwt.user.client.rpc.core.java.util.Map_CustomFieldSerializerBase,CONSTANT
com.google.gwt.user.client.rpc.core.java.util.Arrays$ArrayList_CustomFieldSerializer,CONSTANT
com.google.gwt.user.client.rpc.core.java.util.Collections$SingletonList_CustomFieldSerializer,CONSTANT
com.google.gwt.user.client.rpc.core.java.util.HashMap_CustomFieldSerializer,CONSTANT
com.google.gwt.user.client.rpc.core.java.util.Date_CustomFieldSerializer,CONSTANT
com.google.gwt.user.client.rpc.core.java.util.Collections$EmptySet_CustomFieldSerializer,CONSTANT
com.google.gwt.user.client.rpc.core.java.util.Collection_CustomFieldSerializerBase,CONSTANT
com.google.gwt.user.client.rpc.core.java.lang.Short_CustomFieldSerializer,CONSTANT
com.google.gwt.user.client.rpc.core.java.lang.Byte_CustomFieldSerializer,CONSTANT
com.google.gwt.user.client.rpc.core.java.lang.Float_CustomFieldSerializer,CONSTANT
com.google.gwt.user.client.rpc.core.java.lang.Character_CustomFieldSerializer,CONSTANT
com.google.gwt.user.client.rpc.core.java.lang.Boolean_CustomFieldSerializer,CONSTANT
com.google.gwt.user.client.rpc.core.java.lang.Void_CustomFieldSerializer,CONSTANT
com.google.gwt.user.client.rpc.core.java.lang.Integer_CustomFieldSerializer,CONSTANT
com.google.gwt.user.client.rpc.core.java.lang.StackTraceElement_CustomFieldSerializer,CONSTANT
com.google.gwt.user.client.rpc.core.java.lang.Double_CustomFieldSerializer,CONSTANT
com.google.gwt.user.client.rpc.core.java.lang.Long_CustomFieldSerializer,CONSTANT
com.google.gwt.user.client.rpc.core.java.sql.Timestamp_CustomFieldSerializer,CONSTANT
com.google.gwt.user.client.rpc.core.java.sql.Time_CustomFieldSerializer,CONSTANT
com.google.gwt.user.client.rpc.core.java.sql.Date_CustomFieldSerializer,CONSTANT
com.google.gwt.user.client.rpc.SerializableException,EXCEPTION
com.google.gwt.user.client.rpc.ServiceDefTarget$NoServiceEntryPointSpecifiedException,EXCEPTION
com.google.gwt.user.client.rpc.RemoteServiceRelativePath,ANNOTATION
com.google.gwt.user.client.rpc.GwtTransient,ANNOTATION
com.google.gwt.user.client.rpc.InvocationException,EXCEPTION
com.google.gwt.user.client.rpc.RpcTokenException,EXCEPTION
com.google.gwt.user.client.rpc.package-info,INTERFACE
com.google.gwt.user.client.rpc.HasRpcToken,INTERFACE
com.google.gwt.user.client.rpc.XsrfTokenService,INTERFACE
com.google.gwt.user.client.rpc.StatusCodeException,EXCEPTION
com.google.gwt.user.client.rpc.XsrfTokenServiceAsync,INTERFACE
com.google.gwt.user.client.rpc.IncompatibleRemoteServiceException,CONSTANT
com.google.gwt.user.client.rpc.SerializationStreamReader,INTERFACE
com.google.gwt.user.client.rpc.RpcTokenExceptionHandler,INTERFACE
com.google.gwt.user.client.rpc.XsrfProtectedServiceAsync,INTERFACE
com.google.gwt.user.client.rpc.XsrfProtectedService,INTERFACE
com.google.gwt.user.client.rpc.RpcToken$RpcTokenImplementation,ANNOTATION
com.google.gwt.user.client.rpc.RpcToken,INTERFACE
com.google.gwt.user.client.AsyncProxy$ConcreteType,ANNOTATION
com.google.gwt.user.client.AsyncProxy,INTERFACE
com.google.gwt.user.client.AsyncProxy$DefaultValue,ANNOTATION
com.google.gwt.xhr.client.package-info,INTERFACE
com.google.gwt.xhr.client.ReadyStateChangeHandler,INTERFACE
com.google.gwt.codegen.server.SourceWriter,INTERFACE
com.google.gwt.codegen.server.CodeGenContext,INTERFACE
com.google.gwt.codegen.server.package-info,INTERFACE
com.google.gwt.codegen.server.StringGenerator$Type,ENUM
com.google.gwt.codegen.server.CodeGenContext$AbortCodeGenException,EXCEPTION
com.google.gwt.codegen.rebind.package-info,INTERFACE
com.google.gwt.safecss.shared.SafeStylesUtils,CONSTANT
com.google.gwt.safecss.shared.package-info,INTERFACE
com.google.gwt.safecss.shared.SafeStyles,INTERFACE
com.google.gwt.safecss.shared.SafeStylesBuilder,CONSTANT
com.google.gwt.xml.client.impl.DOMNodeException,EXCEPTION
com.google.gwt.xml.client.impl.DOMParseException,EXCEPTION
com.google.gwt.xml.client.DocumentFragment,INTERFACE
com.google.gwt.xml.client.Comment,INTERFACE
com.google.gwt.xml.client.Attr,INTERFACE
com.google.gwt.xml.client.NodeList,INTERFACE
com.google.gwt.xml.client.CharacterData,INTERFACE
com.google.gwt.xml.client.Element,INTERFACE
com.google.gwt.xml.client.EntityReference,INTERFACE
com.google.gwt.xml.client.package-info,INTERFACE
com.google.gwt.xml.client.CDATASection,INTERFACE
com.google.gwt.xml.client.ProcessingInstruction,INTERFACE
com.google.gwt.xml.client.Document,INTERFACE
com.google.gwt.xml.client.NamedNodeMap,INTERFACE
com.google.gwt.xml.client.Node,INTERFACE
com.google.gwt.xml.client.DOMException,EXCEPTION
com.google.gwt.xml.client.Text,INTERFACE
com.google.gwt.storage.client.Storage,CONSTANT
com.google.gwt.storage.client.StorageEvent$Handler,INTERFACE
com.google.gwt.canvas.dom.client.Context2d$TextAlign,ENUM
com.google.gwt.canvas.dom.client.Context2d$LineCap,ENUM
com.google.gwt.canvas.dom.client.Context,INTERFACE
com.google.gwt.canvas.dom.client.package-info,INTERFACE
com.google.gwt.canvas.dom.client.Context2d$Repetition,ENUM
com.google.gwt.canvas.dom.client.Context2d$TextBaseline,ENUM
com.google.gwt.canvas.dom.client.Context2d$Composite,ENUM
com.google.gwt.canvas.dom.client.Context2d$LineJoin,ENUM
com.google.gwt.canvas.client.package-info,INTERFACE
com.google.gwt.uibinder.attributeparsers.AttributeParser,INTERFACE
com.google.gwt.uibinder.attributeparsers.FieldReferenceConverter$Telltale,CONSTANT
com.google.gwt.uibinder.attributeparsers.package-info,INTERFACE
com.google.gwt.uibinder.attributeparsers.CssNameConverter$Failure,EXCEPTION
com.google.gwt.uibinder.attributeparsers.FieldReferenceConverter$IllegalFieldReferenceException,EXCEPTION
com.google.gwt.uibinder.attributeparsers.FieldReferenceConverter$Delegate,INTERFACE
com.google.gwt.uibinder.rebind.DesignTimeUtils,INTERFACE
com.google.gwt.uibinder.rebind.XMLElement$Interpreter,INTERFACE
com.google.gwt.uibinder.rebind.FieldWriter,INTERFACE
com.google.gwt.uibinder.rebind.Statements,INTERFACE
com.google.gwt.uibinder.rebind.XMLElement$PostProcessingInterpreter,INTERFACE
com.google.gwt.uibinder.rebind.FieldWriterType,ENUM
com.google.gwt.uibinder.rebind.Tokenator$Resolver,INTERFACE
com.google.gwt.uibinder.rebind.XMLElementProvider,INTERFACE
com.google.gwt.uibinder.rebind.UiBinderParser$Resource,ENUM
com.google.gwt.uibinder.rebind.NodeVisitor,INTERFACE
com.google.gwt.uibinder.client.UiFactory,ANNOTATION
com.google.gwt.uibinder.client.UiBinder,INTERFACE
com.google.gwt.uibinder.client.UiConstructor,ANNOTATION
com.google.gwt.uibinder.client.UiTemplate,ANNOTATION
com.google.gwt.uibinder.client.UiHandler,ANNOTATION
com.google.gwt.uibinder.client.package-info,INTERFACE
com.google.gwt.uibinder.client.UiChild,ANNOTATION
com.google.gwt.uibinder.client.UiField,ANNOTATION
com.google.gwt.uibinder.elementparsers.ComputedAttributeInterpreter$Delegate,INTERFACE
com.google.gwt.uibinder.elementparsers.HtmlMessageInterpreter$PlaceholderInterpreterProvider,INTERFACE
com.google.gwt.uibinder.elementparsers.NullInterpreter,CONSTANT
com.google.gwt.uibinder.elementparsers.package-info,INTERFACE
com.google.gwt.uibinder.elementparsers.ElementParser,INTERFACE
com.google.gwt.cell.client.ButtonCellBase$DefaultAppearance$Resources,INTERFACE
com.google.gwt.cell.client.FieldUpdater,INTERFACE
com.google.gwt.cell.client.Cell,INTERFACE
com.google.gwt.cell.client.ImageLoadingCell$Renderers,INTERFACE
com.google.gwt.cell.client.ImageCell$Template,INTERFACE
com.google.gwt.cell.client.ActionCell$Delegate,INTERFACE
com.google.gwt.cell.client.HasCell,INTERFACE
com.google.gwt.cell.client.package-info,INTERFACE
com.google.gwt.cell.client.ButtonCellBase$Appearance,INTERFACE
com.google.gwt.cell.client.ValueUpdater,INTERFACE
com.google.gwt.cell.client.SelectionCell$Template,INTERFACE
com.google.gwt.cell.client.IsCollapsible,INTERFACE
com.google.gwt.cell.client.TextInputCell$Template,INTERFACE
com.google.gwt.cell.client.IconCellDecorator$Template,INTERFACE
com.google.gwt.cell.client.ImageLoadingCell$Template,INTERFACE
com.google.gwt.cell.client.ImageLoadingCell$Resources,INTERFACE
com.google.gwt.cell.client.TextButtonCell$Appearance,INTERFACE
com.google.gwt.cell.client.ButtonCellBase$DefaultAppearance$Style,INTERFACE
com.google.gwt.cell.client.ButtonCellBase$Decoration,ENUM
com.google.gwt.cell.client.EditTextCell$Template,INTERFACE
com.google.gwt.cell.client.ButtonCellBase$DefaultAppearance$Template,INTERFACE
com.google.gwt.json.client.JSONException,EXCEPTION
com.google.gwt.json.client.package-info,INTERFACE
com.google.gwt.http.client.StringValidator,CONSTANT
com.google.gwt.http.client.RequestCallback,INTERFACE
com.google.gwt.http.client.RequestException,EXCEPTION
com.google.gwt.http.client.package-info,INTERFACE
com.google.gwt.http.client.URL,CONSTANT
com.google.gwt.http.client.RequestTimeoutException,EXCEPTION
com.google.gwt.http.client.RequestBuilder$Method,CONSTANT
com.google.gwt.http.client.RequestPermissionException,EXCEPTION
com.google.gwt.jsonp.client.package-info,INTERFACE
com.google.gwt.jsonp.client.TimeoutException,EXCEPTION
com.google.gwt.benchmarks.package-info,INTERFACE
com.google.gwt.benchmarks.client.RangeField,ANNOTATION
com.google.gwt.benchmarks.client.IterationTimeLimit,ANNOTATION
com.google.gwt.benchmarks.client.Operator,CONSTANT
com.google.gwt.benchmarks.client.RangeEnum,ANNOTATION
com.google.gwt.benchmarks.client.Teardown,ANNOTATION
com.google.gwt.benchmarks.client.package-info,INTERFACE
com.google.gwt.benchmarks.client.Category,INTERFACE
com.google.gwt.benchmarks.client.Setup,ANNOTATION
com.google.gwt.precompress.linker.package-info,INTERFACE
com.google.gwt.geolocation.client.PositionError,CONSTANT
com.google.gwt.geolocation.client.package-info,INTERFACE
com.google.gwt.geolocation.client.Position$Coordinates,INTERFACE
com.google.gwt.geolocation.client.Position,INTERFACE
com.google.gwt.view.client.ListDataProvider$ListWrapper$WrappedListIterator,CONSTANT
com.google.gwt.view.client.DefaultSelectionEventManager$SelectAction,ENUM
com.google.gwt.view.client.TreeViewModel$NodeInfo,INTERFACE
com.google.gwt.view.client.CellPreviewEvent$Handler,INTERFACE
com.google.gwt.view.client.HasData,INTERFACE
com.google.gwt.view.client.HasKeyProvider,INTERFACE
com.google.gwt.view.client.SelectionChangeEvent$Handler,INTERFACE
com.google.gwt.view.client.package-info,INTERFACE
com.google.gwt.view.client.RowCountChangeEvent$Handler,INTERFACE
com.google.gwt.view.client.HasCellPreviewHandlers,INTERFACE
com.google.gwt.view.client.HasRows,INTERFACE
com.google.gwt.view.client.RangeChangeEvent$Handler,INTERFACE
com.google.gwt.view.client.TreeViewModel,INTERFACE
com.google.gwt.view.client.DefaultSelectionEventManager$EventTranslator,INTERFACE
com.google.gwt.view.client.SelectionModel,INTERFACE
com.google.gwt.view.client.SelectionChangeEvent$HasSelectionChangedHandlers,INTERFACE
com.google.gwt.view.client.ProvidesKey,INTERFACE
com.google.gwt.dom.client.Style$HasCssName,INTERFACE
com.google.gwt.dom.client.TagName,ANNOTATION
com.google.gwt.dom.client.Style$Display,ENUM
com.google.gwt.dom.client.Style$BorderStyle,ENUM
com.google.gwt.dom.client.Style$FontStyle,ENUM
com.google.gwt.dom.client.Style$Float,ENUM
com.google.gwt.dom.client.PartialSupport,ANNOTATION
com.google.gwt.dom.client.Style$Cursor,ENUM
com.google.gwt.dom.client.package-info,INTERFACE
com.google.gwt.dom.client.Style$VerticalAlign,ENUM
com.google.gwt.dom.client.Style$TextDecoration,ENUM
com.google.gwt.dom.client.Style$FontWeight,ENUM
com.google.gwt.dom.client.Style$TableLayout,ENUM
com.google.gwt.dom.client.Style$Overflow,ENUM
com.google.gwt.dom.client.Style$Position,ENUM
com.google.gwt.dom.client.Style$ListStyleType,ENUM
com.google.gwt.dom.client.Style$Unit,ENUM
com.google.gwt.dom.client.Style$Visibility,ENUM
com.google.gwt.text.shared.testing.package-info,INTERFACE
com.google.gwt.text.shared.package-info,INTERFACE
com.google.gwt.text.shared.Parser,INTERFACE
com.google.gwt.text.shared.SafeHtmlRenderer,INTERFACE
com.google.gwt.text.shared.Renderer,INTERFACE
com.google.gwt.text.client.package-info,INTERFACE
com.google.gwt.place.shared.PlaceTokenizer,INTERFACE
com.google.gwt.place.shared.PlaceHistoryMapperWithFactory,INTERFACE
com.google.gwt.place.shared.PlaceController$Delegate,INTERFACE
com.google.gwt.place.shared.PlaceHistoryMapper,INTERFACE
com.google.gwt.place.shared.PlaceHistoryHandler$Historian,INTERFACE
com.google.gwt.place.shared.PlaceChangeRequestEvent$Handler,INTERFACE
com.google.gwt.place.shared.package-info,INTERFACE
com.google.gwt.place.shared.Prefix,ANNOTATION
com.google.gwt.place.shared.WithTokenizers,ANNOTATION
com.google.gwt.place.shared.PlaceChangeEvent$Handler,INTERFACE
com.google.gwt.i18n.server.MessageFormVisitor,INTERFACE
com.google.gwt.i18n.server.MessageInterfaceVisitor,INTERFACE
com.google.gwt.i18n.server.MessageCatalogFactory$Context,INTERFACE
com.google.gwt.i18n.server.Parameter,INTERFACE
com.google.gwt.i18n.server.MessageInterface,INTERFACE
com.google.gwt.i18n.server.MessageCatalogFactory$Writer,INTERFACE
com.google.gwt.i18n.server.MessageTranslation,INTERFACE
com.google.gwt.i18n.server.MessageProcessingException,EXCEPTION
com.google.gwt.i18n.server.Message,INTERFACE
com.google.gwt.i18n.server.keygen.package-info,INTERFACE
com.google.gwt.i18n.server.MessageCatalogFactory,INTERFACE
com.google.gwt.i18n.server.KeyGenerator,INTERFACE
com.google.gwt.i18n.server.testing.Gender,ENUM
com.google.gwt.i18n.server.testing.Child,INTERFACE
com.google.gwt.i18n.server.testing.Parent,INTERFACE
com.google.gwt.i18n.server.MessageVisitor,INTERFACE
com.google.gwt.i18n.server.package-info,INTERFACE
com.google.gwt.i18n.server.MessageFormatUtils$TemplateChunkVisitor,INTERFACE
com.google.gwt.i18n.server.MessageUtils$KeyGeneratorException,EXCEPTION
com.google.gwt.i18n.server.MessageFormatUtils$VisitorAbortException,EXCEPTION
com.google.gwt.i18n.server.MessageFormatUtils$MessageStyle,ENUM
com.google.gwt.i18n.shared.GwtLocaleFactory,INTERFACE
com.google.gwt.i18n.shared.CustomDateTimeFormat$Pattern,ANNOTATION
com.google.gwt.i18n.shared.CustomDateTimeFormat,INTERFACE
com.google.gwt.i18n.shared.TimeZone,INTERFACE
com.google.gwt.i18n.shared.package-info,INTERFACE
com.google.gwt.i18n.shared.DateTimeFormatInfo,INTERFACE
com.google.gwt.i18n.shared.GwtLocale,INTERFACE
com.google.gwt.i18n.shared.DateTimeFormat$PredefinedFormat,ENUM
com.google.gwt.i18n.shared.BidiFormatterBase$Format,CONSTANT
com.google.gwt.i18n.shared.Localizable,INTERFACE
com.google.gwt.i18n.shared.AlternateMessageSelector,INTERFACE
com.google.gwt.i18n.rebind.AnnotationsResource$AnnotationsError,EXCEPTION
com.google.gwt.i18n.rebind.MessagesMethodCreator$ListAccessor,INTERFACE
com.google.gwt.i18n.rebind.keygen.KeyGenerator,INTERFACE
com.google.gwt.i18n.rebind.keygen.package-info,INTERFACE
com.google.gwt.i18n.rebind.SimpleValueMethodCreator$BadBooleanPropertyValue,EXCEPTION
com.google.gwt.i18n.rebind.MessagesMethodCreator$Parameters,INTERFACE
com.google.gwt.i18n.rebind.package-info,INTERFACE
com.google.gwt.i18n.rebind.AbstractResource$MissingResourceException,EXCEPTION
com.google.gwt.i18n.rebind.MessagesMethodCreator$ValueFormatter,INTERFACE
com.google.gwt.i18n.rebind.format.package-info,INTERFACE
com.google.gwt.i18n.rebind.format.MessageCatalogFormat,INTERFACE
com.google.gwt.i18n.rebind.MessageFormatParser$TemplateChunkVisitor,INTERFACE
com.google.gwt.i18n.rebind.AbstractResource$ResourceEntry,INTERFACE
com.google.gwt.i18n.client.LocalizableResource$Description,ANNOTATION
com.google.gwt.i18n.client.Constants$DefaultStringArrayValue,ANNOTATION
com.google.gwt.i18n.client.impl.ConstantMap$EntryImpl,CONSTANT
com.google.gwt.i18n.client.impl.CurrencyDataImpl,CONSTANT
com.google.gwt.i18n.client.impl.cldr.package-info,INTERFACE
com.google.gwt.i18n.client.Constants$DefaultIntValue,ANNOTATION
com.google.gwt.i18n.client.Constants,INTERFACE
com.google.gwt.i18n.client.Messages$Example,ANNOTATION
com.google.gwt.i18n.client.Messages,INTERFACE
com.google.gwt.i18n.client.CustomDateTimeFormat$Pattern,ANNOTATION
com.google.gwt.i18n.client.Constants$DefaultFloatValue,ANNOTATION
com.google.gwt.i18n.client.LocalizableResource$GeneratedFrom,ANNOTATION
com.google.gwt.i18n.client.Constants$DefaultDoubleValue,ANNOTATION
com.google.gwt.i18n.client.PluralRule,INTERFACE
com.google.gwt.i18n.client.ConstantsWithLookup,INTERFACE
com.google.gwt.i18n.client.constants.DateTimeConstantsImpl,INTERFACE
com.google.gwt.i18n.client.constants.LocaleConstants,INTERFACE
com.google.gwt.i18n.client.constants.TimeZoneConstants,INTERFACE
com.google.gwt.i18n.client.constants.NumberConstantsImpl,INTERFACE
com.google.gwt.i18n.client.constants.CurrencyCodeMapConstants,INTERFACE
com.google.gwt.i18n.client.constants.DateTimeConstants,INTERFACE
com.google.gwt.i18n.client.constants.package-info,INTERFACE
com.google.gwt.i18n.client.constants.NumberConstants,INTERFACE
com.google.gwt.i18n.client.CustomDateTimeFormat,INTERFACE
com.google.gwt.i18n.client.LocalizableResource$Meaning,ANNOTATION
com.google.gwt.i18n.client.Constants$DefaultStringMapValue,ANNOTATION
com.google.gwt.i18n.client.LocalizableResource$Key,ANNOTATION
com.google.gwt.i18n.client.Messages$Offset,ANNOTATION
com.google.gwt.i18n.client.LocalizedNames,INTERFACE
com.google.gwt.i18n.client.Messages$AlternateMessage,ANNOTATION
com.google.gwt.i18n.client.AutoDirectionHandler$Target,INTERFACE
com.google.gwt.i18n.client.package-info,INTERFACE
com.google.gwt.i18n.client.CurrencyData,INTERFACE
com.google.gwt.i18n.client.Dictionary,CONSTANT
com.google.gwt.i18n.client.HasDirection$Direction,ENUM
com.google.gwt.i18n.client.Messages$PluralText,ANNOTATION
com.google.gwt.i18n.client.LocalizableResource$GenerateKeys,ANNOTATION
com.google.gwt.i18n.client.Constants$DefaultBooleanValue,ANNOTATION
com.google.gwt.i18n.client.LocalizableResource$DefaultLocale,ANNOTATION
com.google.gwt.i18n.client.DateTimeFormatInfo,INTERFACE
com.google.gwt.i18n.client.Messages$PluralCount,ANNOTATION
com.google.gwt.i18n.client.Messages$Optional,ANNOTATION
com.google.gwt.i18n.client.LocalizableResource$Generate,ANNOTATION
com.google.gwt.i18n.client.Messages$DefaultMessage,ANNOTATION
com.google.gwt.i18n.client.LocalizableResource,INTERFACE
com.google.gwt.i18n.client.Constants$DefaultStringValue,ANNOTATION
com.google.gwt.i18n.client.DateTimeFormat$PredefinedFormat,ENUM
com.google.gwt.i18n.client.Localizable,INTERFACE
com.google.gwt.i18n.client.Messages$Select,ANNOTATION
com.google.gwt.rpc.linker.package-info,INTERFACE
com.google.gwt.rpc.server.CastableTypeData,INTERFACE
com.google.gwt.rpc.server.WebModeClientOracle,CONSTANT
com.google.gwt.rpc.server.HostedModeClientOracle,CONSTANT
com.google.gwt.rpc.server.package-info,INTERFACE
com.google.gwt.rpc.server.CommandSerializationUtil$TypeAccessor,ENUM
com.google.gwt.rpc.server.CommandSerializationUtil$Accessor,INTERFACE
com.google.gwt.rpc.client.impl.RemoteException,EXCEPTION
com.google.gwt.rpc.client.package-info,INTERFACE
com.google.gwt.rpc.client.ast.HasSetters,INTERFACE
com.google.gwt.rpc.client.ast.RpcCommandVisitor$Context,INTERFACE
com.google.gwt.rpc.client.ast.HasValues,INTERFACE
com.google.gwt.rpc.client.ast.HasTargetClass,INTERFACE
com.google.gwt.rpc.client.RpcService,INTERFACE
com.google.gwt.event.shared.HandlerRegistration,INTERFACE
com.google.gwt.event.shared.testing.package-info,INTERFACE
com.google.gwt.event.shared.package-info,INTERFACE
com.google.gwt.event.shared.UmbrellaException,EXCEPTION
com.google.gwt.event.logical.shared.HasValueChangeHandlers,INTERFACE
com.google.gwt.event.logical.shared.ShowRangeHandler,INTERFACE
com.google.gwt.event.logical.shared.OpenHandler,INTERFACE
com.google.gwt.event.logical.shared.HasShowRangeHandlers,INTERFACE
com.google.gwt.event.logical.shared.HasInitializeHandlers,INTERFACE
com.google.gwt.event.logical.shared.HighlightHandler,INTERFACE
com.google.gwt.event.logical.shared.SelectionHandler,INTERFACE
com.google.gwt.event.logical.shared.ResizeHandler,INTERFACE
com.google.gwt.event.logical.shared.CloseHandler,INTERFACE
com.google.gwt.event.logical.shared.InitializeHandler,INTERFACE
com.google.gwt.event.logical.shared.AttachEvent$Handler,INTERFACE
com.google.gwt.event.logical.shared.package-info,INTERFACE
com.google.gwt.event.logical.shared.BeforeSelectionHandler,INTERFACE
com.google.gwt.event.logical.shared.HasSelectionHandlers,INTERFACE
com.google.gwt.event.logical.shared.HasCloseHandlers,INTERFACE
com.google.gwt.event.logical.shared.ValueChangeHandler,INTERFACE
com.google.gwt.event.logical.shared.HasHighlightHandlers,INTERFACE
com.google.gwt.event.logical.shared.HasResizeHandlers,INTERFACE
com.google.gwt.event.logical.shared.HasOpenHandlers,INTERFACE
com.google.gwt.event.logical.shared.HasBeforeSelectionHandlers,INTERFACE
com.google.gwt.event.dom.client.HasAllMediaHandlers,INTERFACE
com.google.gwt.event.dom.client.DragEnterClickHandler,INTERFACE
com.google.gwt.event.dom.client.HasChangeHandlers,INTERFACE
com.google.gwt.event.dom.client.HasCanPlayThroughHandlers,INTERFACE
com.google.gwt.event.dom.client.BlurHandler,INTERFACE
com.google.gwt.event.dom.client.KeyPressHandler,INTERFACE
com.google.gwt.event.dom.client.ScrollHandler,INTERFACE
com.google.gwt.event.dom.client.DragOverHandler,INTERFACE
com.google.gwt.event.dom.client.ContextMenuHandler,INTERFACE
com.google.gwt.event.dom.client.MouseUpHandler,INTERFACE
com.google.gwt.event.dom.client.DragEnterHandler,INTERFACE
com.google.gwt.event.dom.client.DragHandler,INTERFACE
com.google.gwt.event.dom.client.ProgressHandler,INTERFACE
com.google.gwt.event.dom.client.TouchStartHandler,INTERFACE
com.google.gwt.event.dom.client.CanPlayThroughHandler,INTERFACE
com.google.gwt.event.dom.client.MouseOverHandler,INTERFACE
com.google.gwt.event.dom.client.HasLoseCaptureHandlers,INTERFACE
com.google.gwt.event.dom.client.EndedHandler,INTERFACE
com.google.gwt.event.dom.client.GestureEndHandler,INTERFACE
com.google.gwt.event.dom.client.MouseMoveHandler,INTERFACE
com.google.gwt.event.dom.client.LoadHandler,INTERFACE
com.google.gwt.event.dom.client.KeyDownHandler,INTERFACE
com.google.gwt.event.dom.client.DoubleClickHandler,INTERFACE
com.google.gwt.event.dom.client.GestureChangeHandler,INTERFACE
com.google.gwt.event.dom.client.GestureStartHandler,INTERFACE
com.google.gwt.event.dom.client.HasContextMenuHandlers,INTERFACE
com.google.gwt.event.dom.client.ErrorHandler,INTERFACE
com.google.gwt.event.dom.client.LoseCaptureHandler,INTERFACE
com.google.gwt.event.dom.client.HasNativeEvent,INTERFACE
com.google.gwt.event.dom.client.HasErrorHandlers,INTERFACE
com.google.gwt.event.dom.client.MouseDownHandler,INTERFACE
com.google.gwt.event.dom.client.package-info,INTERFACE
com.google.gwt.event.dom.client.DropHandler,INTERFACE
com.google.gwt.event.dom.client.HasProgressHandlers,INTERFACE
com.google.gwt.event.dom.client.HasScrollHandlers,INTERFACE
com.google.gwt.event.dom.client.HasEndedHandlers,INTERFACE
com.google.gwt.event.dom.client.FocusHandler,INTERFACE
com.google.gwt.event.dom.client.DragEndHandler,INTERFACE
com.google.gwt.event.dom.client.TouchCancelHandler,INTERFACE
com.google.gwt.event.dom.client.DragLeaveHandler,INTERFACE
com.google.gwt.event.dom.client.TouchEndHandler,INTERFACE
com.google.gwt.event.dom.client.HasLoadHandlers,INTERFACE
com.google.gwt.event.dom.client.ChangeHandler,INTERFACE
com.google.gwt.event.dom.client.MouseWheelHandler,INTERFACE
com.google.gwt.event.dom.client.DragStartHandler,INTERFACE
com.google.gwt.event.dom.client.MouseOutHandler,INTERFACE
com.google.gwt.event.dom.client.TouchMoveHandler,INTERFACE
com.google.gwt.event.dom.client.KeyUpHandler,INTERFACE
com.google.gwt.logging.impl.LevelImpl,INTERFACE
com.google.gwt.logging.impl.LoggerImpl,INTERFACE
com.google.gwt.logging.server.RemoteLoggingServiceUtil$RemoteLoggingException,EXCEPTION
com.google.gwt.logging.server.package-info,INTERFACE
com.google.gwt.logging.shared.RemoteLoggingServiceAsync,INTERFACE
com.google.gwt.logging.shared.package-info,INTERFACE
com.google.gwt.logging.shared.RemoteLoggingService,INTERFACE
com.google.gwt.logging.client.LogConfiguration$LogConfigurationImpl,INTERFACE
com.google.gwt.logging.client.SimpleRemoteLogHandler,CONSTANT
com.google.gwt.logging.client.DefaultLevel,INTERFACE
com.google.gwt.logging.client.package-info,INTERFACE
com.google.gwt.editor.ui.client.adapters.package-info,INTERFACE
com.google.gwt.editor.ui.client.package-info,INTERFACE
com.google.gwt.editor.ui.client.ValueBoxEditorDecorator$Binder,INTERFACE
com.google.gwt.editor.client.impl.DelegateMap$KeyMethod,INTERFACE
com.google.gwt.editor.client.SimpleBeanEditorDriver,INTERFACE
com.google.gwt.editor.client.Editor$Path,ANNOTATION
com.google.gwt.editor.client.EditorError,INTERFACE
com.google.gwt.editor.client.HasEditorErrors,INTERFACE
com.google.gwt.editor.client.HasEditorDelegate,INTERFACE
com.google.gwt.editor.client.testing.package-info,INTERFACE
com.google.gwt.editor.client.adapters.package-info,INTERFACE
com.google.gwt.editor.client.CompositeEditor$EditorChain,INTERFACE
com.google.gwt.editor.client.package-info,INTERFACE
com.google.gwt.editor.client.EditorContext,INTERFACE
com.google.gwt.editor.client.ValueAwareEditor,INTERFACE
com.google.gwt.editor.client.LeafValueEditor,INTERFACE
com.google.gwt.editor.client.Editor,INTERFACE
com.google.gwt.editor.client.EditorDriver,INTERFACE
com.google.gwt.editor.client.CompositeEditor,INTERFACE
com.google.gwt.editor.client.Editor$Ignore,ANNOTATION
com.google.gwt.editor.client.EditorDelegate,INTERFACE
com.google.gwt.validation.rebind.BeanHelper,CONSTANT
com.google.gwt.validation.rebind.GwtSpecificValidatorCreator$Stage,ENUM
com.google.gwt.validation.client.impl.ConstraintValidatorContextImpl$NodeBuilderDefinedContextImpl,CONSTANT
com.google.gwt.validation.client.impl.ConstraintValidatorContextImpl$NodeBuilderCustomizableContextImpl,CONSTANT
com.google.gwt.validation.client.impl.GwtBeanDescriptorImpl,CONSTANT
com.google.gwt.validation.client.impl.GwtSpecificValidator,INTERFACE
com.google.gwt.validation.client.impl.ConstraintValidatorContextImpl$NodeContextBuilderImpl,CONSTANT
com.google.gwt.validation.client.impl.AbstractGwtSpecificValidator$AttributeBuilder,CONSTANT
com.google.gwt.validation.client.impl.ConstraintValidatorContextImpl$ConstraintViolationBuilderImpl,CONSTANT
com.google.gwt.validation.client.impl.GwtBeanDescriptor,INTERFACE
com.google.gwt.validation.client.impl.GwtBeanDescriptorImpl$Builder,CONSTANT
com.google.gwt.validation.client.BaseMessageInterpolator$Function,INTERFACE
com.google.gwt.validation.client.UserValidationMessagesResolver,INTERFACE
com.google.gwt.validation.client.ValidationMessageResolver,INTERFACE
com.google.gwt.validation.client.GwtValidation,ANNOTATION
com.google.gwt.validation.client.ProviderValidationMessageResolver,INTERFACE
com.google.gwt.debug.client.package-info,INTERFACE
com.google.gwt.media.dom.client.package-info,INTERFACE
com.google.gwt.media.client.package-info,INTERFACE
com.bradrydzewski.gwt.calendar.client.Attending,ENUM
com.bradrydzewski.gwt.calendar.client.HasAppointments,INTERFACE
com.bradrydzewski.gwt.calendar.client.CalendarSettings$Click,ENUM
com.bradrydzewski.gwt.calendar.client.HasLayout,INTERFACE
com.bradrydzewski.gwt.calendar.client.i18n.CalendarConstants,INTERFACE
com.bradrydzewski.gwt.calendar.client.event.HasUpdateHandlers,INTERFACE
com.bradrydzewski.gwt.calendar.client.event.WeekSelectionHandler,INTERFACE
com.bradrydzewski.gwt.calendar.client.event.TimeBlockClickHandler,INTERFACE
com.bradrydzewski.gwt.calendar.client.event.HasMouseOverHandlers,INTERFACE
com.bradrydzewski.gwt.calendar.client.event.DeleteHandler,INTERFACE
com.bradrydzewski.gwt.calendar.client.event.MouseOverHandler,INTERFACE
com.bradrydzewski.gwt.calendar.client.event.DaySelectionHandler,INTERFACE
com.bradrydzewski.gwt.calendar.client.event.DateRequestHandler,INTERFACE
com.bradrydzewski.gwt.calendar.client.event.HasDeleteHandlers,INTERFACE
com.bradrydzewski.gwt.calendar.client.event.HasTimeBlockClickHandlers,INTERFACE
com.bradrydzewski.gwt.calendar.client.event.CreateHandler,INTERFACE
com.bradrydzewski.gwt.calendar.client.event.RollbackException,EXCEPTION
com.bradrydzewski.gwt.calendar.client.event.UpdateHandler,INTERFACE
com.bradrydzewski.gwt.calendar.client.event.HasDateRequestHandlers,INTERFACE
com.bradrydzewski.gwt.calendar.client.CalendarViews,ENUM
com.bradrydzewski.gwt.calendar.client.ThemeAppointmentStyle,INTERFACE
