{
"com.bradrydzewski.gwt.calendar.client.AppointmentManager": ["AppointmentManager()V","getAppointments()Ljava/util/ArrayList;","addAppointment(Lcom/bradrydzewski/gwt/calendar/client/Appointment;)V","addAppointments(Ljava/util/ArrayList;)V","clearAppointments()V","getSelectedAppointment()Lcom/bradrydzewski/gwt/calendar/client/Appointment;","setSelectedAppointment(Lcom/bradrydzewski/gwt/calendar/client/Appointment;)V","selectNextAppointment()Z","removeAppointment(Lcom/bradrydzewski/gwt/calendar/client/Appointment;)V","hasAppointmentSelected()Z","removeCurrentlySelectedAppointment()V","selectPreviousAppointment()Z"],
"com.bradrydzewski.gwt.calendar.client.Appointment": ["Appointment()V","setStart(Ljava/util/Date;)V","setEnd(Ljava/util/Date;)V","getStart()Ljava/util/Date;","getEnd()Ljava/util/Date;","isAllDay()Z","isMultiDay()Z","setTitle(Ljava/lang/String;)V","setAllDay(Z)V","setId(Ljava/lang/String;)V","setDescription(Ljava/lang/String;)V","setLocation(Ljava/lang/String;)V","setCreatedBy(Ljava/lang/String;)V","setAttendees(Ljava/util/List;)V","setStyle(Lcom/bradrydzewski/gwt/calendar/client/AppointmentStyle;)V","setCustomStyle(Ljava/lang/String;)V","clone()Lcom/bradrydzewski/gwt/calendar/client/Appointment;","setReadOnly(Z)V","getId()Ljava/lang/String;","getTitle()Ljava/lang/String;","getDescription()Ljava/lang/String;","getLocation()Ljava/lang/String;","getCreatedBy()Ljava/lang/String;","getAttendees()Ljava/util/List;","getStyle()Lcom/bradrydzewski/gwt/calendar/client/AppointmentStyle;","getCustomStyle()Ljava/lang/String;"],
"com.bradrydzewski.gwt.calendar.client.AppointmentStyle": ["<clinit>()V","AppointmentStyle(Ljava/lang/String;I)V"],
"com.bradrydzewski.gwt.calendar.client.util.AppointmentUtil": ["rangeContains(Lcom/bradrydzewski/gwt/calendar/client/Appointment;Ljava/util/Date;Ljava/util/Date;)Z"],
"com.bradrydzewski.gwt.calendar.client.DateUtils": ["differenceInDays(Ljava/util/Date;Ljava/util/Date;)I","areOnTheSameDay(Ljava/util/Date;Ljava/util/Date;)Z","resetTime(Ljava/util/Date;)V","safeInMillis(Ljava/util/Date;)J","areOnTheSameMonth(Ljava/util/Date;Ljava/util/Date;)Z","newDate(Ljava/util/Date;)Ljava/util/Date;","moveOneDayForward(Ljava/util/Date;)Ljava/util/Date;","firstOfTheMonth(Ljava/util/Date;)Ljava/util/Date;","firstOfNextMonth(Ljava/util/Date;)Ljava/util/Date;","previousDay(Ljava/util/Date;)Ljava/util/Date;"],
"com.bradrydzewski.gwt.calendar.client.monthview.AppointmentLayoutDescription": ["AppointmentLayoutDescription(IILcom/bradrydzewski/gwt/calendar/client/Appointment;)V","spansMoreThanADay()Z","split()Lcom/bradrydzewski/gwt/calendar/client/monthview/AppointmentLayoutDescription;","getWeekStartDay()I","getWeekEndDay()I","overlapsWithRange(II)Z","AppointmentLayoutDescription(ILcom/bradrydzewski/gwt/calendar/client/Appointment;)V","getAppointment()Lcom/bradrydzewski/gwt/calendar/client/Appointment;"],
"com.bradrydzewski.gwt.calendar.client.monthview.WeekLayoutDescription": ["WeekLayoutDescription(Ljava/util/Date;Ljava/util/Date;)V","WeekLayoutDescription(Ljava/util/Date;Ljava/util/Date;I)V","areThereAppointmentsOnDay(I)Z","assertValidDayIndex(I)V","addMultiDayAppointment(Lcom/bradrydzewski/gwt/calendar/client/Appointment;)V","dayInWeek(Ljava/util/Date;)I","getDayLayoutDescription(I)Lcom/bradrydzewski/gwt/calendar/client/monthview/DayLayoutDescription;","currentStackOrderInDay(I)I","addAppointment(Lcom/bradrydzewski/gwt/calendar/client/Appointment;)V","initDay(I)Lcom/bradrydzewski/gwt/calendar/client/monthview/DayLayoutDescription;","addMultiWeekAppointment(Lcom/bradrydzewski/gwt/calendar/client/Appointment;Lcom/bradrydzewski/gwt/calendar/client/monthview/AppointmentWidgetParts;)V","getTopAppointmentsManager()Lcom/bradrydzewski/gwt/calendar/client/monthview/AppointmentStackingManager;"],
"com.bradrydzewski.gwt.calendar.client.monthview.AppointmentStackingManager": ["AppointmentStackingManager()V","setLayerOverflowLimit(I)V","areThereAppointmentsOn(I)Z","overlapsWithDescriptionInLayer(Ljava/util/ArrayList;II)Z","assignLayer(Lcom/bradrydzewski/gwt/calendar/client/monthview/AppointmentLayoutDescription;)V","initLayer(I)V","isLayerAllocated(I)Z","assignLayer(ILcom/bradrydzewski/gwt/calendar/client/monthview/AppointmentLayoutDescription;)Z","lowestLayerIndex(I)I","nextLowestLayerIndex(II)I","getDescriptionsInLayer(I)Ljava/util/ArrayList;","multidayAppointmentsOverLimitOn(I)I"],
"com.bradrydzewski.gwt.calendar.client.monthview.DayLayoutDescription": ["DayLayoutDescription(I)V","addAppointment(Lcom/bradrydzewski/gwt/calendar/client/Appointment;)V","getTotalAppointmentCount()I","getAppointments()Ljava/util/ArrayList;"],
"com.bradrydzewski.gwt.calendar.client.monthview.MonthLayoutDescription": ["MonthLayoutDescription(Ljava/util/Date;ILjava/util/ArrayList;)V","MonthLayoutDescription(Ljava/util/Date;ILjava/util/ArrayList;I)V","calculateLastDate(Ljava/util/Date;I)Ljava/util/Date;","placeAppointments(Ljava/util/ArrayList;I)V","overlapsWithMonth(Lcom/bradrydzewski/gwt/calendar/client/Appointment;Ljava/util/Date;Ljava/util/Date;)Z","calculateWeekFor(Ljava/util/Date;Ljava/util/Date;)I","initWeek(II)V","positionMultidayAppointment(ILcom/bradrydzewski/gwt/calendar/client/Appointment;I)V","isMultiWeekAppointment(II)Z","distributeOverWeeks(IILcom/bradrydzewski/gwt/calendar/client/Appointment;I)V","getWeekDescriptions()[Lcom/bradrydzewski/gwt/calendar/client/monthview/WeekLayoutDescription;"],
"com.bradrydzewski.gwt.calendar.client.monthview.AppointmentWidgetParts": ["<clinit>()V","AppointmentWidgetParts(Ljava/lang/String;I)V","values()[Lcom/bradrydzewski/gwt/calendar/client/monthview/AppointmentWidgetParts;"],
"com.bradrydzewski.gwt.calendar.client.monthview.WeekLayoutDescription$1": ["<clinit>()V"],
"com.bradrydzewski.gwt.calendar.client.monthview.MonthView": ["<clinit>()V"],
"com.bradrydzewski.gwt.calendar.client.monthview.MonthView$1": ["MonthView$1()V"],
"com.bradrydzewski.gwt.calendar.client.monthview.MonthViewDateUtils": ["monthViewRequiredRows(Ljava/util/Date;I)I","firstDateShownInAMonthView(Ljava/util/Date;I)Ljava/util/Date;","daysInPeriod(Ljava/util/Date;Ljava/util/Date;)I"]
}