JCov,org.slf4j.helpers.SubstituteLoggerFactory,<init>()V
JCov,com.jarvis.cache.serializer.hession.SoftReferenceDeserializer,<init>()V
JCov,com.jarvis.cache.serializer.hession.SoftReferenceSerializer,<init>()V
JCov,com.jarvis.cache.serializer.hession.HessionSoftReferenceSerializerFactory,getSerializer(Ljava/lang/Class;)Lcom/caucho/hessian/io/Serializer;
JCov,com.jarvis.cache.serializer.hession.HessionSoftReferenceSerializerFactory,getDeserializer(Ljava/lang/Class;)Lcom/caucho/hessian/io/Deserializer;
JCov,com.jarvis.cache.serializer.hession.HessionSoftReferenceSerializerFactory,<init>()V
JCov,com.jarvis.cache.serializer.JacksonJsonSerializer$NullValueSerializer,<init>(Lcom/jarvis/cache/serializer/JacksonJsonSerializer;Ljava/lang/String;)V
JCov,org.slf4j.helpers.Util,report(Ljava/lang/String;)V
JCov,org.slf4j.helpers.Util,safeGetSystemProperty(Ljava/lang/String;)Ljava/lang/String;
JCov,org.slf4j.helpers.Util,<clinit>()V
JCov,org.slf4j.helpers.Util,safeGetBooleanSystemProperty(Ljava/lang/String;)Z
JCov,org.slf4j.helpers.NOPLogger,<clinit>()V
JCov,org.slf4j.helpers.NOPLogger,<init>()V
JCov,com.jarvis.cache.clone.Cloning,deepClone(Ljava/lang/Object;Ljava/lang/reflect/Type;)Ljava/lang/Object;
JCov,com.jarvis.cache.clone.Cloning,deepCloneMethodArgs(Ljava/lang/reflect/Method;[Ljava/lang/Object;)[Ljava/lang/Object;
JCov,com.jarvis.cache.clone.Cloning,<init>()V
JCov,org.slf4j.helpers.NamedLoggerBase,<init>()V
JCov,com.jarvis.cache.serializer.JdkSerializer,deserialize([BLjava/lang/reflect/Type;)Ljava/lang/Object;
JCov,com.jarvis.cache.serializer.JdkSerializer,deepClone(Ljava/lang/Object;Ljava/lang/reflect/Type;)Ljava/lang/Object;
JCov,com.jarvis.cache.serializer.JdkSerializer,deepCloneMethodArgs(Ljava/lang/reflect/Method;[Ljava/lang/Object;)[Ljava/lang/Object;
JCov,com.jarvis.cache.serializer.JdkSerializer,<init>()V
JCov,com.jarvis.cache.serializer.JdkSerializer,serialize(Ljava/lang/Object;)[B
JCov,org.slf4j.LoggerFactory,messageContainsOrgSlf4jImplStaticLoggerBinder(Ljava/lang/String;)Z
JCov,org.slf4j.LoggerFactory,bind()V
JCov,org.slf4j.LoggerFactory,getLogger(Ljava/lang/Class;)Lorg/slf4j/Logger;
JCov,org.slf4j.LoggerFactory,getLogger(Ljava/lang/String;)Lorg/slf4j/Logger;
JCov,org.slf4j.LoggerFactory,isAndroid()Z
JCov,org.slf4j.LoggerFactory,getILoggerFactory()Lorg/slf4j/ILoggerFactory;
JCov,org.slf4j.LoggerFactory,<clinit>()V
JCov,org.slf4j.LoggerFactory,reportMultipleBindingAmbiguity(Ljava/util/Set;)V
JCov,org.slf4j.LoggerFactory,performInitialization()V
JCov,org.slf4j.LoggerFactory,isAmbiguousStaticLoggerBinderPathSet(Ljava/util/Set;)Z
JCov,org.slf4j.LoggerFactory,findPossibleStaticLoggerBinderPathSet()Ljava/util/Set;
JCov,com.jarvis.cache.CacheUtil,getMiscHashCode(Ljava/lang/String;)Ljava/lang/String;
JCov,com.jarvis.cache.CacheUtil,getHashCode(Ljava/lang/String;)I
JCov,com.jarvis.cache.CacheUtil,isEmpty(Ljava/lang/Object;)Z
JCov,com.jarvis.cache.CacheUtil,getUniqueHashStr(Ljava/lang/Object;)Ljava/lang/String;
JCov,com.jarvis.cache.serializer.hession.HessionBigDecimalSerializerFactory,getSerializer(Ljava/lang/Class;)Lcom/caucho/hessian/io/Serializer;
JCov,com.jarvis.cache.serializer.hession.HessionBigDecimalSerializerFactory,getDeserializer(Ljava/lang/Class;)Lcom/caucho/hessian/io/Deserializer;
JCov,com.jarvis.cache.serializer.hession.HessionBigDecimalSerializerFactory,<clinit>()V
JCov,com.jarvis.cache.serializer.hession.HessionBigDecimalSerializerFactory,<init>()V
JCov,com.jarvis.cache.serializer.HessianSerializer,deserialize([BLjava/lang/reflect/Type;)Ljava/lang/Object;
JCov,com.jarvis.cache.serializer.HessianSerializer,<clinit>()V
JCov,com.jarvis.cache.serializer.HessianSerializer,deepClone(Ljava/lang/Object;Ljava/lang/reflect/Type;)Ljava/lang/Object;
JCov,com.jarvis.cache.serializer.HessianSerializer,deepCloneMethodArgs(Ljava/lang/reflect/Method;[Ljava/lang/Object;)[Ljava/lang/Object;
JCov,com.jarvis.cache.serializer.HessianSerializer,<init>()V
JCov,com.jarvis.cache.serializer.HessianSerializer,serialize(Ljava/lang/Object;)[B
JCov,org.slf4j.helpers.MarkerIgnoringBase,<init>()V
JCov,com.jarvis.cache.script.SpringELParser,<clinit>()V
JCov,com.jarvis.cache.script.SpringELParser,<init>()V
JCov,com.jarvis.cache.script.SpringELParser,getElValue(Ljava/lang/String;Ljava/lang/Object;[Ljava/lang/Object;Ljava/lang/Object;ZLjava/lang/Class;)Ljava/lang/Object;
JCov,com.jarvis.cache.serializer.JacksonMsgpackSerializer,<clinit>()V
JCov,com.jarvis.cache.serializer.JacksonMsgpackSerializer,deepClone(Ljava/lang/Object;Ljava/lang/reflect/Type;)Ljava/lang/Object;
JCov,com.jarvis.cache.serializer.JacksonMsgpackSerializer,deepCloneMethodArgs(Ljava/lang/reflect/Method;[Ljava/lang/Object;)[Ljava/lang/Object;
JCov,com.jarvis.cache.serializer.JacksonMsgpackSerializer,<init>()V
JCov,org.slf4j.helpers.NOPLoggerFactory,getLogger(Ljava/lang/String;)Lorg/slf4j/Logger;
JCov,org.slf4j.helpers.NOPLoggerFactory,<init>()V
JCov,com.jarvis.cache.script.AbstractScriptParser,getElValue(Ljava/lang/String;Ljava/lang/Object;[Ljava/lang/Object;Ljava/lang/Class;)Ljava/lang/Object;
JCov,com.jarvis.cache.script.AbstractScriptParser,getDefinedCacheKey(Ljava/lang/String;Ljava/lang/Object;[Ljava/lang/Object;Ljava/lang/Object;Z)Ljava/lang/String;
JCov,com.jarvis.cache.script.AbstractScriptParser,<init>()V
JCov,com.jarvis.lib.util.BeanUtil,<clinit>()V
JCov,com.jarvis.lib.util.BeanUtil,isPrimitive(Ljava/lang/Object;)Z
JCov,com.jarvis.lib.util.BeanUtil,toString(Ljava/lang/Object;)Ljava/lang/String;
JCov,com.jarvis.cache.to.CacheWrapper,setExpire(I)V
JCov,com.jarvis.cache.to.CacheWrapper,getLastLoadTime()J
JCov,com.jarvis.cache.to.CacheWrapper,getExpire()I
JCov,com.jarvis.cache.to.CacheWrapper,getCacheObject()Ljava/lang/Object;
JCov,com.jarvis.cache.to.CacheWrapper,setLastLoadTime(J)V
JCov,com.jarvis.cache.to.CacheWrapper,setCacheObject(Ljava/lang/Object;)V
JCov,com.jarvis.cache.to.CacheWrapper,<init>()V
JCov,com.jarvis.cache.serializer.FastjsonSerializer,<init>(Ljava/nio/charset/Charset;)V
JCov,com.jarvis.cache.serializer.FastjsonSerializer,<clinit>()V
JCov,com.jarvis.cache.serializer.FastjsonSerializer,deepClone(Ljava/lang/Object;Ljava/lang/reflect/Type;)Ljava/lang/Object;
JCov,com.jarvis.cache.serializer.FastjsonSerializer,deepCloneMethodArgs(Ljava/lang/reflect/Method;[Ljava/lang/Object;)[Ljava/lang/Object;
JCov,com.jarvis.cache.serializer.FastjsonSerializer,<init>()V
JCov,com.jarvis.cache.serializer.JacksonJsonSerializer,<clinit>()V
JCov,com.jarvis.cache.serializer.JacksonJsonSerializer,deepClone(Ljava/lang/Object;Ljava/lang/reflect/Type;)Ljava/lang/Object;
JCov,com.jarvis.cache.serializer.JacksonJsonSerializer,deepCloneMethodArgs(Ljava/lang/reflect/Method;[Ljava/lang/Object;)[Ljava/lang/Object;
JCov,com.jarvis.cache.serializer.JacksonJsonSerializer,<init>()V
JCov,com.jarvis.cache.script.OgnlParser,<init>()V
JCov,com.jarvis.cache.script.OgnlParser,getElValue(Ljava/lang/String;Ljava/lang/Object;[Ljava/lang/Object;Ljava/lang/Object;ZLjava/lang/Class;)Ljava/lang/Object;
JCov,com.jarvis.cache.script.JavaScriptParser,addFunction(Ljava/lang/String;Ljava/lang/reflect/Method;)V
JCov,com.jarvis.cache.script.JavaScriptParser,<clinit>()V
JCov,com.jarvis.cache.script.JavaScriptParser,<init>()V
JCov,com.jarvis.cache.script.JavaScriptParser,getElValue(Ljava/lang/String;Ljava/lang/Object;[Ljava/lang/Object;Ljava/lang/Object;ZLjava/lang/Class;)Ljava/lang/Object;
Yajta,com.jarvis.cache.serializer.JacksonJsonSerializer$NullValueSerializer,JacksonJsonSerializer$NullValueSerializer(Lcom/jarvis/cache/serializer/JacksonJsonSerializer;Ljava/lang/String;)V
Yajta,com.jarvis.cache.clone.Cloning,Cloning()V
Yajta,com.jarvis.cache.clone.Cloning,deepCloneMethodArgs(Ljava/lang/reflect/Method;[Ljava/lang/Object;)[Ljava/lang/Object;
Yajta,com.jarvis.cache.clone.Cloning,deepClone(Ljava/lang/Object;Ljava/lang/reflect/Type;)Ljava/lang/Object;
Yajta,com.jarvis.cache.serializer.hession.SoftReferenceDeserializer,SoftReferenceDeserializer()V
Yajta,org.slf4j.helpers.Util,report(Ljava/lang/String;)V
Yajta,org.slf4j.helpers.Util,safeGetSystemProperty(Ljava/lang/String;)Ljava/lang/String;
Yajta,org.slf4j.helpers.Util,<clinit>()V
Yajta,org.slf4j.helpers.Util,safeGetBooleanSystemProperty(Ljava/lang/String;)Z
Yajta,org.slf4j.LoggerFactory,messageContainsOrgSlf4jImplStaticLoggerBinder(Ljava/lang/String;)Z
Yajta,org.slf4j.LoggerFactory,getLogger(Ljava/lang/Class;)Lorg/slf4j/Logger;
Yajta,org.slf4j.LoggerFactory,bind()V
Yajta,org.slf4j.LoggerFactory,getLogger(Ljava/lang/String;)Lorg/slf4j/Logger;
Yajta,org.slf4j.LoggerFactory,isAndroid()Z
Yajta,org.slf4j.LoggerFactory,<clinit>()V
Yajta,org.slf4j.LoggerFactory,getILoggerFactory()Lorg/slf4j/ILoggerFactory;
Yajta,org.slf4j.LoggerFactory,reportMultipleBindingAmbiguity(Ljava/util/Set;)V
Yajta,org.slf4j.LoggerFactory,performInitialization()V
Yajta,org.slf4j.LoggerFactory,isAmbiguousStaticLoggerBinderPathSet(Ljava/util/Set;)Z
Yajta,org.slf4j.LoggerFactory,findPossibleStaticLoggerBinderPathSet()Ljava/util/Set;
Yajta,org.slf4j.helpers.NOPLogger,NOPLogger()V
Yajta,org.slf4j.helpers.NOPLogger,<clinit>()V
Yajta,com.jarvis.cache.serializer.JacksonMsgpackSerializer,JacksonMsgpackSerializer()V
Yajta,com.jarvis.cache.serializer.JacksonMsgpackSerializer,<clinit>()V
Yajta,com.jarvis.cache.serializer.JacksonMsgpackSerializer,deepCloneMethodArgs(Ljava/lang/reflect/Method;[Ljava/lang/Object;)[Ljava/lang/Object;
Yajta,com.jarvis.cache.serializer.JacksonMsgpackSerializer,deepClone(Ljava/lang/Object;Ljava/lang/reflect/Type;)Ljava/lang/Object;
Yajta,com.jarvis.cache.serializer.JacksonJsonSerializer,JacksonJsonSerializer()V
Yajta,com.jarvis.cache.serializer.JacksonJsonSerializer,<clinit>()V
Yajta,com.jarvis.cache.serializer.JacksonJsonSerializer,deepCloneMethodArgs(Ljava/lang/reflect/Method;[Ljava/lang/Object;)[Ljava/lang/Object;
Yajta,com.jarvis.cache.serializer.JacksonJsonSerializer,deepClone(Ljava/lang/Object;Ljava/lang/reflect/Type;)Ljava/lang/Object;
Yajta,org.slf4j.helpers.NOPLoggerFactory,NOPLoggerFactory()V
Yajta,org.slf4j.helpers.NOPLoggerFactory,getLogger(Ljava/lang/String;)Lorg/slf4j/Logger;
Yajta,com.jarvis.lib.util.BeanUtil,<clinit>()V
Yajta,com.jarvis.lib.util.BeanUtil,isPrimitive(Ljava/lang/Object;)Z
Yajta,com.jarvis.lib.util.BeanUtil,toString(Ljava/lang/Object;)Ljava/lang/String;
Yajta,com.jarvis.cache.script.AbstractScriptParser,getElValue(Ljava/lang/String;Ljava/lang/Object;[Ljava/lang/Object;Ljava/lang/Class;)Ljava/lang/Object;
Yajta,com.jarvis.cache.script.AbstractScriptParser,getDefinedCacheKey(Ljava/lang/String;Ljava/lang/Object;[Ljava/lang/Object;Ljava/lang/Object;Z)Ljava/lang/String;
Yajta,com.jarvis.cache.script.AbstractScriptParser,AbstractScriptParser()V
Yajta,com.jarvis.cache.CacheUtil,getMiscHashCode(Ljava/lang/String;)Ljava/lang/String;
Yajta,com.jarvis.cache.CacheUtil,getHashCode(Ljava/lang/String;)I
Yajta,com.jarvis.cache.CacheUtil,isEmpty(Ljava/lang/Object;)Z
Yajta,com.jarvis.cache.CacheUtil,getUniqueHashStr(Ljava/lang/Object;)Ljava/lang/String;
Yajta,org.slf4j.helpers.NamedLoggerBase,NamedLoggerBase()V
Yajta,com.jarvis.cache.script.OgnlParser,OgnlParser()V
Yajta,com.jarvis.cache.script.OgnlParser,getElValue(Ljava/lang/String;Ljava/lang/Object;[Ljava/lang/Object;Ljava/lang/Object;ZLjava/lang/Class;)Ljava/lang/Object;
Yajta,com.jarvis.cache.serializer.hession.HessionBigDecimalSerializerFactory,<clinit>()V
Yajta,com.jarvis.cache.serializer.hession.HessionBigDecimalSerializerFactory,HessionBigDecimalSerializerFactory()V
Yajta,com.jarvis.cache.to.CacheWrapper,CacheWrapper()V
Yajta,com.jarvis.cache.to.CacheWrapper,setExpire(I)V
Yajta,com.jarvis.cache.to.CacheWrapper,getLastLoadTime()J
Yajta,com.jarvis.cache.to.CacheWrapper,getExpire()I
Yajta,com.jarvis.cache.to.CacheWrapper,setLastLoadTime(J)V
Yajta,com.jarvis.cache.to.CacheWrapper,getCacheObject()Ljava/lang/Object;
Yajta,com.jarvis.cache.to.CacheWrapper,setCacheObject(Ljava/lang/Object;)V
Yajta,com.jarvis.cache.serializer.HessianSerializer,deserialize([BLjava/lang/reflect/Type;)Ljava/lang/Object;
Yajta,com.jarvis.cache.serializer.HessianSerializer,HessianSerializer()V
Yajta,com.jarvis.cache.serializer.HessianSerializer,<clinit>()V
Yajta,com.jarvis.cache.serializer.HessianSerializer,deepCloneMethodArgs(Ljava/lang/reflect/Method;[Ljava/lang/Object;)[Ljava/lang/Object;
Yajta,com.jarvis.cache.serializer.HessianSerializer,deepClone(Ljava/lang/Object;Ljava/lang/reflect/Type;)Ljava/lang/Object;
Yajta,com.jarvis.cache.serializer.HessianSerializer,serialize(Ljava/lang/Object;)[B
Yajta,org.slf4j.helpers.SubstituteLoggerFactory,SubstituteLoggerFactory()V
Yajta,org.slf4j.helpers.MarkerIgnoringBase,MarkerIgnoringBase()V
Yajta,com.jarvis.cache.serializer.hession.SoftReferenceSerializer,SoftReferenceSerializer()V
Yajta,com.jarvis.cache.serializer.FastjsonSerializer,FastjsonSerializer()V
Yajta,com.jarvis.cache.serializer.FastjsonSerializer,FastjsonSerializer(Ljava/nio/charset/Charset;)V
Yajta,com.jarvis.cache.serializer.FastjsonSerializer,<clinit>()V
Yajta,com.jarvis.cache.serializer.FastjsonSerializer,deepClone(Ljava/lang/Object;Ljava/lang/reflect/Type;)Ljava/lang/Object;
Yajta,com.jarvis.cache.serializer.FastjsonSerializer,deepCloneMethodArgs(Ljava/lang/reflect/Method;[Ljava/lang/Object;)[Ljava/lang/Object;
Yajta,com.jarvis.cache.script.SpringELParser,SpringELParser()V
Yajta,com.jarvis.cache.script.SpringELParser,<clinit>()V
Yajta,com.jarvis.cache.script.SpringELParser,getElValue(Ljava/lang/String;Ljava/lang/Object;[Ljava/lang/Object;Ljava/lang/Object;ZLjava/lang/Class;)Ljava/lang/Object;
Yajta,com.jarvis.cache.serializer.JdkSerializer,deserialize([BLjava/lang/reflect/Type;)Ljava/lang/Object;
Yajta,com.jarvis.cache.serializer.JdkSerializer,JdkSerializer()V
Yajta,com.jarvis.cache.serializer.JdkSerializer,deepCloneMethodArgs(Ljava/lang/reflect/Method;[Ljava/lang/Object;)[Ljava/lang/Object;
Yajta,com.jarvis.cache.serializer.JdkSerializer,deepClone(Ljava/lang/Object;Ljava/lang/reflect/Type;)Ljava/lang/Object;
Yajta,com.jarvis.cache.serializer.JdkSerializer,serialize(Ljava/lang/Object;)[B
Yajta,com.jarvis.cache.serializer.hession.HessionSoftReferenceSerializerFactory,HessionSoftReferenceSerializerFactory()V
Yajta,com.jarvis.cache.script.JavaScriptParser,JavaScriptParser()V
Yajta,com.jarvis.cache.script.JavaScriptParser,addFunction(Ljava/lang/String;Ljava/lang/reflect/Method;)V
Yajta,com.jarvis.cache.script.JavaScriptParser,<clinit>()V
Yajta,com.jarvis.cache.script.JavaScriptParser,getElValue(Ljava/lang/String;Ljava/lang/Object;[Ljava/lang/Object;Ljava/lang/Object;ZLjava/lang/Class;)Ljava/lang/Object;
JVM,com.jarvis.cache.serializer.hession.SoftReferenceSerializer,UNKNOWN
JVM,com.jarvis.cache.to.CacheWrapper,UNKNOWN
JVM,com.jarvis.lib.util.BeanUtil,UNKNOWN
JVM,com.jarvis.cache.clone.ICloner,UNKNOWN
JVM,org.slf4j.LoggerFactory,UNKNOWN
JVM,com.jarvis.cache.serializer.HessianSerializer,UNKNOWN
JVM,com.jarvis.cache.serializer.NullValue,UNKNOWN
JVM,org.slf4j.helpers.Util,UNKNOWN
JVM,com.jarvis.cache.serializer.hession.WeakReferenceSerializerFactory,UNKNOWN
JVM,com.jarvis.cache.serializer.ISerializer,UNKNOWN
JVM,com.jarvis.cache.serializer.hession.HessionSoftReferenceSerializerFactory,UNKNOWN
JVM,org.slf4j.helpers.NOPLoggerFactory,UNKNOWN
JVM,org.slf4j.event.LoggingEvent,UNKNOWN
JVM,com.jarvis.cache.serializer.hession.HessionBigDecimalSerializerFactory,UNKNOWN
JVM,com.jarvis.cache.serializer.JacksonJsonSerializer$NullValueSerializer,UNKNOWN
JVM,org.slf4j.Logger,UNKNOWN
JVM,com.jarvis.cache.serializer.FastjsonSerializer,UNKNOWN
JVM,com.jarvis.cache.clone.Cloning,UNKNOWN
JVM,com.jarvis.cache.CacheUtil,UNKNOWN
JVM,org.slf4j.helpers.SubstituteLoggerFactory,UNKNOWN
JVM,com.jarvis.cache.serializer.JacksonJsonSerializer,UNKNOWN
JVM,com.jarvis.cache.script.AbstractScriptParser,UNKNOWN
JVM,org.slf4j.helpers.NOPLogger,UNKNOWN
JVM,com.jarvis.cache.serializer.JacksonMsgpackSerializer,UNKNOWN
JVM,org.slf4j.helpers.MarkerIgnoringBase,UNKNOWN
JVM,com.jarvis.cache.script.OgnlParser,UNKNOWN
JVM,com.jarvis.cache.serializer.JdkSerializer,UNKNOWN
JVM,org.slf4j.ILoggerFactory,UNKNOWN
JVM,org.slf4j.helpers.NamedLoggerBase,UNKNOWN
JVM,com.jarvis.cache.script.JavaScriptParser,UNKNOWN
JVM,com.jarvis.cache.script.SpringELParser,UNKNOWN
JVM,com.jarvis.cache.serializer.hession.SoftReferenceDeserializer,UNKNOWN
