jcov-file-saver-1.0,BloatedClass,com.sun.tdk.jcov.tools.JcovVersion
jcov-file-saver-1.0,BloatedClass,com.sun.tdk.jcov.runtime.TemplateFileSaver
jcov-file-saver-1.0,BloatedClass,com.sun.tdk.jcov.runtime.CollectDetect$ThreadInfo
jcov-file-saver-1.0,BloatedClass,com.sun.tdk.jcov.runtime.Collect
jcov-file-saver-1.0,BloatedClass,com.sun.tdk.jcov.constants.MiscConstants
jcov-file-saver-1.0,BloatedClass,com.sun.tdk.jcov.runtime.SaverDecorator
jcov-file-saver-1.0,BloatedClass,com.sun.tdk.jcov.runtime.CollectDetect
jcov-file-saver-1.0,BloatedClass,com.sun.tdk.jcov.runtime.JCovSaver
jcov-file-saver-1.0,BloatedClass,com.sun.tdk.jcov.runtime.PropertyFinder$1
jcov-file-saver-1.0,BloatedClass,com.sun.tdk.jcov.runtime.PropertyFinder
jcov-file-saver-1.0,BloatedClass,com.sun.tdk.jcov.util.MapHelper
jcov-file-saver-1.0,BloatedClass,com.sun.tdk.jcov.util.RuntimeUtils
lombok-1.16.8,BloatedClass,lombok.ConfigurationKeys$50
lombok-1.16.8,BloatedClass,lombok.experimental.Accessors
lombok-1.16.8,BloatedClass,lombok.Singular
lombok-1.16.8,BloatedClass,lombok.extern.log4j.Log4j
lombok-1.16.8,BloatedClass,lombok.Cleanup
lombok-1.16.8,BloatedClass,lombok.RequiredArgsConstructor$AnyAnnotation
lombok-1.16.8,BloatedClass,lombok.experimental.Helper
lombok-1.16.8,BloatedClass,lombok.ConfigurationKeys$51
lombok-1.16.8,BloatedClass,lombok.launch.PatchFixesHider$ValPortal
lombok-1.16.8,BloatedClass,lombok.experimental.ExtensionMethod
lombok-1.16.8,BloatedClass,lombok.NonNull
lombok-1.16.8,BloatedClass,lombok.AllArgsConstructor$AnyAnnotation
lombok-1.16.8,BloatedClass,lombok.Getter$AnyAnnotation
lombok-1.16.8,BloatedClass,lombok.extern.slf4j.Slf4j
lombok-1.16.8,BloatedClass,lombok.Builder$ObtainVia
lombok-1.16.8,BloatedClass,lombok.experimental.Tolerate
lombok-1.16.8,BloatedClass,lombok.Delegate
lombok-1.16.8,BloatedClass,lombok.javac.apt.Processor
lombok-1.16.8,BloatedClass,lombok.extern.slf4j.XSlf4j
lombok-1.16.8,BloatedClass,lombok.package-info
lombok-1.16.8,BloatedClass,lombok.experimental.UtilityClass
lombok-1.16.8,BloatedClass,lombok.AccessLevel
lombok-1.16.8,BloatedClass,lombok.launch.PatchFixesHider$Util
lombok-1.16.8,BloatedClass,lombok.experimental.Delegate
lombok-1.16.8,BloatedClass,lombok.delombok.ant.Tasks$Format
lombok-1.16.8,BloatedClass,lombok.val
lombok-1.16.8,BloatedClass,lombok.extern.java.Log
lombok-1.16.8,BloatedClass,lombok.delombok.ant.Tasks$Delombok
lombok-1.16.8,BloatedClass,lombok.launch.Agent
lombok-1.16.8,BloatedClass,lombok.NoArgsConstructor
lombok-1.16.8,BloatedClass,lombok.ConfigurationKeys$8
lombok-1.16.8,BloatedClass,lombok.ConfigurationKeys$9
lombok-1.16.8,BloatedClass,lombok.ConfigurationKeys$6
lombok-1.16.8,BloatedClass,lombok.extern.apachecommons.CommonsLog
lombok-1.16.8,BloatedClass,lombok.ConfigurationKeys$7
lombok-1.16.8,BloatedClass,lombok.SneakyThrows
lombok-1.16.8,BloatedClass,lombok.ConfigurationKeys$4
lombok-1.16.8,BloatedClass,lombok.ConfigurationKeys$5
lombok-1.16.8,BloatedClass,lombok.RequiredArgsConstructor
lombok-1.16.8,BloatedClass,lombok.experimental.Value
lombok-1.16.8,BloatedClass,lombok.experimental.Wither$AnyAnnotation
lombok-1.16.8,BloatedClass,lombok.experimental.Wither
lombok-1.16.8,BloatedClass,lombok.launch.PatchFixesHider$Delegate
lombok-1.16.8,BloatedClass,lombok.launch.AnnotationProcessorHider$AnnotationProcessor
lombok-1.16.8,BloatedClass,lombok.ConfigurationKeys$19
lombok-1.16.8,BloatedClass,lombok.ConfigurationKeys$16
lombok-1.16.8,BloatedClass,lombok.ConfigurationKeys$15
lombok-1.16.8,BloatedClass,lombok.Generated
lombok-1.16.8,BloatedClass,lombok.ConfigurationKeys$18
lombok-1.16.8,BloatedClass,lombok.ConfigurationKeys$17
lombok-1.16.8,BloatedClass,lombok.ConfigurationKeys$12
lombok-1.16.8,BloatedClass,lombok.ToString
lombok-1.16.8,BloatedClass,lombok.ConfigurationKeys$11
lombok-1.16.8,BloatedClass,lombok.ConfigurationKeys$14
lombok-1.16.8,BloatedClass,lombok.ConfigurationKeys$13
lombok-1.16.8,BloatedClass,lombok.experimental.package-info
lombok-1.16.8,BloatedClass,lombok.ConfigurationKeys$10
lombok-1.16.8,BloatedClass,lombok.Synchronized
lombok-1.16.8,BloatedClass,lombok.EqualsAndHashCode
lombok-1.16.8,BloatedClass,lombok.launch.ShadowClassLoader
lombok-1.16.8,BloatedClass,lombok.NoArgsConstructor$AnyAnnotation
lombok-1.16.8,BloatedClass,lombok.Builder
lombok-1.16.8,BloatedClass,lombok.ConfigurationKeys$27
lombok-1.16.8,BloatedClass,lombok.ConfigurationKeys$26
lombok-1.16.8,BloatedClass,lombok.launch.PatchFixesHider$Transform
lombok-1.16.8,BloatedClass,lombok.ConfigurationKeys$29
lombok-1.16.8,BloatedClass,lombok.ConfigurationKeys$28
lombok-1.16.8,BloatedClass,lombok.ConfigurationKeys$23
lombok-1.16.8,BloatedClass,lombok.ConfigurationKeys$22
lombok-1.16.8,BloatedClass,lombok.ConfigurationKeys$25
lombok-1.16.8,BloatedClass,lombok.ConfigurationKeys$24
lombok-1.16.8,BloatedClass,lombok.Lombok
lombok-1.16.8,BloatedClass,lombok.ConfigurationKeys
lombok-1.16.8,BloatedClass,lombok.delombok.ant.Tasks
lombok-1.16.8,BloatedClass,lombok.ConfigurationKeys$21
lombok-1.16.8,BloatedClass,lombok.ConfigurationKeys$20
lombok-1.16.8,BloatedClass,lombok.experimental.NonFinal
lombok-1.16.8,BloatedClass,lombok.experimental.FieldDefaults
lombok-1.16.8,BloatedClass,lombok.launch.PatchFixesHider$Val
lombok-1.16.8,BloatedClass,lombok.Setter
lombok-1.16.8,BloatedClass,lombok.Getter
lombok-1.16.8,BloatedClass,lombok.launch.PatchFixesHider$PatchFixes
lombok-1.16.8,BloatedClass,lombok.Value
lombok-1.16.8,BloatedClass,lombok.launch.Main
lombok-1.16.8,BloatedClass,lombok.ConfigurationKeys$38
lombok-1.16.8,BloatedClass,lombok.Setter$AnyAnnotation
lombok-1.16.8,BloatedClass,lombok.ConfigurationKeys$37
lombok-1.16.8,BloatedClass,lombok.ConfigurationKeys$39
lombok-1.16.8,BloatedClass,lombok.experimental.Builder
lombok-1.16.8,BloatedClass,lombok.launch.AnnotationProcessorHider
lombok-1.16.8,BloatedClass,lombok.ConfigurationKeys$34
lombok-1.16.8,BloatedClass,lombok.ConfigurationKeys$33
lombok-1.16.8,BloatedClass,lombok.ConfigurationKeys$36
lombok-1.16.8,BloatedClass,lombok.launch.PatchFixesHider$ExtensionMethod
lombok-1.16.8,BloatedClass,lombok.ConfigurationKeys$35
lombok-1.16.8,BloatedClass,lombok.ConfigurationKeys$30
lombok-1.16.8,BloatedClass,lombok.ConfigurationKeys$32
lombok-1.16.8,BloatedClass,lombok.ConfigurationKeys$31
lombok-1.16.8,BloatedClass,lombok.EqualsAndHashCode$AnyAnnotation
lombok-1.16.8,BloatedClass,lombok.ConfigurationKeys$49
lombok-1.16.8,BloatedClass,lombok.launch.PatchFixesHider
lombok-1.16.8,BloatedClass,lombok.ConfigurationKeys$48
lombok-1.16.8,BloatedClass,lombok.experimental.PackagePrivate
lombok-1.16.8,BloatedClass,lombok.ConfigurationKeys$2
lombok-1.16.8,BloatedClass,lombok.ConfigurationKeys$45
lombok-1.16.8,BloatedClass,lombok.Data
lombok-1.16.8,BloatedClass,lombok.extern.log4j.Log4j2
lombok-1.16.8,BloatedClass,lombok.ConfigurationKeys$3
lombok-1.16.8,BloatedClass,lombok.ConfigurationKeys$44
lombok-1.16.8,BloatedClass,lombok.ConfigurationKeys$47
lombok-1.16.8,BloatedClass,lombok.ConfigurationKeys$1
lombok-1.16.8,BloatedClass,lombok.ConfigurationKeys$46
lombok-1.16.8,BloatedClass,lombok.AllArgsConstructor
lombok-1.16.8,BloatedClass,lombok.ConfigurationKeys$41
lombok-1.16.8,BloatedClass,lombok.ConfigurationKeys$40
lombok-1.16.8,BloatedClass,lombok.ConfigurationKeys$43
lombok-1.16.8,BloatedClass,lombok.ConfigurationKeys$42
lombok-1.16.8,BloatedClass,lombok.launch.PatchFixesHider$LombokDeps
lombok-1.16.8,BloatedClass,lombok.ConfigurationKeys$50
lombok-1.16.8,BloatedClass,lombok.experimental.Accessors
lombok-1.16.8,BloatedClass,lombok.Singular
lombok-1.16.8,BloatedClass,lombok.extern.log4j.Log4j
lombok-1.16.8,BloatedClass,lombok.Cleanup
lombok-1.16.8,BloatedClass,lombok.RequiredArgsConstructor$AnyAnnotation
lombok-1.16.8,BloatedClass,lombok.experimental.Helper
lombok-1.16.8,BloatedClass,lombok.ConfigurationKeys$51
lombok-1.16.8,BloatedClass,lombok.launch.PatchFixesHider$ValPortal
lombok-1.16.8,BloatedClass,lombok.experimental.ExtensionMethod
lombok-1.16.8,BloatedClass,lombok.NonNull
lombok-1.16.8,BloatedClass,lombok.AllArgsConstructor$AnyAnnotation
lombok-1.16.8,BloatedClass,lombok.Getter$AnyAnnotation
lombok-1.16.8,BloatedClass,lombok.extern.slf4j.Slf4j
lombok-1.16.8,BloatedClass,lombok.Builder$ObtainVia
lombok-1.16.8,BloatedClass,lombok.experimental.Tolerate
lombok-1.16.8,BloatedClass,lombok.Delegate
lombok-1.16.8,BloatedClass,lombok.javac.apt.Processor
lombok-1.16.8,BloatedClass,lombok.extern.slf4j.XSlf4j
lombok-1.16.8,BloatedClass,lombok.package-info
lombok-1.16.8,BloatedClass,lombok.experimental.UtilityClass
lombok-1.16.8,BloatedClass,lombok.AccessLevel
lombok-1.16.8,BloatedClass,lombok.launch.PatchFixesHider$Util
lombok-1.16.8,BloatedClass,lombok.experimental.Delegate
lombok-1.16.8,BloatedClass,lombok.delombok.ant.Tasks$Format
lombok-1.16.8,BloatedClass,lombok.val
lombok-1.16.8,BloatedClass,lombok.extern.java.Log
lombok-1.16.8,BloatedClass,lombok.delombok.ant.Tasks$Delombok
lombok-1.16.8,BloatedClass,lombok.launch.Agent
lombok-1.16.8,BloatedClass,lombok.NoArgsConstructor
lombok-1.16.8,BloatedClass,lombok.ConfigurationKeys$8
lombok-1.16.8,BloatedClass,lombok.ConfigurationKeys$9
lombok-1.16.8,BloatedClass,lombok.ConfigurationKeys$6
lombok-1.16.8,BloatedClass,lombok.extern.apachecommons.CommonsLog
lombok-1.16.8,BloatedClass,lombok.ConfigurationKeys$7
lombok-1.16.8,BloatedClass,lombok.SneakyThrows
lombok-1.16.8,BloatedClass,lombok.ConfigurationKeys$4
lombok-1.16.8,BloatedClass,lombok.ConfigurationKeys$5
lombok-1.16.8,BloatedClass,lombok.RequiredArgsConstructor
lombok-1.16.8,BloatedClass,lombok.experimental.Value
lombok-1.16.8,BloatedClass,lombok.experimental.Wither$AnyAnnotation
lombok-1.16.8,BloatedClass,lombok.experimental.Wither
lombok-1.16.8,BloatedClass,lombok.launch.PatchFixesHider$Delegate
lombok-1.16.8,BloatedClass,lombok.launch.AnnotationProcessorHider$AnnotationProcessor
lombok-1.16.8,BloatedClass,lombok.ConfigurationKeys$19
lombok-1.16.8,BloatedClass,lombok.ConfigurationKeys$16
lombok-1.16.8,BloatedClass,lombok.ConfigurationKeys$15
lombok-1.16.8,BloatedClass,lombok.Generated
lombok-1.16.8,BloatedClass,lombok.ConfigurationKeys$18
lombok-1.16.8,BloatedClass,lombok.ConfigurationKeys$17
lombok-1.16.8,BloatedClass,lombok.ConfigurationKeys$12
lombok-1.16.8,BloatedClass,lombok.ToString
lombok-1.16.8,BloatedClass,lombok.ConfigurationKeys$11
lombok-1.16.8,BloatedClass,lombok.ConfigurationKeys$14
lombok-1.16.8,BloatedClass,lombok.ConfigurationKeys$13
lombok-1.16.8,BloatedClass,lombok.experimental.package-info
lombok-1.16.8,BloatedClass,lombok.ConfigurationKeys$10
lombok-1.16.8,BloatedClass,lombok.Synchronized
lombok-1.16.8,BloatedClass,lombok.EqualsAndHashCode
lombok-1.16.8,BloatedClass,lombok.launch.ShadowClassLoader
lombok-1.16.8,BloatedClass,lombok.NoArgsConstructor$AnyAnnotation
lombok-1.16.8,BloatedClass,lombok.Builder
lombok-1.16.8,BloatedClass,lombok.ConfigurationKeys$27
lombok-1.16.8,BloatedClass,lombok.ConfigurationKeys$26
lombok-1.16.8,BloatedClass,lombok.launch.PatchFixesHider$Transform
lombok-1.16.8,BloatedClass,lombok.ConfigurationKeys$29
lombok-1.16.8,BloatedClass,lombok.ConfigurationKeys$28
lombok-1.16.8,BloatedClass,lombok.ConfigurationKeys$23
lombok-1.16.8,BloatedClass,lombok.ConfigurationKeys$22
lombok-1.16.8,BloatedClass,lombok.ConfigurationKeys$25
lombok-1.16.8,BloatedClass,lombok.ConfigurationKeys$24
lombok-1.16.8,BloatedClass,lombok.Lombok
lombok-1.16.8,BloatedClass,lombok.ConfigurationKeys
lombok-1.16.8,BloatedClass,lombok.delombok.ant.Tasks
lombok-1.16.8,BloatedClass,lombok.ConfigurationKeys$21
lombok-1.16.8,BloatedClass,lombok.ConfigurationKeys$20
lombok-1.16.8,BloatedClass,lombok.experimental.NonFinal
lombok-1.16.8,BloatedClass,lombok.experimental.FieldDefaults
lombok-1.16.8,BloatedClass,lombok.launch.PatchFixesHider$Val
lombok-1.16.8,BloatedClass,lombok.Setter
lombok-1.16.8,BloatedClass,lombok.Getter
lombok-1.16.8,BloatedClass,lombok.launch.PatchFixesHider$PatchFixes
lombok-1.16.8,BloatedClass,lombok.Value
lombok-1.16.8,BloatedClass,lombok.launch.Main
lombok-1.16.8,BloatedClass,lombok.ConfigurationKeys$38
lombok-1.16.8,BloatedClass,lombok.Setter$AnyAnnotation
lombok-1.16.8,BloatedClass,lombok.ConfigurationKeys$37
lombok-1.16.8,BloatedClass,lombok.ConfigurationKeys$39
lombok-1.16.8,BloatedClass,lombok.experimental.Builder
lombok-1.16.8,BloatedClass,lombok.launch.AnnotationProcessorHider
lombok-1.16.8,BloatedClass,lombok.ConfigurationKeys$34
lombok-1.16.8,BloatedClass,lombok.ConfigurationKeys$33
lombok-1.16.8,BloatedClass,lombok.ConfigurationKeys$36
lombok-1.16.8,BloatedClass,lombok.launch.PatchFixesHider$ExtensionMethod
lombok-1.16.8,BloatedClass,lombok.ConfigurationKeys$35
lombok-1.16.8,BloatedClass,lombok.ConfigurationKeys$30
lombok-1.16.8,BloatedClass,lombok.ConfigurationKeys$32
lombok-1.16.8,BloatedClass,lombok.ConfigurationKeys$31
lombok-1.16.8,BloatedClass,lombok.EqualsAndHashCode$AnyAnnotation
lombok-1.16.8,BloatedClass,lombok.ConfigurationKeys$49
lombok-1.16.8,BloatedClass,lombok.launch.PatchFixesHider
lombok-1.16.8,BloatedClass,lombok.ConfigurationKeys$48
lombok-1.16.8,BloatedClass,lombok.experimental.PackagePrivate
lombok-1.16.8,BloatedClass,lombok.ConfigurationKeys$2
lombok-1.16.8,BloatedClass,lombok.ConfigurationKeys$45
lombok-1.16.8,BloatedClass,lombok.Data
lombok-1.16.8,BloatedClass,lombok.extern.log4j.Log4j2
lombok-1.16.8,BloatedClass,lombok.ConfigurationKeys$3
lombok-1.16.8,BloatedClass,lombok.ConfigurationKeys$44
lombok-1.16.8,BloatedClass,lombok.ConfigurationKeys$47
lombok-1.16.8,BloatedClass,lombok.ConfigurationKeys$1
lombok-1.16.8,BloatedClass,lombok.ConfigurationKeys$46
lombok-1.16.8,BloatedClass,lombok.AllArgsConstructor
lombok-1.16.8,BloatedClass,lombok.ConfigurationKeys$41
lombok-1.16.8,BloatedClass,lombok.ConfigurationKeys$40
lombok-1.16.8,BloatedClass,lombok.ConfigurationKeys$43
lombok-1.16.8,BloatedClass,lombok.ConfigurationKeys$42
lombok-1.16.8,BloatedClass,lombok.launch.PatchFixesHider$LombokDeps
slf4j-api-1.7.23,UsedClass,org.slf4j.LoggerFactory
slf4j-api-1.7.23,BloatedClass,org.slf4j.helpers.SubstituteLogger
slf4j-api-1.7.23,BloatedClass,org.slf4j.MarkerFactory
slf4j-api-1.7.23,BloatedClass,org.slf4j.event.EventConstants
slf4j-api-1.7.23,BloatedClass,org.slf4j.spi.MarkerFactoryBinder
slf4j-api-1.7.23,BloatedClass,org.slf4j.spi.MDCAdapter
slf4j-api-1.7.23,BloatedClass,org.slf4j.spi.LocationAwareLogger
slf4j-api-1.7.23,BloatedClass,org.slf4j.MDC$MDCCloseable
slf4j-api-1.7.23,UsedClass,org.slf4j.helpers.Util
slf4j-api-1.7.23,BloatedClass,org.slf4j.helpers.BasicMarkerFactory
slf4j-api-1.7.23,BloatedClass,org.slf4j.event.Level
slf4j-api-1.7.23,BloatedClass,org.slf4j.helpers.Util$1
slf4j-api-1.7.23,UsedClass,org.slf4j.helpers.NOPLoggerFactory
slf4j-api-1.7.23,UsedClass,org.slf4j.event.LoggingEvent
slf4j-api-1.7.23,BloatedClass,org.slf4j.IMarkerFactory
slf4j-api-1.7.23,BloatedClass,org.slf4j.helpers.MessageFormatter
slf4j-api-1.7.23,BloatedClass,org.slf4j.event.EventRecodingLogger
slf4j-api-1.7.23,BloatedClass,org.slf4j.helpers.BasicMDCAdapter
slf4j-api-1.7.23,UsedClass,org.slf4j.Logger
slf4j-api-1.7.23,BloatedClass,org.slf4j.spi.LoggerFactoryBinder
slf4j-api-1.7.23,BloatedClass,org.slf4j.helpers.FormattingTuple
slf4j-api-1.7.23,BloatedClass,org.slf4j.helpers.BasicMDCAdapter$1
slf4j-api-1.7.23,UsedClass,org.slf4j.helpers.SubstituteLoggerFactory
slf4j-api-1.7.23,BloatedClass,org.slf4j.helpers.NOPMDCAdapter
slf4j-api-1.7.23,BloatedClass,org.slf4j.event.SubstituteLoggingEvent
slf4j-api-1.7.23,UsedClass,org.slf4j.helpers.NOPLogger
slf4j-api-1.7.23,BloatedClass,org.slf4j.Marker
slf4j-api-1.7.23,BloatedClass,org.slf4j.MDC
slf4j-api-1.7.23,BloatedClass,org.slf4j.MDC$1
slf4j-api-1.7.23,UsedClass,org.slf4j.helpers.MarkerIgnoringBase
slf4j-api-1.7.23,BloatedClass,org.slf4j.helpers.BasicMarker
slf4j-api-1.7.23,UsedClass,org.slf4j.helpers.NamedLoggerBase
slf4j-api-1.7.23,BloatedClass,org.slf4j.helpers.Util$ClassContextSecurityManager
slf4j-api-1.7.23,UsedClass,org.slf4j.ILoggerFactory
slf4j-api-1.7.23,UsedClass,org.slf4j.LoggerFactory
slf4j-api-1.7.23,BloatedClass,org.slf4j.helpers.SubstituteLogger
slf4j-api-1.7.23,BloatedClass,org.slf4j.MarkerFactory
slf4j-api-1.7.23,BloatedClass,org.slf4j.event.EventConstants
slf4j-api-1.7.23,BloatedClass,org.slf4j.spi.MarkerFactoryBinder
slf4j-api-1.7.23,BloatedClass,org.slf4j.spi.MDCAdapter
slf4j-api-1.7.23,BloatedClass,org.slf4j.spi.LocationAwareLogger
slf4j-api-1.7.23,BloatedClass,org.slf4j.MDC$MDCCloseable
slf4j-api-1.7.23,UsedClass,org.slf4j.helpers.Util
slf4j-api-1.7.23,BloatedClass,org.slf4j.helpers.BasicMarkerFactory
slf4j-api-1.7.23,BloatedClass,org.slf4j.event.Level
slf4j-api-1.7.23,BloatedClass,org.slf4j.helpers.Util$1
slf4j-api-1.7.23,UsedClass,org.slf4j.helpers.NOPLoggerFactory
slf4j-api-1.7.23,UsedClass,org.slf4j.event.LoggingEvent
slf4j-api-1.7.23,BloatedClass,org.slf4j.IMarkerFactory
slf4j-api-1.7.23,BloatedClass,org.slf4j.helpers.MessageFormatter
slf4j-api-1.7.23,BloatedClass,org.slf4j.event.EventRecodingLogger
slf4j-api-1.7.23,BloatedClass,org.slf4j.helpers.BasicMDCAdapter
slf4j-api-1.7.23,UsedClass,org.slf4j.Logger
slf4j-api-1.7.23,BloatedClass,org.slf4j.spi.LoggerFactoryBinder
slf4j-api-1.7.23,BloatedClass,org.slf4j.helpers.FormattingTuple
slf4j-api-1.7.23,BloatedClass,org.slf4j.helpers.BasicMDCAdapter$1
slf4j-api-1.7.23,UsedClass,org.slf4j.helpers.SubstituteLoggerFactory
slf4j-api-1.7.23,BloatedClass,org.slf4j.helpers.NOPMDCAdapter
slf4j-api-1.7.23,BloatedClass,org.slf4j.event.SubstituteLoggingEvent
slf4j-api-1.7.23,UsedClass,org.slf4j.helpers.NOPLogger
slf4j-api-1.7.23,BloatedClass,org.slf4j.Marker
slf4j-api-1.7.23,BloatedClass,org.slf4j.MDC
slf4j-api-1.7.23,BloatedClass,org.slf4j.MDC$1
slf4j-api-1.7.23,UsedClass,org.slf4j.helpers.MarkerIgnoringBase
slf4j-api-1.7.23,BloatedClass,org.slf4j.helpers.BasicMarker
slf4j-api-1.7.23,UsedClass,org.slf4j.helpers.NamedLoggerBase
slf4j-api-1.7.23,BloatedClass,org.slf4j.helpers.Util$ClassContextSecurityManager
slf4j-api-1.7.23,UsedClass,org.slf4j.ILoggerFactory
slf4j-api-1.7.23,UsedClass,org.slf4j.LoggerFactory
slf4j-api-1.7.23,BloatedClass,org.slf4j.helpers.SubstituteLogger
slf4j-api-1.7.23,BloatedClass,org.slf4j.MarkerFactory
slf4j-api-1.7.23,BloatedClass,org.slf4j.event.EventConstants
slf4j-api-1.7.23,BloatedClass,org.slf4j.spi.MarkerFactoryBinder
slf4j-api-1.7.23,BloatedClass,org.slf4j.spi.MDCAdapter
slf4j-api-1.7.23,BloatedClass,org.slf4j.spi.LocationAwareLogger
slf4j-api-1.7.23,BloatedClass,org.slf4j.MDC$MDCCloseable
slf4j-api-1.7.23,UsedClass,org.slf4j.helpers.Util
slf4j-api-1.7.23,BloatedClass,org.slf4j.helpers.BasicMarkerFactory
slf4j-api-1.7.23,BloatedClass,org.slf4j.event.Level
slf4j-api-1.7.23,BloatedClass,org.slf4j.helpers.Util$1
slf4j-api-1.7.23,UsedClass,org.slf4j.helpers.NOPLoggerFactory
slf4j-api-1.7.23,UsedClass,org.slf4j.event.LoggingEvent
slf4j-api-1.7.23,BloatedClass,org.slf4j.IMarkerFactory
slf4j-api-1.7.23,BloatedClass,org.slf4j.helpers.MessageFormatter
slf4j-api-1.7.23,BloatedClass,org.slf4j.event.EventRecodingLogger
slf4j-api-1.7.23,BloatedClass,org.slf4j.helpers.BasicMDCAdapter
slf4j-api-1.7.23,UsedClass,org.slf4j.Logger
slf4j-api-1.7.23,BloatedClass,org.slf4j.spi.LoggerFactoryBinder
slf4j-api-1.7.23,BloatedClass,org.slf4j.helpers.FormattingTuple
slf4j-api-1.7.23,BloatedClass,org.slf4j.helpers.BasicMDCAdapter$1
slf4j-api-1.7.23,UsedClass,org.slf4j.helpers.SubstituteLoggerFactory
slf4j-api-1.7.23,BloatedClass,org.slf4j.helpers.NOPMDCAdapter
slf4j-api-1.7.23,BloatedClass,org.slf4j.event.SubstituteLoggingEvent
slf4j-api-1.7.23,UsedClass,org.slf4j.helpers.NOPLogger
slf4j-api-1.7.23,BloatedClass,org.slf4j.Marker
slf4j-api-1.7.23,BloatedClass,org.slf4j.MDC
slf4j-api-1.7.23,BloatedClass,org.slf4j.MDC$1
slf4j-api-1.7.23,UsedClass,org.slf4j.helpers.MarkerIgnoringBase
slf4j-api-1.7.23,BloatedClass,org.slf4j.helpers.BasicMarker
slf4j-api-1.7.23,UsedClass,org.slf4j.helpers.NamedLoggerBase
slf4j-api-1.7.23,BloatedClass,org.slf4j.helpers.Util$ClassContextSecurityManager
slf4j-api-1.7.23,UsedClass,org.slf4j.ILoggerFactory
lombok-1.16.8,BloatedClass,lombok.ConfigurationKeys$50
lombok-1.16.8,BloatedClass,lombok.experimental.Accessors
lombok-1.16.8,BloatedClass,lombok.Singular
lombok-1.16.8,BloatedClass,lombok.extern.log4j.Log4j
lombok-1.16.8,BloatedClass,lombok.Cleanup
lombok-1.16.8,BloatedClass,lombok.RequiredArgsConstructor$AnyAnnotation
lombok-1.16.8,BloatedClass,lombok.experimental.Helper
lombok-1.16.8,BloatedClass,lombok.ConfigurationKeys$51
lombok-1.16.8,BloatedClass,lombok.launch.PatchFixesHider$ValPortal
lombok-1.16.8,BloatedClass,lombok.experimental.ExtensionMethod
lombok-1.16.8,BloatedClass,lombok.NonNull
lombok-1.16.8,BloatedClass,lombok.AllArgsConstructor$AnyAnnotation
lombok-1.16.8,BloatedClass,lombok.Getter$AnyAnnotation
lombok-1.16.8,BloatedClass,lombok.extern.slf4j.Slf4j
lombok-1.16.8,BloatedClass,lombok.Builder$ObtainVia
lombok-1.16.8,BloatedClass,lombok.experimental.Tolerate
lombok-1.16.8,BloatedClass,lombok.Delegate
lombok-1.16.8,BloatedClass,lombok.javac.apt.Processor
lombok-1.16.8,BloatedClass,lombok.extern.slf4j.XSlf4j
lombok-1.16.8,BloatedClass,lombok.package-info
lombok-1.16.8,BloatedClass,lombok.experimental.UtilityClass
lombok-1.16.8,BloatedClass,lombok.AccessLevel
lombok-1.16.8,BloatedClass,lombok.launch.PatchFixesHider$Util
lombok-1.16.8,BloatedClass,lombok.experimental.Delegate
lombok-1.16.8,BloatedClass,lombok.delombok.ant.Tasks$Format
lombok-1.16.8,BloatedClass,lombok.val
lombok-1.16.8,BloatedClass,lombok.extern.java.Log
lombok-1.16.8,BloatedClass,lombok.delombok.ant.Tasks$Delombok
lombok-1.16.8,BloatedClass,lombok.launch.Agent
lombok-1.16.8,BloatedClass,lombok.NoArgsConstructor
lombok-1.16.8,BloatedClass,lombok.ConfigurationKeys$8
lombok-1.16.8,BloatedClass,lombok.ConfigurationKeys$9
lombok-1.16.8,BloatedClass,lombok.ConfigurationKeys$6
lombok-1.16.8,BloatedClass,lombok.extern.apachecommons.CommonsLog
lombok-1.16.8,BloatedClass,lombok.ConfigurationKeys$7
lombok-1.16.8,BloatedClass,lombok.SneakyThrows
lombok-1.16.8,BloatedClass,lombok.ConfigurationKeys$4
lombok-1.16.8,BloatedClass,lombok.ConfigurationKeys$5
lombok-1.16.8,BloatedClass,lombok.RequiredArgsConstructor
lombok-1.16.8,BloatedClass,lombok.experimental.Value
lombok-1.16.8,BloatedClass,lombok.experimental.Wither$AnyAnnotation
lombok-1.16.8,BloatedClass,lombok.experimental.Wither
lombok-1.16.8,BloatedClass,lombok.launch.PatchFixesHider$Delegate
lombok-1.16.8,BloatedClass,lombok.launch.AnnotationProcessorHider$AnnotationProcessor
lombok-1.16.8,BloatedClass,lombok.ConfigurationKeys$19
lombok-1.16.8,BloatedClass,lombok.ConfigurationKeys$16
lombok-1.16.8,BloatedClass,lombok.ConfigurationKeys$15
lombok-1.16.8,BloatedClass,lombok.Generated
lombok-1.16.8,BloatedClass,lombok.ConfigurationKeys$18
lombok-1.16.8,BloatedClass,lombok.ConfigurationKeys$17
lombok-1.16.8,BloatedClass,lombok.ConfigurationKeys$12
lombok-1.16.8,BloatedClass,lombok.ToString
lombok-1.16.8,BloatedClass,lombok.ConfigurationKeys$11
lombok-1.16.8,BloatedClass,lombok.ConfigurationKeys$14
lombok-1.16.8,BloatedClass,lombok.ConfigurationKeys$13
lombok-1.16.8,BloatedClass,lombok.experimental.package-info
lombok-1.16.8,BloatedClass,lombok.ConfigurationKeys$10
lombok-1.16.8,BloatedClass,lombok.Synchronized
lombok-1.16.8,BloatedClass,lombok.EqualsAndHashCode
lombok-1.16.8,BloatedClass,lombok.launch.ShadowClassLoader
lombok-1.16.8,BloatedClass,lombok.NoArgsConstructor$AnyAnnotation
lombok-1.16.8,BloatedClass,lombok.Builder
lombok-1.16.8,BloatedClass,lombok.ConfigurationKeys$27
lombok-1.16.8,BloatedClass,lombok.ConfigurationKeys$26
lombok-1.16.8,BloatedClass,lombok.launch.PatchFixesHider$Transform
lombok-1.16.8,BloatedClass,lombok.ConfigurationKeys$29
lombok-1.16.8,BloatedClass,lombok.ConfigurationKeys$28
lombok-1.16.8,BloatedClass,lombok.ConfigurationKeys$23
lombok-1.16.8,BloatedClass,lombok.ConfigurationKeys$22
lombok-1.16.8,BloatedClass,lombok.ConfigurationKeys$25
lombok-1.16.8,BloatedClass,lombok.ConfigurationKeys$24
lombok-1.16.8,BloatedClass,lombok.Lombok
lombok-1.16.8,BloatedClass,lombok.ConfigurationKeys
lombok-1.16.8,BloatedClass,lombok.delombok.ant.Tasks
lombok-1.16.8,BloatedClass,lombok.ConfigurationKeys$21
lombok-1.16.8,BloatedClass,lombok.ConfigurationKeys$20
lombok-1.16.8,BloatedClass,lombok.experimental.NonFinal
lombok-1.16.8,BloatedClass,lombok.experimental.FieldDefaults
lombok-1.16.8,BloatedClass,lombok.launch.PatchFixesHider$Val
lombok-1.16.8,BloatedClass,lombok.Setter
lombok-1.16.8,BloatedClass,lombok.Getter
lombok-1.16.8,BloatedClass,lombok.launch.PatchFixesHider$PatchFixes
lombok-1.16.8,BloatedClass,lombok.Value
lombok-1.16.8,BloatedClass,lombok.launch.Main
lombok-1.16.8,BloatedClass,lombok.ConfigurationKeys$38
lombok-1.16.8,BloatedClass,lombok.Setter$AnyAnnotation
lombok-1.16.8,BloatedClass,lombok.ConfigurationKeys$37
lombok-1.16.8,BloatedClass,lombok.ConfigurationKeys$39
lombok-1.16.8,BloatedClass,lombok.experimental.Builder
lombok-1.16.8,BloatedClass,lombok.launch.AnnotationProcessorHider
lombok-1.16.8,BloatedClass,lombok.ConfigurationKeys$34
lombok-1.16.8,BloatedClass,lombok.ConfigurationKeys$33
lombok-1.16.8,BloatedClass,lombok.ConfigurationKeys$36
lombok-1.16.8,BloatedClass,lombok.launch.PatchFixesHider$ExtensionMethod
lombok-1.16.8,BloatedClass,lombok.ConfigurationKeys$35
lombok-1.16.8,BloatedClass,lombok.ConfigurationKeys$30
lombok-1.16.8,BloatedClass,lombok.ConfigurationKeys$32
lombok-1.16.8,BloatedClass,lombok.ConfigurationKeys$31
lombok-1.16.8,BloatedClass,lombok.EqualsAndHashCode$AnyAnnotation
lombok-1.16.8,BloatedClass,lombok.ConfigurationKeys$49
lombok-1.16.8,BloatedClass,lombok.launch.PatchFixesHider
lombok-1.16.8,BloatedClass,lombok.ConfigurationKeys$48
lombok-1.16.8,BloatedClass,lombok.experimental.PackagePrivate
lombok-1.16.8,BloatedClass,lombok.ConfigurationKeys$2
lombok-1.16.8,BloatedClass,lombok.ConfigurationKeys$45
lombok-1.16.8,BloatedClass,lombok.Data
lombok-1.16.8,BloatedClass,lombok.extern.log4j.Log4j2
lombok-1.16.8,BloatedClass,lombok.ConfigurationKeys$3
lombok-1.16.8,BloatedClass,lombok.ConfigurationKeys$44
lombok-1.16.8,BloatedClass,lombok.ConfigurationKeys$47
lombok-1.16.8,BloatedClass,lombok.ConfigurationKeys$1
lombok-1.16.8,BloatedClass,lombok.ConfigurationKeys$46
lombok-1.16.8,BloatedClass,lombok.AllArgsConstructor
lombok-1.16.8,BloatedClass,lombok.ConfigurationKeys$41
lombok-1.16.8,BloatedClass,lombok.ConfigurationKeys$40
lombok-1.16.8,BloatedClass,lombok.ConfigurationKeys$43
lombok-1.16.8,BloatedClass,lombok.ConfigurationKeys$42
lombok-1.16.8,BloatedClass,lombok.launch.PatchFixesHider$LombokDeps
