{
"com.jarvis.cache.to.CacheWrapper": ["CacheWrapper()V","setCacheObject(Ljava/lang/Object;)V","getExpire()I","setExpire(I)V","getLastLoadTime()J","setLastLoadTime(J)V","getCacheObject()Ljava/lang/Object;"],
"com.jarvis.cache.serializer.FastjsonSerializer": ["<clinit>()V","FastjsonSerializer()V","FastjsonSerializer(Ljava/nio/charset/Charset;)V","deepClone(Ljava/lang/Object;Ljava/lang/reflect/Type;)Ljava/lang/Object;","deepCloneMethodArgs(Ljava/lang/reflect/Method;[Ljava/lang/Object;)[Ljava/lang/Object;"],
"com.jarvis.lib.util.BeanUtil": ["<clinit>()V","isPrimitive(Ljava/lang/Object;)Z","toString(Ljava/lang/Object;)Ljava/lang/String;"],
"com.jarvis.cache.serializer.JdkSerializer": ["JdkSerializer()V","deepCloneMethodArgs(Ljava/lang/reflect/Method;[Ljava/lang/Object;)[Ljava/lang/Object;","deepClone(Ljava/lang/Object;Ljava/lang/reflect/Type;)Ljava/lang/Object;","serialize(Ljava/lang/Object;)[B","deserialize([BLjava/lang/reflect/Type;)Ljava/lang/Object;"],
"com.jarvis.cache.serializer.HessianSerializer": ["<clinit>()V","HessianSerializer()V","deepCloneMethodArgs(Ljava/lang/reflect/Method;[Ljava/lang/Object;)[Ljava/lang/Object;","deepClone(Ljava/lang/Object;Ljava/lang/reflect/Type;)Ljava/lang/Object;","serialize(Ljava/lang/Object;)[B","deserialize([BLjava/lang/reflect/Type;)Ljava/lang/Object;"],
"com.jarvis.cache.serializer.hession.HessionBigDecimalSerializerFactory": ["<clinit>()V","HessionBigDecimalSerializerFactory()V"],
"com.jarvis.cache.serializer.hession.HessionSoftReferenceSerializerFactory": ["HessionSoftReferenceSerializerFactory()V"],
"com.jarvis.cache.serializer.hession.SoftReferenceSerializer": ["SoftReferenceSerializer()V"],
"com.jarvis.cache.serializer.hession.SoftReferenceDeserializer": ["SoftReferenceDeserializer()V"],
"com.jarvis.cache.serializer.JacksonJsonSerializer": ["<clinit>()V","JacksonJsonSerializer()V","deepCloneMethodArgs(Ljava/lang/reflect/Method;[Ljava/lang/Object;)[Ljava/lang/Object;","deepClone(Ljava/lang/Object;Ljava/lang/reflect/Type;)Ljava/lang/Object;"],
"com.jarvis.cache.serializer.JacksonJsonSerializer$NullValueSerializer": ["JacksonJsonSerializer$NullValueSerializer(Lcom/jarvis/cache/serializer/JacksonJsonSerializer;Ljava/lang/String;)V"],
"com.jarvis.cache.serializer.JacksonMsgpackSerializer": ["<clinit>()V","JacksonMsgpackSerializer()V","deepCloneMethodArgs(Ljava/lang/reflect/Method;[Ljava/lang/Object;)[Ljava/lang/Object;","deepClone(Ljava/lang/Object;Ljava/lang/reflect/Type;)Ljava/lang/Object;"],
"com.jarvis.cache.clone.Cloning": ["Cloning()V","deepCloneMethodArgs(Ljava/lang/reflect/Method;[Ljava/lang/Object;)[Ljava/lang/Object;","deepClone(Ljava/lang/Object;Ljava/lang/reflect/Type;)Ljava/lang/Object;"],
"com.jarvis.cache.script.SpringELParser": ["<clinit>()V","SpringELParser()V","getElValue(Ljava/lang/String;Ljava/lang/Object;[Ljava/lang/Object;Ljava/lang/Object;ZLjava/lang/Class;)Ljava/lang/Object;"],
"com.jarvis.cache.script.AbstractScriptParser": ["AbstractScriptParser()V","getDefinedCacheKey(Ljava/lang/String;Ljava/lang/Object;[Ljava/lang/Object;Ljava/lang/Object;Z)Ljava/lang/String;","getElValue(Ljava/lang/String;Ljava/lang/Object;[Ljava/lang/Object;Ljava/lang/Class;)Ljava/lang/Object;"],
"com.jarvis.cache.CacheUtil": ["isEmpty(Ljava/lang/Object;)Z","getUniqueHashStr(Ljava/lang/Object;)Ljava/lang/String;","getMiscHashCode(Ljava/lang/String;)Ljava/lang/String;","getHashCode(Ljava/lang/String;)I"],
"com.jarvis.cache.script.JavaScriptParser": ["<clinit>()V","JavaScriptParser()V","addFunction(Ljava/lang/String;Ljava/lang/reflect/Method;)V","getElValue(Ljava/lang/String;Ljava/lang/Object;[Ljava/lang/Object;Ljava/lang/Object;ZLjava/lang/Class;)Ljava/lang/Object;"],
"org.slf4j.LoggerFactory": ["<clinit>()V","getLogger(Ljava/lang/Class;)Lorg/slf4j/Logger;","getLogger(Ljava/lang/String;)Lorg/slf4j/Logger;","getILoggerFactory()Lorg/slf4j/ILoggerFactory;","performInitialization()V","bind()V","isAndroid()Z","findPossibleStaticLoggerBinderPathSet()Ljava/util/Set;","reportMultipleBindingAmbiguity(Ljava/util/Set;)V","isAmbiguousStaticLoggerBinderPathSet(Ljava/util/Set;)Z","messageContainsOrgSlf4jImplStaticLoggerBinder(Ljava/lang/String;)Z"],
"org.slf4j.helpers.SubstituteLoggerFactory": ["SubstituteLoggerFactory()V"],
"org.slf4j.helpers.NOPLoggerFactory": ["NOPLoggerFactory()V","getLogger(Ljava/lang/String;)Lorg/slf4j/Logger;"],
"org.slf4j.helpers.Util": ["<clinit>()V","safeGetBooleanSystemProperty(Ljava/lang/String;)Z","safeGetSystemProperty(Ljava/lang/String;)Ljava/lang/String;","report(Ljava/lang/String;)V"],
"org.slf4j.helpers.NOPLogger": ["<clinit>()V","NOPLogger()V"],
"org.slf4j.helpers.MarkerIgnoringBase": ["MarkerIgnoringBase()V"],
"org.slf4j.helpers.NamedLoggerBase": ["NamedLoggerBase()V"],
"com.jarvis.cache.script.OgnlParser": ["OgnlParser()V","getElValue(Ljava/lang/String;Ljava/lang/Object;[Ljava/lang/Object;Ljava/lang/Object;ZLjava/lang/Class;)Ljava/lang/Object;"]
}