<?xml version="1.0" encoding="utf-8"?>
<project xmlns="http://maven.apache.org/DECORATION/1.1.0" xmlns:xsi="http://www.w3.org/2001/XMLSchema-instance"
         xsi:schemaLocation="http://maven.apache.org/DECORATION/1.1.0 http://maven.apache.org/xsd/decoration-1.1.0.xsd">
  <bannerLeft>
    <name>${project.name}</name>
    <src>http://junit.org/images/junit-logo.png</src>
    <href>http://junit.org/</href>
  </bannerLeft>

  <publishDate format="yyyy-MM-dd" position="right" />
  <version position="right" />

  <poweredBy>
    <logo name="Built by Maven" href="http://maven.apache.org/" img="images/logos/maven-feather.png" />
  </poweredBy>

  <skin>
    <groupId>org.apache.maven.skins</groupId>
    <artifactId>maven-fluido-skin</artifactId>
    <version>1.3.0</version>
  </skin>

  <body>
    <head>
      <link rel="stylesheet" href="@relativePath@/css/plain-links.css" />
    </head>
    <breadcrumbs>
      <item name="JUnit" href="http://junit.org/" />
    </breadcrumbs>

    <menu name="Overview">
      <item name="Introduction" href="index.html"/>
      <item name="Frequently asked questions" href="faq.html"/>
      <item name="Cookbook" href="cookbook.html"/>
    </menu>

    <menu ref="reports" inherit="bottom" />

  </body>

  <custom>
    <fluidoSkin>
      <topBarEnabled>true</topBarEnabled>
      <sideBarEnabled>false</sideBarEnabled>
      <sourceLineNumbersEnabled>true</sourceLineNumbersEnabled>
      <gitHub>
        <projectId>junit-team/junit</projectId>
        <ribbonOrientation>right</ribbonOrientation>
      </gitHub>
    </fluidoSkin>
  </custom>
</project>
