JCov,com.jakewharton.disklrucache.StrictLineReader$1,toString()Ljava/lang/String;
JCov,com.jakewharton.disklrucache.StrictLineReader$1,<init>(Lcom/jakewharton/disklrucache/StrictLineReader;I)V
JCov,com.jakewharton.disklrucache.DiskLruCache,access$100(Lcom/jakewharton/disklrucache/DiskLruCache;)V
JCov,com.jakewharton.disklrucache.DiskLruCache,access$200(Lcom/jakewharton/disklrucache/DiskLruCache;)Z
JCov,com.jakewharton.disklrucache.DiskLruCache,access$1700(Ljava/io/InputStream;)Ljava/lang/String;
JCov,com.jakewharton.disklrucache.DiskLruCache,checkNotClosed()V
JCov,com.jakewharton.disklrucache.DiskLruCache,trimToSize()V
JCov,com.jakewharton.disklrucache.DiskLruCache,processJournal()V
JCov,com.jakewharton.disklrucache.DiskLruCache,access$300(Lcom/jakewharton/disklrucache/DiskLruCache;)V
JCov,com.jakewharton.disklrucache.DiskLruCache,renameTo(Ljava/io/File;Ljava/io/File;Z)V
JCov,com.jakewharton.disklrucache.DiskLruCache,access$402(Lcom/jakewharton/disklrucache/DiskLruCache;I)I
JCov,com.jakewharton.disklrucache.DiskLruCache,<init>(Ljava/io/File;IIJ)V
JCov,com.jakewharton.disklrucache.DiskLruCache,access$1800(Lcom/jakewharton/disklrucache/DiskLruCache;)I
JCov,com.jakewharton.disklrucache.DiskLruCache,completeEdit(Lcom/jakewharton/disklrucache/DiskLruCache$Editor;Z)V
JCov,com.jakewharton.disklrucache.DiskLruCache,edit(Ljava/lang/String;)Lcom/jakewharton/disklrucache/DiskLruCache$Editor;
JCov,com.jakewharton.disklrucache.DiskLruCache,close()V
JCov,com.jakewharton.disklrucache.DiskLruCache,access$1600(Lcom/jakewharton/disklrucache/DiskLruCache;Ljava/lang/String;J)Lcom/jakewharton/disklrucache/DiskLruCache$Editor;
JCov,com.jakewharton.disklrucache.DiskLruCache,get(Ljava/lang/String;)Lcom/jakewharton/disklrucache/DiskLruCache$Snapshot;
JCov,com.jakewharton.disklrucache.DiskLruCache,edit(Ljava/lang/String;J)Lcom/jakewharton/disklrucache/DiskLruCache$Editor;
JCov,com.jakewharton.disklrucache.DiskLruCache,journalRebuildRequired()Z
JCov,com.jakewharton.disklrucache.DiskLruCache,deleteIfExists(Ljava/io/File;)V
JCov,com.jakewharton.disklrucache.DiskLruCache,access$2200(Lcom/jakewharton/disklrucache/DiskLruCache;Lcom/jakewharton/disklrucache/DiskLruCache$Editor;Z)V
JCov,com.jakewharton.disklrucache.DiskLruCache,access$1900(Lcom/jakewharton/disklrucache/DiskLruCache;)Ljava/io/File;
JCov,com.jakewharton.disklrucache.DiskLruCache,flush()V
JCov,com.jakewharton.disklrucache.DiskLruCache,validateKey(Ljava/lang/String;)V
JCov,com.jakewharton.disklrucache.DiskLruCache,open(Ljava/io/File;IIJ)Lcom/jakewharton/disklrucache/DiskLruCache;
JCov,com.jakewharton.disklrucache.DiskLruCache,setMaxSize(J)V
JCov,com.jakewharton.disklrucache.DiskLruCache,size()J
JCov,com.jakewharton.disklrucache.DiskLruCache,delete()V
JCov,com.jakewharton.disklrucache.DiskLruCache,inputStreamToString(Ljava/io/InputStream;)Ljava/lang/String;
JCov,com.jakewharton.disklrucache.DiskLruCache,remove(Ljava/lang/String;)Z
JCov,com.jakewharton.disklrucache.DiskLruCache,<clinit>()V
JCov,com.jakewharton.disklrucache.DiskLruCache,access$000(Lcom/jakewharton/disklrucache/DiskLruCache;)Ljava/io/Writer;
JCov,com.jakewharton.disklrucache.DiskLruCache,readJournal()V
JCov,com.jakewharton.disklrucache.DiskLruCache,readJournalLine(Ljava/lang/String;)V
JCov,com.jakewharton.disklrucache.DiskLruCache,rebuildJournal()V
JCov,com.jakewharton.disklrucache.DiskLruCache$2,<init>()V
JCov,com.jakewharton.disklrucache.DiskLruCache$Editor,access$1500(Lcom/jakewharton/disklrucache/DiskLruCache$Editor;)[Z
JCov,com.jakewharton.disklrucache.DiskLruCache$Editor,<init>(Lcom/jakewharton/disklrucache/DiskLruCache;Lcom/jakewharton/disklrucache/DiskLruCache$Entry;)V
JCov,com.jakewharton.disklrucache.DiskLruCache$Editor,set(ILjava/lang/String;)V
JCov,com.jakewharton.disklrucache.DiskLruCache$Editor,commit()V
JCov,com.jakewharton.disklrucache.DiskLruCache$Editor,newInputStream(I)Ljava/io/InputStream;
JCov,com.jakewharton.disklrucache.DiskLruCache$Editor,getString(I)Ljava/lang/String;
JCov,com.jakewharton.disklrucache.DiskLruCache$Editor,access$1400(Lcom/jakewharton/disklrucache/DiskLruCache$Editor;)Lcom/jakewharton/disklrucache/DiskLruCache$Entry;
JCov,com.jakewharton.disklrucache.DiskLruCache$Editor,newOutputStream(I)Ljava/io/OutputStream;
JCov,com.jakewharton.disklrucache.DiskLruCache$Editor,<init>(Lcom/jakewharton/disklrucache/DiskLruCache;Lcom/jakewharton/disklrucache/DiskLruCache$Entry;Lcom/jakewharton/disklrucache/DiskLruCache$1;)V
JCov,com.jakewharton.disklrucache.DiskLruCache$Editor,abort()V
JCov,com.jakewharton.disklrucache.DiskLruCache$Editor$FaultHidingOutputStream,<init>(Lcom/jakewharton/disklrucache/DiskLruCache$Editor;Ljava/io/OutputStream;Lcom/jakewharton/disklrucache/DiskLruCache$1;)V
JCov,com.jakewharton.disklrucache.DiskLruCache$Editor$FaultHidingOutputStream,flush()V
JCov,com.jakewharton.disklrucache.DiskLruCache$Editor$FaultHidingOutputStream,write([BII)V
JCov,com.jakewharton.disklrucache.DiskLruCache$Editor$FaultHidingOutputStream,<init>(Lcom/jakewharton/disklrucache/DiskLruCache$Editor;Ljava/io/OutputStream;)V
JCov,com.jakewharton.disklrucache.DiskLruCache$Editor$FaultHidingOutputStream,close()V
JCov,com.jakewharton.disklrucache.StrictLineReader,fillBuf()V
JCov,com.jakewharton.disklrucache.StrictLineReader,access$000(Lcom/jakewharton/disklrucache/StrictLineReader;)Ljava/nio/charset/Charset;
JCov,com.jakewharton.disklrucache.StrictLineReader,readLine()Ljava/lang/String;
JCov,com.jakewharton.disklrucache.StrictLineReader,<init>(Ljava/io/InputStream;Ljava/nio/charset/Charset;)V
JCov,com.jakewharton.disklrucache.StrictLineReader,<init>(Ljava/io/InputStream;ILjava/nio/charset/Charset;)V
JCov,com.jakewharton.disklrucache.StrictLineReader,hasUnterminatedLine()Z
JCov,com.jakewharton.disklrucache.StrictLineReader,close()V
JCov,com.jakewharton.disklrucache.Util,closeQuietly(Ljava/io/Closeable;)V
JCov,com.jakewharton.disklrucache.Util,<clinit>()V
JCov,com.jakewharton.disklrucache.Util,deleteContents(Ljava/io/File;)V
JCov,com.jakewharton.disklrucache.Util,readFully(Ljava/io/Reader;)Ljava/lang/String;
JCov,com.jakewharton.disklrucache.DiskLruCache$Entry,setLengths([Ljava/lang/String;)V
JCov,com.jakewharton.disklrucache.DiskLruCache$Entry,access$700(Lcom/jakewharton/disklrucache/DiskLruCache$Entry;)Lcom/jakewharton/disklrucache/DiskLruCache$Editor;
JCov,com.jakewharton.disklrucache.DiskLruCache$Entry,access$800(Lcom/jakewharton/disklrucache/DiskLruCache$Entry;[Ljava/lang/String;)V
JCov,com.jakewharton.disklrucache.DiskLruCache$Entry,<init>(Lcom/jakewharton/disklrucache/DiskLruCache;Ljava/lang/String;)V
JCov,com.jakewharton.disklrucache.DiskLruCache$Entry,access$1100(Lcom/jakewharton/disklrucache/DiskLruCache$Entry;)Ljava/lang/String;
JCov,com.jakewharton.disklrucache.DiskLruCache$Entry,<init>(Lcom/jakewharton/disklrucache/DiskLruCache;Ljava/lang/String;Lcom/jakewharton/disklrucache/DiskLruCache$1;)V
JCov,com.jakewharton.disklrucache.DiskLruCache$Entry,access$702(Lcom/jakewharton/disklrucache/DiskLruCache$Entry;Lcom/jakewharton/disklrucache/DiskLruCache$Editor;)Lcom/jakewharton/disklrucache/DiskLruCache$Editor;
JCov,com.jakewharton.disklrucache.DiskLruCache$Entry,access$1000(Lcom/jakewharton/disklrucache/DiskLruCache$Entry;)[J
JCov,com.jakewharton.disklrucache.DiskLruCache$Entry,getDirtyFile(I)Ljava/io/File;
JCov,com.jakewharton.disklrucache.DiskLruCache$Entry,access$1200(Lcom/jakewharton/disklrucache/DiskLruCache$Entry;)J
JCov,com.jakewharton.disklrucache.DiskLruCache$Entry,getCleanFile(I)Ljava/io/File;
JCov,com.jakewharton.disklrucache.DiskLruCache$Entry,invalidLengths([Ljava/lang/String;)Ljava/io/IOException;
JCov,com.jakewharton.disklrucache.DiskLruCache$Entry,getLengths()Ljava/lang/String;
JCov,com.jakewharton.disklrucache.DiskLruCache$Entry,access$602(Lcom/jakewharton/disklrucache/DiskLruCache$Entry;Z)Z
JCov,com.jakewharton.disklrucache.DiskLruCache$Entry,access$1202(Lcom/jakewharton/disklrucache/DiskLruCache$Entry;J)J
JCov,com.jakewharton.disklrucache.DiskLruCache$Entry,access$600(Lcom/jakewharton/disklrucache/DiskLruCache$Entry;)Z
JCov,com.jakewharton.disklrucache.DiskLruCache$Snapshot,getLength(I)J
JCov,com.jakewharton.disklrucache.DiskLruCache$Snapshot,edit()Lcom/jakewharton/disklrucache/DiskLruCache$Editor;
JCov,com.jakewharton.disklrucache.DiskLruCache$Snapshot,getString(I)Ljava/lang/String;
JCov,com.jakewharton.disklrucache.DiskLruCache$Snapshot,<init>(Lcom/jakewharton/disklrucache/DiskLruCache;Ljava/lang/String;J[Ljava/io/InputStream;[JLcom/jakewharton/disklrucache/DiskLruCache$1;)V
JCov,com.jakewharton.disklrucache.DiskLruCache$Snapshot,getInputStream(I)Ljava/io/InputStream;
JCov,com.jakewharton.disklrucache.DiskLruCache$Snapshot,<init>(Lcom/jakewharton/disklrucache/DiskLruCache;Ljava/lang/String;J[Ljava/io/InputStream;[J)V
JCov,com.jakewharton.disklrucache.DiskLruCache$Snapshot,close()V
JCov,com.jakewharton.disklrucache.DiskLruCache$1,call()Ljava/lang/Void;
JCov,com.jakewharton.disklrucache.DiskLruCache$1,<init>(Lcom/jakewharton/disklrucache/DiskLruCache;)V
JCov,com.jakewharton.disklrucache.DiskLruCache$1,call()Ljava/lang/Object;
Yajta,com.jakewharton.disklrucache.StrictLineReader$1,toString()Ljava/lang/String;
Yajta,com.jakewharton.disklrucache.StrictLineReader$1,StrictLineReader$1(Lcom/jakewharton/disklrucache/StrictLineReader;I)V
Yajta,com.jakewharton.disklrucache.DiskLruCache,access$100(Lcom/jakewharton/disklrucache/DiskLruCache;)V
Yajta,com.jakewharton.disklrucache.DiskLruCache,access$200(Lcom/jakewharton/disklrucache/DiskLruCache;)Z
Yajta,com.jakewharton.disklrucache.DiskLruCache,access$1700(Ljava/io/InputStream;)Ljava/lang/String;
Yajta,com.jakewharton.disklrucache.DiskLruCache,checkNotClosed()V
Yajta,com.jakewharton.disklrucache.DiskLruCache,trimToSize()V
Yajta,com.jakewharton.disklrucache.DiskLruCache,processJournal()V
Yajta,com.jakewharton.disklrucache.DiskLruCache,access$300(Lcom/jakewharton/disklrucache/DiskLruCache;)V
Yajta,com.jakewharton.disklrucache.DiskLruCache,renameTo(Ljava/io/File;Ljava/io/File;Z)V
Yajta,com.jakewharton.disklrucache.DiskLruCache,access$402(Lcom/jakewharton/disklrucache/DiskLruCache;I)I
Yajta,com.jakewharton.disklrucache.DiskLruCache,access$1800(Lcom/jakewharton/disklrucache/DiskLruCache;)I
Yajta,com.jakewharton.disklrucache.DiskLruCache,completeEdit(Lcom/jakewharton/disklrucache/DiskLruCache$Editor;Z)V
Yajta,com.jakewharton.disklrucache.DiskLruCache,edit(Ljava/lang/String;)Lcom/jakewharton/disklrucache/DiskLruCache$Editor;
Yajta,com.jakewharton.disklrucache.DiskLruCache,close()V
Yajta,com.jakewharton.disklrucache.DiskLruCache,access$1600(Lcom/jakewharton/disklrucache/DiskLruCache;Ljava/lang/String;J)Lcom/jakewharton/disklrucache/DiskLruCache$Editor;
Yajta,com.jakewharton.disklrucache.DiskLruCache,get(Ljava/lang/String;)Lcom/jakewharton/disklrucache/DiskLruCache$Snapshot;
Yajta,com.jakewharton.disklrucache.DiskLruCache,edit(Ljava/lang/String;J)Lcom/jakewharton/disklrucache/DiskLruCache$Editor;
Yajta,com.jakewharton.disklrucache.DiskLruCache,journalRebuildRequired()Z
Yajta,com.jakewharton.disklrucache.DiskLruCache,deleteIfExists(Ljava/io/File;)V
Yajta,com.jakewharton.disklrucache.DiskLruCache,access$2200(Lcom/jakewharton/disklrucache/DiskLruCache;Lcom/jakewharton/disklrucache/DiskLruCache$Editor;Z)V
Yajta,com.jakewharton.disklrucache.DiskLruCache,access$1900(Lcom/jakewharton/disklrucache/DiskLruCache;)Ljava/io/File;
Yajta,com.jakewharton.disklrucache.DiskLruCache,DiskLruCache(Ljava/io/File;IIJ)V
Yajta,com.jakewharton.disklrucache.DiskLruCache,validateKey(Ljava/lang/String;)V
Yajta,com.jakewharton.disklrucache.DiskLruCache,flush()V
Yajta,com.jakewharton.disklrucache.DiskLruCache,open(Ljava/io/File;IIJ)Lcom/jakewharton/disklrucache/DiskLruCache;
Yajta,com.jakewharton.disklrucache.DiskLruCache,inputStreamToString(Ljava/io/InputStream;)Ljava/lang/String;
Yajta,com.jakewharton.disklrucache.DiskLruCache,setMaxSize(J)V
Yajta,com.jakewharton.disklrucache.DiskLruCache,size()J
Yajta,com.jakewharton.disklrucache.DiskLruCache,delete()V
Yajta,com.jakewharton.disklrucache.DiskLruCache,<clinit>()V
Yajta,com.jakewharton.disklrucache.DiskLruCache,remove(Ljava/lang/String;)Z
Yajta,com.jakewharton.disklrucache.DiskLruCache,access$000(Lcom/jakewharton/disklrucache/DiskLruCache;)Ljava/io/Writer;
Yajta,com.jakewharton.disklrucache.DiskLruCache,readJournal()V
Yajta,com.jakewharton.disklrucache.DiskLruCache,readJournalLine(Ljava/lang/String;)V
Yajta,com.jakewharton.disklrucache.DiskLruCache,rebuildJournal()V
Yajta,com.jakewharton.disklrucache.DiskLruCache$2,DiskLruCache$2()V
Yajta,com.jakewharton.disklrucache.DiskLruCache$Editor,access$1500(Lcom/jakewharton/disklrucache/DiskLruCache$Editor;)[Z
Yajta,com.jakewharton.disklrucache.DiskLruCache$Editor,set(ILjava/lang/String;)V
Yajta,com.jakewharton.disklrucache.DiskLruCache$Editor,commit()V
Yajta,com.jakewharton.disklrucache.DiskLruCache$Editor,newInputStream(I)Ljava/io/InputStream;
Yajta,com.jakewharton.disklrucache.DiskLruCache$Editor,getString(I)Ljava/lang/String;
Yajta,com.jakewharton.disklrucache.DiskLruCache$Editor,access$1400(Lcom/jakewharton/disklrucache/DiskLruCache$Editor;)Lcom/jakewharton/disklrucache/DiskLruCache$Entry;
Yajta,com.jakewharton.disklrucache.DiskLruCache$Editor,newOutputStream(I)Ljava/io/OutputStream;
Yajta,com.jakewharton.disklrucache.DiskLruCache$Editor,DiskLruCache$Editor(Lcom/jakewharton/disklrucache/DiskLruCache;Lcom/jakewharton/disklrucache/DiskLruCache$Entry;Lcom/jakewharton/disklrucache/DiskLruCache$1;)V
Yajta,com.jakewharton.disklrucache.DiskLruCache$Editor,DiskLruCache$Editor(Lcom/jakewharton/disklrucache/DiskLruCache;Lcom/jakewharton/disklrucache/DiskLruCache$Entry;)V
Yajta,com.jakewharton.disklrucache.DiskLruCache$Editor,abort()V
Yajta,com.jakewharton.disklrucache.DiskLruCache$Editor$FaultHidingOutputStream,DiskLruCache$Editor$FaultHidingOutputStream(Lcom/jakewharton/disklrucache/DiskLruCache$Editor;Ljava/io/OutputStream;Lcom/jakewharton/disklrucache/DiskLruCache$1;)V
Yajta,com.jakewharton.disklrucache.DiskLruCache$Editor$FaultHidingOutputStream,DiskLruCache$Editor$FaultHidingOutputStream(Lcom/jakewharton/disklrucache/DiskLruCache$Editor;Ljava/io/OutputStream;)V
Yajta,com.jakewharton.disklrucache.DiskLruCache$Editor$FaultHidingOutputStream,flush()V
Yajta,com.jakewharton.disklrucache.DiskLruCache$Editor$FaultHidingOutputStream,write([BII)V
Yajta,com.jakewharton.disklrucache.DiskLruCache$Editor$FaultHidingOutputStream,close()V
Yajta,com.jakewharton.disklrucache.Util,closeQuietly(Ljava/io/Closeable;)V
Yajta,com.jakewharton.disklrucache.Util,<clinit>()V
Yajta,com.jakewharton.disklrucache.Util,deleteContents(Ljava/io/File;)V
Yajta,com.jakewharton.disklrucache.Util,readFully(Ljava/io/Reader;)Ljava/lang/String;
Yajta,com.jakewharton.disklrucache.StrictLineReader,fillBuf()V
Yajta,com.jakewharton.disklrucache.StrictLineReader,access$000(Lcom/jakewharton/disklrucache/StrictLineReader;)Ljava/nio/charset/Charset;
Yajta,com.jakewharton.disklrucache.StrictLineReader,readLine()Ljava/lang/String;
Yajta,com.jakewharton.disklrucache.StrictLineReader,StrictLineReader(Ljava/io/InputStream;ILjava/nio/charset/Charset;)V
Yajta,com.jakewharton.disklrucache.StrictLineReader,StrictLineReader(Ljava/io/InputStream;Ljava/nio/charset/Charset;)V
Yajta,com.jakewharton.disklrucache.StrictLineReader,hasUnterminatedLine()Z
Yajta,com.jakewharton.disklrucache.StrictLineReader,close()V
Yajta,com.jakewharton.disklrucache.DiskLruCache$Entry,setLengths([Ljava/lang/String;)V
Yajta,com.jakewharton.disklrucache.DiskLruCache$Entry,access$700(Lcom/jakewharton/disklrucache/DiskLruCache$Entry;)Lcom/jakewharton/disklrucache/DiskLruCache$Editor;
Yajta,com.jakewharton.disklrucache.DiskLruCache$Entry,access$800(Lcom/jakewharton/disklrucache/DiskLruCache$Entry;[Ljava/lang/String;)V
Yajta,com.jakewharton.disklrucache.DiskLruCache$Entry,DiskLruCache$Entry(Lcom/jakewharton/disklrucache/DiskLruCache;Ljava/lang/String;Lcom/jakewharton/disklrucache/DiskLruCache$1;)V
Yajta,com.jakewharton.disklrucache.DiskLruCache$Entry,access$1100(Lcom/jakewharton/disklrucache/DiskLruCache$Entry;)Ljava/lang/String;
Yajta,com.jakewharton.disklrucache.DiskLruCache$Entry,access$702(Lcom/jakewharton/disklrucache/DiskLruCache$Entry;Lcom/jakewharton/disklrucache/DiskLruCache$Editor;)Lcom/jakewharton/disklrucache/DiskLruCache$Editor;
Yajta,com.jakewharton.disklrucache.DiskLruCache$Entry,access$1000(Lcom/jakewharton/disklrucache/DiskLruCache$Entry;)[J
Yajta,com.jakewharton.disklrucache.DiskLruCache$Entry,getDirtyFile(I)Ljava/io/File;
Yajta,com.jakewharton.disklrucache.DiskLruCache$Entry,access$1200(Lcom/jakewharton/disklrucache/DiskLruCache$Entry;)J
Yajta,com.jakewharton.disklrucache.DiskLruCache$Entry,DiskLruCache$Entry(Lcom/jakewharton/disklrucache/DiskLruCache;Ljava/lang/String;)V
Yajta,com.jakewharton.disklrucache.DiskLruCache$Entry,getCleanFile(I)Ljava/io/File;
Yajta,com.jakewharton.disklrucache.DiskLruCache$Entry,invalidLengths([Ljava/lang/String;)Ljava/io/IOException;
Yajta,com.jakewharton.disklrucache.DiskLruCache$Entry,getLengths()Ljava/lang/String;
Yajta,com.jakewharton.disklrucache.DiskLruCache$Entry,access$602(Lcom/jakewharton/disklrucache/DiskLruCache$Entry;Z)Z
Yajta,com.jakewharton.disklrucache.DiskLruCache$Entry,access$1202(Lcom/jakewharton/disklrucache/DiskLruCache$Entry;J)J
Yajta,com.jakewharton.disklrucache.DiskLruCache$Entry,access$600(Lcom/jakewharton/disklrucache/DiskLruCache$Entry;)Z
Yajta,com.jakewharton.disklrucache.DiskLruCache$Snapshot,getLength(I)J
Yajta,com.jakewharton.disklrucache.DiskLruCache$Snapshot,edit()Lcom/jakewharton/disklrucache/DiskLruCache$Editor;
Yajta,com.jakewharton.disklrucache.DiskLruCache$Snapshot,DiskLruCache$Snapshot(Lcom/jakewharton/disklrucache/DiskLruCache;Ljava/lang/String;J[Ljava/io/InputStream;[J)V
Yajta,com.jakewharton.disklrucache.DiskLruCache$Snapshot,getString(I)Ljava/lang/String;
Yajta,com.jakewharton.disklrucache.DiskLruCache$Snapshot,getInputStream(I)Ljava/io/InputStream;
Yajta,com.jakewharton.disklrucache.DiskLruCache$Snapshot,DiskLruCache$Snapshot(Lcom/jakewharton/disklrucache/DiskLruCache;Ljava/lang/String;J[Ljava/io/InputStream;[JLcom/jakewharton/disklrucache/DiskLruCache$1;)V
Yajta,com.jakewharton.disklrucache.DiskLruCache$Snapshot,close()V
Yajta,com.jakewharton.disklrucache.DiskLruCache$1,call()Ljava/lang/Void;
Yajta,com.jakewharton.disklrucache.DiskLruCache$1,call()Ljava/lang/Object;
Yajta,com.jakewharton.disklrucache.DiskLruCache$1,DiskLruCache$1(Lcom/jakewharton/disklrucache/DiskLruCache;)V
JaCoCo,com.jakewharton.disklrucache.StrictLineReader$1,toString()Ljava/lang/String;
JaCoCo,com.jakewharton.disklrucache.StrictLineReader$1,<init>(Lcom/jakewharton/disklrucache/StrictLineReader;I)V
JaCoCo,com.jakewharton.disklrucache.DiskLruCache,get(Ljava/lang/String;)Lcom/jakewharton/disklrucache/DiskLruCache$Snapshot;
JaCoCo,com.jakewharton.disklrucache.DiskLruCache,edit(Ljava/lang/String;J)Lcom/jakewharton/disklrucache/DiskLruCache$Editor;
JaCoCo,com.jakewharton.disklrucache.DiskLruCache,journalRebuildRequired()Z
JaCoCo,com.jakewharton.disklrucache.DiskLruCache,checkNotClosed()V
JaCoCo,com.jakewharton.disklrucache.DiskLruCache,trimToSize()V
JaCoCo,com.jakewharton.disklrucache.DiskLruCache,deleteIfExists(Ljava/io/File;)V
JaCoCo,com.jakewharton.disklrucache.DiskLruCache,processJournal()V
JaCoCo,com.jakewharton.disklrucache.DiskLruCache,renameTo(Ljava/io/File;Ljava/io/File;Z)V
JaCoCo,com.jakewharton.disklrucache.DiskLruCache,flush()V
JaCoCo,com.jakewharton.disklrucache.DiskLruCache,validateKey(Ljava/lang/String;)V
JaCoCo,com.jakewharton.disklrucache.DiskLruCache,open(Ljava/io/File;IIJ)Lcom/jakewharton/disklrucache/DiskLruCache;
JaCoCo,com.jakewharton.disklrucache.DiskLruCache,setMaxSize(J)V
JaCoCo,com.jakewharton.disklrucache.DiskLruCache,size()J
JaCoCo,com.jakewharton.disklrucache.DiskLruCache,delete()V
JaCoCo,com.jakewharton.disklrucache.DiskLruCache,inputStreamToString(Ljava/io/InputStream;)Ljava/lang/String;
JaCoCo,com.jakewharton.disklrucache.DiskLruCache,<init>(Ljava/io/File;IIJ)V
JaCoCo,com.jakewharton.disklrucache.DiskLruCache,remove(Ljava/lang/String;)Z
JaCoCo,com.jakewharton.disklrucache.DiskLruCache,<clinit>()V
JaCoCo,com.jakewharton.disklrucache.DiskLruCache,readJournal()V
JaCoCo,com.jakewharton.disklrucache.DiskLruCache,readJournalLine(Ljava/lang/String;)V
JaCoCo,com.jakewharton.disklrucache.DiskLruCache,completeEdit(Lcom/jakewharton/disklrucache/DiskLruCache$Editor;Z)V
JaCoCo,com.jakewharton.disklrucache.DiskLruCache,edit(Ljava/lang/String;)Lcom/jakewharton/disklrucache/DiskLruCache$Editor;
JaCoCo,com.jakewharton.disklrucache.DiskLruCache,rebuildJournal()V
JaCoCo,com.jakewharton.disklrucache.DiskLruCache,close()V
JaCoCo,com.jakewharton.disklrucache.DiskLruCache$2,<init>()V
JaCoCo,com.jakewharton.disklrucache.DiskLruCache$Editor,<init>(Lcom/jakewharton/disklrucache/DiskLruCache;Lcom/jakewharton/disklrucache/DiskLruCache$Entry;)V
JaCoCo,com.jakewharton.disklrucache.DiskLruCache$Editor,set(ILjava/lang/String;)V
JaCoCo,com.jakewharton.disklrucache.DiskLruCache$Editor,commit()V
JaCoCo,com.jakewharton.disklrucache.DiskLruCache$Editor,newInputStream(I)Ljava/io/InputStream;
JaCoCo,com.jakewharton.disklrucache.DiskLruCache$Editor,getString(I)Ljava/lang/String;
JaCoCo,com.jakewharton.disklrucache.DiskLruCache$Editor,newOutputStream(I)Ljava/io/OutputStream;
JaCoCo,com.jakewharton.disklrucache.DiskLruCache$Editor,abort()V
JaCoCo,com.jakewharton.disklrucache.DiskLruCache$Editor$FaultHidingOutputStream,flush()V
JaCoCo,com.jakewharton.disklrucache.DiskLruCache$Editor$FaultHidingOutputStream,write([BII)V
JaCoCo,com.jakewharton.disklrucache.DiskLruCache$Editor$FaultHidingOutputStream,<init>(Lcom/jakewharton/disklrucache/DiskLruCache$Editor;Ljava/io/OutputStream;)V
JaCoCo,com.jakewharton.disklrucache.DiskLruCache$Editor$FaultHidingOutputStream,close()V
JaCoCo,com.jakewharton.disklrucache.StrictLineReader,fillBuf()V
JaCoCo,com.jakewharton.disklrucache.StrictLineReader,readLine()Ljava/lang/String;
JaCoCo,com.jakewharton.disklrucache.StrictLineReader,<init>(Ljava/io/InputStream;Ljava/nio/charset/Charset;)V
JaCoCo,com.jakewharton.disklrucache.StrictLineReader,<init>(Ljava/io/InputStream;ILjava/nio/charset/Charset;)V
JaCoCo,com.jakewharton.disklrucache.StrictLineReader,hasUnterminatedLine()Z
JaCoCo,com.jakewharton.disklrucache.StrictLineReader,close()V
JaCoCo,com.jakewharton.disklrucache.Util,closeQuietly(Ljava/io/Closeable;)V
JaCoCo,com.jakewharton.disklrucache.Util,<clinit>()V
JaCoCo,com.jakewharton.disklrucache.Util,deleteContents(Ljava/io/File;)V
JaCoCo,com.jakewharton.disklrucache.Util,readFully(Ljava/io/Reader;)Ljava/lang/String;
JaCoCo,com.jakewharton.disklrucache.DiskLruCache$Entry,setLengths([Ljava/lang/String;)V
JaCoCo,com.jakewharton.disklrucache.DiskLruCache$Entry,<init>(Lcom/jakewharton/disklrucache/DiskLruCache;Ljava/lang/String;)V
JaCoCo,com.jakewharton.disklrucache.DiskLruCache$Entry,getDirtyFile(I)Ljava/io/File;
JaCoCo,com.jakewharton.disklrucache.DiskLruCache$Entry,getCleanFile(I)Ljava/io/File;
JaCoCo,com.jakewharton.disklrucache.DiskLruCache$Entry,invalidLengths([Ljava/lang/String;)Ljava/io/IOException;
JaCoCo,com.jakewharton.disklrucache.DiskLruCache$Entry,getLengths()Ljava/lang/String;
JaCoCo,com.jakewharton.disklrucache.DiskLruCache$Snapshot,getLength(I)J
JaCoCo,com.jakewharton.disklrucache.DiskLruCache$Snapshot,edit()Lcom/jakewharton/disklrucache/DiskLruCache$Editor;
JaCoCo,com.jakewharton.disklrucache.DiskLruCache$Snapshot,getString(I)Ljava/lang/String;
JaCoCo,com.jakewharton.disklrucache.DiskLruCache$Snapshot,getInputStream(I)Ljava/io/InputStream;
JaCoCo,com.jakewharton.disklrucache.DiskLruCache$Snapshot,<init>(Lcom/jakewharton/disklrucache/DiskLruCache;Ljava/lang/String;J[Ljava/io/InputStream;[J)V
JaCoCo,com.jakewharton.disklrucache.DiskLruCache$Snapshot,close()V
JaCoCo,com.jakewharton.disklrucache.DiskLruCache$1,call()Ljava/lang/Void;
JaCoCo,com.jakewharton.disklrucache.DiskLruCache$1,<init>(Lcom/jakewharton/disklrucache/DiskLruCache;)V
JVM,com.jakewharton.disklrucache.DiskLruCache$Snapshot,UNKNOWN
JVM,com.jakewharton.disklrucache.DiskLruCache$Editor,UNKNOWN
JVM,com.jakewharton.disklrucache.DiskLruCache,UNKNOWN
JVM,com.jakewharton.disklrucache.Util,UNKNOWN
JVM,com.jakewharton.disklrucache.DiskLruCache$Entry,UNKNOWN
JVM,com.jakewharton.disklrucache.DiskLruCache$2,UNKNOWN
JVM,com.jakewharton.disklrucache.StrictLineReader$1,UNKNOWN
JVM,com.jakewharton.disklrucache.DiskLruCache$1,UNKNOWN
JVM,com.jakewharton.disklrucache.DiskLruCache$Editor$FaultHidingOutputStream,UNKNOWN
JVM,com.jakewharton.disklrucache.StrictLineReader,UNKNOWN
