jcov-file-saver-1.0,BloatedClass,com.sun.tdk.jcov.tools.JcovVersion
jcov-file-saver-1.0,BloatedClass,com.sun.tdk.jcov.runtime.TemplateFileSaver
jcov-file-saver-1.0,BloatedClass,com.sun.tdk.jcov.runtime.CollectDetect$ThreadInfo
jcov-file-saver-1.0,BloatedClass,com.sun.tdk.jcov.runtime.Collect
jcov-file-saver-1.0,BloatedClass,com.sun.tdk.jcov.constants.MiscConstants
jcov-file-saver-1.0,BloatedClass,com.sun.tdk.jcov.runtime.SaverDecorator
jcov-file-saver-1.0,BloatedClass,com.sun.tdk.jcov.runtime.CollectDetect
jcov-file-saver-1.0,BloatedClass,com.sun.tdk.jcov.runtime.JCovSaver
jcov-file-saver-1.0,BloatedClass,com.sun.tdk.jcov.runtime.PropertyFinder$1
jcov-file-saver-1.0,BloatedClass,com.sun.tdk.jcov.runtime.PropertyFinder
jcov-file-saver-1.0,BloatedClass,com.sun.tdk.jcov.util.MapHelper
jcov-file-saver-1.0,BloatedClass,com.sun.tdk.jcov.util.RuntimeUtils
