UsedClass,com.jakewharton.disklrucache.DiskLruCache,CONSTANT
UsedClass,com.jakewharton.disklrucache.DiskLruCache$2,SINGLETON
UsedClass,com.jakewharton.disklrucache.DiskLruCache$Editor,CONSTANT
UsedClass,com.jakewharton.disklrucache.DiskLruCache$Entry,CONSTANT
UsedClass,com.jakewharton.disklrucache.StrictLineReader$1,SINGLETON
UsedClass,com.jakewharton.disklrucache.DiskLruCache$1,SINGLETON
UsedClass,com.jakewharton.disklrucache.StrictLineReader,CLASS
UsedClass,com.jakewharton.disklrucache.Util,CONSTANT
UsedClass,com.jakewharton.disklrucache.DiskLruCache$Editor$FaultHidingOutputStream,SINGLETON
UsedClass,com.jakewharton.disklrucache.DiskLruCache$Snapshot,CONSTANT
UsedMethod,com.jakewharton.disklrucache.StrictLineReader$1:<init>(Lcom/jakewharton/disklrucache/StrictLineReader;I)V,UNKNOWN
UsedMethod,com.jakewharton.disklrucache.StrictLineReader$1:toString()Ljava/lang/String;,UNKNOWN
UsedMethod,com.jakewharton.disklrucache.DiskLruCache:<init>(Ljava/io/File;IIJ)V,UNKNOWN
UsedMethod,com.jakewharton.disklrucache.DiskLruCache:open(Ljava/io/File;IIJ)Lcom/jakewharton/disklrucache/DiskLruCache;,UNKNOWN
UsedMethod,com.jakewharton.disklrucache.DiskLruCache:readJournal()V,UNKNOWN
UsedMethod,com.jakewharton.disklrucache.DiskLruCache:readJournalLine(Ljava/lang/String;)V,UNKNOWN
UsedMethod,com.jakewharton.disklrucache.DiskLruCache:processJournal()V,UNKNOWN
UsedMethod,com.jakewharton.disklrucache.DiskLruCache:rebuildJournal()V,UNKNOWN
UsedMethod,com.jakewharton.disklrucache.DiskLruCache:deleteIfExists(Ljava/io/File;)V,UNKNOWN
UsedMethod,com.jakewharton.disklrucache.DiskLruCache:renameTo(Ljava/io/File;Ljava/io/File;Z)V,UNKNOWN
UsedMethod,com.jakewharton.disklrucache.DiskLruCache:get(Ljava/lang/String;)Lcom/jakewharton/disklrucache/DiskLruCache$Snapshot;,UNKNOWN
UsedMethod,com.jakewharton.disklrucache.DiskLruCache:edit(Ljava/lang/String;)Lcom/jakewharton/disklrucache/DiskLruCache$Editor;,UNKNOWN
UsedMethod,com.jakewharton.disklrucache.DiskLruCache:edit(Ljava/lang/String;J)Lcom/jakewharton/disklrucache/DiskLruCache$Editor;,UNKNOWN
UsedMethod,com.jakewharton.disklrucache.DiskLruCache:getDirectory()Ljava/io/File;,UNKNOWN
UsedMethod,com.jakewharton.disklrucache.DiskLruCache:getMaxSize()J,UNKNOWN
UsedMethod,com.jakewharton.disklrucache.DiskLruCache:setMaxSize(J)V,UNKNOWN
UsedMethod,com.jakewharton.disklrucache.DiskLruCache:size()J,UNKNOWN
UsedMethod,com.jakewharton.disklrucache.DiskLruCache:completeEdit(Lcom/jakewharton/disklrucache/DiskLruCache$Editor;Z)V,UNKNOWN
UsedMethod,com.jakewharton.disklrucache.DiskLruCache:journalRebuildRequired()Z,UNKNOWN
UsedMethod,com.jakewharton.disklrucache.DiskLruCache:remove(Ljava/lang/String;)Z,UNKNOWN
UsedMethod,com.jakewharton.disklrucache.DiskLruCache:isClosed()Z,UNKNOWN
UsedMethod,com.jakewharton.disklrucache.DiskLruCache:checkNotClosed()V,UNKNOWN
UsedMethod,com.jakewharton.disklrucache.DiskLruCache:flush()V,UNKNOWN
UsedMethod,com.jakewharton.disklrucache.DiskLruCache:close()V,UNKNOWN
UsedMethod,com.jakewharton.disklrucache.DiskLruCache:trimToSize()V,UNKNOWN
UsedMethod,com.jakewharton.disklrucache.DiskLruCache:delete()V,UNKNOWN
UsedMethod,com.jakewharton.disklrucache.DiskLruCache:validateKey(Ljava/lang/String;)V,UNKNOWN
UsedMethod,com.jakewharton.disklrucache.DiskLruCache:inputStreamToString(Ljava/io/InputStream;)Ljava/lang/String;,UNKNOWN
UsedMethod,com.jakewharton.disklrucache.DiskLruCache:access$000(Lcom/jakewharton/disklrucache/DiskLruCache;)Ljava/io/Writer;,UNKNOWN
UsedMethod,com.jakewharton.disklrucache.DiskLruCache:access$100(Lcom/jakewharton/disklrucache/DiskLruCache;)V,UNKNOWN
UsedMethod,com.jakewharton.disklrucache.DiskLruCache:access$200(Lcom/jakewharton/disklrucache/DiskLruCache;)Z,UNKNOWN
UsedMethod,com.jakewharton.disklrucache.DiskLruCache:access$300(Lcom/jakewharton/disklrucache/DiskLruCache;)V,UNKNOWN
UsedMethod,com.jakewharton.disklrucache.DiskLruCache:access$402(Lcom/jakewharton/disklrucache/DiskLruCache;I)I,UNKNOWN
UsedMethod,com.jakewharton.disklrucache.DiskLruCache:access$1600(Lcom/jakewharton/disklrucache/DiskLruCache;Ljava/lang/String;J)Lcom/jakewharton/disklrucache/DiskLruCache$Editor;,UNKNOWN
UsedMethod,com.jakewharton.disklrucache.DiskLruCache:access$1700(Ljava/io/InputStream;)Ljava/lang/String;,UNKNOWN
UsedMethod,com.jakewharton.disklrucache.DiskLruCache:access$1800(Lcom/jakewharton/disklrucache/DiskLruCache;)I,UNKNOWN
UsedMethod,com.jakewharton.disklrucache.DiskLruCache:access$1900(Lcom/jakewharton/disklrucache/DiskLruCache;)Ljava/io/File;,UNKNOWN
UsedMethod,com.jakewharton.disklrucache.DiskLruCache:access$2000()Ljava/io/OutputStream;,UNKNOWN
UsedMethod,com.jakewharton.disklrucache.DiskLruCache:access$2200(Lcom/jakewharton/disklrucache/DiskLruCache;Lcom/jakewharton/disklrucache/DiskLruCache$Editor;Z)V,UNKNOWN
UsedMethod,com.jakewharton.disklrucache.DiskLruCache:<clinit>()V,UNKNOWN
UsedMethod,com.jakewharton.disklrucache.DiskLruCache$2:<init>()V,UNKNOWN
UsedMethod,com.jakewharton.disklrucache.DiskLruCache$2:write(I)V,UNKNOWN
UsedMethod,com.jakewharton.disklrucache.DiskLruCache$Editor:<init>(Lcom/jakewharton/disklrucache/DiskLruCache;Lcom/jakewharton/disklrucache/DiskLruCache$Entry;)V,UNKNOWN
UsedMethod,com.jakewharton.disklrucache.DiskLruCache$Editor:newInputStream(I)Ljava/io/InputStream;,UNKNOWN
UsedMethod,com.jakewharton.disklrucache.DiskLruCache$Editor:getString(I)Ljava/lang/String;,UNKNOWN
UsedMethod,com.jakewharton.disklrucache.DiskLruCache$Editor:newOutputStream(I)Ljava/io/OutputStream;,UNKNOWN
UsedMethod,com.jakewharton.disklrucache.DiskLruCache$Editor:set(ILjava/lang/String;)V,UNKNOWN
UsedMethod,com.jakewharton.disklrucache.DiskLruCache$Editor:commit()V,UNKNOWN
UsedMethod,com.jakewharton.disklrucache.DiskLruCache$Editor:abort()V,UNKNOWN
BloatedMethod,com.jakewharton.disklrucache.DiskLruCache$Editor:abortUnlessCommitted()V,UNKNOWN
UsedMethod,com.jakewharton.disklrucache.DiskLruCache$Editor:<init>(Lcom/jakewharton/disklrucache/DiskLruCache;Lcom/jakewharton/disklrucache/DiskLruCache$Entry;Lcom/jakewharton/disklrucache/DiskLruCache$1;)V,UNKNOWN
UsedMethod,com.jakewharton.disklrucache.DiskLruCache$Editor:access$1400(Lcom/jakewharton/disklrucache/DiskLruCache$Editor;)Lcom/jakewharton/disklrucache/DiskLruCache$Entry;,UNKNOWN
UsedMethod,com.jakewharton.disklrucache.DiskLruCache$Editor:access$1500(Lcom/jakewharton/disklrucache/DiskLruCache$Editor;)[Z,UNKNOWN
UsedMethod,com.jakewharton.disklrucache.DiskLruCache$Editor:access$2302(Lcom/jakewharton/disklrucache/DiskLruCache$Editor;Z)Z,UNKNOWN
UsedMethod,com.jakewharton.disklrucache.DiskLruCache$Editor$FaultHidingOutputStream:<init>(Lcom/jakewharton/disklrucache/DiskLruCache$Editor;Ljava/io/OutputStream;)V,UNKNOWN
BloatedMethod,com.jakewharton.disklrucache.DiskLruCache$Editor$FaultHidingOutputStream:write(I)V,UNKNOWN
UsedMethod,com.jakewharton.disklrucache.DiskLruCache$Editor$FaultHidingOutputStream:write([BII)V,UNKNOWN
UsedMethod,com.jakewharton.disklrucache.DiskLruCache$Editor$FaultHidingOutputStream:close()V,UNKNOWN
UsedMethod,com.jakewharton.disklrucache.DiskLruCache$Editor$FaultHidingOutputStream:flush()V,UNKNOWN
UsedMethod,com.jakewharton.disklrucache.DiskLruCache$Editor$FaultHidingOutputStream:<init>(Lcom/jakewharton/disklrucache/DiskLruCache$Editor;Ljava/io/OutputStream;Lcom/jakewharton/disklrucache/DiskLruCache$1;)V,UNKNOWN
UsedMethod,com.jakewharton.disklrucache.Util:<init>()V,UNKNOWN
UsedMethod,com.jakewharton.disklrucache.Util:readFully(Ljava/io/Reader;)Ljava/lang/String;,UNKNOWN
UsedMethod,com.jakewharton.disklrucache.Util:deleteContents(Ljava/io/File;)V,UNKNOWN
UsedMethod,com.jakewharton.disklrucache.Util:closeQuietly(Ljava/io/Closeable;)V,UNKNOWN
UsedMethod,com.jakewharton.disklrucache.Util:<clinit>()V,UNKNOWN
UsedMethod,com.jakewharton.disklrucache.StrictLineReader:<init>(Ljava/io/InputStream;Ljava/nio/charset/Charset;)V,UNKNOWN
UsedMethod,com.jakewharton.disklrucache.StrictLineReader:<init>(Ljava/io/InputStream;ILjava/nio/charset/Charset;)V,UNKNOWN
UsedMethod,com.jakewharton.disklrucache.StrictLineReader:close()V,UNKNOWN
UsedMethod,com.jakewharton.disklrucache.StrictLineReader:readLine()Ljava/lang/String;,UNKNOWN
UsedMethod,com.jakewharton.disklrucache.StrictLineReader:hasUnterminatedLine()Z,UNKNOWN
UsedMethod,com.jakewharton.disklrucache.StrictLineReader:fillBuf()V,UNKNOWN
UsedMethod,com.jakewharton.disklrucache.StrictLineReader:access$000(Lcom/jakewharton/disklrucache/StrictLineReader;)Ljava/nio/charset/Charset;,UNKNOWN
UsedMethod,com.jakewharton.disklrucache.DiskLruCache$Entry:<init>(Lcom/jakewharton/disklrucache/DiskLruCache;Ljava/lang/String;)V,UNKNOWN
UsedMethod,com.jakewharton.disklrucache.DiskLruCache$Entry:getLengths()Ljava/lang/String;,UNKNOWN
UsedMethod,com.jakewharton.disklrucache.DiskLruCache$Entry:setLengths([Ljava/lang/String;)V,UNKNOWN
UsedMethod,com.jakewharton.disklrucache.DiskLruCache$Entry:invalidLengths([Ljava/lang/String;)Ljava/io/IOException;,UNKNOWN
UsedMethod,com.jakewharton.disklrucache.DiskLruCache$Entry:getCleanFile(I)Ljava/io/File;,UNKNOWN
UsedMethod,com.jakewharton.disklrucache.DiskLruCache$Entry:getDirtyFile(I)Ljava/io/File;,UNKNOWN
UsedMethod,com.jakewharton.disklrucache.DiskLruCache$Entry:<init>(Lcom/jakewharton/disklrucache/DiskLruCache;Ljava/lang/String;Lcom/jakewharton/disklrucache/DiskLruCache$1;)V,UNKNOWN
UsedMethod,com.jakewharton.disklrucache.DiskLruCache$Entry:access$602(Lcom/jakewharton/disklrucache/DiskLruCache$Entry;Z)Z,UNKNOWN
UsedMethod,com.jakewharton.disklrucache.DiskLruCache$Entry:access$702(Lcom/jakewharton/disklrucache/DiskLruCache$Entry;Lcom/jakewharton/disklrucache/DiskLruCache$Editor;)Lcom/jakewharton/disklrucache/DiskLruCache$Editor;,UNKNOWN
UsedMethod,com.jakewharton.disklrucache.DiskLruCache$Entry:access$800(Lcom/jakewharton/disklrucache/DiskLruCache$Entry;[Ljava/lang/String;)V,UNKNOWN
UsedMethod,com.jakewharton.disklrucache.DiskLruCache$Entry:access$700(Lcom/jakewharton/disklrucache/DiskLruCache$Entry;)Lcom/jakewharton/disklrucache/DiskLruCache$Editor;,UNKNOWN
UsedMethod,com.jakewharton.disklrucache.DiskLruCache$Entry:access$1000(Lcom/jakewharton/disklrucache/DiskLruCache$Entry;)[J,UNKNOWN
UsedMethod,com.jakewharton.disklrucache.DiskLruCache$Entry:access$1100(Lcom/jakewharton/disklrucache/DiskLruCache$Entry;)Ljava/lang/String;,UNKNOWN
UsedMethod,com.jakewharton.disklrucache.DiskLruCache$Entry:access$600(Lcom/jakewharton/disklrucache/DiskLruCache$Entry;)Z,UNKNOWN
UsedMethod,com.jakewharton.disklrucache.DiskLruCache$Entry:access$1200(Lcom/jakewharton/disklrucache/DiskLruCache$Entry;)J,UNKNOWN
UsedMethod,com.jakewharton.disklrucache.DiskLruCache$Entry:access$1202(Lcom/jakewharton/disklrucache/DiskLruCache$Entry;J)J,UNKNOWN
UsedMethod,com.jakewharton.disklrucache.DiskLruCache$Snapshot:<init>(Lcom/jakewharton/disklrucache/DiskLruCache;Ljava/lang/String;J[Ljava/io/InputStream;[J)V,UNKNOWN
UsedMethod,com.jakewharton.disklrucache.DiskLruCache$Snapshot:edit()Lcom/jakewharton/disklrucache/DiskLruCache$Editor;,UNKNOWN
UsedMethod,com.jakewharton.disklrucache.DiskLruCache$Snapshot:getInputStream(I)Ljava/io/InputStream;,UNKNOWN
UsedMethod,com.jakewharton.disklrucache.DiskLruCache$Snapshot:getString(I)Ljava/lang/String;,UNKNOWN
UsedMethod,com.jakewharton.disklrucache.DiskLruCache$Snapshot:getLength(I)J,UNKNOWN
UsedMethod,com.jakewharton.disklrucache.DiskLruCache$Snapshot:close()V,UNKNOWN
UsedMethod,com.jakewharton.disklrucache.DiskLruCache$Snapshot:<init>(Lcom/jakewharton/disklrucache/DiskLruCache;Ljava/lang/String;J[Ljava/io/InputStream;[JLcom/jakewharton/disklrucache/DiskLruCache$1;)V,UNKNOWN
UsedMethod,com.jakewharton.disklrucache.DiskLruCache$1:<init>(Lcom/jakewharton/disklrucache/DiskLruCache;)V,UNKNOWN
UsedMethod,com.jakewharton.disklrucache.DiskLruCache$1:call()Ljava/lang/Void;,UNKNOWN
UsedMethod,com.jakewharton.disklrucache.DiskLruCache$1:call()Ljava/lang/Object;,UNKNOWN
