{
"com.jakewharton.disklrucache.DiskLruCache": ["<clinit>()V","open(Ljava/io/File;IIJ)Lcom/jakewharton/disklrucache/DiskLruCache;","DiskLruCache(Ljava/io/File;IIJ)V","rebuildJournal()V","renameTo(Ljava/io/File;Ljava/io/File;Z)V","edit(Ljava/lang/String;)Lcom/jakewharton/disklrucache/DiskLruCache$Editor;","edit(Ljava/lang/String;J)Lcom/jakewharton/disklrucache/DiskLruCache$Editor;","checkNotClosed()V","validateKey(Ljava/lang/String;)V","access$1800(Lcom/jakewharton/disklrucache/DiskLruCache;)I","get(Ljava/lang/String;)Lcom/jakewharton/disklrucache/DiskLruCache$Snapshot;","access$1900(Lcom/jakewharton/disklrucache/DiskLruCache;)Ljava/io/File;","access$2200(Lcom/jakewharton/disklrucache/DiskLruCache;Lcom/jakewharton/disklrucache/DiskLruCache$Editor;Z)V","completeEdit(Lcom/jakewharton/disklrucache/DiskLruCache$Editor;Z)V","journalRebuildRequired()Z","close()V","trimToSize()V","access$1700(Ljava/io/InputStream;)Ljava/lang/String;","inputStreamToString(Ljava/io/InputStream;)Ljava/lang/String;","readJournal()V","readJournalLine(Ljava/lang/String;)V","processJournal()V","deleteIfExists(Ljava/io/File;)V","access$000(Lcom/jakewharton/disklrucache/DiskLruCache;)Ljava/io/Writer;","access$100(Lcom/jakewharton/disklrucache/DiskLruCache;)V","access$200(Lcom/jakewharton/disklrucache/DiskLruCache;)Z","access$300(Lcom/jakewharton/disklrucache/DiskLruCache;)V","access$402(Lcom/jakewharton/disklrucache/DiskLruCache;I)I","setMaxSize(J)V","size()J","remove(Ljava/lang/String;)Z","flush()V","access$1600(Lcom/jakewharton/disklrucache/DiskLruCache;Ljava/lang/String;J)Lcom/jakewharton/disklrucache/DiskLruCache$Editor;","delete()V"],
"com.jakewharton.disklrucache.DiskLruCache$2": ["DiskLruCache$2()V"],
"com.jakewharton.disklrucache.DiskLruCache$1": ["DiskLruCache$1(Lcom/jakewharton/disklrucache/DiskLruCache;)V","call()Ljava/lang/Object;","call()Ljava/lang/Void;"],
"com.jakewharton.disklrucache.Util": ["<clinit>()V","closeQuietly(Ljava/io/Closeable;)V","readFully(Ljava/io/Reader;)Ljava/lang/String;","deleteContents(Ljava/io/File;)V"],
"com.jakewharton.disklrucache.DiskLruCache$Entry": ["DiskLruCache$Entry(Lcom/jakewharton/disklrucache/DiskLruCache;Ljava/lang/String;Lcom/jakewharton/disklrucache/DiskLruCache$1;)V","DiskLruCache$Entry(Lcom/jakewharton/disklrucache/DiskLruCache;Ljava/lang/String;)V","access$600(Lcom/jakewharton/disklrucache/DiskLruCache$Entry;)Z","access$702(Lcom/jakewharton/disklrucache/DiskLruCache$Entry;Lcom/jakewharton/disklrucache/DiskLruCache$Editor;)Lcom/jakewharton/disklrucache/DiskLruCache$Editor;","access$700(Lcom/jakewharton/disklrucache/DiskLruCache$Entry;)Lcom/jakewharton/disklrucache/DiskLruCache$Editor;","getDirtyFile(I)Ljava/io/File;","getCleanFile(I)Ljava/io/File;","access$1000(Lcom/jakewharton/disklrucache/DiskLruCache$Entry;)[J","access$602(Lcom/jakewharton/disklrucache/DiskLruCache$Entry;Z)Z","access$1100(Lcom/jakewharton/disklrucache/DiskLruCache$Entry;)Ljava/lang/String;","getLengths()Ljava/lang/String;","access$1202(Lcom/jakewharton/disklrucache/DiskLruCache$Entry;J)J","access$1200(Lcom/jakewharton/disklrucache/DiskLruCache$Entry;)J","access$800(Lcom/jakewharton/disklrucache/DiskLruCache$Entry;[Ljava/lang/String;)V","setLengths([Ljava/lang/String;)V","invalidLengths([Ljava/lang/String;)Ljava/io/IOException;"],
"com.jakewharton.disklrucache.DiskLruCache$Editor": ["DiskLruCache$Editor(Lcom/jakewharton/disklrucache/DiskLruCache;Lcom/jakewharton/disklrucache/DiskLruCache$Entry;Lcom/jakewharton/disklrucache/DiskLruCache$1;)V","DiskLruCache$Editor(Lcom/jakewharton/disklrucache/DiskLruCache;Lcom/jakewharton/disklrucache/DiskLruCache$Entry;)V","set(ILjava/lang/String;)V","newOutputStream(I)Ljava/io/OutputStream;","commit()V","access$1400(Lcom/jakewharton/disklrucache/DiskLruCache$Editor;)Lcom/jakewharton/disklrucache/DiskLruCache$Entry;","access$1500(Lcom/jakewharton/disklrucache/DiskLruCache$Editor;)[Z","abort()V","getString(I)Ljava/lang/String;","newInputStream(I)Ljava/io/InputStream;"],
"com.jakewharton.disklrucache.DiskLruCache$Editor$FaultHidingOutputStream": ["DiskLruCache$Editor$FaultHidingOutputStream(Lcom/jakewharton/disklrucache/DiskLruCache$Editor;Ljava/io/OutputStream;Lcom/jakewharton/disklrucache/DiskLruCache$1;)V","DiskLruCache$Editor$FaultHidingOutputStream(Lcom/jakewharton/disklrucache/DiskLruCache$Editor;Ljava/io/OutputStream;)V","write([BII)V","flush()V","close()V"],
"com.jakewharton.disklrucache.DiskLruCache$Snapshot": ["DiskLruCache$Snapshot(Lcom/jakewharton/disklrucache/DiskLruCache;Ljava/lang/String;J[Ljava/io/InputStream;[JLcom/jakewharton/disklrucache/DiskLruCache$1;)V","DiskLruCache$Snapshot(Lcom/jakewharton/disklrucache/DiskLruCache;Ljava/lang/String;J[Ljava/io/InputStream;[J)V","getString(I)Ljava/lang/String;","getInputStream(I)Ljava/io/InputStream;","getLength(I)J","close()V","edit()Lcom/jakewharton/disklrucache/DiskLruCache$Editor;"],
"com.jakewharton.disklrucache.StrictLineReader": ["StrictLineReader(Ljava/io/InputStream;Ljava/nio/charset/Charset;)V","StrictLineReader(Ljava/io/InputStream;ILjava/nio/charset/Charset;)V","readLine()Ljava/lang/String;","fillBuf()V","hasUnterminatedLine()Z","close()V","access$000(Lcom/jakewharton/disklrucache/StrictLineReader;)Ljava/nio/charset/Charset;"],
"com.jakewharton.disklrucache.StrictLineReader$1": ["StrictLineReader$1(Lcom/jakewharton/disklrucache/StrictLineReader;I)V","toString()Ljava/lang/String;"]
}