JCov,com.googlecode.lanterna.graphics.PropertyTheme,getStyle(Ljava/lang/String;)Ljava/lang/String;
JCov,com.googlecode.lanterna.graphics.PropertyTheme,<init>(Ljava/util/Properties;Z)V
JCov,com.googlecode.lanterna.graphics.PropertyTheme,getDefinition(Ljava/lang/String;)Ljava/lang/String;
JCov,com.googlecode.lanterna.graphics.AbstractTheme$ThemeTreeNode,apply(Ljava/lang/String;Ljava/lang/String;)V
JCov,com.googlecode.lanterna.graphics.AbstractTheme$ThemeTreeNode,access$500(Lcom/googlecode/lanterna/graphics/AbstractTheme$ThemeTreeNode;)Lcom/googlecode/lanterna/graphics/AbstractTheme$ThemeTreeNode;
JCov,com.googlecode.lanterna.graphics.AbstractTheme$ThemeTreeNode,parseValue(Ljava/lang/String;)Lcom/googlecode/lanterna/TextColor;
JCov,com.googlecode.lanterna.graphics.AbstractTheme$ThemeTreeNode,parseSGR(Ljava/lang/String;)Ljava/util/EnumSet;
JCov,com.googlecode.lanterna.graphics.AbstractTheme$ThemeTreeNode,access$100(Lcom/googlecode/lanterna/graphics/AbstractTheme$ThemeTreeNode;)Ljava/util/Map;
JCov,com.googlecode.lanterna.graphics.AbstractTheme$ThemeTreeNode,access$200(Lcom/googlecode/lanterna/graphics/AbstractTheme$ThemeTreeNode;)Ljava/util/Map;
JCov,com.googlecode.lanterna.graphics.AbstractTheme$ThemeTreeNode,getCategory(Ljava/lang/String;)Ljava/lang/String;
JCov,com.googlecode.lanterna.graphics.AbstractTheme$ThemeTreeNode,<init>(Ljava/lang/Class;Lcom/googlecode/lanterna/graphics/AbstractTheme$ThemeTreeNode;Lcom/googlecode/lanterna/graphics/AbstractTheme$1;)V
JCov,com.googlecode.lanterna.graphics.AbstractTheme$ThemeTreeNode,<init>(Ljava/lang/Class;Lcom/googlecode/lanterna/graphics/AbstractTheme$ThemeTreeNode;)V
JCov,com.googlecode.lanterna.graphics.AbstractTheme$ThemeTreeNode,access$400(Lcom/googlecode/lanterna/graphics/AbstractTheme$ThemeTreeNode;)Ljava/util/Map;
JCov,com.googlecode.lanterna.graphics.AbstractTheme$ThemeTreeNode,access$300(Lcom/googlecode/lanterna/graphics/AbstractTheme$ThemeTreeNode;Ljava/lang/String;Ljava/lang/String;)V
JCov,com.googlecode.lanterna.graphics.AbstractTheme$ThemeTreeNode,access$800(Lcom/googlecode/lanterna/graphics/AbstractTheme$ThemeTreeNode;)Ljava/util/Map;
JCov,com.googlecode.lanterna.terminal.virtual.TextBuffer,clear()V
JCov,com.googlecode.lanterna.terminal.virtual.TextBuffer,getCharacter(II)Lcom/googlecode/lanterna/TextCharacter;
JCov,com.googlecode.lanterna.terminal.virtual.TextBuffer,<clinit>()V
JCov,com.googlecode.lanterna.terminal.virtual.TextBuffer,setCharacter(IILcom/googlecode/lanterna/TextCharacter;)I
JCov,com.googlecode.lanterna.terminal.virtual.TextBuffer,removeTopLines(I)V
JCov,com.googlecode.lanterna.terminal.virtual.TextBuffer,<init>()V
JCov,com.googlecode.lanterna.terminal.virtual.TextBuffer,newLine()V
JCov,com.googlecode.lanterna.terminal.virtual.TextBuffer,getLinesFrom(I)Ljava/util/ListIterator;
JCov,com.googlecode.lanterna.terminal.virtual.TextBuffer,getLineCount()I
JCov,com.googlecode.lanterna.input.KeyStroke,<init>(Lcom/googlecode/lanterna/input/KeyType;)V
JCov,com.googlecode.lanterna.input.KeyStroke,getCharacter()Ljava/lang/Character;
JCov,com.googlecode.lanterna.input.KeyStroke,<init>(Ljava/lang/Character;ZZ)V
JCov,com.googlecode.lanterna.input.KeyStroke,equals(Ljava/lang/Object;)Z
JCov,com.googlecode.lanterna.input.KeyStroke,<init>(Lcom/googlecode/lanterna/input/KeyType;ZZ)V
JCov,com.googlecode.lanterna.input.KeyStroke,<init>(Lcom/googlecode/lanterna/input/KeyType;Ljava/lang/Character;ZZZ)V
JCov,com.googlecode.lanterna.input.KeyStroke,isCtrlDown()Z
JCov,com.googlecode.lanterna.input.KeyStroke,getKeyType()Lcom/googlecode/lanterna/input/KeyType;
JCov,com.googlecode.lanterna.input.KeyStroke,fromString(Ljava/lang/String;)Lcom/googlecode/lanterna/input/KeyStroke;
JCov,com.googlecode.lanterna.input.KeyStroke,isAltDown()Z
JCov,com.googlecode.lanterna.terminal.virtual.DefaultVirtualTerminal$2,getCharacterAt(I)Lcom/googlecode/lanterna/TextCharacter;
JCov,com.googlecode.lanterna.terminal.virtual.DefaultVirtualTerminal$2,<init>(Lcom/googlecode/lanterna/terminal/virtual/DefaultVirtualTerminal;Ljava/util/List;)V
JCov,com.googlecode.lanterna.terminal.virtual.DefaultVirtualTerminal$1,<init>(Lcom/googlecode/lanterna/terminal/virtual/DefaultVirtualTerminal;)V
JCov,com.googlecode.lanterna.input.KeyType,values()[Lcom/googlecode/lanterna/input/KeyType;
JCov,com.googlecode.lanterna.input.KeyType,<clinit>()V
JCov,com.googlecode.lanterna.input.KeyType,$values()[Lcom/googlecode/lanterna/input/KeyType;
JCov,com.googlecode.lanterna.input.KeyType,<init>(Ljava/lang/String;I)V
JCov,com.googlecode.lanterna.bundle.DefaultTheme,definitionAsProperty()Ljava/util/Properties;
JCov,com.googlecode.lanterna.bundle.DefaultTheme,<init>()V
JCov,com.googlecode.lanterna.TerminalPosition,withColumn(I)Lcom/googlecode/lanterna/TerminalPosition;
JCov,com.googlecode.lanterna.TerminalPosition,<init>(II)V
JCov,com.googlecode.lanterna.TerminalPosition,equals(Ljava/lang/Object;)Z
JCov,com.googlecode.lanterna.TerminalPosition,withRelativeColumn(I)Lcom/googlecode/lanterna/TerminalPosition;
JCov,com.googlecode.lanterna.TerminalPosition,withRow(I)Lcom/googlecode/lanterna/TerminalPosition;
JCov,com.googlecode.lanterna.TerminalPosition,compareTo(Lcom/googlecode/lanterna/TerminalPosition;)I
JCov,com.googlecode.lanterna.TerminalPosition,getRow()I
JCov,com.googlecode.lanterna.TerminalPosition,withRelativeRow(I)Lcom/googlecode/lanterna/TerminalPosition;
JCov,com.googlecode.lanterna.TerminalPosition,<clinit>()V
JCov,com.googlecode.lanterna.TerminalPosition,compareTo(Ljava/lang/Object;)I
JCov,com.googlecode.lanterna.TerminalPosition,getColumn()I
JCov,com.googlecode.lanterna.gui2.FatWindowDecorationRenderer,<clinit>()V
JCov,com.googlecode.lanterna.gui2.FatWindowDecorationRenderer,<init>()V
JCov,com.googlecode.lanterna.screen.TabBehaviour,<init>(Ljava/lang/String;ILjava/lang/Integer;Ljava/lang/Integer;)V
JCov,com.googlecode.lanterna.screen.TabBehaviour,<clinit>()V
JCov,com.googlecode.lanterna.screen.TabBehaviour,getTabReplacement(I)Ljava/lang/String;
JCov,com.googlecode.lanterna.screen.TabBehaviour,$values()[Lcom/googlecode/lanterna/screen/TabBehaviour;
JCov,com.googlecode.lanterna.TextColor$Factory,fromString(Ljava/lang/String;)Lcom/googlecode/lanterna/TextColor;
JCov,com.googlecode.lanterna.TextColor$Factory,<clinit>()V
JCov,com.googlecode.lanterna.TerminalTextUtils,fitString(Ljava/lang/String;I)Ljava/lang/String;
JCov,com.googlecode.lanterna.TerminalTextUtils,getColumnIndex(Ljava/lang/String;I)I
JCov,com.googlecode.lanterna.TerminalTextUtils,getStringCharacterIndex(Ljava/lang/String;I)I
JCov,com.googlecode.lanterna.TerminalTextUtils,isCharDoubleWidth(C)Z
JCov,com.googlecode.lanterna.TerminalTextUtils,isControlCharacter(C)Z
JCov,com.googlecode.lanterna.TerminalTextUtils,getWordWrappedText(I[Ljava/lang/String;)Ljava/util/List;
JCov,com.googlecode.lanterna.TerminalTextUtils,getColumnIndex(Ljava/lang/String;ILcom/googlecode/lanterna/screen/TabBehaviour;I)I
JCov,com.googlecode.lanterna.TerminalTextUtils,fitString(Ljava/lang/String;II)Ljava/lang/String;
JCov,com.googlecode.lanterna.TerminalTextUtils,isCharCJK(C)Z
JCov,com.googlecode.lanterna.TerminalTextUtils,isPrintableCharacter(C)Z
JCov,com.googlecode.lanterna.TerminalTextUtils,getColumnWidth(Ljava/lang/String;)I
JCov,com.googlecode.lanterna.gui2.WindowShadowRenderer,<init>()V
JCov,com.googlecode.lanterna.terminal.AbstractTerminal,onResized(II)V
JCov,com.googlecode.lanterna.terminal.AbstractTerminal,<init>()V
JCov,com.googlecode.lanterna.terminal.AbstractTerminal,onResized(Lcom/googlecode/lanterna/TerminalSize;)V
JCov,com.googlecode.lanterna.SGR,$values()[Lcom/googlecode/lanterna/SGR;
JCov,com.googlecode.lanterna.SGR,values()[Lcom/googlecode/lanterna/SGR;
JCov,com.googlecode.lanterna.SGR,valueOf(Ljava/lang/String;)Lcom/googlecode/lanterna/SGR;
JCov,com.googlecode.lanterna.SGR,<clinit>()V
JCov,com.googlecode.lanterna.SGR,<init>(Ljava/lang/String;I)V
JCov,com.googlecode.lanterna.TextColor$ANSI,<init>(Ljava/lang/String;IBIII)V
JCov,com.googlecode.lanterna.TextColor$ANSI,valueOf(Ljava/lang/String;)Lcom/googlecode/lanterna/TextColor$ANSI;
JCov,com.googlecode.lanterna.TextColor$ANSI,$values()[Lcom/googlecode/lanterna/TextColor$ANSI;
JCov,com.googlecode.lanterna.TextColor$ANSI,<clinit>()V
JCov,com.googlecode.lanterna.TextColor$ANSI,values()[Lcom/googlecode/lanterna/TextColor$ANSI;
JCov,com.googlecode.lanterna.gui2.DefaultWindowDecorationRenderer,<clinit>()V
JCov,com.googlecode.lanterna.TerminalSize,<init>(II)V
JCov,com.googlecode.lanterna.TerminalSize,equals(Ljava/lang/Object;)Z
JCov,com.googlecode.lanterna.TerminalSize,getRows()I
JCov,com.googlecode.lanterna.TerminalSize,<clinit>()V
JCov,com.googlecode.lanterna.TerminalSize,getColumns()I
JCov,com.googlecode.lanterna.graphics.AbstractTheme,findRedundantDeclarations(Ljava/util/List;Lcom/googlecode/lanterna/graphics/AbstractTheme$ThemeTreeNode;)V
JCov,com.googlecode.lanterna.graphics.AbstractTheme,access$1400()Ljava/util/regex/Pattern;
JCov,com.googlecode.lanterna.graphics.AbstractTheme,instanceByClassName(Ljava/lang/String;)Ljava/lang/Object;
JCov,com.googlecode.lanterna.graphics.AbstractTheme,addStyle(Ljava/lang/String;Ljava/lang/String;Ljava/lang/String;)Z
JCov,com.googlecode.lanterna.graphics.AbstractTheme,getNode(Ljava/lang/String;)Lcom/googlecode/lanterna/graphics/AbstractTheme$ThemeTreeNode;
JCov,com.googlecode.lanterna.graphics.AbstractTheme,getNode(Ljava/lang/Class;)Lcom/googlecode/lanterna/graphics/AbstractTheme$ThemeTreeNode;
JCov,com.googlecode.lanterna.graphics.AbstractTheme,<clinit>()V
JCov,com.googlecode.lanterna.graphics.AbstractTheme,access$1000(Lcom/googlecode/lanterna/graphics/AbstractTheme;)Lcom/googlecode/lanterna/graphics/AbstractTheme$ThemeTreeNode;
JCov,com.googlecode.lanterna.graphics.AbstractTheme,<init>(Lcom/googlecode/lanterna/gui2/WindowPostRenderer;Lcom/googlecode/lanterna/gui2/WindowDecorationRenderer;)V
JCov,com.googlecode.lanterna.graphics.AbstractTheme,findRedundantDeclarations()Ljava/util/List;
JCov,com.googlecode.lanterna.input.KeyStroke$1,<clinit>()V
Yajta,com.googlecode.lanterna.TextColor$Factory,<clinit>()V
Yajta,com.googlecode.lanterna.TextColor$Factory,fromString(Ljava/lang/String;)Lcom/googlecode/lanterna/TextColor;
Yajta,com.googlecode.lanterna.TerminalSize,equals(Ljava/lang/Object;)Z
Yajta,com.googlecode.lanterna.TerminalSize,getRows()I
Yajta,com.googlecode.lanterna.TerminalSize,<clinit>()V
Yajta,com.googlecode.lanterna.TerminalSize,TerminalSize(II)V
Yajta,com.googlecode.lanterna.TerminalSize,getColumns()I
Yajta,com.googlecode.lanterna.bundle.LanternaThemes,loadPropTheme(Ljava/lang/String;)Ljava/util/Properties;
Yajta,com.googlecode.lanterna.bundle.LanternaThemes,registerPropTheme(Ljava/lang/String;Ljava/util/Properties;)V
Yajta,com.googlecode.lanterna.bundle.LanternaThemes,registerTheme(Ljava/lang/String;Lcom/googlecode/lanterna/graphics/Theme;)V
Yajta,com.googlecode.lanterna.bundle.LanternaThemes,getRegisteredTheme(Ljava/lang/String;)Lcom/googlecode/lanterna/graphics/Theme;
Yajta,com.googlecode.lanterna.bundle.LanternaThemes,<clinit>()V
Yajta,com.googlecode.lanterna.bundle.LanternaThemes,getRegisteredThemes()Ljava/util/Collection;
Yajta,com.googlecode.lanterna.TerminalTextUtils,fitString(Ljava/lang/String;I)Ljava/lang/String;
Yajta,com.googlecode.lanterna.TerminalTextUtils,getColumnIndex(Ljava/lang/String;I)I
Yajta,com.googlecode.lanterna.TerminalTextUtils,getStringCharacterIndex(Ljava/lang/String;I)I
Yajta,com.googlecode.lanterna.TerminalTextUtils,isCharDoubleWidth(C)Z
Yajta,com.googlecode.lanterna.TerminalTextUtils,isControlCharacter(C)Z
Yajta,com.googlecode.lanterna.TerminalTextUtils,getWordWrappedText(I[Ljava/lang/String;)Ljava/util/List;
Yajta,com.googlecode.lanterna.TerminalTextUtils,getColumnIndex(Ljava/lang/String;ILcom/googlecode/lanterna/screen/TabBehaviour;I)I
Yajta,com.googlecode.lanterna.TerminalTextUtils,fitString(Ljava/lang/String;II)Ljava/lang/String;
Yajta,com.googlecode.lanterna.TerminalTextUtils,isCharCJK(C)Z
Yajta,com.googlecode.lanterna.TerminalTextUtils,isPrintableCharacter(C)Z
Yajta,com.googlecode.lanterna.TerminalTextUtils,getColumnWidth(Ljava/lang/String;)I
Yajta,com.googlecode.lanterna.graphics.AbstractTheme$StyleImpl,getBackground()Lcom/googlecode/lanterna/TextColor;
Yajta,com.googlecode.lanterna.graphics.AbstractTheme$StyleImpl,getForeground()Lcom/googlecode/lanterna/TextColor;
Yajta,com.googlecode.lanterna.graphics.AbstractTheme$StyleImpl,AbstractTheme$StyleImpl(Lcom/googlecode/lanterna/graphics/AbstractTheme;Lcom/googlecode/lanterna/graphics/AbstractTheme$ThemeTreeNode;Ljava/lang/String;Lcom/googlecode/lanterna/graphics/AbstractTheme$1;)V
Yajta,com.googlecode.lanterna.graphics.AbstractTheme$StyleImpl,AbstractTheme$StyleImpl(Lcom/googlecode/lanterna/graphics/AbstractTheme;Lcom/googlecode/lanterna/graphics/AbstractTheme$ThemeTreeNode;Ljava/lang/String;)V
Yajta,com.googlecode.lanterna.graphics.AbstractTheme$StyleImpl,getSGRs()Ljava/util/EnumSet;
Yajta,com.googlecode.lanterna.graphics.AbstractTheme,access$1400()Ljava/util/regex/Pattern;
Yajta,com.googlecode.lanterna.graphics.AbstractTheme,findRedundantDeclarations(Ljava/util/List;Lcom/googlecode/lanterna/graphics/AbstractTheme$ThemeTreeNode;)V
Yajta,com.googlecode.lanterna.graphics.AbstractTheme,instanceByClassName(Ljava/lang/String;)Ljava/lang/Object;
Yajta,com.googlecode.lanterna.graphics.AbstractTheme,addStyle(Ljava/lang/String;Ljava/lang/String;Ljava/lang/String;)Z
Yajta,com.googlecode.lanterna.graphics.AbstractTheme,AbstractTheme(Lcom/googlecode/lanterna/gui2/WindowPostRenderer;Lcom/googlecode/lanterna/gui2/WindowDecorationRenderer;)V
Yajta,com.googlecode.lanterna.graphics.AbstractTheme,getNode(Ljava/lang/String;)Lcom/googlecode/lanterna/graphics/AbstractTheme$ThemeTreeNode;
Yajta,com.googlecode.lanterna.graphics.AbstractTheme,<clinit>()V
Yajta,com.googlecode.lanterna.graphics.AbstractTheme,getNode(Ljava/lang/Class;)Lcom/googlecode/lanterna/graphics/AbstractTheme$ThemeTreeNode;
Yajta,com.googlecode.lanterna.graphics.AbstractTheme,access$1000(Lcom/googlecode/lanterna/graphics/AbstractTheme;)Lcom/googlecode/lanterna/graphics/AbstractTheme$ThemeTreeNode;
Yajta,com.googlecode.lanterna.graphics.AbstractTheme,findRedundantDeclarations()Ljava/util/List;
Yajta,com.googlecode.lanterna.gui2.FatWindowDecorationRenderer,<clinit>()V
Yajta,com.googlecode.lanterna.gui2.FatWindowDecorationRenderer,FatWindowDecorationRenderer()V
Yajta,com.googlecode.lanterna.SGR,$values()[Lcom/googlecode/lanterna/SGR;
Yajta,com.googlecode.lanterna.SGR,values()[Lcom/googlecode/lanterna/SGR;
Yajta,com.googlecode.lanterna.SGR,valueOf(Ljava/lang/String;)Lcom/googlecode/lanterna/SGR;
Yajta,com.googlecode.lanterna.SGR,<clinit>()V
Yajta,com.googlecode.lanterna.SGR,SGR(Ljava/lang/String;I)V
Yajta,com.googlecode.lanterna.terminal.virtual.DefaultVirtualTerminal$2,getCharacterAt(I)Lcom/googlecode/lanterna/TextCharacter;
Yajta,com.googlecode.lanterna.terminal.virtual.DefaultVirtualTerminal$2,DefaultVirtualTerminal$2(Lcom/googlecode/lanterna/terminal/virtual/DefaultVirtualTerminal;Ljava/util/List;)V
Yajta,com.googlecode.lanterna.terminal.virtual.DefaultVirtualTerminal$1,DefaultVirtualTerminal$1(Lcom/googlecode/lanterna/terminal/virtual/DefaultVirtualTerminal;)V
Yajta,com.googlecode.lanterna.graphics.AbstractTheme$ThemeTreeNode,apply(Ljava/lang/String;Ljava/lang/String;)V
Yajta,com.googlecode.lanterna.graphics.AbstractTheme$ThemeTreeNode,access$200(Lcom/googlecode/lanterna/graphics/AbstractTheme$ThemeTreeNode;)Ljava/util/Map;
Yajta,com.googlecode.lanterna.graphics.AbstractTheme$ThemeTreeNode,parseSGR(Ljava/lang/String;)Ljava/util/EnumSet;
Yajta,com.googlecode.lanterna.graphics.AbstractTheme$ThemeTreeNode,getCategory(Ljava/lang/String;)Ljava/lang/String;
Yajta,com.googlecode.lanterna.graphics.AbstractTheme$ThemeTreeNode,access$400(Lcom/googlecode/lanterna/graphics/AbstractTheme$ThemeTreeNode;)Ljava/util/Map;
Yajta,com.googlecode.lanterna.graphics.AbstractTheme$ThemeTreeNode,AbstractTheme$ThemeTreeNode(Ljava/lang/Class;Lcom/googlecode/lanterna/graphics/AbstractTheme$ThemeTreeNode;Lcom/googlecode/lanterna/graphics/AbstractTheme$1;)V
Yajta,com.googlecode.lanterna.graphics.AbstractTheme$ThemeTreeNode,access$800(Lcom/googlecode/lanterna/graphics/AbstractTheme$ThemeTreeNode;)Ljava/util/Map;
Yajta,com.googlecode.lanterna.graphics.AbstractTheme$ThemeTreeNode,AbstractTheme$ThemeTreeNode(Ljava/lang/Class;Lcom/googlecode/lanterna/graphics/AbstractTheme$ThemeTreeNode;)V
Yajta,com.googlecode.lanterna.graphics.AbstractTheme$ThemeTreeNode,access$500(Lcom/googlecode/lanterna/graphics/AbstractTheme$ThemeTreeNode;)Lcom/googlecode/lanterna/graphics/AbstractTheme$ThemeTreeNode;
Yajta,com.googlecode.lanterna.graphics.AbstractTheme$ThemeTreeNode,access$100(Lcom/googlecode/lanterna/graphics/AbstractTheme$ThemeTreeNode;)Ljava/util/Map;
Yajta,com.googlecode.lanterna.graphics.AbstractTheme$ThemeTreeNode,parseValue(Ljava/lang/String;)Lcom/googlecode/lanterna/TextColor;
Yajta,com.googlecode.lanterna.graphics.AbstractTheme$ThemeTreeNode,access$300(Lcom/googlecode/lanterna/graphics/AbstractTheme$ThemeTreeNode;Ljava/lang/String;Ljava/lang/String;)V
Yajta,com.googlecode.lanterna.TextCharacter,getCharacter()C
Yajta,com.googlecode.lanterna.TextCharacter,equals(Ljava/lang/Object;)Z
Yajta,com.googlecode.lanterna.TextCharacter,<clinit>()V
Yajta,com.googlecode.lanterna.TextCharacter,toEnumSet([Lcom/googlecode/lanterna/SGR;)Ljava/util/EnumSet;
Yajta,com.googlecode.lanterna.TextCharacter,TextCharacter(C)V
Yajta,com.googlecode.lanterna.TextCharacter,withCharacter(C)Lcom/googlecode/lanterna/TextCharacter;
Yajta,com.googlecode.lanterna.TextCharacter,isDoubleWidth()Z
Yajta,com.googlecode.lanterna.TextCharacter,TextCharacter(CLcom/googlecode/lanterna/TextColor;Lcom/googlecode/lanterna/TextColor;[Lcom/googlecode/lanterna/SGR;)V
Yajta,com.googlecode.lanterna.TextCharacter,TextCharacter(CLcom/googlecode/lanterna/TextColor;Lcom/googlecode/lanterna/TextColor;Ljava/util/EnumSet;)V
Yajta,com.googlecode.lanterna.gui2.DefaultWindowDecorationRenderer,<clinit>()V
Yajta,com.googlecode.lanterna.terminal.virtual.DefaultVirtualTerminal,setBacklogSize(I)V
Yajta,com.googlecode.lanterna.terminal.virtual.DefaultVirtualTerminal,setBackgroundColor(Lcom/googlecode/lanterna/TextColor;)V
Yajta,com.googlecode.lanterna.terminal.virtual.DefaultVirtualTerminal,disableSGR(Lcom/googlecode/lanterna/SGR;)V
Yajta,com.googlecode.lanterna.terminal.virtual.DefaultVirtualTerminal,correctCursor()V
Yajta,com.googlecode.lanterna.terminal.virtual.DefaultVirtualTerminal,bell()V
Yajta,com.googlecode.lanterna.terminal.virtual.DefaultVirtualTerminal,getCharacter(Lcom/googlecode/lanterna/TerminalPosition;)Lcom/googlecode/lanterna/TextCharacter;
Yajta,com.googlecode.lanterna.terminal.virtual.DefaultVirtualTerminal,getAndResetDirtyCells()Ljava/util/TreeSet;
Yajta,com.googlecode.lanterna.terminal.virtual.DefaultVirtualTerminal,exitPrivateMode()V
Yajta,com.googlecode.lanterna.terminal.virtual.DefaultVirtualTerminal,DefaultVirtualTerminal(Lcom/googlecode/lanterna/TerminalSize;)V
Yajta,com.googlecode.lanterna.terminal.virtual.DefaultVirtualTerminal,enableSGR(Lcom/googlecode/lanterna/SGR;)V
Yajta,com.googlecode.lanterna.terminal.virtual.DefaultVirtualTerminal,forEachLine(IILcom/googlecode/lanterna/terminal/virtual/VirtualTerminal$BufferWalker;)V
Yajta,com.googlecode.lanterna.terminal.virtual.DefaultVirtualTerminal,clearScreen()V
Yajta,com.googlecode.lanterna.terminal.virtual.DefaultVirtualTerminal,moveCursorToNextLine()V
Yajta,com.googlecode.lanterna.terminal.virtual.DefaultVirtualTerminal,getCursorBufferPosition()Lcom/googlecode/lanterna/TerminalPosition;
Yajta,com.googlecode.lanterna.terminal.virtual.DefaultVirtualTerminal,close()V
Yajta,com.googlecode.lanterna.terminal.virtual.DefaultVirtualTerminal,addInput(Lcom/googlecode/lanterna/input/KeyStroke;)V
Yajta,com.googlecode.lanterna.terminal.virtual.DefaultVirtualTerminal,setWholeBufferDirty()V
Yajta,com.googlecode.lanterna.terminal.virtual.DefaultVirtualTerminal,isWholeBufferDirtyThenReset()Z
Yajta,com.googlecode.lanterna.terminal.virtual.DefaultVirtualTerminal,getBufferLineCount()I
Yajta,com.googlecode.lanterna.terminal.virtual.DefaultVirtualTerminal,getCharacter(II)Lcom/googlecode/lanterna/TextCharacter;
Yajta,com.googlecode.lanterna.terminal.virtual.DefaultVirtualTerminal,getBufferCharacter(Lcom/googlecode/lanterna/TerminalPosition;)Lcom/googlecode/lanterna/TextCharacter;
Yajta,com.googlecode.lanterna.terminal.virtual.DefaultVirtualTerminal,removeVirtualTerminalListener(Lcom/googlecode/lanterna/terminal/virtual/VirtualTerminalListener;)V
Yajta,com.googlecode.lanterna.terminal.virtual.DefaultVirtualTerminal,getCursorPosition()Lcom/googlecode/lanterna/TerminalPosition;
Yajta,com.googlecode.lanterna.terminal.virtual.DefaultVirtualTerminal,getTerminalSize()Lcom/googlecode/lanterna/TerminalSize;
Yajta,com.googlecode.lanterna.terminal.virtual.DefaultVirtualTerminal,putCharacter(C)V
Yajta,com.googlecode.lanterna.terminal.virtual.DefaultVirtualTerminal,enterPrivateMode()V
Yajta,com.googlecode.lanterna.terminal.virtual.DefaultVirtualTerminal,setCursorPosition(Lcom/googlecode/lanterna/TerminalPosition;)V
Yajta,com.googlecode.lanterna.terminal.virtual.DefaultVirtualTerminal,setCursorPosition(II)V
Yajta,com.googlecode.lanterna.terminal.virtual.DefaultVirtualTerminal,addVirtualTerminalListener(Lcom/googlecode/lanterna/terminal/virtual/VirtualTerminalListener;)V
Yajta,com.googlecode.lanterna.terminal.virtual.DefaultVirtualTerminal,pollInput()Lcom/googlecode/lanterna/input/KeyStroke;
Yajta,com.googlecode.lanterna.terminal.virtual.DefaultVirtualTerminal,flush()V
Yajta,com.googlecode.lanterna.terminal.virtual.DefaultVirtualTerminal,putCharacter(Lcom/googlecode/lanterna/TextCharacter;)V
Yajta,com.googlecode.lanterna.terminal.virtual.DefaultVirtualTerminal,readInput()Lcom/googlecode/lanterna/input/KeyStroke;
Yajta,com.googlecode.lanterna.terminal.virtual.DefaultVirtualTerminal,setTerminalSize(Lcom/googlecode/lanterna/TerminalSize;)V
Yajta,com.googlecode.lanterna.terminal.virtual.DefaultVirtualTerminal,setForegroundColor(Lcom/googlecode/lanterna/TextColor;)V
Yajta,com.googlecode.lanterna.terminal.virtual.DefaultVirtualTerminal,getBufferCharacter(II)Lcom/googlecode/lanterna/TextCharacter;
Yajta,com.googlecode.lanterna.terminal.virtual.DefaultVirtualTerminal,resetColorAndSGR()V
Yajta,com.googlecode.lanterna.terminal.virtual.DefaultVirtualTerminal,trimBufferBacklog()V
Yajta,com.googlecode.lanterna.terminal.virtual.DefaultVirtualTerminal,DefaultVirtualTerminal()V
Yajta,com.googlecode.lanterna.terminal.virtual.DefaultVirtualTerminal,getDirtyCells()Ljava/util/TreeSet;
Yajta,com.googlecode.lanterna.bundle.DefaultTheme,definitionAsProperty()Ljava/util/Properties;
Yajta,com.googlecode.lanterna.bundle.DefaultTheme,DefaultTheme()V
Yajta,com.googlecode.lanterna.screen.TabBehaviour,<clinit>()V
Yajta,com.googlecode.lanterna.screen.TabBehaviour,$values()[Lcom/googlecode/lanterna/screen/TabBehaviour;
Yajta,com.googlecode.lanterna.screen.TabBehaviour,getTabReplacement(I)Ljava/lang/String;
Yajta,com.googlecode.lanterna.screen.TabBehaviour,TabBehaviour(Ljava/lang/String;ILjava/lang/Integer;Ljava/lang/Integer;)V
Yajta,com.googlecode.lanterna.gui2.WindowShadowRenderer,WindowShadowRenderer()V
Yajta,com.googlecode.lanterna.input.KeyStroke$1,<clinit>()V
Yajta,com.googlecode.lanterna.graphics.PropertyTheme,getStyle(Ljava/lang/String;)Ljava/lang/String;
Yajta,com.googlecode.lanterna.graphics.PropertyTheme,PropertyTheme(Ljava/util/Properties;Z)V
Yajta,com.googlecode.lanterna.graphics.PropertyTheme,getDefinition(Ljava/lang/String;)Ljava/lang/String;
Yajta,com.googlecode.lanterna.TextColor$ANSI,valueOf(Ljava/lang/String;)Lcom/googlecode/lanterna/TextColor$ANSI;
Yajta,com.googlecode.lanterna.TextColor$ANSI,<clinit>()V
Yajta,com.googlecode.lanterna.TextColor$ANSI,$values()[Lcom/googlecode/lanterna/TextColor$ANSI;
Yajta,com.googlecode.lanterna.TextColor$ANSI,values()[Lcom/googlecode/lanterna/TextColor$ANSI;
Yajta,com.googlecode.lanterna.TextColor$ANSI,TextColor$ANSI(Ljava/lang/String;IBIII)V
Yajta,com.googlecode.lanterna.input.KeyStroke,KeyStroke(Lcom/googlecode/lanterna/input/KeyType;ZZ)V
Yajta,com.googlecode.lanterna.input.KeyStroke,getCharacter()Ljava/lang/Character;
Yajta,com.googlecode.lanterna.input.KeyStroke,equals(Ljava/lang/Object;)Z
Yajta,com.googlecode.lanterna.input.KeyStroke,isCtrlDown()Z
Yajta,com.googlecode.lanterna.input.KeyStroke,KeyStroke(Lcom/googlecode/lanterna/input/KeyType;Ljava/lang/Character;ZZZ)V
Yajta,com.googlecode.lanterna.input.KeyStroke,KeyStroke(Lcom/googlecode/lanterna/input/KeyType;)V
Yajta,com.googlecode.lanterna.input.KeyStroke,getKeyType()Lcom/googlecode/lanterna/input/KeyType;
Yajta,com.googlecode.lanterna.input.KeyStroke,fromString(Ljava/lang/String;)Lcom/googlecode/lanterna/input/KeyStroke;
Yajta,com.googlecode.lanterna.input.KeyStroke,KeyStroke(Ljava/lang/Character;ZZ)V
Yajta,com.googlecode.lanterna.input.KeyStroke,isAltDown()Z
Yajta,com.googlecode.lanterna.TerminalPosition,withColumn(I)Lcom/googlecode/lanterna/TerminalPosition;
Yajta,com.googlecode.lanterna.TerminalPosition,equals(Ljava/lang/Object;)Z
Yajta,com.googlecode.lanterna.TerminalPosition,withRelativeColumn(I)Lcom/googlecode/lanterna/TerminalPosition;
Yajta,com.googlecode.lanterna.TerminalPosition,TerminalPosition(II)V
Yajta,com.googlecode.lanterna.TerminalPosition,withRow(I)Lcom/googlecode/lanterna/TerminalPosition;
Yajta,com.googlecode.lanterna.TerminalPosition,compareTo(Lcom/googlecode/lanterna/TerminalPosition;)I
Yajta,com.googlecode.lanterna.TerminalPosition,getRow()I
Yajta,com.googlecode.lanterna.TerminalPosition,withRelativeRow(I)Lcom/googlecode/lanterna/TerminalPosition;
Yajta,com.googlecode.lanterna.TerminalPosition,<clinit>()V
Yajta,com.googlecode.lanterna.TerminalPosition,compareTo(Ljava/lang/Object;)I
Yajta,com.googlecode.lanterna.TerminalPosition,getColumn()I
Yajta,com.googlecode.lanterna.terminal.virtual.TextBuffer,clear()V
Yajta,com.googlecode.lanterna.terminal.virtual.TextBuffer,TextBuffer()V
Yajta,com.googlecode.lanterna.terminal.virtual.TextBuffer,getCharacter(II)Lcom/googlecode/lanterna/TextCharacter;
Yajta,com.googlecode.lanterna.terminal.virtual.TextBuffer,<clinit>()V
Yajta,com.googlecode.lanterna.terminal.virtual.TextBuffer,setCharacter(IILcom/googlecode/lanterna/TextCharacter;)I
Yajta,com.googlecode.lanterna.terminal.virtual.TextBuffer,removeTopLines(I)V
Yajta,com.googlecode.lanterna.terminal.virtual.TextBuffer,newLine()V
Yajta,com.googlecode.lanterna.terminal.virtual.TextBuffer,getLineCount()I
Yajta,com.googlecode.lanterna.terminal.virtual.TextBuffer,getLinesFrom(I)Ljava/util/ListIterator;
Yajta,com.googlecode.lanterna.input.KeyType,<clinit>()V
Yajta,com.googlecode.lanterna.input.KeyType,values()[Lcom/googlecode/lanterna/input/KeyType;
Yajta,com.googlecode.lanterna.input.KeyType,KeyType(Ljava/lang/String;I)V
Yajta,com.googlecode.lanterna.input.KeyType,$values()[Lcom/googlecode/lanterna/input/KeyType;
Yajta,com.googlecode.lanterna.terminal.AbstractTerminal,AbstractTerminal()V
Yajta,com.googlecode.lanterna.terminal.AbstractTerminal,onResized(II)V
Yajta,com.googlecode.lanterna.terminal.AbstractTerminal,onResized(Lcom/googlecode/lanterna/TerminalSize;)V
JVM,com.googlecode.lanterna.gui2.WindowManager,UNKNOWN
JVM,com.googlecode.lanterna.TerminalSize,UNKNOWN
JVM,com.googlecode.lanterna.terminal.virtual.VirtualTerminalListener,UNKNOWN
JVM,com.googlecode.lanterna.gui2.AbstractListBox,UNKNOWN
JVM,com.googlecode.lanterna.gui2.TextGUIThreadFactory,UNKNOWN
JVM,com.googlecode.lanterna.gui2.table.TableRenderer,UNKNOWN
JVM,com.googlecode.lanterna.graphics.ThemeDefinition,UNKNOWN
JVM,com.googlecode.lanterna.gui2.Border$BorderRenderer,UNKNOWN
JVM,com.googlecode.lanterna.screen.TabBehaviour,UNKNOWN
JVM,com.googlecode.lanterna.terminal.ansi.ANSITerminal,UNKNOWN
JVM,com.googlecode.lanterna.screen.Screen,UNKNOWN
JVM,com.googlecode.lanterna.gui2.Border,UNKNOWN
JVM,com.googlecode.lanterna.gui2.Panel,UNKNOWN
JVM,com.googlecode.lanterna.SGR,UNKNOWN
JVM,com.googlecode.lanterna.gui2.table.TableHeaderRenderer,UNKNOWN
JVM,com.googlecode.lanterna.terminal.ansi.TelnetTerminal,UNKNOWN
JVM,com.googlecode.lanterna.gui2.TextGUI,UNKNOWN
JVM,com.googlecode.lanterna.terminal.swing.ScrollingAWTTerminal,UNKNOWN
JVM,com.googlecode.lanterna.gui2.FatWindowDecorationRenderer,UNKNOWN
JVM,com.googlecode.lanterna.gui2.Borders$SingleLine,UNKNOWN
JVM,com.googlecode.lanterna.terminal.MouseCaptureMode,UNKNOWN
JVM,com.googlecode.lanterna.gui2.Button$ButtonRenderer,UNKNOWN
JVM,com.googlecode.lanterna.terminal.swing.TerminalEmulatorAutoCloseTrigger,UNKNOWN
JVM,com.googlecode.lanterna.gui2.AbstractTextGUI,UNKNOWN
JVM,com.googlecode.lanterna.terminal.virtual.DefaultVirtualTerminal,UNKNOWN
JVM,com.googlecode.lanterna.gui2.AbstractListBox$ListItemRenderer,UNKNOWN
JVM,com.googlecode.lanterna.gui2.AbstractInteractableComponent,UNKNOWN
JVM,com.googlecode.lanterna.terminal.ExtendedTerminal,UNKNOWN
JVM,com.googlecode.lanterna.screen.TerminalScreen,UNKNOWN
JVM,com.googlecode.lanterna.gui2.TextGUIElement,UNKNOWN
JVM,com.googlecode.lanterna.bundle.DefaultTheme,UNKNOWN
JVM,com.googlecode.lanterna.terminal.swing.AWTTerminalFrame,UNKNOWN
JVM,com.googlecode.lanterna.terminal.swing.TerminalEmulatorDeviceConfiguration,UNKNOWN
JVM,com.googlecode.lanterna.gui2.table.TableCellRenderer,UNKNOWN
JVM,com.googlecode.lanterna.graphics.Theme,UNKNOWN
JVM,com.googlecode.lanterna.gui2.CheckBoxList$CheckBoxListItemRenderer,UNKNOWN
JVM,com.googlecode.lanterna.TextColor$ANSI,UNKNOWN
JVM,com.googlecode.lanterna.terminal.virtual.DefaultVirtualTerminal$2,UNKNOWN
JVM,com.googlecode.lanterna.terminal.virtual.DefaultVirtualTerminal$1,UNKNOWN
JVM,com.googlecode.lanterna.gui2.LayoutManager,UNKNOWN
JVM,com.googlecode.lanterna.gui2.table.Table,UNKNOWN
JVM,com.googlecode.lanterna.TextColor,UNKNOWN
JVM,com.googlecode.lanterna.gui2.ProgressBar,UNKNOWN
JVM,com.googlecode.lanterna.graphics.AbstractTheme$ThemeTreeNode,UNKNOWN
JVM,com.googlecode.lanterna.gui2.InteractableRenderer,UNKNOWN
JVM,com.googlecode.lanterna.gui2.CheckBox$CheckBoxRenderer,UNKNOWN
JVM,com.googlecode.lanterna.graphics.ThemeStyle,UNKNOWN
JVM,com.googlecode.lanterna.gui2.RadioBoxList,UNKNOWN
JVM,com.googlecode.lanterna.terminal.virtual.VirtualTerminal$BufferWalker,UNKNOWN
JVM,com.googlecode.lanterna.terminal.swing.SwingTerminal,UNKNOWN
JVM,com.googlecode.lanterna.graphics.TextImage,UNKNOWN
JVM,com.googlecode.lanterna.graphics.Scrollable,UNKNOWN
JVM,com.googlecode.lanterna.terminal.TerminalFactory,UNKNOWN
JVM,com.googlecode.lanterna.terminal.IOSafeTerminal,UNKNOWN
JVM,com.googlecode.lanterna.gui2.RadioBoxList$RadioBoxListItemRenderer,UNKNOWN
JVM,com.googlecode.lanterna.gui2.AbstractBorder,UNKNOWN
JVM,com.googlecode.lanterna.terminal.virtual.VirtualTerminal$BufferLine,UNKNOWN
JVM,com.googlecode.lanterna.gui2.BasePaneListener,UNKNOWN
JVM,com.googlecode.lanterna.terminal.swing.TerminalEmulatorColorConfiguration,UNKNOWN
JVM,com.googlecode.lanterna.bundle.LanternaThemes,UNKNOWN
JVM,com.googlecode.lanterna.gui2.ComboBox,UNKNOWN
JVM,com.googlecode.lanterna.gui2.WindowDecorationRenderer,UNKNOWN
JVM,com.googlecode.lanterna.gui2.MultiWindowTextGUI,UNKNOWN
JVM,com.googlecode.lanterna.gui2.TextGUI$Listener,UNKNOWN
JVM,com.googlecode.lanterna.gui2.LayoutData,UNKNOWN
JVM,com.googlecode.lanterna.graphics.AbstractTheme$StyleImpl,UNKNOWN
JVM,com.googlecode.lanterna.terminal.TerminalResizeListener,UNKNOWN
JVM,com.googlecode.lanterna.graphics.StyleSet,UNKNOWN
JVM,com.googlecode.lanterna.gui2.TextBox,UNKNOWN
JVM,com.googlecode.lanterna.terminal.DefaultTerminalFactory,UNKNOWN
JVM,com.googlecode.lanterna.gui2.GridLayout,UNKNOWN
JVM,com.googlecode.lanterna.TextColor$Factory,UNKNOWN
JVM,com.googlecode.lanterna.gui2.WindowPostRenderer,UNKNOWN
JVM,com.googlecode.lanterna.terminal.AbstractTerminal,UNKNOWN
JVM,com.googlecode.lanterna.gui2.GUIBackdrop,UNKNOWN
JVM,com.googlecode.lanterna.gui2.Component,UNKNOWN
JVM,com.googlecode.lanterna.input.KeyStroke,UNKNOWN
JVM,com.googlecode.lanterna.gui2.EmptySpace,UNKNOWN
JVM,com.googlecode.lanterna.gui2.Interactable,UNKNOWN
JVM,com.googlecode.lanterna.gui2.WindowBasedTextGUI,UNKNOWN
JVM,com.googlecode.lanterna.gui2.BasePane,UNKNOWN
JVM,com.googlecode.lanterna.input.KeyType,UNKNOWN
JVM,com.googlecode.lanterna.graphics.PropertyTheme,UNKNOWN
JVM,com.googlecode.lanterna.terminal.swing.SwingTerminalFrame,UNKNOWN
JVM,com.googlecode.lanterna.terminal.Terminal,UNKNOWN
JVM,com.googlecode.lanterna.TextCharacter,UNKNOWN
JVM,com.googlecode.lanterna.terminal.ansi.StreamBasedTerminal,UNKNOWN
JVM,com.googlecode.lanterna.gui2.ComponentRenderer,UNKNOWN
JVM,com.googlecode.lanterna.terminal.swing.AWTTerminalFontConfiguration,UNKNOWN
JVM,com.googlecode.lanterna.gui2.DefaultWindowDecorationRenderer,UNKNOWN
JVM,com.googlecode.lanterna.gui2.AbstractComponent,UNKNOWN
JVM,com.googlecode.lanterna.TerminalTextUtils,UNKNOWN
JVM,com.googlecode.lanterna.gui2.ScrollBar,UNKNOWN
JVM,com.googlecode.lanterna.gui2.AbstractComposite,UNKNOWN
JVM,com.googlecode.lanterna.gui2.Borders$StandardBorder,UNKNOWN
JVM,com.googlecode.lanterna.gui2.table.TableModel$Listener,UNKNOWN
JVM,com.googlecode.lanterna.gui2.TextBox$TextBoxRenderer,UNKNOWN
JVM,com.googlecode.lanterna.graphics.AbstractTheme,UNKNOWN
JVM,com.googlecode.lanterna.gui2.Separator,UNKNOWN
JVM,com.googlecode.lanterna.gui2.Window,UNKNOWN
JVM,com.googlecode.lanterna.input.KeyStroke$1,UNKNOWN
JVM,com.googlecode.lanterna.gui2.CheckBox$DefaultCheckBoxRenderer,UNKNOWN
JVM,com.googlecode.lanterna.graphics.TextGraphics,UNKNOWN
JVM,com.googlecode.lanterna.gui2.Borders$DoubleLine,UNKNOWN
JVM,com.googlecode.lanterna.screen.AbstractScreen,UNKNOWN
JVM,com.googlecode.lanterna.gui2.CheckBox,UNKNOWN
JVM,com.googlecode.lanterna.gui2.Button,UNKNOWN
JVM,com.googlecode.lanterna.terminal.virtual.VirtualTerminal,UNKNOWN
JVM,com.googlecode.lanterna.gui2.Container,UNKNOWN
JVM,com.googlecode.lanterna.terminal.virtual.TextBuffer,UNKNOWN
JVM,com.googlecode.lanterna.input.InputProvider,UNKNOWN
JVM,com.googlecode.lanterna.gui2.CheckBoxList,UNKNOWN
JVM,com.googlecode.lanterna.terminal.swing.ScrollingSwingTerminal,UNKNOWN
JVM,com.googlecode.lanterna.gui2.Composite,UNKNOWN
JVM,com.googlecode.lanterna.TerminalPosition,UNKNOWN
JVM,com.googlecode.lanterna.gui2.WindowShadowRenderer,UNKNOWN
JVM,com.googlecode.lanterna.gui2.WindowListener,UNKNOWN
