{
"com.googlecode.lanterna.input.KeyStroke": ["fromString(Ljava/lang/String;)Lcom/googlecode/lanterna/input/KeyStroke;","KeyStroke(Lcom/googlecode/lanterna/input/KeyType;Ljava/lang/Character;ZZZ)V","getKeyType()Lcom/googlecode/lanterna/input/KeyType;","getCharacter()Ljava/lang/Character;","isCtrlDown()Z","isAltDown()Z","KeyStroke(Ljava/lang/Character;ZZ)V","KeyStroke(Lcom/googlecode/lanterna/input/KeyType;)V","KeyStroke(Lcom/googlecode/lanterna/input/KeyType;ZZ)V","equals(Ljava/lang/Object;)Z"],
"com.googlecode.lanterna.input.KeyType": ["<clinit>()V","KeyType(Ljava/lang/String;I)V","$values()[Lcom/googlecode/lanterna/input/KeyType;","values()[Lcom/googlecode/lanterna/input/KeyType;"],
"com.googlecode.lanterna.input.KeyStroke$1": ["<clinit>()V"],
"com.googlecode.lanterna.TextCharacter": ["<clinit>()V","TextCharacter(CLcom/googlecode/lanterna/TextColor;Lcom/googlecode/lanterna/TextColor;[Lcom/googlecode/lanterna/SGR;)V","toEnumSet([Lcom/googlecode/lanterna/SGR;)Ljava/util/EnumSet;","TextCharacter(CLcom/googlecode/lanterna/TextColor;Lcom/googlecode/lanterna/TextColor;Ljava/util/EnumSet;)V","TextCharacter(C)V","getCharacter()C","isDoubleWidth()Z","equals(Ljava/lang/Object;)Z","withCharacter(C)Lcom/googlecode/lanterna/TextCharacter;"],
"com.googlecode.lanterna.TextColor$ANSI": ["<clinit>()V","TextColor$ANSI(Ljava/lang/String;IBIII)V","$values()[Lcom/googlecode/lanterna/TextColor$ANSI;","valueOf(Ljava/lang/String;)Lcom/googlecode/lanterna/TextColor$ANSI;","values()[Lcom/googlecode/lanterna/TextColor$ANSI;"],
"com.googlecode.lanterna.SGR": ["<clinit>()V","SGR(Ljava/lang/String;I)V","$values()[Lcom/googlecode/lanterna/SGR;","values()[Lcom/googlecode/lanterna/SGR;","valueOf(Ljava/lang/String;)Lcom/googlecode/lanterna/SGR;"],
"com.googlecode.lanterna.TerminalTextUtils": ["isControlCharacter(C)Z","isCharDoubleWidth(C)Z","isCharCJK(C)Z","isPrintableCharacter(C)Z","getWordWrappedText(I[Ljava/lang/String;)Ljava/util/List;","getColumnWidth(Ljava/lang/String;)I","getColumnIndex(Ljava/lang/String;I)I","getColumnIndex(Ljava/lang/String;ILcom/googlecode/lanterna/screen/TabBehaviour;I)I","getStringCharacterIndex(Ljava/lang/String;I)I","fitString(Ljava/lang/String;I)Ljava/lang/String;","fitString(Ljava/lang/String;II)Ljava/lang/String;"],
"com.googlecode.lanterna.terminal.virtual.DefaultVirtualTerminal": ["DefaultVirtualTerminal()V","DefaultVirtualTerminal(Lcom/googlecode/lanterna/TerminalSize;)V","setTerminalSize(Lcom/googlecode/lanterna/TerminalSize;)V","trimBufferBacklog()V","correctCursor()V","getBufferLineCount()I","getCursorPosition()Lcom/googlecode/lanterna/TerminalPosition;","getCursorBufferPosition()Lcom/googlecode/lanterna/TerminalPosition;","putCharacter(Lcom/googlecode/lanterna/TextCharacter;)V","moveCursorToNextLine()V","getCharacter(Lcom/googlecode/lanterna/TerminalPosition;)Lcom/googlecode/lanterna/TextCharacter;","getCharacter(II)Lcom/googlecode/lanterna/TextCharacter;","getBufferCharacter(II)Lcom/googlecode/lanterna/TextCharacter;","flush()V","bell()V","addVirtualTerminalListener(Lcom/googlecode/lanterna/terminal/virtual/VirtualTerminalListener;)V","close()V","removeVirtualTerminalListener(Lcom/googlecode/lanterna/terminal/virtual/VirtualTerminalListener;)V","isWholeBufferDirtyThenReset()Z","getAndResetDirtyCells()Ljava/util/TreeSet;","setBacklogSize(I)V","putCharacter(C)V","getBufferCharacter(Lcom/googlecode/lanterna/TerminalPosition;)Lcom/googlecode/lanterna/TextCharacter;","getTerminalSize()Lcom/googlecode/lanterna/TerminalSize;","addInput(Lcom/googlecode/lanterna/input/KeyStroke;)V","pollInput()Lcom/googlecode/lanterna/input/KeyStroke;","readInput()Lcom/googlecode/lanterna/input/KeyStroke;","setCursorPosition(Lcom/googlecode/lanterna/TerminalPosition;)V","setWholeBufferDirty()V","forEachLine(IILcom/googlecode/lanterna/terminal/virtual/VirtualTerminal$BufferWalker;)V","getDirtyCells()Ljava/util/TreeSet;","setBackgroundColor(Lcom/googlecode/lanterna/TextColor;)V","setForegroundColor(Lcom/googlecode/lanterna/TextColor;)V","enableSGR(Lcom/googlecode/lanterna/SGR;)V","disableSGR(Lcom/googlecode/lanterna/SGR;)V","resetColorAndSGR()V","clearScreen()V","setCursorPosition(II)V","enterPrivateMode()V","exitPrivateMode()V"],
"com.googlecode.lanterna.TerminalSize": ["<clinit>()V","TerminalSize(II)V","getRows()I","getColumns()I","equals(Ljava/lang/Object;)Z"],
"com.googlecode.lanterna.terminal.AbstractTerminal": ["AbstractTerminal()V","onResized(II)V","onResized(Lcom/googlecode/lanterna/TerminalSize;)V"],
"com.googlecode.lanterna.terminal.virtual.TextBuffer": ["<clinit>()V","TextBuffer()V","newLine()V","getLineCount()I","setCharacter(IILcom/googlecode/lanterna/TextCharacter;)I","getCharacter(II)Lcom/googlecode/lanterna/TextCharacter;","removeTopLines(I)V","getLinesFrom(I)Ljava/util/ListIterator;","clear()V"],
"com.googlecode.lanterna.TerminalPosition": ["<clinit>()V","TerminalPosition(II)V","getColumn()I","withColumn(I)Lcom/googlecode/lanterna/TerminalPosition;","getRow()I","withRow(I)Lcom/googlecode/lanterna/TerminalPosition;","equals(Ljava/lang/Object;)Z","compareTo(Ljava/lang/Object;)I","compareTo(Lcom/googlecode/lanterna/TerminalPosition;)I","withRelativeColumn(I)Lcom/googlecode/lanterna/TerminalPosition;","withRelativeRow(I)Lcom/googlecode/lanterna/TerminalPosition;"],
"com.googlecode.lanterna.terminal.virtual.DefaultVirtualTerminal$1": ["DefaultVirtualTerminal$1(Lcom/googlecode/lanterna/terminal/virtual/DefaultVirtualTerminal;)V"],
"com.googlecode.lanterna.terminal.virtual.DefaultVirtualTerminal$2": ["DefaultVirtualTerminal$2(Lcom/googlecode/lanterna/terminal/virtual/DefaultVirtualTerminal;Ljava/util/List;)V","getCharacterAt(I)Lcom/googlecode/lanterna/TextCharacter;"],
"com.googlecode.lanterna.screen.TabBehaviour": ["<clinit>()V","TabBehaviour(Ljava/lang/String;ILjava/lang/Integer;Ljava/lang/Integer;)V","$values()[Lcom/googlecode/lanterna/screen/TabBehaviour;","getTabReplacement(I)Ljava/lang/String;"],
"com.googlecode.lanterna.graphics.AbstractTheme": ["<clinit>()V","instanceByClassName(Ljava/lang/String;)Ljava/lang/Object;","AbstractTheme(Lcom/googlecode/lanterna/gui2/WindowPostRenderer;Lcom/googlecode/lanterna/gui2/WindowDecorationRenderer;)V","addStyle(Ljava/lang/String;Ljava/lang/String;Ljava/lang/String;)Z","getNode(Ljava/lang/String;)Lcom/googlecode/lanterna/graphics/AbstractTheme$ThemeTreeNode;","getNode(Ljava/lang/Class;)Lcom/googlecode/lanterna/graphics/AbstractTheme$ThemeTreeNode;","access$1400()Ljava/util/regex/Pattern;","findRedundantDeclarations()Ljava/util/List;","findRedundantDeclarations(Ljava/util/List;Lcom/googlecode/lanterna/graphics/AbstractTheme$ThemeTreeNode;)V","access$1000(Lcom/googlecode/lanterna/graphics/AbstractTheme;)Lcom/googlecode/lanterna/graphics/AbstractTheme$ThemeTreeNode;"],
"com.googlecode.lanterna.bundle.LanternaThemes": ["<clinit>()V","registerTheme(Ljava/lang/String;Lcom/googlecode/lanterna/graphics/Theme;)V","loadPropTheme(Ljava/lang/String;)Ljava/util/Properties;","registerPropTheme(Ljava/lang/String;Ljava/util/Properties;)V","getRegisteredThemes()Ljava/util/Collection;","getRegisteredTheme(Ljava/lang/String;)Lcom/googlecode/lanterna/graphics/Theme;"],
"com.googlecode.lanterna.bundle.DefaultTheme": ["DefaultTheme()V","definitionAsProperty()Ljava/util/Properties;"],
"com.googlecode.lanterna.graphics.PropertyTheme": ["PropertyTheme(Ljava/util/Properties;Z)V","getDefinition(Ljava/lang/String;)Ljava/lang/String;","getStyle(Ljava/lang/String;)Ljava/lang/String;"],
"com.googlecode.lanterna.gui2.WindowShadowRenderer": ["WindowShadowRenderer()V"],
"com.googlecode.lanterna.graphics.AbstractTheme$ThemeTreeNode": ["AbstractTheme$ThemeTreeNode(Ljava/lang/Class;Lcom/googlecode/lanterna/graphics/AbstractTheme$ThemeTreeNode;Lcom/googlecode/lanterna/graphics/AbstractTheme$1;)V","AbstractTheme$ThemeTreeNode(Ljava/lang/Class;Lcom/googlecode/lanterna/graphics/AbstractTheme$ThemeTreeNode;)V","access$100(Lcom/googlecode/lanterna/graphics/AbstractTheme$ThemeTreeNode;)Ljava/util/Map;","access$200(Lcom/googlecode/lanterna/graphics/AbstractTheme$ThemeTreeNode;)Ljava/util/Map;","access$300(Lcom/googlecode/lanterna/graphics/AbstractTheme$ThemeTreeNode;Ljava/lang/String;Ljava/lang/String;)V","apply(Ljava/lang/String;Ljava/lang/String;)V","access$400(Lcom/googlecode/lanterna/graphics/AbstractTheme$ThemeTreeNode;)Ljava/util/Map;","getCategory(Ljava/lang/String;)Ljava/lang/String;","parseValue(Ljava/lang/String;)Lcom/googlecode/lanterna/TextColor;","parseSGR(Ljava/lang/String;)Ljava/util/EnumSet;","access$500(Lcom/googlecode/lanterna/graphics/AbstractTheme$ThemeTreeNode;)Lcom/googlecode/lanterna/graphics/AbstractTheme$ThemeTreeNode;","access$800(Lcom/googlecode/lanterna/graphics/AbstractTheme$ThemeTreeNode;)Ljava/util/Map;"],
"com.googlecode.lanterna.TextColor$Factory": ["<clinit>()V","fromString(Ljava/lang/String;)Lcom/googlecode/lanterna/TextColor;"],
"com.googlecode.lanterna.gui2.DefaultWindowDecorationRenderer": ["<clinit>()V"],
"com.googlecode.lanterna.gui2.FatWindowDecorationRenderer": ["<clinit>()V","FatWindowDecorationRenderer()V"],
"com.googlecode.lanterna.graphics.AbstractTheme$StyleImpl": ["AbstractTheme$StyleImpl(Lcom/googlecode/lanterna/graphics/AbstractTheme;Lcom/googlecode/lanterna/graphics/AbstractTheme$ThemeTreeNode;Ljava/lang/String;Lcom/googlecode/lanterna/graphics/AbstractTheme$1;)V","AbstractTheme$StyleImpl(Lcom/googlecode/lanterna/graphics/AbstractTheme;Lcom/googlecode/lanterna/graphics/AbstractTheme$ThemeTreeNode;Ljava/lang/String;)V","getBackground()Lcom/googlecode/lanterna/TextColor;","getSGRs()Ljava/util/EnumSet;","getForeground()Lcom/googlecode/lanterna/TextColor;"]
}