org.json.simple.JSONAware,INTERFACE
org.json.simple.JSONStreamAware,INTERFACE
org.json.simple.parser.ContainerFactory,INTERFACE
org.json.simple.parser.ContentHandler,INTERFACE
org.json.simple.parser.ParseException,EXCEPTION
org.bukkit.BlockChangeDelegate,INTERFACE
org.bukkit.TreeType,ENUM
org.bukkit.enchantments.EnchantmentTarget$9,CONSTANT
org.bukkit.enchantments.EnchantmentTarget$8,CONSTANT
org.bukkit.enchantments.EnchantmentTarget$2,CONSTANT
org.bukkit.enchantments.EnchantmentTarget$10,CONSTANT
org.bukkit.enchantments.EnchantmentTarget$6,CONSTANT
org.bukkit.enchantments.EnchantmentTarget,ENUM
org.bukkit.enchantments.EnchantmentTarget$4,CONSTANT
org.bukkit.enchantments.EnchantmentTarget$3,CONSTANT
org.bukkit.enchantments.EnchantmentTarget$1,CONSTANT
org.bukkit.enchantments.EnchantmentTarget$5,CONSTANT
org.bukkit.enchantments.EnchantmentTarget$7,CONSTANT
org.bukkit.util.permissions.DefaultPermissions,CONSTANT
org.bukkit.util.permissions.BroadcastPermissions,CONSTANT
org.bukkit.util.permissions.CommandPermissions,CONSTANT
org.bukkit.BanEntry,INTERFACE
org.bukkit.World$Environment,ENUM
org.bukkit.entity.Skeleton$SkeletonType,ENUM
org.bukkit.entity.Horse$Style,ENUM
org.bukkit.entity.FallingSand,INTERFACE
org.bukkit.entity.PoweredMinecart,INTERFACE
org.bukkit.entity.CreatureType,ENUM
org.bukkit.entity.EnderDragonPart,INTERFACE
org.bukkit.entity.Horse$Color,ENUM
org.bukkit.entity.Villager$Profession,ENUM
org.bukkit.entity.Horse$Variant,ENUM
org.bukkit.entity.Ocelot$Type,ENUM
org.bukkit.entity.StorageMinecart,INTERFACE
org.bukkit.TravelAgent,INTERFACE
org.bukkit.plugin.PluginAwareness$Flags,ENUM
org.bukkit.plugin.PluginAwareness,INTERFACE
org.bukkit.plugin.java.JavaPluginLoader,CONSTANT
org.bukkit.plugin.java.PluginClassLoader,CONSTANT
org.bukkit.plugin.ServicePriority,ENUM
org.bukkit.plugin.messaging.PluginChannelDirection,ENUM
org.bukkit.scheduler.BukkitTask,INTERFACE
org.bukkit.scheduler.BukkitWorker,INTERFACE
org.bukkit.permissions.PermissionRemovedExecutor,INTERFACE
org.bukkit.generator.ChunkGenerator$BiomeGrid,INTERFACE
org.bukkit.map.MapCanvas,INTERFACE
org.bukkit.map.MapCursorCollection,CONSTANT
org.bukkit.map.MapPalette,CONSTANT
org.bukkit.map.MapCursor,CONSTANT
org.bukkit.map.MapCursor$Type,ENUM
org.bukkit.map.MapView$Scale,ENUM
org.bukkit.SkullType,ENUM
org.bukkit.scoreboard.Score,INTERFACE
org.bukkit.scoreboard.Team,INTERFACE
org.bukkit.scoreboard.Objective,INTERFACE
org.bukkit.scoreboard.DisplaySlot,ENUM
org.bukkit.conversations.Conversation$ConversationState,ENUM
org.bukkit.conversations.ConversationAbandonedListener,INTERFACE
org.bukkit.Rotation,ENUM
org.bukkit.inventory.MerchantInventory,INTERFACE
org.bukkit.inventory.FurnaceInventory,INTERFACE
org.bukkit.inventory.BrewerInventory,INTERFACE
org.bukkit.inventory.HorseInventory,INTERFACE
org.bukkit.inventory.DoubleChestInventory,INTERFACE
org.bukkit.inventory.meta.MapMeta,INTERFACE
org.bukkit.inventory.meta.PotionMeta,INTERFACE
org.bukkit.inventory.meta.EnchantmentStorageMeta,INTERFACE
org.bukkit.inventory.meta.ItemMeta,INTERFACE
org.bukkit.inventory.meta.SkullMeta,INTERFACE
org.bukkit.inventory.meta.FireworkMeta,INTERFACE
org.bukkit.inventory.meta.BookMeta,INTERFACE
org.bukkit.inventory.meta.LeatherArmorMeta,INTERFACE
org.bukkit.inventory.meta.FireworkEffectMeta,INTERFACE
org.bukkit.inventory.meta.Repairable,INTERFACE
org.bukkit.inventory.BeaconInventory,INTERFACE
org.bukkit.inventory.EnchantingInventory,INTERFACE
org.bukkit.inventory.CraftingInventory,INTERFACE
org.bukkit.inventory.AnvilInventory,INTERFACE
org.bukkit.PortalType,ENUM
org.bukkit.command.RemoteConsoleCommandSender,INTERFACE
org.bukkit.command.TabCommandExecutor,INTERFACE
org.bukkit.command.BlockCommandSender,INTERFACE
org.bukkit.projectiles.BlockProjectileSource,INTERFACE
org.bukkit.Utility,ANNOTATION
org.bukkit.ChunkSnapshot,INTERFACE
org.bukkit.Warning,ANNOTATION
org.bukkit.event.entity.EntityTargetEvent$TargetReason,ENUM
org.bukkit.event.entity.EntityDamageEvent$DamageCause,ENUM
org.bukkit.event.entity.CreeperPowerEvent$PowerCause,ENUM
org.bukkit.event.entity.EntityRegainHealthEvent$RegainReason,ENUM
org.bukkit.event.entity.EntityUnleashEvent$UnleashReason,ENUM
org.bukkit.event.entity.CreatureSpawnEvent$SpawnReason,ENUM
org.bukkit.event.world.PortalCreateEvent$CreateReason,ENUM
org.bukkit.event.EventHandler,ANNOTATION
org.bukkit.event.painting.PaintingBreakEvent$RemoveCause,ENUM
org.bukkit.event.inventory.ClickType,ENUM
org.bukkit.event.inventory.InventoryType$SlotType,ENUM
org.bukkit.event.inventory.DragType,ENUM
org.bukkit.event.inventory.InventoryAction,ENUM
org.bukkit.event.hanging.HangingBreakEvent$RemoveCause,ENUM
org.bukkit.event.block.BlockIgniteEvent$IgniteCause,ENUM
org.bukkit.event.block.Action,ENUM
org.bukkit.event.player.PlayerLoginEvent$Result,ENUM
org.bukkit.event.player.PlayerAnimationType,ENUM
org.bukkit.event.player.PlayerFishEvent$State,ENUM
org.bukkit.event.player.PlayerPreLoginEvent$Result,ENUM
org.bukkit.event.player.AsyncPlayerPreLoginEvent$Result,ENUM
org.bukkit.metadata.MetadataConversionException,EXCEPTION
org.bukkit.potion.Potion$Tier,ENUM
org.bukkit.potion.PotionBrewer,INTERFACE
org.bukkit.help.HelpTopicFactory,INTERFACE
org.bukkit.Chunk,INTERFACE
org.bukkit.block.NoteBlock,INTERFACE
org.bukkit.block.Hopper,INTERFACE
org.bukkit.block.Biome,ENUM
org.bukkit.block.CommandBlock,INTERFACE
org.bukkit.block.ContainerBlock,INTERFACE
org.bukkit.block.Beacon,INTERFACE
org.bukkit.block.BrewingStand,INTERFACE
org.bukkit.block.CreatureSpawner,INTERFACE
org.bukkit.block.BlockState,INTERFACE
org.bukkit.block.Dispenser,INTERFACE
org.bukkit.block.Chest,INTERFACE
org.bukkit.block.Furnace,INTERFACE
org.bukkit.block.PistonMoveReaction,ENUM
org.bukkit.block.Jukebox,INTERFACE
org.bukkit.block.Dropper,INTERFACE
org.bukkit.block.Sign,INTERFACE
org.bukkit.block.Skull,INTERFACE
org.yaml.snakeyaml.Loader,CONSTANT
org.yaml.snakeyaml.Dumper,CONSTANT
org.yaml.snakeyaml.DumperOptions$Version,ENUM
org.yaml.snakeyaml.tokens.BlockSequenceStartToken,CONSTANT
org.yaml.snakeyaml.tokens.TagTuple,CONSTANT
org.yaml.snakeyaml.tokens.FlowEntryToken,CONSTANT
org.apache.commons.lang.SerializationException,EXCEPTION
org.apache.commons.lang.mutable.Mutable,INTERFACE
org.apache.commons.lang.NumberUtils,CONSTANT
org.apache.commons.lang.NullArgumentException,EXCEPTION
org.apache.commons.lang.IllegalClassException,EXCEPTION
org.apache.commons.lang.math.DoubleRange,CONSTANT
org.apache.commons.lang.math.Fraction,CONSTANT
org.apache.commons.lang.math.FloatRange,CONSTANT
org.apache.commons.lang.math.LongRange,CONSTANT
org.apache.commons.lang.math.NumberRange,CONSTANT
org.apache.commons.lang.math.IntRange,CONSTANT
org.apache.commons.lang.math.JVMRandom,CONSTANT
org.apache.commons.lang.time.FastDateFormat$Rule,INTERFACE
org.apache.commons.lang.time.FastDateFormat$NumberRule,INTERFACE
org.apache.commons.lang.CharRange,CONSTANT
org.apache.commons.lang.IncompleteArgumentException,EXCEPTION
org.apache.commons.lang.NotImplementedException,EXCEPTION
org.apache.commons.lang.Entities$EntityMap,INTERFACE
org.apache.commons.lang.NumberRange,CONSTANT
org.apache.commons.lang.text.StrMatcher$TrimMatcher,CONSTANT
org.apache.commons.lang.text.StrMatcher$StringMatcher,CONSTANT
org.apache.commons.lang.text.StrMatcher$NoMatcher,CONSTANT
org.apache.commons.lang.text.StrMatcher$CharMatcher,CONSTANT
org.apache.commons.lang.text.StrMatcher$CharSetMatcher,CONSTANT
org.apache.commons.lang.builder.ToStringStyle$ShortPrefixToStringStyle,CONSTANT
org.apache.commons.lang.builder.ToStringStyle$DefaultToStringStyle,CONSTANT
org.apache.commons.lang.builder.ToStringStyle$NoFieldNameToStringStyle,CONSTANT
org.apache.commons.lang.builder.ToStringStyle$MultiLineToStringStyle,CONSTANT
org.apache.commons.lang.builder.ToStringStyle$SimpleToStringStyle,CONSTANT
org.apache.commons.lang.exception.NestableRuntimeException,EXCEPTION
org.apache.commons.lang.exception.Nestable,INTERFACE
org.apache.commons.lang.exception.NestableException,EXCEPTION
org.apache.commons.lang.UnhandledException,EXCEPTION
javax.annotation.WillClose,ANNOTATION
javax.annotation.Untainted,ANNOTATION
javax.annotation.CheckForNull,ANNOTATION
javax.annotation.MatchesPattern,ANNOTATION
javax.annotation.PropertyKey,ANNOTATION
javax.annotation.Nonnull,ANNOTATION
javax.annotation.Detainted,ANNOTATION
javax.annotation.WillCloseWhenClosed,ANNOTATION
javax.annotation.Signed,ANNOTATION
javax.annotation.OverridingMethodsMustInvokeSuper,ANNOTATION
javax.annotation.meta.TypeQualifierValidator,INTERFACE
javax.annotation.meta.TypeQualifier,ANNOTATION
javax.annotation.meta.When,ENUM
javax.annotation.meta.TypeQualifierNickname,ANNOTATION
javax.annotation.meta.Exclusive,ANNOTATION
javax.annotation.meta.Exhaustive,ANNOTATION
javax.annotation.meta.TypeQualifierDefault,ANNOTATION
javax.annotation.Syntax,ANNOTATION
javax.annotation.ParametersAreNullableByDefault,ANNOTATION
javax.annotation.CheckReturnValue,ANNOTATION
javax.annotation.concurrent.ThreadSafe,ANNOTATION
javax.annotation.concurrent.Immutable,ANNOTATION
javax.annotation.concurrent.GuardedBy,ANNOTATION
javax.annotation.concurrent.NotThreadSafe,ANNOTATION
javax.annotation.RegEx,ANNOTATION
javax.annotation.Nonnegative,ANNOTATION
javax.annotation.WillNotClose,ANNOTATION
javax.annotation.Tainted,ANNOTATION
javax.annotation.ParametersAreNonnullByDefault,ANNOTATION
javax.annotation.CheckForSigned,ANNOTATION
javax.annotation.Nullable,ANNOTATION
javax.persistence.EmbeddedId,ANNOTATION
javax.persistence.JoinTable,ANNOTATION
javax.persistence.FlushModeType,ENUM
javax.persistence.JoinColumns,ANNOTATION
javax.persistence.SecondaryTable,ANNOTATION
javax.persistence.Id,ANNOTATION
javax.persistence.IdClass,ANNOTATION
javax.persistence.PostUpdate,ANNOTATION
javax.persistence.Query,INTERFACE
javax.persistence.UniqueConstraint,ANNOTATION
javax.persistence.TransactionRequiredException,EXCEPTION
javax.persistence.InheritanceType,ENUM
javax.persistence.ColumnResult,ANNOTATION
javax.persistence.PreRemove,ANNOTATION
javax.persistence.AttributeOverrides,ANNOTATION
javax.persistence.PostLoad,ANNOTATION
javax.persistence.Entity,ANNOTATION
javax.persistence.OrderBy,ANNOTATION
javax.persistence.PersistenceContextType,ENUM
javax.persistence.NamedQuery,ANNOTATION
javax.persistence.AttributeOverride,ANNOTATION
javax.persistence.LockModeType,ENUM
javax.persistence.SequenceGenerator,ANNOTATION
javax.persistence.NamedNativeQuery,ANNOTATION
javax.persistence.PostPersist,ANNOTATION
javax.persistence.Inheritance,ANNOTATION
javax.persistence.PreUpdate,ANNOTATION
javax.persistence.DiscriminatorValue,ANNOTATION
javax.persistence.Lob,ANNOTATION
javax.persistence.AssociationOverride,ANNOTATION
javax.persistence.Version,ANNOTATION
javax.persistence.MappedSuperclass,ANNOTATION
javax.persistence.PrePersist,ANNOTATION
javax.persistence.Enumerated,ANNOTATION
javax.persistence.Table,ANNOTATION
javax.persistence.Transient,ANNOTATION
javax.persistence.SqlResultSetMapping,ANNOTATION
javax.persistence.Temporal,ANNOTATION
javax.persistence.FetchType,ENUM
javax.persistence.EntityManagerFactory,INTERFACE
javax.persistence.EntityExistsException,EXCEPTION
javax.persistence.DiscriminatorType,ENUM
javax.persistence.PostRemove,ANNOTATION
javax.persistence.NamedQueries,ANNOTATION
javax.persistence.PrimaryKeyJoinColumns,ANNOTATION
javax.persistence.EntityNotFoundException,EXCEPTION
javax.persistence.FieldResult,ANNOTATION
javax.persistence.EntityResult,ANNOTATION
javax.persistence.spi.ClassTransformer,INTERFACE
javax.persistence.spi.PersistenceUnitTransactionType,ENUM
javax.persistence.spi.PersistenceProvider,INTERFACE
javax.persistence.spi.PersistenceUnitInfo,INTERFACE
javax.persistence.Column,ANNOTATION
javax.persistence.SecondaryTables,ANNOTATION
javax.persistence.ExcludeSuperclassListeners,ANNOTATION
javax.persistence.AssociationOverrides,ANNOTATION
javax.persistence.DiscriminatorColumn,ANNOTATION
javax.persistence.EntityManager,INTERFACE
javax.persistence.PersistenceProperty,ANNOTATION
javax.persistence.PersistenceException,EXCEPTION
javax.persistence.PersistenceContexts,ANNOTATION
javax.persistence.PersistenceUnits,ANNOTATION
javax.persistence.Basic,ANNOTATION
javax.persistence.OneToMany,ANNOTATION
javax.persistence.Embedded,ANNOTATION
javax.persistence.GeneratedValue,ANNOTATION
javax.persistence.EntityListeners,ANNOTATION
javax.persistence.PrimaryKeyJoinColumn,ANNOTATION
javax.persistence.TemporalType,ENUM
javax.persistence.NamedNativeQueries,ANNOTATION
javax.persistence.ExcludeDefaultListeners,ANNOTATION
javax.persistence.QueryHint,ANNOTATION
javax.persistence.EnumType,ENUM
javax.persistence.Embeddable,ANNOTATION
javax.persistence.JoinColumn,ANNOTATION
javax.persistence.MapKey,ANNOTATION
javax.persistence.ManyToOne,ANNOTATION
javax.persistence.PersistenceUnit,ANNOTATION
javax.persistence.NoResultException,EXCEPTION
javax.persistence.CascadeType,ENUM
javax.persistence.RollbackException,EXCEPTION
javax.persistence.TableGenerator,ANNOTATION
javax.persistence.EntityTransaction,INTERFACE
javax.persistence.OptimisticLockException,EXCEPTION
javax.persistence.OneToOne,ANNOTATION
javax.persistence.GenerationType,ENUM
javax.persistence.SqlResultSetMappings,ANNOTATION
javax.persistence.PersistenceContext,ANNOTATION
javax.persistence.NonUniqueResultException,EXCEPTION
javax.persistence.ManyToMany,ANNOTATION
com.avaje.ebeaninternal.util.SortByClauseParser,CONSTANT
com.avaje.ebeaninternal.util.ParamTypeHelper$ManyType,ENUM
com.avaje.ebeaninternal.server.transaction.BeanPersistIdMap,CONSTANT
com.avaje.ebeaninternal.server.transaction.DefaultTransactionThreadLocal,CONSTANT
com.avaje.ebeaninternal.server.transaction.PostCommitProcessing,CONSTANT
com.avaje.ebeaninternal.server.transaction.DefaultPersistenceContext,CONSTANT
com.avaje.ebeaninternal.server.transaction.TransactionLogWriter,INTERFACE
com.avaje.ebeaninternal.server.transaction.DeleteByIdMap,CONSTANT
com.avaje.ebeaninternal.server.transaction.TransactionManager$OnQueryOnly,ENUM
com.avaje.ebeaninternal.server.cluster.mcast.Message,INTERFACE
com.avaje.ebeaninternal.server.cluster.LuceneClusterListener,INTERFACE
com.avaje.ebeaninternal.server.cluster.LuceneClusterIndexSync$Mode,ENUM
com.avaje.ebeaninternal.server.cluster.LuceneClusterFactory,INTERFACE
com.avaje.ebeaninternal.server.cluster.LuceneClusterIndexSync,INTERFACE
com.avaje.ebeaninternal.server.cluster.PacketWriter$PacketFactory,INTERFACE
com.avaje.ebeaninternal.server.cluster.ClusterBroadcast,INTERFACE
com.avaje.ebeaninternal.server.lucene.LuceneIndexManager,INTERFACE
com.avaje.ebeaninternal.server.lucene.cluster.SLuceneSocketMessageTypes,INTERFACE
com.avaje.ebeaninternal.server.lucene.LIndexFieldNumeric,CONSTANT
com.avaje.ebeaninternal.server.lucene.PersistenceLuceneException,EXCEPTION
com.avaje.ebeaninternal.server.lucene.DocFieldWriter,INTERFACE
com.avaje.ebeaninternal.server.lucene.LIndexFieldStringConcat,CONSTANT
com.avaje.ebeaninternal.server.lucene.LIndexFieldBinary,CONSTANT
com.avaje.ebeaninternal.server.lucene.LIndexFieldString,CONSTANT
com.avaje.ebeaninternal.server.lucene.LIndexWork$WorkType,ENUM
com.avaje.ebeaninternal.server.lucene.LIndexFieldId,CONSTANT
com.avaje.ebeaninternal.server.lucene.LIndexIoSearcher,INTERFACE
com.avaje.ebeaninternal.server.lucene.LIndexField,INTERFACE
com.avaje.ebeaninternal.server.lucene.LIndexWork,CONSTANT
com.avaje.ebeaninternal.server.lucene.SpiIndexDefnHelper,INTERFACE
com.avaje.ebeaninternal.server.core.OrmQueryEngine,INTERFACE
com.avaje.ebeaninternal.server.core.SpiOrmQueryRequest,INTERFACE
com.avaje.ebeaninternal.server.core.PstmtBatch,INTERFACE
com.avaje.ebeaninternal.server.core.ConcurrencyMode,ENUM
com.avaje.ebeaninternal.server.core.RelationalQueryEngine,INTERFACE
com.avaje.ebeaninternal.server.core.RelationalQueryRequest,CONSTANT
com.avaje.ebeaninternal.server.core.PersistRequest$Type,ENUM
com.avaje.ebeaninternal.server.core.PersistRequestCallableSql,CONSTANT
com.avaje.ebeaninternal.server.core.DefaultServer,CONSTANT
com.avaje.ebeaninternal.server.core.OrmQueryRequest,CONSTANT
com.avaje.ebeaninternal.server.core.Persister,INTERFACE
com.avaje.ebeaninternal.server.core.DefaultSqlUpdate,CONSTANT
com.avaje.ebeaninternal.server.core.TransWrapper,CONSTANT
com.avaje.ebeaninternal.server.core.BasicTypeConverter,CONSTANT
com.avaje.ebeaninternal.server.core.PersistRequestOrmUpdate,CONSTANT
com.avaje.ebeaninternal.server.core.DefaultServer$Shutdown,CONSTANT
com.avaje.ebeaninternal.server.core.InternString,CONSTANT
com.avaje.ebeaninternal.server.core.PersistRequestUpdateSql$SqlType,ENUM
com.avaje.ebeaninternal.server.core.PersistRequestUpdateSql,CONSTANT
com.avaje.ebeaninternal.server.subclass.GenSuffix,INTERFACE
com.avaje.ebeaninternal.server.util.ClassPathReader,INTERFACE
com.avaje.ebeaninternal.server.util.ClassPathSearchMatcher,INTERFACE
com.avaje.ebeaninternal.server.deploy.BeanSetHelp,CONSTANT
com.avaje.ebeaninternal.server.deploy.DRawSqlSelectColumnsParser,CONSTANT
com.avaje.ebeaninternal.server.deploy.CollectionTypeConverter,INTERFACE
com.avaje.ebeaninternal.server.deploy.BeanSqlSelect$PredicatesType,ENUM
com.avaje.ebeaninternal.server.deploy.DeployPropertyParserRawSql,CONSTANT
com.avaje.ebeaninternal.server.deploy.DbReadContext,INTERFACE
com.avaje.ebeaninternal.server.deploy.BeanPropertyAssocOne$ReferenceExported,CONSTANT
com.avaje.ebeaninternal.server.deploy.BeanFinderManager,INTERFACE
com.avaje.ebeaninternal.server.deploy.DeployPropertyParserMap,CONSTANT
com.avaje.ebeaninternal.server.deploy.BeanPropertyAssocOne$Embedded,CONSTANT
com.avaje.ebeaninternal.server.deploy.generatedproperty.GeneratedProperty,INTERFACE
com.avaje.ebeaninternal.server.deploy.DbSqlContext,INTERFACE
com.avaje.ebeaninternal.server.deploy.meta.DeployBeanPropertyLists$Mode,ENUM
com.avaje.ebeaninternal.server.deploy.BeanDescriptorManager$BeanDescComparator,CONSTANT
com.avaje.ebeaninternal.server.deploy.DeployPropertyParser,CONSTANT
com.avaje.ebeaninternal.server.deploy.BeanListHelp,CONSTANT
com.avaje.ebeaninternal.server.deploy.BeanFkeyProperty,CONSTANT
com.avaje.ebeaninternal.server.deploy.BeanMapHelp,CONSTANT
com.avaje.ebeaninternal.server.deploy.BeanDescriptor$EntityType,ENUM
com.avaje.ebeaninternal.server.deploy.BeanPropertyAssocOne$Reference,CONSTANT
com.avaje.ebeaninternal.server.deploy.BeanCollectionHelp,INTERFACE
com.avaje.ebeaninternal.server.deploy.DeployUpdateParser,CONSTANT
com.avaje.ebeaninternal.server.deploy.TableJoin,CONSTANT
com.avaje.ebeaninternal.server.deploy.id.ImportedIdSimple,CONSTANT
com.avaje.ebeaninternal.server.deploy.id.IdBinderEmbedded,CONSTANT
com.avaje.ebeaninternal.server.deploy.id.IdBinderEmpty,CONSTANT
com.avaje.ebeaninternal.server.deploy.id.IdBinder,INTERFACE
com.avaje.ebeaninternal.server.deploy.id.IdBinderSimple,CONSTANT
com.avaje.ebeaninternal.server.deploy.id.ImportedId,INTERFACE
com.avaje.ebeaninternal.server.deploy.id.ImportedIdSimple$EntryComparator,CONSTANT
com.avaje.ebeaninternal.server.deploy.id.IdBinderMultiple,CONSTANT
com.avaje.ebeaninternal.server.deploy.InheritInfoVisitor,INTERFACE
com.avaje.ebeaninternal.server.deploy.ManyType$Underlying,ENUM
com.avaje.ebeaninternal.server.deploy.BeanDescriptorMap,INTERFACE
com.avaje.ebeaninternal.server.ldap.LdapPersistenceException,EXCEPTION
com.avaje.ebeaninternal.server.ldap.expression.LdSimpleExpression$Op,ENUM
com.avaje.ebeaninternal.server.ldap.expression.LdNotExpression,CONSTANT
com.avaje.ebeaninternal.server.ldap.expression.LdSimpleExpression$Op$2,CONSTANT
com.avaje.ebeaninternal.server.ldap.expression.LdSimpleExpression$Op$4,CONSTANT
com.avaje.ebeaninternal.server.ldap.expression.LdSimpleExpression$Op$6,CONSTANT
com.avaje.ebeaninternal.server.ldap.expression.LdSimpleExpression$Op$1,CONSTANT
com.avaje.ebeaninternal.server.ldap.expression.LdSimpleExpression$Op$3,CONSTANT
com.avaje.ebeaninternal.server.ldap.expression.LdSimpleExpression$Op$5,CONSTANT
com.avaje.ebeaninternal.server.el.ElPropertyDeploy,INTERFACE
com.avaje.ebeaninternal.server.el.ElSetValue,INTERFACE
com.avaje.ebeaninternal.server.el.ElComparatorProperty,CONSTANT
com.avaje.ebeaninternal.server.el.ElFilter,CONSTANT
com.avaje.ebeaninternal.server.el.ElComparator,INTERFACE
com.avaje.ebeaninternal.server.el.ElMatcher,INTERFACE
com.avaje.ebeaninternal.server.el.ElComparatorCompound,CONSTANT
com.avaje.ebeaninternal.server.el.ElPropertyValue,INTERFACE
com.avaje.ebeaninternal.server.el.CharMatch,CONSTANT
com.avaje.ebeaninternal.server.jmx.MAdminAutofetchMBean,INTERFACE
com.avaje.ebeaninternal.server.jmx.MAdminLoggingMBean,INTERFACE
com.avaje.ebeaninternal.server.ddl.PropertyVisitor,INTERFACE
com.avaje.ebeaninternal.server.ddl.BeanVisitor,INTERFACE
com.avaje.ebeaninternal.server.reflect.EnhanceBeanReflect$Setter,CONSTANT
com.avaje.ebeaninternal.server.reflect.EnhanceBeanReflectFactory,CONSTANT
com.avaje.ebeaninternal.server.reflect.EnhanceBeanReflect$Getter,CONSTANT
com.avaje.ebeaninternal.server.reflect.BeanReflectGetter,INTERFACE
com.avaje.ebeaninternal.server.reflect.BeanReflectFactory,INTERFACE
com.avaje.ebeaninternal.server.reflect.BeanReflect,INTERFACE
com.avaje.ebeaninternal.server.reflect.EnhanceBeanReflect,CONSTANT
com.avaje.ebeaninternal.server.reflect.BeanReflectSetter,INTERFACE
com.avaje.ebeaninternal.server.querydefn.DefaultOrmUpdate,CONSTANT
com.avaje.ebeaninternal.server.type.ScalarDataReader,INTERFACE
com.avaje.ebeaninternal.server.type.CtCompoundType,CONSTANT
com.avaje.ebeaninternal.server.type.DefaultTypeManager,CONSTANT
com.avaje.ebeaninternal.server.type.reflect.KnownImmutable,INTERFACE
com.avaje.ebeaninternal.server.type.TypeManager,INTERFACE
com.avaje.ebeaninternal.server.type.ScalarTypeEnum,INTERFACE
com.avaje.ebeaninternal.server.type.DataReader,INTERFACE
com.avaje.ebeaninternal.server.type.CtCompoundTypeScalarList,CONSTANT
com.avaje.ebeaninternal.server.type.ScalarType,INTERFACE
com.avaje.ebeaninternal.server.type.ImmutableCompoundTypeBuilder,CONSTANT
com.avaje.ebeaninternal.server.lib.DaemonScheduleThreadPool,CONSTANT
com.avaje.ebeaninternal.server.lib.BackgroundThread,CONSTANT
com.avaje.ebeaninternal.server.lib.ShutdownManager,CONSTANT
com.avaje.ebeaninternal.server.lib.util.InvalidDataException,EXCEPTION
com.avaje.ebeaninternal.server.lib.util.CreateObjectException,EXCEPTION
com.avaje.ebeaninternal.server.lib.util.GeneralException,EXCEPTION
com.avaje.ebeaninternal.server.lib.util.StringParsingException,EXCEPTION
com.avaje.ebeaninternal.server.lib.util.NotFoundException,EXCEPTION
com.avaje.ebeaninternal.server.lib.util.MailListener,INTERFACE
com.avaje.ebeaninternal.server.lib.resource.ResourceContent,INTERFACE
com.avaje.ebeaninternal.server.lib.resource.ResourceSource,INTERFACE
com.avaje.ebeaninternal.server.lib.DaemonThreadPool,CONSTANT
com.avaje.ebeaninternal.server.lib.thread.ThreadPoolManager$Single,CONSTANT
com.avaje.ebeaninternal.server.lib.cron.CronManager,CONSTANT
com.avaje.ebeaninternal.server.lib.sql.DataSourceAlertListener,INTERFACE
com.avaje.ebeaninternal.server.lib.sql.DataSourceGlobalManager,CONSTANT
com.avaje.ebeaninternal.server.lib.sql.DataSourceException,EXCEPTION
com.avaje.ebeaninternal.server.lib.sql.DataSourceManager$Checker,CONSTANT
com.avaje.ebeaninternal.server.lib.sql.DataSourcePoolListener,INTERFACE
com.avaje.ebeaninternal.server.lib.sql.DataSourceNotify,INTERFACE
com.avaje.ebeaninternal.server.text.json.ReadJsonSource,INTERFACE
com.avaje.ebeaninternal.server.text.json.WriteJsonBuffer,INTERFACE
com.avaje.ebeaninternal.server.expression.PersistenceLuceneParseException,EXCEPTION
com.avaje.ebeaninternal.server.expression.NotExpression,CONSTANT
com.avaje.ebeaninternal.server.expression.SimpleExpression$Op,ENUM
com.avaje.ebeaninternal.server.expression.LuceneAwareExpression,INTERFACE
com.avaje.ebeaninternal.server.autofetch.DefaultAutoFetchManagerLogging$UpdateProfile,CONSTANT
com.avaje.ebeaninternal.server.autofetch.AutoFetchManager,INTERFACE
com.avaje.ebeaninternal.server.query.SqlTreeNodeManyRoot,CONSTANT
com.avaje.ebeaninternal.server.query.Constants,INTERFACE
com.avaje.ebeaninternal.server.query.CancelableQuery,INTERFACE
com.avaje.ebeaninternal.server.query.BeanCollectionWrapper,CONSTANT
com.avaje.ebeaninternal.server.query.SqlTreeNodeRoot,CONSTANT
com.avaje.ebeaninternal.server.query.SqlTreeNode,INTERFACE
com.avaje.ebeaninternal.server.query.CQueryStats,CONSTANT
com.avaje.ebeaninternal.server.persist.Constant,INTERFACE
com.avaje.ebeaninternal.server.persist.BeanPersister,INTERFACE
com.avaje.ebeaninternal.server.persist.BatchControl,CONSTANT
com.avaje.ebeaninternal.server.persist.dml.UpdateMeta,CONSTANT
com.avaje.ebeaninternal.server.persist.dml.InsertMeta,CONSTANT
com.avaje.ebeaninternal.server.persist.dml.DmlMode,ENUM
com.avaje.ebeaninternal.server.persist.dml.PersistHandler,INTERFACE
com.avaje.ebeaninternal.server.persist.dml.DeleteMeta,CONSTANT
com.avaje.ebeaninternal.server.persist.dml.DmlHandler$UpdateGenValue,CONSTANT
com.avaje.ebeaninternal.server.persist.dml.DmlBeanPersister,CONSTANT
com.avaje.ebeaninternal.server.persist.DefaultPersister,CONSTANT
com.avaje.ebeaninternal.server.persist.BeanPersisterFactory,INTERFACE
com.avaje.ebeaninternal.server.persist.dmlbind.Bindable,INTERFACE
com.avaje.ebeaninternal.server.persist.dmlbind.BindableId,INTERFACE
com.avaje.ebeaninternal.server.persist.dmlbind.BindableRequest,INTERFACE
com.avaje.ebeaninternal.server.persist.DefaultPersistExecute,CONSTANT
com.avaje.ebeaninternal.server.persist.PersistExecute,INTERFACE
com.avaje.ebeaninternal.server.persist.BatchPostExecute,INTERFACE
com.avaje.ebeaninternal.api.SpiUpdate$OrmUpdateType$4,CONSTANT
com.avaje.ebeaninternal.api.SpiLuceneExpr$ExprOccur,ENUM
com.avaje.ebeaninternal.api.SpiTransactionScopeManager,INTERFACE
com.avaje.ebeaninternal.api.SpiUpdate$OrmUpdateType$2,CONSTANT
com.avaje.ebeaninternal.api.SpiUpdatePlan,INTERFACE
com.avaje.ebeaninternal.api.SpiExpressionList,INTERFACE
com.avaje.ebeaninternal.api.BindParams$Param,CONSTANT
com.avaje.ebeaninternal.api.SpiSqlUpdate,INTERFACE
com.avaje.ebeaninternal.api.SpiQuery,INTERFACE
com.avaje.ebeaninternal.api.SpiUpdate$OrmUpdateType$1,CONSTANT
com.avaje.ebeaninternal.api.LoadContext,INTERFACE
com.avaje.ebeaninternal.api.SpiUpdate$OrmUpdateType$3,CONSTANT
com.avaje.ebeaninternal.api.SpiEbeanServer,INTERFACE
com.avaje.ebeaninternal.api.SpiTransaction,INTERFACE
com.avaje.ebeaninternal.api.LoadManyContext,INTERFACE
com.avaje.ebeaninternal.api.SpiExpressionFactory,INTERFACE
com.avaje.ebeaninternal.api.SpiLuceneExpr,INTERFACE
com.avaje.ebeaninternal.api.TransactionEventTable,CONSTANT
com.avaje.ebeaninternal.api.SpiUpdate,INTERFACE
com.avaje.ebeaninternal.api.SpiQuery$Mode,ENUM
com.avaje.ebeaninternal.api.SpiUpdate$OrmUpdateType,ENUM
com.avaje.ebeaninternal.api.SpiExpression,INTERFACE
com.avaje.ebeaninternal.api.LoadSecondaryQuery,INTERFACE
com.avaje.ebeaninternal.api.BindParams$OrderedList,CONSTANT
com.avaje.ebeaninternal.api.SpiCallableSql,INTERFACE
com.avaje.ebeaninternal.api.SpiSqlQuery,INTERFACE
com.avaje.ebeaninternal.api.LoadBeanContext,INTERFACE
com.avaje.ebeaninternal.api.SpiExpressionRequest,INTERFACE
com.avaje.ebean.SqlFutureList,INTERFACE
com.avaje.ebean.RawSql$ColumnMapping,CONSTANT
com.avaje.ebean.ValidationException,EXCEPTION
com.avaje.ebean.Query,INTERFACE
com.avaje.ebean.ExpressionFactory,INTERFACE
com.avaje.ebean.FutureRowCount,INTERFACE
com.avaje.ebean.RawSql,CONSTANT
com.avaje.ebean.TxCallable,INTERFACE
com.avaje.ebean.QueryListener,INTERFACE
com.avaje.ebean.cache.ServerCacheManager,INTERFACE
com.avaje.ebean.cache.ServerCache,INTERFACE
com.avaje.ebean.cache.ServerCacheFactory,INTERFACE
com.avaje.ebean.OrderBy,CONSTANT
com.avaje.ebean.Expression,INTERFACE
com.avaje.ebean.QueryIterator,INTERFACE
com.avaje.ebean.config.EncryptDeployManager,INTERFACE
com.avaje.ebean.config.TableName,CONSTANT
com.avaje.ebean.config.PropertyMap,CONSTANT
com.avaje.ebean.config.lucene.LuceneIndex,INTERFACE
com.avaje.ebean.config.lucene.IndexUpdateFuture,INTERFACE
com.avaje.ebean.config.lucene.IndexDefnBuilder,INTERFACE
com.avaje.ebean.config.lucene.IndexDefn,INTERFACE
com.avaje.ebean.config.lucene.IndexFieldDefn$Sortable,ENUM
com.avaje.ebean.config.NamingConvention,INTERFACE
com.avaje.ebean.config.EncryptKeyManager,INTERFACE
com.avaje.ebean.config.ldap.LdapAttributeAdapter,INTERFACE
com.avaje.ebean.config.ldap.LdapContextFactory,INTERFACE
com.avaje.ebean.config.PropertyMapLoader,CONSTANT
com.avaje.ebean.config.EncryptDeploy$Mode,ENUM
com.avaje.ebean.config.AutofetchMode,ENUM
com.avaje.ebean.config.Encryptor,INTERFACE
com.avaje.ebean.config.EncryptKey,INTERFACE
com.avaje.ebean.config.PstmtDelegate,INTERFACE
com.avaje.ebean.config.PropertyExpression,CONSTANT
com.avaje.ebean.config.ExternalTransactionManager,INTERFACE
com.avaje.ebean.config.CompoundTypeProperty,INTERFACE
com.avaje.ebean.config.ScalarTypeConverter,INTERFACE
com.avaje.ebean.config.CompoundType,INTERFACE
com.avaje.ebean.config.dbplatform.IdType,ENUM
com.avaje.ebean.config.dbplatform.IdGenerator,INTERFACE
com.avaje.ebean.config.dbplatform.DbEncrypt,INTERFACE
com.avaje.ebean.config.dbplatform.DbEncryptFunction,INTERFACE
com.avaje.ebean.config.dbplatform.SqlLimitRequest,INTERFACE
com.avaje.ebean.config.dbplatform.SqlLimiter,INTERFACE
com.avaje.ebean.config.GlobalProperties,CONSTANT
com.avaje.ebean.TxScope,CONSTANT
com.avaje.ebean.Ebean$ServerManager,CONSTANT
com.avaje.ebean.Update,INTERFACE
com.avaje.ebean.FutureList,INTERFACE
com.avaje.ebean.Query$Type,ENUM
com.avaje.ebean.bean.BeanCollection,INTERFACE
com.avaje.ebean.bean.ObjectGraphOrigin,CONSTANT
com.avaje.ebean.bean.BeanCollection$ModifyListenMode,ENUM
com.avaje.ebean.bean.EntityBeanIntercept,CONSTANT
com.avaje.ebean.bean.NodeUsageCollector,CONSTANT
com.avaje.ebean.bean.EntityBean,INTERFACE
com.avaje.ebean.bean.BeanCollectionTouched,INTERFACE
com.avaje.ebean.bean.ObjectGraphNode,CONSTANT
com.avaje.ebean.bean.BeanLoader,INTERFACE
com.avaje.ebean.bean.CallStack,CONSTANT
com.avaje.ebean.bean.BeanCollectionAdd,INTERFACE
com.avaje.ebean.bean.NodeUsageListener,INTERFACE
com.avaje.ebean.bean.PersistenceContext,INTERFACE
com.avaje.ebean.bean.BeanCollectionLoader,INTERFACE
com.avaje.ebean.BackgroundExecutor,INTERFACE
com.avaje.ebean.SqlQueryListener,INTERFACE
com.avaje.ebean.TxType,ENUM
com.avaje.ebean.LikeType,ENUM
com.avaje.ebean.LogLevel,ENUM
com.avaje.ebean.BeanState,INTERFACE
com.avaje.ebean.TxIsolation,ENUM
com.avaje.ebean.annotation.PrivateOwned,ANNOTATION
com.avaje.ebean.annotation.UpdateMode,ANNOTATION
com.avaje.ebean.annotation.Formula,ANNOTATION
com.avaje.ebean.annotation.Transactional,ANNOTATION
com.avaje.ebean.annotation.CacheStrategy,ANNOTATION
com.avaje.ebean.annotation.SqlSelect,ANNOTATION
com.avaje.ebean.annotation.LdapDomain,ANNOTATION
com.avaje.ebean.annotation.Encrypted,ANNOTATION
com.avaje.ebean.annotation.CacheTuning,ANNOTATION
com.avaje.ebean.annotation.CreatedTimestamp,ANNOTATION
com.avaje.ebean.annotation.EmbeddedColumns,ANNOTATION
com.avaje.ebean.annotation.NamedUpdate,ANNOTATION
com.avaje.ebean.annotation.Sql,ANNOTATION
com.avaje.ebean.annotation.EnumMapping,ANNOTATION
com.avaje.ebean.annotation.EnumValue,ANNOTATION
com.avaje.ebean.annotation.Where,ANNOTATION
com.avaje.ebean.annotation.LdapId,ANNOTATION
com.avaje.ebean.annotation.UpdatedTimestamp,ANNOTATION
com.avaje.ebean.annotation.LdapAttribute,ANNOTATION
com.avaje.ebean.annotation.NamedUpdates,ANNOTATION
com.avaje.ebean.DRawSqlColumnsParser,CONSTANT
com.avaje.ebean.AdminAutofetch,INTERFACE
com.avaje.ebean.ExpressionList,INTERFACE
com.avaje.ebean.common.BeanList,CONSTANT
com.avaje.ebean.common.BeanSet,CONSTANT
com.avaje.ebean.common.BeanMap,CONSTANT
com.avaje.ebean.common.BootupEbeanManager,INTERFACE
com.avaje.ebean.ExampleExpression,INTERFACE
com.avaje.ebean.TxRunnable,INTERFACE
com.avaje.ebean.Junction,INTERFACE
com.avaje.ebean.Filter,INTERFACE
com.avaje.ebean.Transaction,INTERFACE
com.avaje.ebean.SqlUpdate,INTERFACE
com.avaje.ebean.OrderBy$Property,CONSTANT
com.avaje.ebean.CallableSql,INTERFACE
com.avaje.ebean.enhance.ant.TransformationListener,INTERFACE
com.avaje.ebean.enhance.asm.FieldWriter,CONSTANT
com.avaje.ebean.enhance.asm.commons.TableSwitchGenerator,INTERFACE
com.avaje.ebean.enhance.asm.Opcodes,INTERFACE
com.avaje.ebean.enhance.asm.Item,CONSTANT
com.avaje.ebean.enhance.asm.ClassVisitor,INTERFACE
com.avaje.ebean.enhance.asm.FieldVisitor,INTERFACE
com.avaje.ebean.enhance.asm.AnnotationWriter,CONSTANT
com.avaje.ebean.enhance.asm.Frame,CONSTANT
com.avaje.ebean.enhance.asm.MethodVisitor,INTERFACE
com.avaje.ebean.enhance.asm.AnnotationVisitor,INTERFACE
com.avaje.ebean.enhance.agent.AlreadyEnhancedException,EXCEPTION
com.avaje.ebean.enhance.agent.ClassBytesReader,INTERFACE
com.avaje.ebean.enhance.agent.EnhanceConstants,INTERFACE
com.avaje.ebean.enhance.agent.NoEnhancementRequiredException,EXCEPTION
com.avaje.ebean.enhance.agent.EnhancedTransactional,INTERFACE
com.avaje.ebean.PagingList,INTERFACE
com.avaje.ebean.text.TimeStringParser,CONSTANT
com.avaje.ebean.text.json.JsonElement,INTERFACE
com.avaje.ebean.text.json.JsonReadBeanVisitor,INTERFACE
com.avaje.ebean.text.json.JsonValueAdapter,INTERFACE
com.avaje.ebean.text.json.JsonContext,INTERFACE
com.avaje.ebean.text.json.JsonWriter,INTERFACE
com.avaje.ebean.text.json.JsonWriteBeanVisitor,INTERFACE
com.avaje.ebean.text.csv.CsvCallback,INTERFACE
com.avaje.ebean.text.csv.CsvReader,INTERFACE
com.avaje.ebean.text.TextException,EXCEPTION
com.avaje.ebean.text.StringFormatter,INTERFACE
com.avaje.ebean.text.StringParser,INTERFACE
com.avaje.ebean.RawSql$Sql,CONSTANT
com.avaje.ebean.FutureIds,INTERFACE
com.avaje.ebean.SqlRow,INTERFACE
com.avaje.ebean.event.BeanPersistListener,INTERFACE
com.avaje.ebean.event.BeanQueryRequest,INTERFACE
com.avaje.ebean.event.BeanQueryAdapter,INTERFACE
com.avaje.ebean.event.BeanFinder,INTERFACE
com.avaje.ebean.event.BeanPersistRequest,INTERFACE
com.avaje.ebean.event.BeanPersistController,INTERFACE
com.avaje.ebean.QueryResultVisitor,INTERFACE
com.avaje.ebean.SqlQuery,INTERFACE
com.avaje.ebean.Ebean,CONSTANT
com.avaje.ebean.validation.Future,ANNOTATION
com.avaje.ebean.validation.Past,ANNOTATION
com.avaje.ebean.validation.Length,ANNOTATION
com.avaje.ebean.validation.AssertTrue,ANNOTATION
com.avaje.ebean.validation.NotEmpty,ANNOTATION
com.avaje.ebean.validation.AssertFalse,ANNOTATION
com.avaje.ebean.validation.ValidatorMeta,ANNOTATION
com.avaje.ebean.validation.Patterns,ANNOTATION
com.avaje.ebean.validation.Range,ANNOTATION
com.avaje.ebean.validation.Email,ANNOTATION
com.avaje.ebean.validation.Pattern,ANNOTATION
com.avaje.ebean.validation.NotNull,ANNOTATION
com.avaje.ebean.validation.factory.Validator,INTERFACE
com.avaje.ebean.validation.factory.LengthValidatorFactory$LengthValidator,CONSTANT
com.avaje.ebean.validation.factory.ValidatorFactory,INTERFACE
com.avaje.ebean.validation.factory.RangeValidatorFactory,CONSTANT
com.avaje.ebean.validation.factory.LengthValidatorFactory,CONSTANT
com.avaje.ebean.validation.factory.PatternValidatorFactory,CONSTANT
com.avaje.ebean.validation.factory.PatternValidatorFactory$PatternValidator,CONSTANT
com.avaje.ebean.AdminLogging,INTERFACE
com.avaje.ebean.Query$UseIndex,ENUM
com.avaje.ebean.Page,INTERFACE
com.google.common.collect.RowSortedTable,INTERFACE
com.google.common.collect.MapMaker$MapMakerRemovalListener,CONSTANT
com.google.common.collect.BstOperations,CONSTANT
com.google.common.collect.SortedMultisets,CONSTANT
com.google.common.collect.ImmutableSortedSet$Builder,CONSTANT
com.google.common.collect.CustomConcurrentHashMap$SoftValueReference,CONSTANT
com.google.common.collect.ReverseNaturalOrdering,CONSTANT
com.google.common.collect.CustomConcurrentHashMap$EvictionQueue,CONSTANT
com.google.common.collect.SortedIterables,CONSTANT
com.google.common.collect.SortedMapDifference,INTERFACE
com.google.common.collect.EvictionListeners,CONSTANT
com.google.common.collect.SortedTreeMultiset$RemoveModifier,CONSTANT
com.google.common.collect.Iterables$UnmodifiableIterable,CONSTANT
com.google.common.collect.ComparisonChain$InactiveComparisonChain,CONSTANT
com.google.common.collect.ComputingConcurrentHashMap$ComputingMapAdapter,CONSTANT
com.google.common.collect.AsynchronousComputationException,EXCEPTION
com.google.common.collect.CustomConcurrentHashMap$SoftEvictableEntry,CONSTANT
com.google.common.collect.ByFunctionOrdering,CONSTANT
com.google.common.collect.ObjectArrays,CONSTANT
com.google.common.collect.BstModificationResult$ModificationType,ENUM
com.google.common.collect.CompoundOrdering,CONSTANT
com.google.common.collect.ImmutableListMultimap$Builder,CONSTANT
com.google.common.collect.CustomConcurrentHashMap$WeakExpirableEntry,CONSTANT
com.google.common.collect.RegularImmutableSortedSet,CONSTANT
com.google.common.collect.BstRangeOps,CONSTANT
com.google.common.collect.Tables$ImmutableCell,CONSTANT
com.google.common.collect.ComputationException,EXCEPTION
com.google.common.collect.BstMutationResult,CONSTANT
com.google.common.collect.SortedLists$KeyPresentBehavior,ENUM
com.google.common.collect.EnumHashBiMap,CONSTANT
com.google.common.collect.EmptyImmutableSortedMultiset,CONSTANT
com.google.common.collect.HashBiMap,CONSTANT
com.google.common.collect.CustomConcurrentHashMap$StrongValueReference,CONSTANT
com.google.common.collect.Cut$BelowValue,CONSTANT
com.google.common.collect.RegularImmutableSortedMultiset$CumulativeCountEntry,CONSTANT
com.google.common.collect.CustomConcurrentHashMap$StrongEvictableEntry,CONSTANT
com.google.common.collect.CustomConcurrentHashMap$SoftExpirableEvictableEntry,CONSTANT
com.google.common.collect.Sets$PowerSet,CONSTANT
com.google.common.collect.CustomConcurrentHashMap$SerializationProxy,CONSTANT
com.google.common.collect.CustomConcurrentHashMap$ReferenceEntry,INTERFACE
com.google.common.collect.EmptyContiguousSet$SerializedForm,CONSTANT
com.google.common.collect.Constraints,CONSTANT
com.google.common.collect.CustomConcurrentHashMap$WriteThroughEntry,CONSTANT
com.google.common.collect.SortedTreeMultiset$Node,CONSTANT
com.google.common.collect.ImmutableClassToInstanceMap$Builder,CONSTANT
com.google.common.collect.Ordering$IncomparableValueException,EXCEPTION
com.google.common.collect.SetMultimap,INTERFACE
com.google.common.collect.RegularContiguousSet,CONSTANT
com.google.common.collect.MinMaxPriorityQueue,CONSTANT
com.google.common.collect.Serialization$FieldSetter,CONSTANT
com.google.common.collect.ComputingConcurrentHashMap$ComputingSerializationProxy,CONSTANT
com.google.common.collect.AbstractIterator$State,ENUM
com.google.common.collect.MapMaker$NullComputingConcurrentMap,CONSTANT
com.google.common.collect.ComputingConcurrentHashMap$ComputingValueReference,CONSTANT
com.google.common.collect.ComputingConcurrentHashMap$ComputedReference,CONSTANT
com.google.common.collect.Multimap,INTERFACE
com.google.common.collect.CustomConcurrentHashMap$KeySet,CONSTANT
com.google.common.collect.SortedTreeMultiset,CONSTANT
com.google.common.collect.BstMutationRule,CONSTANT
com.google.common.collect.CustomConcurrentHashMap$CleanupMapTask,CONSTANT
com.google.common.collect.DescendingImmutableSortedMultiset,CONSTANT
com.google.common.collect.LexicographicalOrdering,CONSTANT
com.google.common.collect.Cut$BelowAll,CONSTANT
com.google.common.collect.RegularImmutableSortedMultiset,CONSTANT
com.google.common.collect.LinkedHashMultiset,CONSTANT
com.google.common.collect.MapMaker$RemovalCause,ENUM
com.google.common.collect.Table$Cell,INTERFACE
com.google.common.collect.ImmutableBiMap$Builder,CONSTANT
com.google.common.collect.SortedSetMultimap,INTERFACE
com.google.common.collect.Multisets$ImmutableEntry,CONSTANT
com.google.common.collect.CustomConcurrentHashMap$EntrySet,CONSTANT
com.google.common.collect.ComputingConcurrentHashMap$ComputationExceptionReference,CONSTANT
com.google.common.collect.Range,CONSTANT
com.google.common.collect.Table,INTERFACE
com.google.common.collect.SortedIterable,INTERFACE
com.google.common.collect.ImmutableEnumSet,CONSTANT
com.google.common.collect.GeneralRange,CONSTANT
com.google.common.collect.SortedLists,CONSTANT
com.google.common.collect.MinMaxPriorityQueue$Builder,CONSTANT
com.google.common.collect.Multiset,INTERFACE
com.google.common.collect.ImmutableClassToInstanceMap,CONSTANT
com.google.common.collect.Multimaps,CONSTANT
com.google.common.collect.Interners$CustomInterner$Dummy,ENUM
com.google.common.collect.Cut$AboveValue,CONSTANT
com.google.common.collect.BstBalancePolicy,INTERFACE
com.google.common.collect.LinkedHashMultimap,CONSTANT
com.google.common.collect.RegularContiguousSet$SerializedForm,CONSTANT
com.google.common.collect.EmptyContiguousSet,CONSTANT
com.google.common.collect.NullsFirstOrdering,CONSTANT
com.google.common.collect.CustomConcurrentHashMap$NullEntry,ENUM
com.google.common.collect.Ranges,CONSTANT
com.google.common.collect.Synchronized,CONSTANT
com.google.common.collect.MapConstraints$NotNullMapConstraint,ENUM
com.google.common.collect.CustomConcurrentHashMap$Strength,ENUM
com.google.common.collect.BstInOrderPath,CONSTANT
com.google.common.collect.TreeMultiset,CONSTANT
com.google.common.collect.LinkedListMultimap$Node,CONSTANT
com.google.common.collect.EmptyImmutableMultiset,CONSTANT
com.google.common.collect.MapDifference$ValueDifference,INTERFACE
com.google.common.collect.ReverseOrdering,CONSTANT
com.google.common.collect.ImmutableSetMultimap$Builder,CONSTANT
com.google.common.collect.MapEvictionListener,INTERFACE
com.google.common.collect.CustomConcurrentHashMap$EntryFactory,ENUM
com.google.common.collect.BstModificationResult,CONSTANT
com.google.common.collect.ComparatorOrdering,CONSTANT
com.google.common.collect.MapConstraints,CONSTANT
com.google.common.collect.CustomConcurrentHashMap$StrongExpirableEvictableEntry,CONSTANT
com.google.common.collect.EnumBiMap,CONSTANT
com.google.common.collect.Interners,CONSTANT
com.google.common.collect.Cut$AboveAll,CONSTANT
com.google.common.collect.package-info,INTERFACE
com.google.common.collect.MutableClassToInstanceMap,CONSTANT
com.google.common.collect.ComputingConcurrentHashMap$ComputingSegment,CONSTANT
com.google.common.collect.BstPathFactory,INTERFACE
com.google.common.collect.Tables,CONSTANT
com.google.common.collect.Sets$PowerSet$BitFilteredSetIterator,CONSTANT
com.google.common.collect.Multisets$MultisetIteratorImpl,CONSTANT
com.google.common.collect.SortedTreeMultiset$ConditionalSetCountModifier,CONSTANT
com.google.common.collect.Multimaps$TransformedEntriesListMultimap,CONSTANT
com.google.common.collect.Constraints$NotNullConstraint,ENUM
com.google.common.collect.Count,CONSTANT
com.google.common.collect.SortedMaps,CONSTANT
com.google.common.collect.CustomConcurrentHashMap$EntryIterator,CONSTANT
com.google.common.collect.NaturalOrdering,CONSTANT
com.google.common.collect.EnumMultiset,CONSTANT
com.google.common.collect.Interner,INTERFACE
com.google.common.collect.GenericMapMaker$NullListener,ENUM
com.google.common.collect.ImmutableSortedAsList,CONSTANT
com.google.common.collect.CustomConcurrentHashMap$ValueReference,INTERFACE
com.google.common.collect.BstModifier,INTERFACE
com.google.common.collect.ListMultimap,INTERFACE
com.google.common.collect.NullsLastOrdering,CONSTANT
com.google.common.collect.CustomConcurrentHashMap$KeyIterator,CONSTANT
com.google.common.collect.DiscreteDomains$LongDomain,CONSTANT
com.google.common.collect.DiscreteDomains$IntegerDomain,CONSTANT
com.google.common.collect.SortedLists$KeyAbsentBehavior,ENUM
com.google.common.collect.CustomConcurrentHashMap$WeakEvictableEntry,CONSTANT
com.google.common.collect.Constraint,INTERFACE
com.google.common.collect.DiscreteDomains$BigIntegerDomain,CONSTANT
com.google.common.collect.CustomConcurrentHashMap$SoftExpirableEntry,CONSTANT
com.google.common.collect.CustomConcurrentHashMap$ValueIterator,CONSTANT
com.google.common.collect.ConcurrentHashMultiset,CONSTANT
com.google.common.collect.BstAggregate,INTERFACE
com.google.common.collect.CustomConcurrentHashMap$WeakValueReference,CONSTANT
com.google.common.collect.HashMultiset,CONSTANT
com.google.common.collect.CustomConcurrentHashMap$ExpirationQueue,CONSTANT
com.google.common.collect.ClassToInstanceMap,INTERFACE
com.google.common.collect.ArrayListMultimap,CONSTANT
com.google.common.collect.BstSide,ENUM
com.google.common.collect.DiscreteDomains,CONSTANT
com.google.common.collect.ExplicitOrdering,CONSTANT
com.google.common.collect.Sets,CONSTANT
com.google.common.collect.UsingToStringOrdering,CONSTANT
com.google.common.collect.ImmutableSortedMultiset$SerializedForm,CONSTANT
com.google.common.collect.BstCountBasedBalancePolicies,CONSTANT
com.google.common.collect.CustomConcurrentHashMap$StrongExpirableEntry,CONSTANT
com.google.common.collect.MapMaker$RemovalListener,INTERFACE
com.google.common.collect.Iterables,CONSTANT
com.google.common.collect.WellBehavedMap,CONSTANT
com.google.common.collect.Serialization,CONSTANT
com.google.common.collect.MapMaker$RemovalNotification,CONSTANT
com.google.common.collect.Lists$CharSequenceAsList,CONSTANT
com.google.common.collect.ArrayTable,CONSTANT
com.google.common.collect.Multisets,CONSTANT
com.google.common.collect.MapMaker,CONSTANT
com.google.common.collect.SortedTreeMultiset$SetCountModifier,CONSTANT
com.google.common.collect.HashMultimap,CONSTANT
com.google.common.collect.CustomConcurrentHashMap$WeakExpirableEvictableEntry,CONSTANT
com.google.common.collect.SortedTreeMultiset$AddModifier,CONSTANT
com.google.common.collect.BoundType,ENUM
com.google.common.collect.CustomConcurrentHashMap$Values,CONSTANT
com.google.common.collect.SortedMultiset,INTERFACE
com.google.common.collect.Multiset$Entry,INTERFACE
com.google.common.collect.MapConstraint,INTERFACE
com.google.common.eventbus.AllowConcurrentEvents,ANNOTATION
com.google.common.eventbus.HandlerFindingStrategy,INTERFACE
com.google.common.eventbus.Subscribe,ANNOTATION
com.google.common.net.HostSpecifier,CONSTANT
com.google.common.net.InternetDomainName,CONSTANT
com.google.common.net.InetAddresses$TeredoInfo,CONSTANT
com.google.common.net.HostAndPort,CONSTANT
com.google.common.net.package-info,INTERFACE
com.google.common.net.InetAddresses,CONSTANT
com.google.common.cache.CustomConcurrentHashMap$SoftValueReference,CONSTANT
com.google.common.cache.CustomConcurrentHashMap$EvictionQueue,CONSTANT
com.google.common.cache.CustomConcurrentHashMap$ComputedException,CONSTANT
com.google.common.cache.CacheStats,CONSTANT
com.google.common.cache.CustomConcurrentHashMap$SoftEvictableEntry,CONSTANT
com.google.common.cache.CustomConcurrentHashMap$WeakExpirableEntry,CONSTANT
com.google.common.cache.CacheLoader$SupplierToCacheLoader,CONSTANT
com.google.common.cache.CustomConcurrentHashMap$StrongValueReference,CONSTANT
com.google.common.cache.CustomConcurrentHashMap$ComputedError,CONSTANT
com.google.common.cache.CustomConcurrentHashMap$StrongEvictableEntry,CONSTANT
com.google.common.cache.CustomConcurrentHashMap$SoftExpirableEvictableEntry,CONSTANT
com.google.common.cache.CustomConcurrentHashMap$ReferenceEntry,INTERFACE
com.google.common.cache.CustomConcurrentHashMap$WriteThroughEntry,CONSTANT
com.google.common.cache.CacheBuilder,CONSTANT
com.google.common.cache.CustomConcurrentHashMap$KeySet,CONSTANT
com.google.common.cache.CustomConcurrentHashMap$EntrySet,CONSTANT
com.google.common.cache.CustomConcurrentHashMap$ComputedReference,CONSTANT
com.google.common.cache.CustomConcurrentHashMap$NullEntry,ENUM
com.google.common.cache.RemovalListener,INTERFACE
com.google.common.cache.CustomConcurrentHashMap$Strength,ENUM
com.google.common.cache.RemovalListeners,CONSTANT
com.google.common.cache.CustomConcurrentHashMap$EntryFactory,ENUM
com.google.common.cache.CustomConcurrentHashMap$StrongExpirableEvictableEntry,CONSTANT
com.google.common.cache.package-info,INTERFACE
com.google.common.cache.AbstractCache$StatsCounter,INTERFACE
com.google.common.cache.CustomConcurrentHashMap$ComputingValueReference,CONSTANT
com.google.common.cache.CacheBuilder$NullCache,CONSTANT
com.google.common.cache.CustomConcurrentHashMap$EntryIterator,CONSTANT
com.google.common.cache.CustomConcurrentHashMap$ValueReference,INTERFACE
com.google.common.cache.Cache,INTERFACE
com.google.common.cache.RemovalNotification,CONSTANT
com.google.common.cache.CustomConcurrentHashMap$KeyIterator,CONSTANT
com.google.common.cache.CustomConcurrentHashMap$WeakEvictableEntry,CONSTANT
com.google.common.cache.CustomConcurrentHashMap$SoftExpirableEntry,CONSTANT
com.google.common.cache.CustomConcurrentHashMap$ComputedNull,CONSTANT
com.google.common.cache.CustomConcurrentHashMap$ComputedUncheckedException,CONSTANT
com.google.common.cache.CacheBuilder$NullComputingConcurrentMap,CONSTANT
com.google.common.cache.CustomConcurrentHashMap$ValueIterator,CONSTANT
com.google.common.cache.CustomConcurrentHashMap$WeakValueReference,CONSTANT
com.google.common.cache.CustomConcurrentHashMap$ExpirationQueue,CONSTANT
com.google.common.cache.CustomConcurrentHashMap$StrongExpirableEntry,CONSTANT
com.google.common.cache.CacheBuilder$NullListener,ENUM
com.google.common.cache.CustomConcurrentHashMap$ComputedValue,INTERFACE
com.google.common.cache.CustomConcurrentHashMap$WeakExpirableEvictableEntry,CONSTANT
com.google.common.cache.CacheLoader$FunctionToCacheLoader,CONSTANT
com.google.common.cache.RemovalCause,ENUM
com.google.common.cache.CustomConcurrentHashMap$Values,CONSTANT
com.google.common.util.concurrent.SimpleTimeLimiter,CONSTANT
com.google.common.util.concurrent.FutureCallback,INTERFACE
com.google.common.util.concurrent.Service,INTERFACE
com.google.common.util.concurrent.Service$State,ENUM
com.google.common.util.concurrent.ThreadFactoryBuilder,CONSTANT
com.google.common.util.concurrent.UncaughtExceptionHandlers,CONSTANT
com.google.common.util.concurrent.UncaughtExceptionHandlers$Exiter,CONSTANT
com.google.common.util.concurrent.SettableFuture,CONSTANT
com.google.common.util.concurrent.Futures,CONSTANT
com.google.common.util.concurrent.AbstractFuture$Sync,CONSTANT
com.google.common.util.concurrent.Atomics,CONSTANT
com.google.common.util.concurrent.JdkFutureAdapters,CONSTANT
com.google.common.util.concurrent.CheckedFuture,INTERFACE
com.google.common.util.concurrent.ListeningExecutorService,INTERFACE
com.google.common.util.concurrent.UninterruptibleFuture,INTERFACE
com.google.common.util.concurrent.FakeTimeLimiter,CONSTANT
com.google.common.util.concurrent.ListenableFuture,INTERFACE
com.google.common.util.concurrent.package-info,INTERFACE
com.google.common.util.concurrent.Monitor,CONSTANT
com.google.common.util.concurrent.ListeningScheduledExecutorService,INTERFACE
com.google.common.util.concurrent.TimeLimiter,INTERFACE
com.google.common.util.concurrent.MoreExecutors,CONSTANT
com.google.common.util.concurrent.ExecutionList,CONSTANT
com.google.common.util.concurrent.Uninterruptibles,CONSTANT
com.google.common.util.concurrent.UncheckedExecutionException,EXCEPTION
com.google.common.util.concurrent.ListenableFutureTask,CONSTANT
com.google.common.util.concurrent.Callables,CONSTANT
com.google.common.util.concurrent.UncheckedTimeoutException,EXCEPTION
com.google.common.io.LittleEndianDataInputStream,CONSTANT
com.google.common.io.LineProcessor,INTERFACE
com.google.common.io.ByteArrayDataOutput,INTERFACE
com.google.common.io.CountingInputStream,CONSTANT
com.google.common.io.Closeables,CONSTANT
com.google.common.io.NullOutputStream,CONSTANT
com.google.common.io.LineReader,CONSTANT
com.google.common.io.ByteArrayDataInput,INTERFACE
com.google.common.io.package-info,INTERFACE
com.google.common.io.ByteStreams,CONSTANT
com.google.common.io.PatternFilenameFilter,CONSTANT
com.google.common.io.ByteProcessor,INTERFACE
com.google.common.io.CharStreams,CONSTANT
com.google.common.io.MultiInputStream,CONSTANT
com.google.common.io.Flushables,CONSTANT
com.google.common.io.Resources,CONSTANT
com.google.common.io.FileBackedOutputStream,CONSTANT
com.google.common.io.CountingOutputStream,CONSTANT
com.google.common.io.LimitInputStream,CONSTANT
com.google.common.primitives.Doubles$LexicographicalComparator,ENUM
com.google.common.primitives.UnsignedBytes,CONSTANT
com.google.common.primitives.Longs,CONSTANT
com.google.common.primitives.Floats,CONSTANT
com.google.common.primitives.Booleans,CONSTANT
com.google.common.primitives.Chars$LexicographicalComparator,ENUM
com.google.common.primitives.Ints,CONSTANT
com.google.common.primitives.Shorts,CONSTANT
com.google.common.primitives.package-info,INTERFACE
com.google.common.primitives.Floats$LexicographicalComparator,ENUM
com.google.common.primitives.Doubles,CONSTANT
com.google.common.primitives.Booleans$LexicographicalComparator,ENUM
com.google.common.primitives.UnsignedLongs$LexicographicalComparator,ENUM
com.google.common.primitives.Primitives,CONSTANT
com.google.common.primitives.UnsignedBytes$LexicographicalComparatorHolder$PureJavaComparator,ENUM
com.google.common.primitives.UnsignedLongs,CONSTANT
com.google.common.primitives.UnsignedBytes$LexicographicalComparatorHolder$UnsafeComparator,ENUM
com.google.common.primitives.SignedBytes$LexicographicalComparator,ENUM
com.google.common.primitives.SignedBytes,CONSTANT
com.google.common.primitives.Chars,CONSTANT
com.google.common.primitives.Shorts$LexicographicalComparator,ENUM
com.google.common.primitives.Ints$LexicographicalComparator,ENUM
com.google.common.primitives.Longs$LexicographicalComparator,ENUM
com.google.common.primitives.Bytes,CONSTANT
com.google.common.annotations.GwtCompatible,ANNOTATION
com.google.common.annotations.VisibleForTesting,ANNOTATION
com.google.common.annotations.Beta,ANNOTATION
com.google.common.annotations.GwtIncompatible,ANNOTATION
com.google.common.base.Predicates$ObjectPredicate,ENUM
com.google.common.base.Splitter$Strategy,INTERFACE
com.google.common.base.Equivalence$Wrapper,CONSTANT
com.google.common.base.Equivalences$Identity,CONSTANT
com.google.common.base.Splitter$MapSplitter,CONSTANT
com.google.common.base.Strings,CONSTANT
com.google.common.base.Suppliers$SupplierFunction,ENUM
com.google.common.base.Equivalences,CONSTANT
com.google.common.base.Functions$ToStringFunction,ENUM
com.google.common.base.Ascii,CONSTANT
com.google.common.base.Charsets,CONSTANT
com.google.common.base.Optional$Absent,CONSTANT
com.google.common.base.Objects,CONSTANT
com.google.common.base.CharMatcher$LookupTable,CONSTANT
com.google.common.base.CaseFormat,ENUM
com.google.common.base.PairwiseEquivalence,CONSTANT
com.google.common.base.Enums,CONSTANT
com.google.common.base.Optional$Present,CONSTANT
com.google.common.base.internal.Finalizer$ShutDown,EXCEPTION
com.google.common.base.Equivalences$Equals,CONSTANT
com.google.common.base.Objects$ToStringHelper,CONSTANT
com.google.common.base.FunctionalEquivalence,CONSTANT
com.google.common.base.package-info,INTERFACE
com.google.common.base.Platform,CONSTANT
com.google.common.base.Defaults,CONSTANT
com.google.common.base.Splitter,CONSTANT
com.google.common.base.FinalizableReference,INTERFACE
com.google.common.base.Stopwatch,CONSTANT
com.google.common.base.Functions$IdentityFunction,ENUM
com.google.common.base.Enums$ValueOfFunction,CONSTANT
com.google.common.base.Predicates,CONSTANT
com.google.common.base.Splitter$AbstractIterator$State,ENUM
com.google.common.base.Suppliers,CONSTANT
com.google.common.base.Throwables,CONSTANT
com.google.common.base.Equivalence$EquivalentToPredicate,CONSTANT
com.google.common.base.Supplier,INTERFACE
com.google.common.base.FinalizableReferenceQueue$FinalizerLoader,INTERFACE
