{
"org.bukkit.Note$Tone": ["<clinit>()V","Note$Tone(Ljava/lang/String;IIZ)V","$values()[Lorg/bukkit/Note$Tone;"],
"com.google.common.collect.Lists": ["newArrayList()Ljava/util/ArrayList;","transform(Ljava/util/List;Lcom/google/common/base/Function;)Ljava/util/List;"],
"org.bukkit.Note": ["Note(I)V","getOctave()I","getTone()Lorg/bukkit/Note$Tone;","getToneByte()B"],
"org.apache.commons.lang.Validate": ["isTrue(ZLjava/lang/String;)V","notEmpty(Ljava/lang/String;Ljava/lang/String;)V","notNull(Ljava/lang/Object;Ljava/lang/String;)V","isTrue(ZLjava/lang/String;J)V"],
"org.bukkit.configuration.file.FileConfiguration": ["<clinit>()V","FileConfiguration()V","load(Ljava/lang/String;)V","load(Ljava/io/File;)V","load(Ljava/io/Reader;)V","save(Ljava/lang/String;)V","save(Ljava/io/File;)V"],
"org.yaml.snakeyaml.external.biz.base64Coder.Base64Coder": ["<clinit>()V","decode(Ljava/lang/String;)[B","decode([C)[B","decode([CII)[B"],
"org.bukkit.configuration.file.YamlConfiguration": ["YamlConfiguration()V","options()Lorg/bukkit/configuration/file/YamlConfigurationOptions;","options()Lorg/bukkit/configuration/ConfigurationOptions;","saveToString()Ljava/lang/String;","buildHeader()Ljava/lang/String;","loadFromString(Ljava/lang/String;)V","parseHeader(Ljava/lang/String;)Ljava/lang/String;","convertMapsToSections(Ljava/util/Map;Lorg/bukkit/configuration/ConfigurationSection;)V","options()Lorg/bukkit/configuration/file/FileConfigurationOptions;"],
"org.bukkit.configuration.MemoryConfiguration": ["MemoryConfiguration()V","getDefaults()Lorg/bukkit/configuration/Configuration;","setDefaults(Lorg/bukkit/configuration/Configuration;)V","addDefault(Ljava/lang/String;Ljava/lang/Object;)V","options()Lorg/bukkit/configuration/ConfigurationOptions;","options()Lorg/bukkit/configuration/MemoryConfigurationOptions;","addDefaults(Lorg/bukkit/configuration/Configuration;)V","addDefaults(Ljava/util/Map;)V"],
"org.bukkit.configuration.MemorySection": ["MemorySection()V","set(Ljava/lang/String;Ljava/lang/Object;)V","getRoot()Lorg/bukkit/configuration/Configuration;","getConfigurationSection(Ljava/lang/String;)Lorg/bukkit/configuration/ConfigurationSection;","get(Ljava/lang/String;Ljava/lang/Object;)Ljava/lang/Object;","getDefault(Ljava/lang/String;)Ljava/lang/Object;","createSection(Ljava/lang/String;)Lorg/bukkit/configuration/ConfigurationSection;","MemorySection(Lorg/bukkit/configuration/ConfigurationSection;Ljava/lang/String;)V","createPath(Lorg/bukkit/configuration/ConfigurationSection;Ljava/lang/String;)Ljava/lang/String;","createPath(Lorg/bukkit/configuration/ConfigurationSection;Ljava/lang/String;Lorg/bukkit/configuration/ConfigurationSection;)Ljava/lang/String;","getValues(Z)Ljava/util/Map;","mapChildrenValues(Ljava/util/Map;Lorg/bukkit/configuration/ConfigurationSection;Z)V","get(Ljava/lang/String;)Ljava/lang/Object;","getKeys(Z)Ljava/util/Set;","mapChildrenKeys(Ljava/util/Set;Lorg/bukkit/configuration/ConfigurationSection;Z)V","contains(Ljava/lang/String;)Z","isSet(Ljava/lang/String;)Z","getName()Ljava/lang/String;","getParent()Lorg/bukkit/configuration/ConfigurationSection;","getVector(Ljava/lang/String;)Lorg/bukkit/util/Vector;","getVector(Ljava/lang/String;Lorg/bukkit/util/Vector;)Lorg/bukkit/util/Vector;","getString(Ljava/lang/String;)Ljava/lang/String;","getString(Ljava/lang/String;Ljava/lang/String;)Ljava/lang/String;","addDefault(Ljava/lang/String;Ljava/lang/Object;)V","getDefaultSection()Lorg/bukkit/configuration/ConfigurationSection;","getCurrentPath()Ljava/lang/String;","isConfigurationSection(Ljava/lang/String;)Z","getInt(Ljava/lang/String;)I","getInt(Ljava/lang/String;I)I","getList(Ljava/lang/String;Ljava/util/List;)Ljava/util/List;","isInt(Ljava/lang/String;)Z","getBoolean(Ljava/lang/String;)Z","getBoolean(Ljava/lang/String;Z)Z","createSection(Ljava/lang/String;Ljava/util/Map;)Lorg/bukkit/configuration/ConfigurationSection;","getLong(Ljava/lang/String;)J","getLong(Ljava/lang/String;J)J","isDouble(Ljava/lang/String;)Z","isBoolean(Ljava/lang/String;)Z","isString(Ljava/lang/String;)Z","isVector(Ljava/lang/String;)Z","getDouble(Ljava/lang/String;)D","getDouble(Ljava/lang/String;D)D","isList(Ljava/lang/String;)Z","isLong(Ljava/lang/String;)Z","getList(Ljava/lang/String;)Ljava/util/List;","getStringList(Ljava/lang/String;)Ljava/util/List;","isPrimitiveWrapper(Ljava/lang/Object;)Z","getIntegerList(Ljava/lang/String;)Ljava/util/List;","getBooleanList(Ljava/lang/String;)Ljava/util/List;","getDoubleList(Ljava/lang/String;)Ljava/util/List;","getFloatList(Ljava/lang/String;)Ljava/util/List;","getLongList(Ljava/lang/String;)Ljava/util/List;","getByteList(Ljava/lang/String;)Ljava/util/List;","getShortList(Ljava/lang/String;)Ljava/util/List;","getMapList(Ljava/lang/String;)Ljava/util/List;"],
"org.yaml.snakeyaml.DumperOptions": ["DumperOptions()V","getDefaultFlowStyle()Lorg/yaml/snakeyaml/DumperOptions$FlowStyle;","getDefaultScalarStyle()Lorg/yaml/snakeyaml/DumperOptions$ScalarStyle;","isAllowReadOnlyProperties()Z","setIndent(I)V","setDefaultFlowStyle(Lorg/yaml/snakeyaml/DumperOptions$FlowStyle;)V","setAllowUnicode(Z)V","getExplicitRoot()Lorg/yaml/snakeyaml/nodes/Tag;","isCanonical()Z","isPrettyFlow()Z","isAllowUnicode()Z","getIndent()I","getWidth()I","getLineBreak()Lorg/yaml/snakeyaml/DumperOptions$LineBreak;","isExplicitStart()Z","isExplicitEnd()Z","getVersion()Lorg/yaml/snakeyaml/DumperOptions$Version;","getTags()Ljava/util/Map;","calculateScalarStyle(Lorg/yaml/snakeyaml/emitter/ScalarAnalysis;Lorg/yaml/snakeyaml/DumperOptions$ScalarStyle;)Lorg/yaml/snakeyaml/DumperOptions$ScalarStyle;"],
"org.yaml.snakeyaml.DumperOptions$ScalarStyle": ["<clinit>()V","DumperOptions$ScalarStyle(Ljava/lang/String;ILjava/lang/Character;)V","getChar()Ljava/lang/Character;","createStyle(Ljava/lang/Character;)Lorg/yaml/snakeyaml/DumperOptions$ScalarStyle;"],
"org.yaml.snakeyaml.DumperOptions$FlowStyle": ["<clinit>()V","DumperOptions$FlowStyle(Ljava/lang/String;ILjava/lang/Boolean;)V","getStyleBoolean()Ljava/lang/Boolean;"],
"org.yaml.snakeyaml.DumperOptions$LineBreak": ["<clinit>()V","DumperOptions$LineBreak(Ljava/lang/String;ILjava/lang/String;)V","getString()Ljava/lang/String;"],
"org.yaml.snakeyaml.representer.SafeRepresenter": ["<clinit>()V","SafeRepresenter()V","getTag(Ljava/lang/Class;Lorg/yaml/snakeyaml/nodes/Tag;)Lorg/yaml/snakeyaml/nodes/Tag;"],
"org.bukkit.configuration.file.YamlRepresenter": ["YamlRepresenter()V"],
"org.yaml.snakeyaml.representer.Representer": ["Representer()V"],
"org.yaml.snakeyaml.representer.BaseRepresenter": ["BaseRepresenter()V","getPropertyUtils()Lorg/yaml/snakeyaml/introspector/PropertyUtils;","setDefaultFlowStyle(Lorg/yaml/snakeyaml/DumperOptions$FlowStyle;)V","setDefaultScalarStyle(Lorg/yaml/snakeyaml/DumperOptions$ScalarStyle;)V","represent(Ljava/lang/Object;)Lorg/yaml/snakeyaml/nodes/Node;","representData(Ljava/lang/Object;)Lorg/yaml/snakeyaml/nodes/Node;","representMapping(Lorg/yaml/snakeyaml/nodes/Tag;Ljava/util/Map;Ljava/lang/Boolean;)Lorg/yaml/snakeyaml/nodes/Node;","representScalar(Lorg/yaml/snakeyaml/nodes/Tag;Ljava/lang/String;Ljava/lang/Character;)Lorg/yaml/snakeyaml/nodes/Node;","representScalar(Lorg/yaml/snakeyaml/nodes/Tag;Ljava/lang/String;)Lorg/yaml/snakeyaml/nodes/Node;","representSequence(Lorg/yaml/snakeyaml/nodes/Tag;Ljava/lang/Iterable;Ljava/lang/Boolean;)Lorg/yaml/snakeyaml/nodes/Node;"],
"org.yaml.snakeyaml.representer.BaseRepresenter$1": ["BaseRepresenter$1(Lorg/yaml/snakeyaml/representer/BaseRepresenter;)V","put(Ljava/lang/Object;Ljava/lang/Object;)Ljava/lang/Object;","put(Ljava/lang/Object;Lorg/yaml/snakeyaml/nodes/Node;)Lorg/yaml/snakeyaml/nodes/Node;"],
"org.yaml.snakeyaml.representer.SafeRepresenter$RepresentNull": ["SafeRepresenter$RepresentNull(Lorg/yaml/snakeyaml/representer/SafeRepresenter;)V"],
"org.yaml.snakeyaml.representer.SafeRepresenter$RepresentString": ["SafeRepresenter$RepresentString(Lorg/yaml/snakeyaml/representer/SafeRepresenter;)V","representData(Ljava/lang/Object;)Lorg/yaml/snakeyaml/nodes/Node;"],
"org.yaml.snakeyaml.representer.SafeRepresenter$RepresentBoolean": ["SafeRepresenter$RepresentBoolean(Lorg/yaml/snakeyaml/representer/SafeRepresenter;)V","representData(Ljava/lang/Object;)Lorg/yaml/snakeyaml/nodes/Node;"],
"org.yaml.snakeyaml.representer.SafeRepresenter$RepresentByteArray": ["SafeRepresenter$RepresentByteArray(Lorg/yaml/snakeyaml/representer/SafeRepresenter;)V"],
"org.yaml.snakeyaml.representer.SafeRepresenter$RepresentNumber": ["SafeRepresenter$RepresentNumber(Lorg/yaml/snakeyaml/representer/SafeRepresenter;)V","representData(Ljava/lang/Object;)Lorg/yaml/snakeyaml/nodes/Node;"],
"org.yaml.snakeyaml.representer.SafeRepresenter$RepresentList": ["SafeRepresenter$RepresentList(Lorg/yaml/snakeyaml/representer/SafeRepresenter;)V","representData(Ljava/lang/Object;)Lorg/yaml/snakeyaml/nodes/Node;"],
"org.yaml.snakeyaml.representer.SafeRepresenter$RepresentMap": ["SafeRepresenter$RepresentMap(Lorg/yaml/snakeyaml/representer/SafeRepresenter;)V","representData(Ljava/lang/Object;)Lorg/yaml/snakeyaml/nodes/Node;"],
"org.yaml.snakeyaml.representer.SafeRepresenter$RepresentSet": ["SafeRepresenter$RepresentSet(Lorg/yaml/snakeyaml/representer/SafeRepresenter;)V"],
"org.yaml.snakeyaml.representer.SafeRepresenter$RepresentIterator": ["SafeRepresenter$RepresentIterator(Lorg/yaml/snakeyaml/representer/SafeRepresenter;)V"],
"org.yaml.snakeyaml.representer.SafeRepresenter$RepresentArray": ["SafeRepresenter$RepresentArray(Lorg/yaml/snakeyaml/representer/SafeRepresenter;)V"],
"org.yaml.snakeyaml.representer.SafeRepresenter$RepresentDate": ["SafeRepresenter$RepresentDate(Lorg/yaml/snakeyaml/representer/SafeRepresenter;)V"],
"org.yaml.snakeyaml.representer.SafeRepresenter$RepresentEnum": ["SafeRepresenter$RepresentEnum(Lorg/yaml/snakeyaml/representer/SafeRepresenter;)V"],
"org.yaml.snakeyaml.representer.Representer$RepresentJavaBean": ["Representer$RepresentJavaBean(Lorg/yaml/snakeyaml/representer/Representer;)V"],
"org.bukkit.configuration.file.YamlRepresenter$RepresentConfigurationSection": ["YamlRepresenter$RepresentConfigurationSection(Lorg/bukkit/configuration/file/YamlRepresenter;Lorg/bukkit/configuration/file/YamlRepresenter$1;)V","YamlRepresenter$RepresentConfigurationSection(Lorg/bukkit/configuration/file/YamlRepresenter;)V","representData(Ljava/lang/Object;)Lorg/yaml/snakeyaml/nodes/Node;"],
"org.bukkit.configuration.file.YamlRepresenter$RepresentConfigurationSerializable": ["YamlRepresenter$RepresentConfigurationSerializable(Lorg/bukkit/configuration/file/YamlRepresenter;Lorg/bukkit/configuration/file/YamlRepresenter$1;)V","YamlRepresenter$RepresentConfigurationSerializable(Lorg/bukkit/configuration/file/YamlRepresenter;)V","representData(Ljava/lang/Object;)Lorg/yaml/snakeyaml/nodes/Node;"],
"org.yaml.snakeyaml.constructor.SafeConstructor": ["<clinit>()V","SafeConstructor()V","constructMapping2ndStep(Lorg/yaml/snakeyaml/nodes/MappingNode;Ljava/util/Map;)V","flattenMapping(Lorg/yaml/snakeyaml/nodes/MappingNode;)V","access$100(Lorg/yaml/snakeyaml/constructor/SafeConstructor;ILjava/lang/String;I)Ljava/lang/Number;","createNumber(ILjava/lang/String;I)Ljava/lang/Number;","access$000()Ljava/util/Map;"],
"org.yaml.snakeyaml.constructor.SafeConstructor$ConstructUndefined": ["SafeConstructor$ConstructUndefined()V"],
"org.yaml.snakeyaml.constructor.AbstractConstruct": ["AbstractConstruct()V"],
"org.bukkit.configuration.file.YamlConstructor": ["YamlConstructor()V"],
"org.yaml.snakeyaml.constructor.BaseConstructor": ["BaseConstructor()V","isExplicitPropertyUtils()Z","setPropertyUtils(Lorg/yaml/snakeyaml/introspector/PropertyUtils;)V","setComposer(Lorg/yaml/snakeyaml/composer/Composer;)V","getSingleData(Ljava/lang/Class;)Ljava/lang/Object;","constructDocument(Lorg/yaml/snakeyaml/nodes/Node;)Ljava/lang/Object;","constructObject(Lorg/yaml/snakeyaml/nodes/Node;)Ljava/lang/Object;","getConstructor(Lorg/yaml/snakeyaml/nodes/Node;)Lorg/yaml/snakeyaml/constructor/Construct;","constructMapping(Lorg/yaml/snakeyaml/nodes/MappingNode;)Ljava/util/Map;","createDefaultMap()Ljava/util/Map;","constructMapping2ndStep(Lorg/yaml/snakeyaml/nodes/MappingNode;Ljava/util/Map;)V","constructScalar(Lorg/yaml/snakeyaml/nodes/ScalarNode;)Ljava/lang/Object;","constructSequence(Lorg/yaml/snakeyaml/nodes/SequenceNode;)Ljava/util/List;","createDefaultList(I)Ljava/util/List;","constructSequenceStep2(Lorg/yaml/snakeyaml/nodes/SequenceNode;Ljava/util/Collection;)V","fillRecursive()V"],
"org.yaml.snakeyaml.nodes.NodeId": ["<clinit>()V","NodeId(Ljava/lang/String;I)V","values()[Lorg/yaml/snakeyaml/nodes/NodeId;"],
"org.yaml.snakeyaml.nodes.Tag": ["<clinit>()V","Tag(Ljava/lang/String;)V","hashCode()I","equals(Ljava/lang/Object;)Z","getValue()Ljava/lang/String;","isCompatible(Ljava/lang/Class;)Z"],
"org.yaml.snakeyaml.util.UriEncoder": ["<clinit>()V","encode(Ljava/lang/String;)Ljava/lang/String;"],
"org.yaml.snakeyaml.external.com.google.gdata.util.common.base.UnicodeEscaper": ["<clinit>()V","UnicodeEscaper()V"],
"org.yaml.snakeyaml.external.com.google.gdata.util.common.base.UnicodeEscaper$2": ["UnicodeEscaper$2()V"],
"org.yaml.snakeyaml.external.com.google.gdata.util.common.base.PercentEscaper": ["<clinit>()V","PercentEscaper(Ljava/lang/String;Z)V","createSafeOctets(Ljava/lang/String;)[Z","escape(Ljava/lang/String;)Ljava/lang/String;"],
"org.yaml.snakeyaml.constructor.SafeConstructor$ConstructYamlNull": ["SafeConstructor$ConstructYamlNull(Lorg/yaml/snakeyaml/constructor/SafeConstructor;)V"],
"org.yaml.snakeyaml.constructor.SafeConstructor$ConstructYamlBool": ["SafeConstructor$ConstructYamlBool(Lorg/yaml/snakeyaml/constructor/SafeConstructor;)V","construct(Lorg/yaml/snakeyaml/nodes/Node;)Ljava/lang/Object;"],
"org.yaml.snakeyaml.constructor.SafeConstructor$ConstructYamlInt": ["SafeConstructor$ConstructYamlInt(Lorg/yaml/snakeyaml/constructor/SafeConstructor;)V","construct(Lorg/yaml/snakeyaml/nodes/Node;)Ljava/lang/Object;"],
"org.yaml.snakeyaml.constructor.SafeConstructor$ConstructYamlFloat": ["SafeConstructor$ConstructYamlFloat(Lorg/yaml/snakeyaml/constructor/SafeConstructor;)V","construct(Lorg/yaml/snakeyaml/nodes/Node;)Ljava/lang/Object;"],
"org.yaml.snakeyaml.constructor.SafeConstructor$ConstructYamlBinary": ["SafeConstructor$ConstructYamlBinary(Lorg/yaml/snakeyaml/constructor/SafeConstructor;)V"],
"org.yaml.snakeyaml.constructor.SafeConstructor$ConstructYamlTimestamp": ["SafeConstructor$ConstructYamlTimestamp(Lorg/yaml/snakeyaml/constructor/SafeConstructor;)V"],
"org.yaml.snakeyaml.constructor.SafeConstructor$ConstructYamlOmap": ["SafeConstructor$ConstructYamlOmap(Lorg/yaml/snakeyaml/constructor/SafeConstructor;)V"],
"org.yaml.snakeyaml.constructor.SafeConstructor$ConstructYamlPairs": ["SafeConstructor$ConstructYamlPairs(Lorg/yaml/snakeyaml/constructor/SafeConstructor;)V"],
"org.yaml.snakeyaml.constructor.SafeConstructor$ConstructYamlSet": ["SafeConstructor$ConstructYamlSet(Lorg/yaml/snakeyaml/constructor/SafeConstructor;)V"],
"org.yaml.snakeyaml.constructor.SafeConstructor$ConstructYamlStr": ["SafeConstructor$ConstructYamlStr(Lorg/yaml/snakeyaml/constructor/SafeConstructor;)V","construct(Lorg/yaml/snakeyaml/nodes/Node;)Ljava/lang/Object;"],
"org.yaml.snakeyaml.constructor.SafeConstructor$ConstructYamlSeq": ["SafeConstructor$ConstructYamlSeq(Lorg/yaml/snakeyaml/constructor/SafeConstructor;)V","construct(Lorg/yaml/snakeyaml/nodes/Node;)Ljava/lang/Object;"],
"org.yaml.snakeyaml.constructor.SafeConstructor$ConstructYamlMap": ["SafeConstructor$ConstructYamlMap(Lorg/yaml/snakeyaml/constructor/SafeConstructor;)V","construct(Lorg/yaml/snakeyaml/nodes/Node;)Ljava/lang/Object;"],
"org.bukkit.configuration.file.YamlConstructor$ConstructCustomObject": ["YamlConstructor$ConstructCustomObject(Lorg/bukkit/configuration/file/YamlConstructor;Lorg/bukkit/configuration/file/YamlConstructor$1;)V","YamlConstructor$ConstructCustomObject(Lorg/bukkit/configuration/file/YamlConstructor;)V","construct(Lorg/yaml/snakeyaml/nodes/Node;)Ljava/lang/Object;"],
"org.yaml.snakeyaml.Yaml": ["Yaml(Lorg/yaml/snakeyaml/constructor/BaseConstructor;Lorg/yaml/snakeyaml/representer/Representer;Lorg/yaml/snakeyaml/DumperOptions;)V","Yaml(Lorg/yaml/snakeyaml/constructor/BaseConstructor;Lorg/yaml/snakeyaml/representer/Representer;Lorg/yaml/snakeyaml/DumperOptions;Lorg/yaml/snakeyaml/resolver/Resolver;)V","Yaml(Lorg/yaml/snakeyaml/constructor/BaseConstructor;Lorg/yaml/snakeyaml/LoaderOptions;Lorg/yaml/snakeyaml/representer/Representer;Lorg/yaml/snakeyaml/DumperOptions;Lorg/yaml/snakeyaml/resolver/Resolver;)V","dump(Ljava/lang/Object;)Ljava/lang/String;","dumpAll(Ljava/util/Iterator;)Ljava/lang/String;","dumpAll(Ljava/util/Iterator;Ljava/io/Writer;)V","dumpAll(Ljava/util/Iterator;Ljava/io/Writer;Lorg/yaml/snakeyaml/nodes/Tag;)V","load(Ljava/lang/String;)Ljava/lang/Object;","loadFromReader(Lorg/yaml/snakeyaml/reader/StreamReader;Ljava/lang/Class;)Ljava/lang/Object;"],
"org.yaml.snakeyaml.resolver.Resolver": ["<clinit>()V","Resolver()V","Resolver(Z)V","addImplicitResolvers()V","addImplicitResolver(Lorg/yaml/snakeyaml/nodes/Tag;Ljava/util/regex/Pattern;Ljava/lang/String;)V","resolve(Lorg/yaml/snakeyaml/nodes/NodeId;Ljava/lang/String;Z)Lorg/yaml/snakeyaml/nodes/Tag;"],
"org.yaml.snakeyaml.resolver.ResolverTuple": ["ResolverTuple(Lorg/yaml/snakeyaml/nodes/Tag;Ljava/util/regex/Pattern;)V","getTag()Lorg/yaml/snakeyaml/nodes/Tag;","getRegexp()Ljava/util/regex/Pattern;"],
"org.yaml.snakeyaml.LoaderOptions": ["LoaderOptions()V","LoaderOptions(Lorg/yaml/snakeyaml/TypeDescription;)V"],
"org.yaml.snakeyaml.TypeDescription": ["TypeDescription(Ljava/lang/Class;)V","TypeDescription(Ljava/lang/Class;Lorg/yaml/snakeyaml/nodes/Tag;)V"],
"org.yaml.snakeyaml.introspector.PropertyUtils": ["PropertyUtils()V","setAllowReadOnlyProperties(Z)V"],
"org.yaml.snakeyaml.introspector.BeanAccess": ["<clinit>()V","BeanAccess(Ljava/lang/String;I)V"],
"org.bukkit.configuration.file.YamlConfigurationOptions": ["YamlConfigurationOptions(Lorg/bukkit/configuration/file/YamlConfiguration;)V","indent(I)Lorg/bukkit/configuration/file/YamlConfigurationOptions;","indent()I","header(Ljava/lang/String;)Lorg/bukkit/configuration/file/YamlConfigurationOptions;","header(Ljava/lang/String;)Lorg/bukkit/configuration/file/FileConfigurationOptions;"],
"org.bukkit.configuration.file.FileConfigurationOptions": ["FileConfigurationOptions(Lorg/bukkit/configuration/MemoryConfiguration;)V","header()Ljava/lang/String;","copyHeader()Z","header(Ljava/lang/String;)Lorg/bukkit/configuration/file/FileConfigurationOptions;"],
"org.bukkit.configuration.MemoryConfigurationOptions": ["MemoryConfigurationOptions(Lorg/bukkit/configuration/MemoryConfiguration;)V","copyDefaults(Z)Lorg/bukkit/configuration/ConfigurationOptions;","copyDefaults(Z)Lorg/bukkit/configuration/MemoryConfigurationOptions;"],
"org.bukkit.configuration.ConfigurationOptions": ["ConfigurationOptions(Lorg/bukkit/configuration/Configuration;)V","pathSeparator()C","copyDefaults()Z","copyDefaults(Z)Lorg/bukkit/configuration/ConfigurationOptions;"],
"org.yaml.snakeyaml.emitter.Emitter": ["<clinit>()V","Emitter(Ljava/io/Writer;Lorg/yaml/snakeyaml/DumperOptions;)V","emit(Lorg/yaml/snakeyaml/events/Event;)V","needMoreEvents()Z","access$100(Lorg/yaml/snakeyaml/emitter/Emitter;)Lorg/yaml/snakeyaml/events/Event;","writeStreamStart()V","access$202(Lorg/yaml/snakeyaml/emitter/Emitter;Lorg/yaml/snakeyaml/emitter/EmitterState;)Lorg/yaml/snakeyaml/emitter/EmitterState;","needEvents(I)Z","access$700()Ljava/util/Map;","access$602(Lorg/yaml/snakeyaml/emitter/Emitter;Ljava/util/Map;)Ljava/util/Map;","access$1000(Lorg/yaml/snakeyaml/emitter/Emitter;)Ljava/lang/Boolean;","access$1100(Lorg/yaml/snakeyaml/emitter/Emitter;)Z","checkEmptyDocument()Z","access$1500(Lorg/yaml/snakeyaml/emitter/Emitter;)Lorg/yaml/snakeyaml/util/ArrayStack;","access$1600(Lorg/yaml/snakeyaml/emitter/Emitter;ZZZZ)V","expectNode(ZZZZ)V","processAnchor(Ljava/lang/String;)V","processTag()V","checkEmptyMapping()Z","expectBlockMapping()V","increaseIndent(ZZ)V","writeIndent()V","access$2600(Lorg/yaml/snakeyaml/emitter/Emitter;)Z","checkSimpleKey()Z","prepareTag(Ljava/lang/String;)Ljava/lang/String;","analyzeScalar(Ljava/lang/String;)Lorg/yaml/snakeyaml/emitter/ScalarAnalysis;","chooseScalarStyle()Ljava/lang/Character;","expectScalar()V","processScalar()V","writePlain(Ljava/lang/String;Z)V","writeIndicator(Ljava/lang/String;ZZZ)V","writeLineBreak(Ljava/lang/String;)V","access$1900(Lorg/yaml/snakeyaml/emitter/Emitter;)Lorg/yaml/snakeyaml/util/ArrayStack;","access$1802(Lorg/yaml/snakeyaml/emitter/Emitter;Ljava/lang/Integer;)Ljava/lang/Integer;","flushStream()V","writeStreamEnd()V","checkEmptySequence()Z","expectBlockSequence()V","writeSingleQuoted(Ljava/lang/String;Z)V","expectFlowMapping()V","access$2010(Lorg/yaml/snakeyaml/emitter/Emitter;)I"],
"org.yaml.snakeyaml.util.ArrayStack": ["ArrayStack(I)V","push(Ljava/lang/Object;)V","pop()Ljava/lang/Object;","isEmpty()Z"],
"org.yaml.snakeyaml.emitter.Emitter$ExpectStreamStart": ["Emitter$ExpectStreamStart(Lorg/yaml/snakeyaml/emitter/Emitter;Lorg/yaml/snakeyaml/emitter/Emitter$1;)V","Emitter$ExpectStreamStart(Lorg/yaml/snakeyaml/emitter/Emitter;)V","expect()V"],
"org.yaml.snakeyaml.serializer.Serializer": ["Serializer(Lorg/yaml/snakeyaml/emitter/Emitable;Lorg/yaml/snakeyaml/resolver/Resolver;Lorg/yaml/snakeyaml/DumperOptions;Lorg/yaml/snakeyaml/nodes/Tag;)V","open()V","serialize(Lorg/yaml/snakeyaml/nodes/Node;)V","anchorNode(Lorg/yaml/snakeyaml/nodes/Node;)V","serializeNode(Lorg/yaml/snakeyaml/nodes/Node;Lorg/yaml/snakeyaml/nodes/Node;Ljava/lang/Object;)V","close()V"],
"org.yaml.snakeyaml.events.StreamStartEvent": ["StreamStartEvent(Lorg/yaml/snakeyaml/error/Mark;Lorg/yaml/snakeyaml/error/Mark;)V"],
"org.yaml.snakeyaml.events.Event": ["Event(Lorg/yaml/snakeyaml/error/Mark;Lorg/yaml/snakeyaml/error/Mark;)V","getStartMark()Lorg/yaml/snakeyaml/error/Mark;","getEndMark()Lorg/yaml/snakeyaml/error/Mark;"],
"org.yaml.snakeyaml.emitter.Emitter$ExpectFirstDocumentStart": ["Emitter$ExpectFirstDocumentStart(Lorg/yaml/snakeyaml/emitter/Emitter;Lorg/yaml/snakeyaml/emitter/Emitter$1;)V","Emitter$ExpectFirstDocumentStart(Lorg/yaml/snakeyaml/emitter/Emitter;)V","expect()V"],
"org.yaml.snakeyaml.nodes.MappingNode": ["MappingNode(Lorg/yaml/snakeyaml/nodes/Tag;Ljava/util/List;Ljava/lang/Boolean;)V","MappingNode(Lorg/yaml/snakeyaml/nodes/Tag;ZLjava/util/List;Lorg/yaml/snakeyaml/error/Mark;Lorg/yaml/snakeyaml/error/Mark;Ljava/lang/Boolean;)V","getNodeId()Lorg/yaml/snakeyaml/nodes/NodeId;","getValue()Ljava/util/List;","isMerged()Z"],
"org.yaml.snakeyaml.nodes.CollectionNode": ["CollectionNode(Lorg/yaml/snakeyaml/nodes/Tag;Lorg/yaml/snakeyaml/error/Mark;Lorg/yaml/snakeyaml/error/Mark;Ljava/lang/Boolean;)V","setFlowStyle(Ljava/lang/Boolean;)V","getFlowStyle()Ljava/lang/Boolean;","setEndMark(Lorg/yaml/snakeyaml/error/Mark;)V"],
"org.yaml.snakeyaml.nodes.Node": ["Node(Lorg/yaml/snakeyaml/nodes/Tag;Lorg/yaml/snakeyaml/error/Mark;Lorg/yaml/snakeyaml/error/Mark;)V","setTag(Lorg/yaml/snakeyaml/nodes/Tag;)V","getTag()Lorg/yaml/snakeyaml/nodes/Tag;","getStartMark()Lorg/yaml/snakeyaml/error/Mark;","getEndMark()Lorg/yaml/snakeyaml/error/Mark;","hashCode()I","useClassConstructor()Z","isResolved()Z","getType()Ljava/lang/Class;","isTwoStepsConstruction()Z"],
"org.yaml.snakeyaml.nodes.AnchorNode": ["AnchorNode(Lorg/yaml/snakeyaml/nodes/Node;)V"],
"org.yaml.snakeyaml.nodes.ScalarNode": ["ScalarNode(Lorg/yaml/snakeyaml/nodes/Tag;Ljava/lang/String;Lorg/yaml/snakeyaml/error/Mark;Lorg/yaml/snakeyaml/error/Mark;Ljava/lang/Character;)V","ScalarNode(Lorg/yaml/snakeyaml/nodes/Tag;ZLjava/lang/String;Lorg/yaml/snakeyaml/error/Mark;Lorg/yaml/snakeyaml/error/Mark;Ljava/lang/Character;)V","getStyle()Ljava/lang/Character;","getNodeId()Lorg/yaml/snakeyaml/nodes/NodeId;","getValue()Ljava/lang/String;"],
"org.yaml.snakeyaml.nodes.NodeTuple": ["NodeTuple(Lorg/yaml/snakeyaml/nodes/Node;Lorg/yaml/snakeyaml/nodes/Node;)V","getKeyNode()Lorg/yaml/snakeyaml/nodes/Node;","getValueNode()Lorg/yaml/snakeyaml/nodes/Node;"],
"org.yaml.snakeyaml.events.DocumentStartEvent": ["DocumentStartEvent(Lorg/yaml/snakeyaml/error/Mark;Lorg/yaml/snakeyaml/error/Mark;Z[Ljava/lang/Integer;Ljava/util/Map;)V","getVersion()[Ljava/lang/Integer;","getTags()Ljava/util/Map;","getExplicit()Z","is(Lorg/yaml/snakeyaml/events/Event$ID;)Z"],
"org.yaml.snakeyaml.serializer.Serializer$1": ["<clinit>()V"],
"org.yaml.snakeyaml.resolver.Resolver$1": ["<clinit>()V"],
"org.yaml.snakeyaml.events.MappingStartEvent": ["MappingStartEvent(Ljava/lang/String;Ljava/lang/String;ZLorg/yaml/snakeyaml/error/Mark;Lorg/yaml/snakeyaml/error/Mark;Ljava/lang/Boolean;)V","is(Lorg/yaml/snakeyaml/events/Event$ID;)Z"],
"org.yaml.snakeyaml.events.CollectionStartEvent": ["CollectionStartEvent(Ljava/lang/String;Ljava/lang/String;ZLorg/yaml/snakeyaml/error/Mark;Lorg/yaml/snakeyaml/error/Mark;Ljava/lang/Boolean;)V","getTag()Ljava/lang/String;","getImplicit()Z","getFlowStyle()Ljava/lang/Boolean;"],
"org.yaml.snakeyaml.events.NodeEvent": ["NodeEvent(Ljava/lang/String;Lorg/yaml/snakeyaml/error/Mark;Lorg/yaml/snakeyaml/error/Mark;)V","getAnchor()Ljava/lang/String;"],
"org.yaml.snakeyaml.emitter.Emitter$ExpectDocumentStart": ["Emitter$ExpectDocumentStart(Lorg/yaml/snakeyaml/emitter/Emitter;Z)V","expect()V"],
"org.yaml.snakeyaml.emitter.Emitter$ExpectDocumentRoot": ["Emitter$ExpectDocumentRoot(Lorg/yaml/snakeyaml/emitter/Emitter;Lorg/yaml/snakeyaml/emitter/Emitter$1;)V","Emitter$ExpectDocumentRoot(Lorg/yaml/snakeyaml/emitter/Emitter;)V","expect()V"],
"org.yaml.snakeyaml.events.ImplicitTuple": ["ImplicitTuple(ZZ)V","canOmitTagInPlainScalar()Z","canOmitTagInNonPlainScalar()Z"],
"org.yaml.snakeyaml.events.ScalarEvent": ["ScalarEvent(Ljava/lang/String;Ljava/lang/String;Lorg/yaml/snakeyaml/events/ImplicitTuple;Ljava/lang/String;Lorg/yaml/snakeyaml/error/Mark;Lorg/yaml/snakeyaml/error/Mark;Ljava/lang/Character;)V","getTag()Ljava/lang/String;","getValue()Ljava/lang/String;","getStyle()Ljava/lang/Character;","getImplicit()Lorg/yaml/snakeyaml/events/ImplicitTuple;","is(Lorg/yaml/snakeyaml/events/Event$ID;)Z"],
"org.yaml.snakeyaml.emitter.Emitter$ExpectDocumentEnd": ["Emitter$ExpectDocumentEnd(Lorg/yaml/snakeyaml/emitter/Emitter;Lorg/yaml/snakeyaml/emitter/Emitter$1;)V","Emitter$ExpectDocumentEnd(Lorg/yaml/snakeyaml/emitter/Emitter;)V","expect()V"],
"org.yaml.snakeyaml.emitter.Emitter$ExpectFirstBlockMappingKey": ["Emitter$ExpectFirstBlockMappingKey(Lorg/yaml/snakeyaml/emitter/Emitter;Lorg/yaml/snakeyaml/emitter/Emitter$1;)V","Emitter$ExpectFirstBlockMappingKey(Lorg/yaml/snakeyaml/emitter/Emitter;)V","expect()V"],
"org.yaml.snakeyaml.emitter.Emitter$ExpectBlockMappingKey": ["Emitter$ExpectBlockMappingKey(Lorg/yaml/snakeyaml/emitter/Emitter;Z)V","expect()V"],
"org.yaml.snakeyaml.scanner.Constant": ["<clinit>()V","Constant(Ljava/lang/String;)V","has(C)Z","hasNo(C)Z","hasNo(CLjava/lang/String;)Z","has(CLjava/lang/String;)Z"],
"org.yaml.snakeyaml.emitter.ScalarAnalysis": ["ScalarAnalysis(Ljava/lang/String;ZZZZZZZ)V"],
"org.yaml.snakeyaml.emitter.Emitter$ExpectBlockMappingSimpleValue": ["Emitter$ExpectBlockMappingSimpleValue(Lorg/yaml/snakeyaml/emitter/Emitter;Lorg/yaml/snakeyaml/emitter/Emitter$1;)V","Emitter$ExpectBlockMappingSimpleValue(Lorg/yaml/snakeyaml/emitter/Emitter;)V","expect()V"],
"org.yaml.snakeyaml.events.MappingEndEvent": ["MappingEndEvent(Lorg/yaml/snakeyaml/error/Mark;Lorg/yaml/snakeyaml/error/Mark;)V","is(Lorg/yaml/snakeyaml/events/Event$ID;)Z"],
"org.yaml.snakeyaml.events.CollectionEndEvent": ["CollectionEndEvent(Lorg/yaml/snakeyaml/error/Mark;Lorg/yaml/snakeyaml/error/Mark;)V"],
"org.yaml.snakeyaml.events.DocumentEndEvent": ["DocumentEndEvent(Lorg/yaml/snakeyaml/error/Mark;Lorg/yaml/snakeyaml/error/Mark;Z)V","getExplicit()Z"],
"org.yaml.snakeyaml.events.StreamEndEvent": ["StreamEndEvent(Lorg/yaml/snakeyaml/error/Mark;Lorg/yaml/snakeyaml/error/Mark;)V","is(Lorg/yaml/snakeyaml/events/Event$ID;)Z"],
"org.yaml.snakeyaml.emitter.Emitter$ExpectNothing": ["Emitter$ExpectNothing(Lorg/yaml/snakeyaml/emitter/Emitter;Lorg/yaml/snakeyaml/emitter/Emitter$1;)V","Emitter$ExpectNothing(Lorg/yaml/snakeyaml/emitter/Emitter;)V"],
"org.bukkit.util.Vector": ["<clinit>()V","Vector(DDD)V","deserialize(Ljava/util/Map;)Lorg/bukkit/util/Vector;","equals(Ljava/lang/Object;)Z","serialize()Ljava/util/Map;","getX()D","getY()D","getZ()D","Vector()V","setY(D)Lorg/bukkit/util/Vector;","setX(D)Lorg/bukkit/util/Vector;","setZ(D)Lorg/bukkit/util/Vector;","normalize()Lorg/bukkit/util/Vector;","length()D"],
"org.yaml.snakeyaml.reader.StreamReader": ["<clinit>()V","StreamReader(Ljava/lang/String;)V","checkPrintable(Ljava/lang/CharSequence;)V","getMark()Lorg/yaml/snakeyaml/error/Mark;","getIndex()I","peek()C","peek(I)C","forward(I)V","forward()V","update()V","getColumn()I","getLine()I","prefixForward(I)Ljava/lang/String;","prefix(I)Ljava/lang/String;"],
"org.yaml.snakeyaml.parser.ParserImpl": ["<clinit>()V","ParserImpl(Lorg/yaml/snakeyaml/reader/StreamReader;)V","getEvent()Lorg/yaml/snakeyaml/events/Event;","peekEvent()Lorg/yaml/snakeyaml/events/Event;","access$100(Lorg/yaml/snakeyaml/parser/ParserImpl;)Lorg/yaml/snakeyaml/scanner/Scanner;","access$202(Lorg/yaml/snakeyaml/parser/ParserImpl;Lorg/yaml/snakeyaml/parser/Production;)Lorg/yaml/snakeyaml/parser/Production;","checkEvent(Lorg/yaml/snakeyaml/events/Event$ID;)Z","access$700(Lorg/yaml/snakeyaml/parser/ParserImpl;)Lorg/yaml/snakeyaml/util/ArrayStack;","access$1200(Lorg/yaml/snakeyaml/parser/ParserImpl;)Lorg/yaml/snakeyaml/util/ArrayStack;","access$500()Ljava/util/Map;","access$402(Lorg/yaml/snakeyaml/parser/ParserImpl;Ljava/util/Map;)Ljava/util/Map;","access$1400(Lorg/yaml/snakeyaml/parser/ParserImpl;ZZ)Lorg/yaml/snakeyaml/events/Event;","parseNode(ZZ)Lorg/yaml/snakeyaml/events/Event;","access$2300(Lorg/yaml/snakeyaml/parser/ParserImpl;)Lorg/yaml/snakeyaml/events/Event;","parseBlockNodeOrIndentlessSequence()Lorg/yaml/snakeyaml/events/Event;"],
"org.yaml.snakeyaml.scanner.ScannerImpl": ["<clinit>()V","ScannerImpl(Lorg/yaml/snakeyaml/reader/StreamReader;)V","fetchStreamStart()V","getToken()Lorg/yaml/snakeyaml/tokens/Token;","checkToken([Lorg/yaml/snakeyaml/tokens/Token$ID;)Z","needMoreTokens()Z","fetchMoreTokens()V","scanToNextToken()V","scanLineBreak()Ljava/lang/String;","stalePossibleSimpleKeys()V","unwindIndent(I)V","fetchStreamEnd()V","removePossibleSimpleKey()V","checkPlain()Z","fetchPlain()V","savePossibleSimpleKey()V","scanPlain()Lorg/yaml/snakeyaml/tokens/Token;","scanPlainSpaces()Ljava/lang/String;","nextPossibleSimpleKey()I","checkValue()Z","fetchValue()V","addIndent(I)Z","peekToken()Lorg/yaml/snakeyaml/tokens/Token;","checkDocumentStart()Z","checkBlockEntry()Z","fetchBlockEntry()V","fetchSingle()V","fetchFlowScalar(C)V","scanFlowScalar(C)Lorg/yaml/snakeyaml/tokens/Token;","scanFlowScalarNonSpaces(ZLorg/yaml/snakeyaml/error/Mark;)Ljava/lang/String;"],
"org.yaml.snakeyaml.error.Mark": ["Mark(Ljava/lang/String;IIILjava/lang/String;I)V"],
"org.yaml.snakeyaml.tokens.StreamStartToken": ["StreamStartToken(Lorg/yaml/snakeyaml/error/Mark;Lorg/yaml/snakeyaml/error/Mark;)V"],
"org.yaml.snakeyaml.tokens.Token": ["Token(Lorg/yaml/snakeyaml/error/Mark;Lorg/yaml/snakeyaml/error/Mark;)V","getStartMark()Lorg/yaml/snakeyaml/error/Mark;","getEndMark()Lorg/yaml/snakeyaml/error/Mark;"],
"org.yaml.snakeyaml.parser.ParserImpl$ParseStreamStart": ["ParserImpl$ParseStreamStart(Lorg/yaml/snakeyaml/parser/ParserImpl;Lorg/yaml/snakeyaml/parser/ParserImpl$1;)V","ParserImpl$ParseStreamStart(Lorg/yaml/snakeyaml/parser/ParserImpl;)V","produce()Lorg/yaml/snakeyaml/events/Event;"],
"org.yaml.snakeyaml.composer.Composer": ["Composer(Lorg/yaml/snakeyaml/parser/Parser;Lorg/yaml/snakeyaml/resolver/Resolver;)V","getSingleNode()Lorg/yaml/snakeyaml/nodes/Node;","composeDocument()Lorg/yaml/snakeyaml/nodes/Node;","composeNode(Lorg/yaml/snakeyaml/nodes/Node;Ljava/lang/Object;)Lorg/yaml/snakeyaml/nodes/Node;","composeMappingNode(Ljava/lang/String;)Lorg/yaml/snakeyaml/nodes/Node;","composeScalarNode(Ljava/lang/String;)Lorg/yaml/snakeyaml/nodes/Node;","composeSequenceNode(Ljava/lang/String;)Lorg/yaml/snakeyaml/nodes/Node;"],
"org.yaml.snakeyaml.parser.ParserImpl$ParseImplicitDocumentStart": ["ParserImpl$ParseImplicitDocumentStart(Lorg/yaml/snakeyaml/parser/ParserImpl;Lorg/yaml/snakeyaml/parser/ParserImpl$1;)V","ParserImpl$ParseImplicitDocumentStart(Lorg/yaml/snakeyaml/parser/ParserImpl;)V","produce()Lorg/yaml/snakeyaml/events/Event;"],
"org.yaml.snakeyaml.events.Event$ID": ["<clinit>()V","Event$ID(Ljava/lang/String;I)V"],
"org.yaml.snakeyaml.tokens.Token$ID": ["<clinit>()V","Token$ID(Ljava/lang/String;I)V"],
"org.yaml.snakeyaml.tokens.StreamEndToken": ["StreamEndToken(Lorg/yaml/snakeyaml/error/Mark;Lorg/yaml/snakeyaml/error/Mark;)V","getTokenId()Lorg/yaml/snakeyaml/tokens/Token$ID;"],
"org.yaml.snakeyaml.parser.ParserImpl$ParseDocumentStart": ["ParserImpl$ParseDocumentStart(Lorg/yaml/snakeyaml/parser/ParserImpl;Lorg/yaml/snakeyaml/parser/ParserImpl$1;)V","ParserImpl$ParseDocumentStart(Lorg/yaml/snakeyaml/parser/ParserImpl;)V","produce()Lorg/yaml/snakeyaml/events/Event;"],
"org.yaml.snakeyaml.scanner.SimpleKey": ["SimpleKey(IZIIILorg/yaml/snakeyaml/error/Mark;)V","getLine()I","getIndex()I","getTokenNumber()I","getMark()Lorg/yaml/snakeyaml/error/Mark;","getColumn()I","isRequired()Z"],
"org.yaml.snakeyaml.tokens.ScalarToken": ["ScalarToken(Ljava/lang/String;Lorg/yaml/snakeyaml/error/Mark;Lorg/yaml/snakeyaml/error/Mark;Z)V","ScalarToken(Ljava/lang/String;ZLorg/yaml/snakeyaml/error/Mark;Lorg/yaml/snakeyaml/error/Mark;C)V","getTokenId()Lorg/yaml/snakeyaml/tokens/Token$ID;","getPlain()Z","getValue()Ljava/lang/String;","getStyle()C"],
"org.yaml.snakeyaml.tokens.KeyToken": ["KeyToken(Lorg/yaml/snakeyaml/error/Mark;Lorg/yaml/snakeyaml/error/Mark;)V","getTokenId()Lorg/yaml/snakeyaml/tokens/Token$ID;"],
"org.yaml.snakeyaml.tokens.BlockMappingStartToken": ["BlockMappingStartToken(Lorg/yaml/snakeyaml/error/Mark;Lorg/yaml/snakeyaml/error/Mark;)V","getTokenId()Lorg/yaml/snakeyaml/tokens/Token$ID;"],
"org.yaml.snakeyaml.tokens.ValueToken": ["ValueToken(Lorg/yaml/snakeyaml/error/Mark;Lorg/yaml/snakeyaml/error/Mark;)V","getTokenId()Lorg/yaml/snakeyaml/tokens/Token$ID;"],
"org.yaml.snakeyaml.parser.ParserImpl$ParseDocumentEnd": ["ParserImpl$ParseDocumentEnd(Lorg/yaml/snakeyaml/parser/ParserImpl;Lorg/yaml/snakeyaml/parser/ParserImpl$1;)V","ParserImpl$ParseDocumentEnd(Lorg/yaml/snakeyaml/parser/ParserImpl;)V","produce()Lorg/yaml/snakeyaml/events/Event;"],
"org.yaml.snakeyaml.parser.ParserImpl$ParseBlockNode": ["ParserImpl$ParseBlockNode(Lorg/yaml/snakeyaml/parser/ParserImpl;Lorg/yaml/snakeyaml/parser/ParserImpl$1;)V","ParserImpl$ParseBlockNode(Lorg/yaml/snakeyaml/parser/ParserImpl;)V","produce()Lorg/yaml/snakeyaml/events/Event;"],
"org.yaml.snakeyaml.parser.ParserImpl$ParseBlockMappingFirstKey": ["ParserImpl$ParseBlockMappingFirstKey(Lorg/yaml/snakeyaml/parser/ParserImpl;Lorg/yaml/snakeyaml/parser/ParserImpl$1;)V","ParserImpl$ParseBlockMappingFirstKey(Lorg/yaml/snakeyaml/parser/ParserImpl;)V","produce()Lorg/yaml/snakeyaml/events/Event;"],
"org.yaml.snakeyaml.parser.ParserImpl$ParseBlockMappingKey": ["ParserImpl$ParseBlockMappingKey(Lorg/yaml/snakeyaml/parser/ParserImpl;Lorg/yaml/snakeyaml/parser/ParserImpl$1;)V","ParserImpl$ParseBlockMappingKey(Lorg/yaml/snakeyaml/parser/ParserImpl;)V","produce()Lorg/yaml/snakeyaml/events/Event;"],
"org.yaml.snakeyaml.parser.ParserImpl$ParseBlockMappingValue": ["ParserImpl$ParseBlockMappingValue(Lorg/yaml/snakeyaml/parser/ParserImpl;Lorg/yaml/snakeyaml/parser/ParserImpl$1;)V","ParserImpl$ParseBlockMappingValue(Lorg/yaml/snakeyaml/parser/ParserImpl;)V","produce()Lorg/yaml/snakeyaml/events/Event;"],
"org.yaml.snakeyaml.tokens.BlockEndToken": ["BlockEndToken(Lorg/yaml/snakeyaml/error/Mark;Lorg/yaml/snakeyaml/error/Mark;)V","getTokenId()Lorg/yaml/snakeyaml/tokens/Token$ID;"],
"org.yaml.snakeyaml.tokens.BlockEntryToken": ["BlockEntryToken(Lorg/yaml/snakeyaml/error/Mark;Lorg/yaml/snakeyaml/error/Mark;)V","getTokenId()Lorg/yaml/snakeyaml/tokens/Token$ID;"],
"org.yaml.snakeyaml.events.SequenceStartEvent": ["SequenceStartEvent(Ljava/lang/String;Ljava/lang/String;ZLorg/yaml/snakeyaml/error/Mark;Lorg/yaml/snakeyaml/error/Mark;Ljava/lang/Boolean;)V","is(Lorg/yaml/snakeyaml/events/Event$ID;)Z"],
"org.yaml.snakeyaml.parser.ParserImpl$ParseIndentlessSequenceEntry": ["ParserImpl$ParseIndentlessSequenceEntry(Lorg/yaml/snakeyaml/parser/ParserImpl;Lorg/yaml/snakeyaml/parser/ParserImpl$1;)V","ParserImpl$ParseIndentlessSequenceEntry(Lorg/yaml/snakeyaml/parser/ParserImpl;)V","produce()Lorg/yaml/snakeyaml/events/Event;"],
"org.yaml.snakeyaml.nodes.SequenceNode": ["SequenceNode(Lorg/yaml/snakeyaml/nodes/Tag;ZLjava/util/List;Lorg/yaml/snakeyaml/error/Mark;Lorg/yaml/snakeyaml/error/Mark;Ljava/lang/Boolean;)V","getValue()Ljava/util/List;","SequenceNode(Lorg/yaml/snakeyaml/nodes/Tag;Ljava/util/List;Ljava/lang/Boolean;)V","getNodeId()Lorg/yaml/snakeyaml/nodes/NodeId;"],
"org.yaml.snakeyaml.events.SequenceEndEvent": ["SequenceEndEvent(Lorg/yaml/snakeyaml/error/Mark;Lorg/yaml/snakeyaml/error/Mark;)V","is(Lorg/yaml/snakeyaml/events/Event$ID;)Z"],
"org.bukkit.configuration.serialization.ConfigurationSerialization": ["<clinit>()V","registerClass(Ljava/lang/Class;)V","getAlias(Ljava/lang/Class;)Ljava/lang/String;","registerClass(Ljava/lang/Class;Ljava/lang/String;)V","deserializeObject(Ljava/util/Map;)Lorg/bukkit/configuration/serialization/ConfigurationSerializable;","getClassByAlias(Ljava/lang/String;)Ljava/lang/Class;","ConfigurationSerialization(Ljava/lang/Class;)V","deserialize(Ljava/util/Map;)Lorg/bukkit/configuration/serialization/ConfigurationSerializable;","getMethod(Ljava/lang/String;Z)Ljava/lang/reflect/Method;","deserializeViaMethod(Ljava/lang/reflect/Method;Ljava/util/Map;)Lorg/bukkit/configuration/serialization/ConfigurationSerializable;"],
"org.yaml.snakeyaml.emitter.Emitter$ExpectFirstBlockSequenceItem": ["Emitter$ExpectFirstBlockSequenceItem(Lorg/yaml/snakeyaml/emitter/Emitter;Lorg/yaml/snakeyaml/emitter/Emitter$1;)V","Emitter$ExpectFirstBlockSequenceItem(Lorg/yaml/snakeyaml/emitter/Emitter;)V","expect()V"],
"org.yaml.snakeyaml.emitter.Emitter$ExpectBlockSequenceItem": ["Emitter$ExpectBlockSequenceItem(Lorg/yaml/snakeyaml/emitter/Emitter;Z)V","expect()V"],
"org.yaml.snakeyaml.emitter.Emitter$ExpectFirstFlowMappingKey": ["Emitter$ExpectFirstFlowMappingKey(Lorg/yaml/snakeyaml/emitter/Emitter;Lorg/yaml/snakeyaml/emitter/Emitter$1;)V","Emitter$ExpectFirstFlowMappingKey(Lorg/yaml/snakeyaml/emitter/Emitter;)V","expect()V"],
"org.bukkit.util.NumberConversions": ["toInt(Ljava/lang/Object;)I","toLong(Ljava/lang/Object;)J","toDouble(Ljava/lang/Object;)D","square(D)D","toByte(Ljava/lang/Object;)B","toFloat(Ljava/lang/Object;)F","toShort(Ljava/lang/Object;)S"],
"org.bukkit.Material": ["<clinit>()V","Material(Ljava/lang/String;III)V","Material(Ljava/lang/String;IIILjava/lang/Class;)V","Material(Ljava/lang/String;IIIILjava/lang/Class;)V","Material(Ljava/lang/String;II)V","Material(Ljava/lang/String;IILjava/lang/Class;)V","Material(Ljava/lang/String;IIII)V","$values()[Lorg/bukkit/Material;"],
"org.bukkit.Color": ["<clinit>()V","fromRGB(I)Lorg/bukkit/Color;","fromRGB(III)Lorg/bukkit/Color;","Color(III)V","fromBGR(I)Lorg/bukkit/Color;","serialize()Ljava/util/Map;","getRed()I","getBlue()I","getGreen()I","asBGR()I","fromBGR(III)Lorg/bukkit/Color;","asRGB()I","equals(Ljava/lang/Object;)Z","setBlue(I)Lorg/bukkit/Color;","setGreen(I)Lorg/bukkit/Color;","setRed(I)Lorg/bukkit/Color;"],
"org.bukkit.util.StringUtil": ["copyPartialMatches(Ljava/lang/String;Ljava/lang/Iterable;Ljava/util/Collection;)Ljava/util/Collection;","startsWithIgnoreCase(Ljava/lang/String;Ljava/lang/String;)Z"],
"org.bukkit.CropState": ["<clinit>()V","CropState(Ljava/lang/String;II)V","$values()[Lorg/bukkit/CropState;"],
"org.bukkit.GrassSpecies": ["<clinit>()V","GrassSpecies(Ljava/lang/String;II)V","$values()[Lorg/bukkit/GrassSpecies;"],
"org.bukkit.TreeSpecies": ["<clinit>()V","TreeSpecies(Ljava/lang/String;II)V","$values()[Lorg/bukkit/TreeSpecies;"],
"org.bukkit.WorldType": ["<clinit>()V","WorldType(Ljava/lang/String;ILjava/lang/String;)V","$values()[Lorg/bukkit/WorldType;"],
"org.bukkit.plugin.PluginBase": ["PluginBase()V","hashCode()I","getName()Ljava/lang/String;","equals(Ljava/lang/Object;)Z"],
"org.bukkit.event.player.PlayerInteractEvent": ["<clinit>()V","PlayerInteractEvent(Lorg/bukkit/entity/Player;Lorg/bukkit/event/block/Action;Lorg/bukkit/inventory/ItemStack;Lorg/bukkit/block/Block;Lorg/bukkit/block/BlockFace;)V","isCancelled()Z","useInteractedBlock()Lorg/bukkit/event/Event$Result;"],
"org.bukkit.event.HandlerList": ["<clinit>()V","HandlerList()V"],
"org.bukkit.event.EventPriority": ["<clinit>()V","EventPriority(Ljava/lang/String;II)V","$values()[Lorg/bukkit/event/EventPriority;","values()[Lorg/bukkit/event/EventPriority;"],
"org.bukkit.event.player.PlayerEvent": ["PlayerEvent(Lorg/bukkit/entity/Player;)V"],
"org.bukkit.event.Event": ["Event()V","Event(Z)V","isAsynchronous()Z"],
"org.bukkit.event.Event$Result": ["<clinit>()V","Event$Result(Ljava/lang/String;I)V","$values()[Lorg/bukkit/event/Event$Result;"],
"org.bukkit.event.player.PlayerMoveEvent": ["<clinit>()V","PlayerMoveEvent(Lorg/bukkit/entity/Player;Lorg/bukkit/Location;Lorg/bukkit/Location;)V","isCancelled()Z"],
"org.bukkit.event.block.BlockExpEvent": ["<clinit>()V","BlockExpEvent(Lorg/bukkit/block/Block;I)V"],
"org.bukkit.event.block.BlockBreakEvent": ["BlockBreakEvent(Lorg/bukkit/block/Block;Lorg/bukkit/entity/Player;)V","isCancelled()Z"],
"org.bukkit.event.block.BlockEvent": ["BlockEvent(Lorg/bukkit/block/Block;)V"],
"org.bukkit.plugin.TimedRegisteredListener": ["TimedRegisteredListener(Lorg/bukkit/event/Listener;Lorg/bukkit/plugin/EventExecutor;Lorg/bukkit/event/EventPriority;Lorg/bukkit/plugin/Plugin;Z)V","callEvent(Lorg/bukkit/event/Event;)V","getEventClass()Ljava/lang/Class;","getCommonSuperclass(Ljava/lang/Class;Ljava/lang/Class;)Ljava/lang/Class;"],
"org.bukkit.plugin.RegisteredListener": ["RegisteredListener(Lorg/bukkit/event/Listener;Lorg/bukkit/plugin/EventExecutor;Lorg/bukkit/event/EventPriority;Lorg/bukkit/plugin/Plugin;Z)V","callEvent(Lorg/bukkit/event/Event;)V","isIgnoringCancelled()Z"],
"org.bukkit.plugin.messaging.StandardMessenger": ["StandardMessenger()V","registerOutgoingPluginChannel(Lorg/bukkit/plugin/Plugin;Ljava/lang/String;)V","validateChannel(Ljava/lang/String;)V","isReservedChannel(Ljava/lang/String;)Z","registerIncomingPluginChannel(Lorg/bukkit/plugin/Plugin;Ljava/lang/String;Lorg/bukkit/plugin/messaging/PluginMessageListener;)Lorg/bukkit/plugin/messaging/PluginMessageListenerRegistration;","addToIncoming(Lorg/bukkit/plugin/messaging/PluginMessageListenerRegistration;)V","isOutgoingChannelRegistered(Lorg/bukkit/plugin/Plugin;Ljava/lang/String;)Z","addToOutgoing(Lorg/bukkit/plugin/Plugin;Ljava/lang/String;)V","getOutgoingChannels()Ljava/util/Set;","getIncomingChannels()Ljava/util/Set;"],
"org.bukkit.plugin.messaging.ReservedChannelException": ["ReservedChannelException(Ljava/lang/String;)V"],
"org.bukkit.plugin.messaging.PluginMessageListenerRegistration": ["PluginMessageListenerRegistration(Lorg/bukkit/plugin/messaging/Messenger;Lorg/bukkit/plugin/Plugin;Ljava/lang/String;Lorg/bukkit/plugin/messaging/PluginMessageListener;)V","getChannel()Ljava/lang/String;","hashCode()I"],
"org.bukkit.plugin.PluginDescriptionFile": ["<clinit>()V","PluginDescriptionFile(Ljava/lang/String;Ljava/lang/String;Ljava/lang/String;)V"],
"org.bukkit.plugin.PluginDescriptionFile$1": ["PluginDescriptionFile$1()V"],
"org.bukkit.Instrument": ["<clinit>()V","Instrument(Ljava/lang/String;II)V","$values()[Lorg/bukkit/Instrument;"],
"com.google.common.collect.ImmutableCollection": ["<clinit>()V","ImmutableCollection()V"],
"com.google.common.collect.ImmutableSet": ["copyOf(Ljava/util/Collection;)Lcom/google/common/collect/ImmutableSet;","construct(I[Ljava/lang/Object;)Lcom/google/common/collect/ImmutableSet;","of()Lcom/google/common/collect/ImmutableSet;","ImmutableSet()V"],
"com.google.common.collect.RegularImmutableSet": ["<clinit>()V","RegularImmutableSet([Ljava/lang/Object;I[Ljava/lang/Object;II)V","size()I"],
"org.bukkit.DyeColor": ["<clinit>()V","DyeColor(Ljava/lang/String;IIILorg/bukkit/Color;Lorg/bukkit/Color;)V","$values()[Lorg/bukkit/DyeColor;","values()[Lorg/bukkit/DyeColor;"],
"org.bukkit.GameMode": ["<clinit>()V","GameMode(Ljava/lang/String;II)V","$values()[Lorg/bukkit/GameMode;"],
"org.bukkit.ChatColor": ["<clinit>()V","ChatColor(Ljava/lang/String;ICI)V","ChatColor(Ljava/lang/String;ICIZ)V","$values()[Lorg/bukkit/ChatColor;"],
"org.bukkit.CoalType": ["<clinit>()V","CoalType(Ljava/lang/String;II)V","$values()[Lorg/bukkit/CoalType;"],
"org.bukkit.Difficulty": ["<clinit>()V","Difficulty(Ljava/lang/String;II)V","$values()[Lorg/bukkit/Difficulty;"],
"org.bukkit.conversations.NullConversationPrefix": ["NullConversationPrefix()V","getPrefix(Lorg/bukkit/conversations/ConversationContext;)Ljava/lang/String;"],
"org.bukkit.conversations.ConversationFactory": ["ConversationFactory(Lorg/bukkit/plugin/Plugin;)V","withFirstPrompt(Lorg/bukkit/conversations/Prompt;)Lorg/bukkit/conversations/ConversationFactory;","withModality(Z)Lorg/bukkit/conversations/ConversationFactory;","withPrefix(Lorg/bukkit/conversations/ConversationPrefix;)Lorg/bukkit/conversations/ConversationFactory;","buildConversation(Lorg/bukkit/conversations/Conversable;)Lorg/bukkit/conversations/Conversation;","thatExcludesNonPlayersWithMessage(Ljava/lang/String;)Lorg/bukkit/conversations/ConversationFactory;"],
"org.bukkit.conversations.Prompt": ["<clinit>()V"],
"org.bukkit.conversations.StringPrompt": ["StringPrompt()V","blocksForInput(Lorg/bukkit/conversations/ConversationContext;)Z"],
"org.bukkit.conversations.Conversation": ["Conversation(Lorg/bukkit/plugin/Plugin;Lorg/bukkit/conversations/Conversable;Lorg/bukkit/conversations/Prompt;Ljava/util/Map;)V","setModal(Z)V","setLocalEchoEnabled(Z)V","setPrefix(Lorg/bukkit/conversations/ConversationPrefix;)V","getForWhom()Lorg/bukkit/conversations/Conversable;","isModal()Z","getPrefix()Lorg/bukkit/conversations/ConversationPrefix;","begin()V","outputNextPrompt()V","acceptInput(Ljava/lang/String;)V","getContext()Lorg/bukkit/conversations/ConversationContext;","abandon(Lorg/bukkit/conversations/ConversationAbandonedEvent;)V","Conversation(Lorg/bukkit/plugin/Plugin;Lorg/bukkit/conversations/Conversable;Lorg/bukkit/conversations/Prompt;)V","addConversationCanceller(Lorg/bukkit/conversations/ConversationCanceller;)V"],
"org.bukkit.conversations.ConversationContext": ["ConversationContext(Lorg/bukkit/plugin/Plugin;Lorg/bukkit/conversations/Conversable;Ljava/util/Map;)V","getForWhom()Lorg/bukkit/conversations/Conversable;","setSessionData(Ljava/lang/Object;Ljava/lang/Object;)V","getSessionData(Ljava/lang/Object;)Ljava/lang/Object;","getPlugin()Lorg/bukkit/plugin/Plugin;"],
"org.bukkit.conversations.MessagePrompt": ["MessagePrompt()V","blocksForInput(Lorg/bukkit/conversations/ConversationContext;)Z","acceptInput(Lorg/bukkit/conversations/ConversationContext;Ljava/lang/String;)Lorg/bukkit/conversations/Prompt;"],
"org.bukkit.conversations.ConversationAbandonedEvent": ["ConversationAbandonedEvent(Lorg/bukkit/conversations/Conversation;)V","ConversationAbandonedEvent(Lorg/bukkit/conversations/Conversation;Lorg/bukkit/conversations/ConversationCanceller;)V"],
"org.bukkit.conversations.ExactMatchConversationCanceller": ["ExactMatchConversationCanceller(Ljava/lang/String;)V","setConversation(Lorg/bukkit/conversations/Conversation;)V","cancelBasedOnInput(Lorg/bukkit/conversations/ConversationContext;Ljava/lang/String;)Z"],
"org.bukkit.conversations.ConversationFactory$NotPlayerMessagePrompt": ["ConversationFactory$NotPlayerMessagePrompt(Lorg/bukkit/conversations/ConversationFactory;Lorg/bukkit/conversations/ConversationFactory$1;)V","ConversationFactory$NotPlayerMessagePrompt(Lorg/bukkit/conversations/ConversationFactory;)V","getPromptText(Lorg/bukkit/conversations/ConversationContext;)Ljava/lang/String;","getNextPrompt(Lorg/bukkit/conversations/ConversationContext;)Lorg/bukkit/conversations/Prompt;"],
"org.bukkit.conversations.BooleanPrompt": ["BooleanPrompt()V","isInputValid(Lorg/bukkit/conversations/ConversationContext;Ljava/lang/String;)Z","acceptValidatedInput(Lorg/bukkit/conversations/ConversationContext;Ljava/lang/String;)Lorg/bukkit/conversations/Prompt;"],
"org.bukkit.conversations.ValidatingPrompt": ["ValidatingPrompt()V","acceptInput(Lorg/bukkit/conversations/ConversationContext;Ljava/lang/String;)Lorg/bukkit/conversations/Prompt;"],
"org.apache.commons.lang.ArrayUtils": ["<clinit>()V","contains([Ljava/lang/Object;Ljava/lang/Object;)Z","indexOf([Ljava/lang/Object;Ljava/lang/Object;)I","indexOf([Ljava/lang/Object;Ljava/lang/Object;I)I"],
"org.apache.commons.lang.BooleanUtils": ["toBoolean(Ljava/lang/String;)Z"],
"org.bukkit.conversations.NumericPrompt": ["NumericPrompt()V","isInputValid(Lorg/bukkit/conversations/ConversationContext;Ljava/lang/String;)Z","isNumberValid(Lorg/bukkit/conversations/ConversationContext;Ljava/lang/Number;)Z","acceptValidatedInput(Lorg/bukkit/conversations/ConversationContext;Ljava/lang/String;)Lorg/bukkit/conversations/Prompt;"],
"org.apache.commons.lang.math.NumberUtils": ["<clinit>()V","isNumber(Ljava/lang/String;)Z","createNumber(Ljava/lang/String;)Ljava/lang/Number;","createInteger(Ljava/lang/String;)Ljava/lang/Integer;"],
"org.apache.commons.lang.StringUtils": ["isEmpty(Ljava/lang/String;)Z","isBlank(Ljava/lang/String;)Z"],
"org.bukkit.conversations.RegexPrompt": ["RegexPrompt(Ljava/lang/String;)V","RegexPrompt(Ljava/util/regex/Pattern;)V","isInputValid(Lorg/bukkit/conversations/ConversationContext;Ljava/lang/String;)Z"],
"org.bukkit.conversations.FixedSetPrompt": ["FixedSetPrompt([Ljava/lang/String;)V","isInputValid(Lorg/bukkit/conversations/ConversationContext;Ljava/lang/String;)Z"],
"org.bukkit.Location": ["Location(Lorg/bukkit/World;DDD)V","Location(Lorg/bukkit/World;DDDFF)V","setPitch(F)V","setYaw(F)V","getDirection()Lorg/bukkit/util/Vector;","getYaw()F","getPitch()F","setDirection(Lorg/bukkit/util/Vector;)Lorg/bukkit/Location;"],
"com.google.common.collect.Lists$TransformingRandomAccessList": ["Lists$TransformingRandomAccessList(Ljava/util/List;Lcom/google/common/base/Function;)V","iterator()Ljava/util/Iterator;","listIterator(I)Ljava/util/ListIterator;"],
"com.google.common.base.Preconditions": ["checkNotNull(Ljava/lang/Object;)Ljava/lang/Object;"],
"org.bukkit.Effect": ["<clinit>()V","Effect(Ljava/lang/String;IILorg/bukkit/Effect$Type;)V","Effect(Ljava/lang/String;IILorg/bukkit/Effect$Type;Ljava/lang/Class;)V","$values()[Lorg/bukkit/Effect;"],
"org.bukkit.Effect$Type": ["<clinit>()V","Effect$Type(Ljava/lang/String;I)V","$values()[Lorg/bukkit/Effect$Type;"],
"org.bukkit.util.ChatPaginator": ["wordWrap(Ljava/lang/String;I)[Ljava/lang/String;","paginate(Ljava/lang/String;III)Lorg/bukkit/util/ChatPaginator$ChatPage;"],
"org.bukkit.event.player.PlayerChatTabCompleteEvent": ["<clinit>()V"],
"org.bukkit.metadata.MetadataStoreBase": ["MetadataStoreBase()V","setMetadata(Ljava/lang/Object;Ljava/lang/String;Lorg/bukkit/metadata/MetadataValue;)V","hasMetadata(Ljava/lang/Object;Ljava/lang/String;)Z","getMetadata(Ljava/lang/Object;Ljava/lang/String;)Ljava/util/List;"],
"org.bukkit.metadata.LazyMetadataValue": ["<clinit>()V","LazyMetadataValue(Lorg/bukkit/plugin/Plugin;)V","LazyMetadataValue(Lorg/bukkit/plugin/Plugin;Ljava/util/concurrent/Callable;)V","LazyMetadataValue(Lorg/bukkit/plugin/Plugin;Lorg/bukkit/metadata/LazyMetadataValue$CacheStrategy;Ljava/util/concurrent/Callable;)V","value()Ljava/lang/Object;","eval()V","invalidate()V"],
"org.bukkit.metadata.FixedMetadataValue": ["FixedMetadataValue(Lorg/bukkit/plugin/Plugin;Ljava/lang/Object;)V","value()Ljava/lang/Object;","invalidate()V"],
"org.bukkit.metadata.MetadataValueAdapter": ["MetadataValueAdapter(Lorg/bukkit/plugin/Plugin;)V","getOwningPlugin()Lorg/bukkit/plugin/Plugin;","asInt()I","asBoolean()Z","asByte()B","asFloat()F","asDouble()D","asLong()J","asShort()S","asString()Ljava/lang/String;"],
"org.bukkit.metadata.LazyMetadataValue$CacheStrategy": ["<clinit>()V","LazyMetadataValue$CacheStrategy(Ljava/lang/String;I)V","$values()[Lorg/bukkit/metadata/LazyMetadataValue$CacheStrategy;"],
"org.bukkit.metadata.MetadataEvaluationException": ["MetadataEvaluationException(Ljava/lang/Throwable;)V"],
"org.bukkit.potion.PotionType": ["<clinit>()V","PotionType(Ljava/lang/String;IILorg/bukkit/potion/PotionEffectType;I)V","$values()[Lorg/bukkit/potion/PotionType;","getDamageValue()I","getByDamageValue(I)Lorg/bukkit/potion/PotionType;","values()[Lorg/bukkit/potion/PotionType;","getMaxLevel()I","isInstant()Z"],
"org.bukkit.potion.PotionEffectType": ["<clinit>()V","PotionEffectType(I)V","registerPotionEffectType(Lorg/bukkit/potion/PotionEffectType;)V","getId()I","getById(I)Lorg/bukkit/potion/PotionEffectType;"],
"org.bukkit.potion.PotionEffectTypeWrapper": ["PotionEffectTypeWrapper(I)V","isInstant()Z","getType()Lorg/bukkit/potion/PotionEffectType;"],
"org.bukkit.potion.Potion": ["Potion(Lorg/bukkit/potion/PotionType;)V","Potion(Lorg/bukkit/potion/PotionType;I)V","toItemStack(I)Lorg/bukkit/inventory/ItemStack;","Potion(I)V","getNameId()I","isSplash()Z","hasExtendedDuration()Z","getType()Lorg/bukkit/potion/PotionType;","toDamageValue()S","setLevel(I)V","getLevel()I","setHasExtendedDuration(Z)V","setSplash(Z)V","apply(Lorg/bukkit/inventory/ItemStack;)V","fromDamage(I)Lorg/bukkit/potion/Potion;","equals(Ljava/lang/Object;)Z","apply(Lorg/bukkit/entity/LivingEntity;)V","splash()Lorg/bukkit/potion/Potion;"],
"org.bukkit.EntityEffect": ["<clinit>()V","EntityEffect(Ljava/lang/String;II)V","$values()[Lorg/bukkit/EntityEffect;"],
"org.bukkit.Art": ["<clinit>()V","Art(Ljava/lang/String;IIII)V","$values()[Lorg/bukkit/Art;"]
}