BloatedClass,org.slf4j.impl.StaticMarkerBinder,SINGLETON
BloatedClass,org.slf4j.impl.StaticMDCBinder,SINGLETON
BloatedClass,org.slf4j.impl.Log4jLoggerFactory,CLASS
PreservedClass,org.slf4j.impl.Log4jLoggerAdapter,CONSTANT
BloatedClass,org.slf4j.impl.StaticLoggerBinder,SINGLETON
BloatedClass,org.slf4j.impl.Log4jMDCAdapter,CLASS
PreservedClass,org.slf4j.Logger,INTERFACE
PreservedClass,org.slf4j.spi.LoggerFactoryBinder,INTERFACE
PreservedClass,org.slf4j.spi.LocationAwareLogger,INTERFACE
PreservedClass,org.slf4j.spi.MarkerFactoryBinder,INTERFACE
PreservedClass,org.slf4j.spi.MDCAdapter,INTERFACE
PreservedClass,org.slf4j.LoggerFactory,CONSTANT
BloatedClass,org.slf4j.MarkerFactory,SINGLETON
PreservedClass,org.slf4j.ILoggerFactory,INTERFACE
PreservedClass,org.slf4j.Marker,INTERFACE
BloatedClass,org.slf4j.MDC,SINGLETON
BloatedClass,org.slf4j.helpers.FormattingTuple,CLASS
BloatedClass,org.slf4j.helpers.BasicMarkerFactory,CLASS
BloatedClass,org.slf4j.helpers.NOPLogger,SINGLETON
BloatedClass,org.slf4j.helpers.NOPMDCAdapter,CLASS
PreservedClass,org.slf4j.helpers.MessageFormatter,CONSTANT
BloatedClass,org.slf4j.helpers.BasicMDCAdapter,CLASS
BloatedClass,org.slf4j.helpers.NOPLoggerFactory,CLASS
BloatedClass,org.slf4j.helpers.BasicMarker,SINGLETON
BloatedClass,org.slf4j.helpers.Util,CLASS
BloatedClass,org.slf4j.helpers.SubstituteLoggerFactory,CLASS
BloatedClass,org.slf4j.helpers.NamedLoggerBase,CLASS_ABSTRACT
BloatedClass,org.slf4j.helpers.MarkerIgnoringBase,CLASS_ABSTRACT
PreservedClass,org.slf4j.IMarkerFactory,INTERFACE
PreservedClass,org.apache.commons.imaging.ImageInfo$ColorType,ENUM
BloatedClass,org.apache.commons.imaging.formats.dcx.DcxImageParser,CLASS
BloatedClass,org.apache.commons.imaging.formats.dcx.DcxImageParser$DcxHeader,SINGLETON
PreservedClass,org.apache.commons.imaging.formats.icns.IcnsType,ENUM
PreservedClass,org.apache.commons.imaging.formats.icns.Rle24Compression,CONSTANT
PreservedClass,org.apache.commons.imaging.formats.icns.IcnsDecoder,CONSTANT
BloatedClass,org.apache.commons.imaging.formats.icns.IcnsImageParser$IcnsContents,SINGLETON
BloatedClass,org.apache.commons.imaging.formats.icns.IcnsImageParser$IcnsElement,SINGLETON
BloatedClass,org.apache.commons.imaging.formats.icns.IcnsImageParser,CLASS
BloatedClass,org.apache.commons.imaging.formats.icns.IcnsImageParser$IcnsHeader,SINGLETON
BloatedClass,org.apache.commons.imaging.formats.psd.PsdHeaderInfo,CLASS
BloatedClass,org.apache.commons.imaging.formats.psd.datareaders.CompressedDataReader,CLASS
BloatedClass,org.apache.commons.imaging.formats.psd.datareaders.UncompressedDataReader,CLASS
PreservedClass,org.apache.commons.imaging.formats.psd.datareaders.DataReader,INTERFACE
BloatedClass,org.apache.commons.imaging.formats.psd.PsdImageParser,CLASS
BloatedClass,org.apache.commons.imaging.formats.psd.dataparsers.DataParserGrayscale,CLASS
BloatedClass,org.apache.commons.imaging.formats.psd.dataparsers.DataParserCmyk,CLASS
BloatedClass,org.apache.commons.imaging.formats.psd.dataparsers.DataParserBitmap,CLASS
BloatedClass,org.apache.commons.imaging.formats.psd.dataparsers.DataParser,CLASS_ABSTRACT
BloatedClass,org.apache.commons.imaging.formats.psd.dataparsers.DataParserStub,CLASS
BloatedClass,org.apache.commons.imaging.formats.psd.dataparsers.DataParserRgb,CLASS
BloatedClass,org.apache.commons.imaging.formats.psd.dataparsers.DataParserLab,CLASS
BloatedClass,org.apache.commons.imaging.formats.psd.dataparsers.DataParserIndexed,CLASS
BloatedClass,org.apache.commons.imaging.formats.psd.ImageResourceType,SINGLETON
BloatedClass,org.apache.commons.imaging.formats.psd.ImageResourceBlock,SINGLETON
BloatedClass,org.apache.commons.imaging.formats.psd.PsdImageContents,CLASS
BloatedClass,org.apache.commons.imaging.formats.png.transparencyfilters.TransparencyFilter,CLASS_ABSTRACT
BloatedClass,org.apache.commons.imaging.formats.png.transparencyfilters.TransparencyFilterTrueColor,CLASS
BloatedClass,org.apache.commons.imaging.formats.png.transparencyfilters.TransparencyFilterIndexedColor,CLASS
BloatedClass,org.apache.commons.imaging.formats.png.transparencyfilters.TransparencyFilterGrayscale,CLASS
BloatedClass,org.apache.commons.imaging.formats.png.PngImageInfo,SINGLETON
BloatedClass,org.apache.commons.imaging.formats.png.scanlinefilters.ScanlineFilterSub,CLASS
BloatedClass,org.apache.commons.imaging.formats.png.scanlinefilters.ScanlineFilterAverage,CLASS
BloatedClass,org.apache.commons.imaging.formats.png.scanlinefilters.ScanlineFilterUp,CLASS
BloatedClass,org.apache.commons.imaging.formats.png.scanlinefilters.ScanlineFilterNone,CLASS
BloatedClass,org.apache.commons.imaging.formats.png.scanlinefilters.ScanlineFilterPaeth,CLASS
PreservedClass,org.apache.commons.imaging.formats.png.scanlinefilters.ScanlineFilter,INTERFACE
BloatedClass,org.apache.commons.imaging.formats.png.PhysicalScale,SINGLETON
BloatedClass,org.apache.commons.imaging.formats.png.ScanExpediterSimple,SINGLETON
BloatedClass,org.apache.commons.imaging.formats.png.PngWriter$ImageHeader,SINGLETON
BloatedClass,org.apache.commons.imaging.formats.png.PngText$Ztxt,CLASS
BloatedClass,org.apache.commons.imaging.formats.png.PngImageParser$1,SINGLETON
BloatedClass,org.apache.commons.imaging.formats.png.PngText$Text,CLASS
BloatedClass,org.apache.commons.imaging.formats.png.ScanExpediterInterlaced,SINGLETON
BloatedClass,org.apache.commons.imaging.formats.png.GammaCorrection,CLASS
PreservedClass,org.apache.commons.imaging.formats.png.FilterType,ENUM
BloatedClass,org.apache.commons.imaging.formats.png.PngText$Itxt,CLASS
BloatedClass,org.apache.commons.imaging.formats.png.chunks.PngChunk,CLASS
BloatedClass,org.apache.commons.imaging.formats.png.chunks.PngChunkIccp,CLASS
BloatedClass,org.apache.commons.imaging.formats.png.chunks.PngChunkPhys,CLASS
BloatedClass,org.apache.commons.imaging.formats.png.chunks.PngChunkGama,CLASS
BloatedClass,org.apache.commons.imaging.formats.png.chunks.PngChunkIdat,CLASS
BloatedClass,org.apache.commons.imaging.formats.png.chunks.PngTextChunk,CLASS_ABSTRACT
BloatedClass,org.apache.commons.imaging.formats.png.chunks.PngChunkZtxt,UNKNOWN
BloatedClass,org.apache.commons.imaging.formats.png.chunks.PngChunkText,UNKNOWN
BloatedClass,org.apache.commons.imaging.formats.png.chunks.PngChunkPlte,UNKNOWN
BloatedClass,org.apache.commons.imaging.formats.png.chunks.PngChunkIhdr,CLASS
BloatedClass,org.apache.commons.imaging.formats.png.chunks.PngChunkScal,CLASS
BloatedClass,org.apache.commons.imaging.formats.png.chunks.PngChunkItxt,UNKNOWN
PreservedClass,org.apache.commons.imaging.formats.png.ChunkType,ENUM
PreservedClass,org.apache.commons.imaging.formats.png.PngConstants,CONSTANT
PreservedClass,org.apache.commons.imaging.formats.png.InterlaceMethod,ENUM
PreservedClass,org.apache.commons.imaging.formats.png.PngColorType,ENUM
BloatedClass,org.apache.commons.imaging.formats.png.PngText,CLASS_ABSTRACT
BloatedClass,org.apache.commons.imaging.formats.png.PngImageParser,UNKNOWN
BloatedClass,org.apache.commons.imaging.formats.png.ScanExpediter$1,SINGLETON
BloatedClass,org.apache.commons.imaging.formats.png.BitParser,SINGLETON
BloatedClass,org.apache.commons.imaging.formats.png.ScanExpediter,CLASS_ABSTRACT
BloatedClass,org.apache.commons.imaging.formats.png.PngWriter,SINGLETON
BloatedClass,org.apache.commons.imaging.formats.png.PngCrc,SINGLETON
BloatedClass,org.apache.commons.imaging.formats.png.PngWriter$TransparentPalette,SINGLETON
BloatedClass,org.apache.commons.imaging.formats.pcx.PcxImageParser,CLASS
BloatedClass,org.apache.commons.imaging.formats.pcx.RleWriter,SINGLETON
BloatedClass,org.apache.commons.imaging.formats.pcx.PcxWriter,SINGLETON
BloatedClass,org.apache.commons.imaging.formats.pcx.PcxImageParser$PcxHeader,SINGLETON
PreservedClass,org.apache.commons.imaging.formats.pcx.PcxConstants,CONSTANT
BloatedClass,org.apache.commons.imaging.formats.pcx.RleReader,SINGLETON
BloatedClass,org.apache.commons.imaging.formats.wbmp.WbmpImageParser$WbmpHeader,SINGLETON
BloatedClass,org.apache.commons.imaging.formats.wbmp.WbmpImageParser,CLASS
BloatedClass,org.apache.commons.imaging.formats.rgbe.RgbeInfo,SINGLETON
BloatedClass,org.apache.commons.imaging.formats.rgbe.RgbeImageParser,CLASS
BloatedClass,org.apache.commons.imaging.formats.rgbe.InfoHeaderReader,SINGLETON
BloatedClass,org.apache.commons.imaging.formats.jpeg.JpegUtils,CLASS
BloatedClass,org.apache.commons.imaging.formats.jpeg.JpegImageParser$3,SINGLETON
BloatedClass,org.apache.commons.imaging.formats.jpeg.JpegImageParser$1,SINGLETON
BloatedClass,org.apache.commons.imaging.formats.jpeg.JpegImageParser$5,SINGLETON
PreservedClass,org.apache.commons.imaging.formats.jpeg.JpegConstants,CONSTANT
BloatedClass,org.apache.commons.imaging.formats.jpeg.JpegImageParser$2,SINGLETON
PreservedClass,org.apache.commons.imaging.formats.jpeg.decoder.Block,CONSTANT
PreservedClass,org.apache.commons.imaging.formats.jpeg.decoder.Dct,CONSTANT
BloatedClass,org.apache.commons.imaging.formats.jpeg.decoder.JpegDecoder,CLASS
PreservedClass,org.apache.commons.imaging.formats.jpeg.decoder.ZigZag,CONSTANT
BloatedClass,org.apache.commons.imaging.formats.jpeg.decoder.JpegInputStream,SINGLETON
PreservedClass,org.apache.commons.imaging.formats.jpeg.decoder.YCbCrConverter,CONSTANT
BloatedClass,org.apache.commons.imaging.formats.jpeg.xmp.JpegXmpRewriter,CLASS
BloatedClass,org.apache.commons.imaging.formats.jpeg.xmp.JpegRewriter$JFIFPieceImageData,SINGLETON
BloatedClass,org.apache.commons.imaging.formats.jpeg.xmp.JpegRewriter,CLASS
PreservedClass,org.apache.commons.imaging.formats.jpeg.xmp.JpegRewriter$JpegSegmentOverflowException,EXCEPTION
BloatedClass,org.apache.commons.imaging.formats.jpeg.xmp.JpegRewriter$JFIFPiece,CLASS_ABSTRACT
BloatedClass,org.apache.commons.imaging.formats.jpeg.xmp.JpegXmpParser,CLASS
BloatedClass,org.apache.commons.imaging.formats.jpeg.xmp.JpegRewriter$JFIFPieceSegment,CLASS
BloatedClass,org.apache.commons.imaging.formats.jpeg.xmp.JpegRewriter$2,SINGLETON
BloatedClass,org.apache.commons.imaging.formats.jpeg.xmp.JpegRewriter$4,SINGLETON
BloatedClass,org.apache.commons.imaging.formats.jpeg.xmp.JpegRewriter$JFIFPieces,CLASS
BloatedClass,org.apache.commons.imaging.formats.jpeg.xmp.JpegRewriter$1,SINGLETON
BloatedClass,org.apache.commons.imaging.formats.jpeg.xmp.JpegRewriter$3,SINGLETON
PreservedClass,org.apache.commons.imaging.formats.jpeg.xmp.JpegRewriter$SegmentFilter,INTERFACE
BloatedClass,org.apache.commons.imaging.formats.jpeg.JpegImageParser$4,SINGLETON
BloatedClass,org.apache.commons.imaging.formats.jpeg.JpegUtils$1,SINGLETON
BloatedClass,org.apache.commons.imaging.formats.jpeg.JpegPhotoshopMetadata,CLASS
BloatedClass,org.apache.commons.imaging.formats.jpeg.iptc.IptcParser$1,SINGLETON
PreservedClass,org.apache.commons.imaging.formats.jpeg.iptc.IptcTypeLookup,CONSTANT
BloatedClass,org.apache.commons.imaging.formats.jpeg.iptc.PhotoshopApp13Data,CLASS
PreservedClass,org.apache.commons.imaging.formats.jpeg.iptc.IptcType,INTERFACE
BloatedClass,org.apache.commons.imaging.formats.jpeg.iptc.IptcRecord$1,SINGLETON
BloatedClass,org.apache.commons.imaging.formats.jpeg.iptc.IptcTypes$1,SINGLETON
PreservedClass,org.apache.commons.imaging.formats.jpeg.iptc.IptcTypes,ENUM
BloatedClass,org.apache.commons.imaging.formats.jpeg.iptc.JpegIptcRewriter,UNKNOWN
BloatedClass,org.apache.commons.imaging.formats.jpeg.iptc.IptcParser,CLASS
BloatedClass,org.apache.commons.imaging.formats.jpeg.iptc.IptcRecord,CLASS
BloatedClass,org.apache.commons.imaging.formats.jpeg.iptc.IptcBlock,CLASS
PreservedClass,org.apache.commons.imaging.formats.jpeg.iptc.IptcConstants,CONSTANT
PreservedClass,org.apache.commons.imaging.formats.jpeg.JpegUtils$Visitor,INTERFACE
BloatedClass,org.apache.commons.imaging.formats.jpeg.exif.ExifRewriter$JFIFPieceImageData,SINGLETON
BloatedClass,org.apache.commons.imaging.formats.jpeg.exif.ExifRewriter$JFIFPieceSegment,SINGLETON
BloatedClass,org.apache.commons.imaging.formats.jpeg.exif.ExifRewriter$JFIFPiece,CLASS_ABSTRACT
BloatedClass,org.apache.commons.imaging.formats.jpeg.exif.ExifRewriter$1,SINGLETON
BloatedClass,org.apache.commons.imaging.formats.jpeg.exif.ExifRewriter,CLASS
BloatedClass,org.apache.commons.imaging.formats.jpeg.exif.ExifRewriter$JFIFPieceSegmentExif,SINGLETON
PreservedClass,org.apache.commons.imaging.formats.jpeg.exif.ExifRewriter$ExifOverflowException,EXCEPTION
BloatedClass,org.apache.commons.imaging.formats.jpeg.exif.ExifRewriter$JFIFPieces,SINGLETON
BloatedClass,org.apache.commons.imaging.formats.jpeg.JpegImageParser,CLASS
BloatedClass,org.apache.commons.imaging.formats.jpeg.JpegImageMetadata,CLASS
BloatedClass,org.apache.commons.imaging.formats.jpeg.segments.App14Segment,CLASS
BloatedClass,org.apache.commons.imaging.formats.jpeg.segments.App13Segment,UNKNOWN
BloatedClass,org.apache.commons.imaging.formats.jpeg.segments.SofnSegment,CLASS
BloatedClass,org.apache.commons.imaging.formats.jpeg.segments.SosSegment$Component,CLASS
BloatedClass,org.apache.commons.imaging.formats.jpeg.segments.SosSegment,CLASS
BloatedClass,org.apache.commons.imaging.formats.jpeg.segments.DhtSegment$HuffmanTable,SINGLETON
BloatedClass,org.apache.commons.imaging.formats.jpeg.segments.DqtSegment,CLASS
BloatedClass,org.apache.commons.imaging.formats.jpeg.segments.Segment,CLASS_ABSTRACT
BloatedClass,org.apache.commons.imaging.formats.jpeg.segments.AppnSegment,CLASS
BloatedClass,org.apache.commons.imaging.formats.jpeg.segments.App2Segment,CLASS
BloatedClass,org.apache.commons.imaging.formats.jpeg.segments.SofnSegment$Component,CLASS
BloatedClass,org.apache.commons.imaging.formats.jpeg.segments.JfifSegment,CLASS
BloatedClass,org.apache.commons.imaging.formats.jpeg.segments.ComSegment,CLASS
BloatedClass,org.apache.commons.imaging.formats.jpeg.segments.DhtSegment,CLASS
BloatedClass,org.apache.commons.imaging.formats.jpeg.segments.UnknownSegment,CLASS
BloatedClass,org.apache.commons.imaging.formats.jpeg.segments.GenericSegment,CLASS_ABSTRACT
BloatedClass,org.apache.commons.imaging.formats.jpeg.segments.DqtSegment$QuantizationTable,CLASS
BloatedClass,org.apache.commons.imaging.formats.bmp.PixelParser,CLASS_ABSTRACT
BloatedClass,org.apache.commons.imaging.formats.bmp.PixelParserBitFields,SINGLETON
BloatedClass,org.apache.commons.imaging.formats.bmp.BmpImageParser,CLASS
BloatedClass,org.apache.commons.imaging.formats.bmp.BmpWriterPalette,SINGLETON
BloatedClass,org.apache.commons.imaging.formats.bmp.BmpWriterRgb,SINGLETON
BloatedClass,org.apache.commons.imaging.formats.bmp.PixelParserRgb,SINGLETON
BloatedClass,org.apache.commons.imaging.formats.bmp.BmpImageContents,SINGLETON
BloatedClass,org.apache.commons.imaging.formats.bmp.BmpHeaderInfo,SINGLETON
PreservedClass,org.apache.commons.imaging.formats.bmp.BmpWriter,INTERFACE
BloatedClass,org.apache.commons.imaging.formats.bmp.BmpHeaderInfo$ColorSpace,SINGLETON
BloatedClass,org.apache.commons.imaging.formats.bmp.BmpHeaderInfo$ColorSpaceCoordinate,SINGLETON
BloatedClass,org.apache.commons.imaging.formats.bmp.PixelParserSimple,CLASS_ABSTRACT
BloatedClass,org.apache.commons.imaging.formats.bmp.PixelParserRle,SINGLETON
BloatedClass,org.apache.commons.imaging.formats.xpm.XpmImageParser$XpmParseResult,SINGLETON
BloatedClass,org.apache.commons.imaging.formats.xpm.XpmImageParser$1,SINGLETON
BloatedClass,org.apache.commons.imaging.formats.xpm.XpmImageParser$XpmHeader,SINGLETON
BloatedClass,org.apache.commons.imaging.formats.xpm.XpmImageParser$PaletteEntry,SINGLETON
BloatedClass,org.apache.commons.imaging.formats.xpm.XpmImageParser,CLASS
BloatedClass,org.apache.commons.imaging.formats.xbm.XbmImageParser,CLASS
BloatedClass,org.apache.commons.imaging.formats.xbm.XbmImageParser$XbmParseResult,SINGLETON
BloatedClass,org.apache.commons.imaging.formats.xbm.XbmImageParser$1,SINGLETON
BloatedClass,org.apache.commons.imaging.formats.xbm.XbmImageParser$XbmHeader,SINGLETON
BloatedClass,org.apache.commons.imaging.formats.ico.IcoImageParser$FileHeader,SINGLETON
BloatedClass,org.apache.commons.imaging.formats.ico.IcoImageParser$IconData,CLASS_ABSTRACT
BloatedClass,org.apache.commons.imaging.formats.ico.IcoImageParser$BitmapHeader,SINGLETON
BloatedClass,org.apache.commons.imaging.formats.ico.IcoImageParser$IconInfo,SINGLETON
BloatedClass,org.apache.commons.imaging.formats.ico.IcoImageParser$PNGIconData,SINGLETON
BloatedClass,org.apache.commons.imaging.formats.ico.IcoImageParser$ImageContents,SINGLETON
BloatedClass,org.apache.commons.imaging.formats.ico.IcoImageParser$BitmapIconData,SINGLETON
BloatedClass,org.apache.commons.imaging.formats.ico.IcoImageParser,CLASS
BloatedClass,org.apache.commons.imaging.formats.pnm.PamFileInfo$TupleReader,CLASS_ABSTRACT
BloatedClass,org.apache.commons.imaging.formats.pnm.PamFileInfo$GrayscaleTupleReader,SINGLETON
BloatedClass,org.apache.commons.imaging.formats.pnm.PbmFileInfo,SINGLETON
BloatedClass,org.apache.commons.imaging.formats.pnm.PamWriter,SINGLETON
BloatedClass,org.apache.commons.imaging.formats.pnm.PamFileInfo$1,SINGLETON
BloatedClass,org.apache.commons.imaging.formats.pnm.PgmWriter,SINGLETON
BloatedClass,org.apache.commons.imaging.formats.pnm.PamFileInfo,SINGLETON
BloatedClass,org.apache.commons.imaging.formats.pnm.PamFileInfo$ColorTupleReader,SINGLETON
BloatedClass,org.apache.commons.imaging.formats.pnm.FileInfo,CLASS_ABSTRACT
BloatedClass,org.apache.commons.imaging.formats.pnm.PgmFileInfo,SINGLETON
PreservedClass,org.apache.commons.imaging.formats.pnm.PnmWriter,INTERFACE
BloatedClass,org.apache.commons.imaging.formats.pnm.WhiteSpaceReader,SINGLETON
BloatedClass,org.apache.commons.imaging.formats.pnm.PnmImageParser,CLASS
BloatedClass,org.apache.commons.imaging.formats.pnm.PpmWriter,SINGLETON
BloatedClass,org.apache.commons.imaging.formats.pnm.PpmFileInfo,SINGLETON
BloatedClass,org.apache.commons.imaging.formats.pnm.PbmWriter,SINGLETON
PreservedClass,org.apache.commons.imaging.formats.pnm.PnmConstants,CONSTANT
BloatedClass,org.apache.commons.imaging.formats.tiff.write.TiffImageWriterLossless$1,SINGLETON
BloatedClass,org.apache.commons.imaging.formats.tiff.write.TiffOutputItem$Value,SINGLETON
PreservedClass,org.apache.commons.imaging.formats.tiff.write.TiffOutputSet,CONSTANT
BloatedClass,org.apache.commons.imaging.formats.tiff.write.TiffImageWriterLossless,CLASS
BloatedClass,org.apache.commons.imaging.formats.tiff.write.TiffImageWriterLossless$2,SINGLETON
BloatedClass,org.apache.commons.imaging.formats.tiff.write.TiffImageWriterLossy,CLASS
BloatedClass,org.apache.commons.imaging.formats.tiff.write.TiffOutputSummary$OffsetItem,SINGLETON
BloatedClass,org.apache.commons.imaging.formats.tiff.write.TiffImageWriterBase,CLASS_ABSTRACT
PreservedClass,org.apache.commons.imaging.formats.tiff.write.TiffOutputDirectory,CONSTANT
BloatedClass,org.apache.commons.imaging.formats.tiff.write.TiffOutputField,CLASS
BloatedClass,org.apache.commons.imaging.formats.tiff.write.TiffOutputDirectory$1,SINGLETON
BloatedClass,org.apache.commons.imaging.formats.tiff.write.ImageDataOffsets,SINGLETON
BloatedClass,org.apache.commons.imaging.formats.tiff.write.TiffOutputItem,CLASS_ABSTRACT
BloatedClass,org.apache.commons.imaging.formats.tiff.write.TiffOutputSummary,SINGLETON
BloatedClass,org.apache.commons.imaging.formats.tiff.write.TiffImageWriterLossless$BufferOutputStream,SINGLETON
BloatedClass,org.apache.commons.imaging.formats.tiff.write.TiffOutputDirectory$2,SINGLETON
BloatedClass,org.apache.commons.imaging.formats.tiff.TiffReader$FirstDirectoryCollector,SINGLETON
BloatedClass,org.apache.commons.imaging.formats.tiff.TiffReader$Collector,SINGLETON
BloatedClass,org.apache.commons.imaging.formats.tiff.TiffDirectory,CLASS
BloatedClass,org.apache.commons.imaging.formats.tiff.TiffReader,CLASS
PreservedClass,org.apache.commons.imaging.formats.tiff.TiffDirectory$ImageDataElement,CONSTANT
BloatedClass,org.apache.commons.imaging.formats.tiff.photometricinterpreters.PhotometricInterpreterYCbCr,CLASS
BloatedClass,org.apache.commons.imaging.formats.tiff.photometricinterpreters.PhotometricInterpreterCieLab,CLASS
BloatedClass,org.apache.commons.imaging.formats.tiff.photometricinterpreters.PhotometricInterpreterBiLevel,CLASS
BloatedClass,org.apache.commons.imaging.formats.tiff.photometricinterpreters.PhotometricInterpreterLogLuv,CLASS
BloatedClass,org.apache.commons.imaging.formats.tiff.photometricinterpreters.PhotometricInterpreterCmyk,CLASS
BloatedClass,org.apache.commons.imaging.formats.tiff.photometricinterpreters.PhotometricInterpreter,CLASS_ABSTRACT
BloatedClass,org.apache.commons.imaging.formats.tiff.photometricinterpreters.PhotometricInterpreterRgb,CLASS
BloatedClass,org.apache.commons.imaging.formats.tiff.photometricinterpreters.PhotometricInterpreterPalette,CLASS
PreservedClass,org.apache.commons.imaging.formats.tiff.constants.TiffTagConstants,CONSTANT
PreservedClass,org.apache.commons.imaging.formats.tiff.constants.MicrosoftTagConstants,CONSTANT
PreservedClass,org.apache.commons.imaging.formats.tiff.constants.OceScanjobTagConstants,CONSTANT
PreservedClass,org.apache.commons.imaging.formats.tiff.constants.HylaFaxTagConstants,CONSTANT
PreservedClass,org.apache.commons.imaging.formats.tiff.constants.DngTagConstants,CONSTANT
PreservedClass,org.apache.commons.imaging.formats.tiff.constants.DcfTagConstants,CONSTANT
PreservedClass,org.apache.commons.imaging.formats.tiff.constants.GpsTagConstants,CONSTANT
PreservedClass,org.apache.commons.imaging.formats.tiff.constants.TiffConstants,CONSTANT
PreservedClass,org.apache.commons.imaging.formats.tiff.constants.MolecularDynamicsGelTagConstants,CONSTANT
PreservedClass,org.apache.commons.imaging.formats.tiff.constants.GdalLibraryTagConstants,CONSTANT
PreservedClass,org.apache.commons.imaging.formats.tiff.constants.TiffDirectoryType,ENUM
PreservedClass,org.apache.commons.imaging.formats.tiff.constants.AliasSketchbookProTagConstants,CONSTANT
PreservedClass,org.apache.commons.imaging.formats.tiff.constants.AdobePageMaker6TagConstants,CONSTANT
PreservedClass,org.apache.commons.imaging.formats.tiff.constants.AdobePhotoshopTagConstants,CONSTANT
PreservedClass,org.apache.commons.imaging.formats.tiff.constants.TiffEpTagConstants,CONSTANT
PreservedClass,org.apache.commons.imaging.formats.tiff.constants.Tiff4TagConstants,CONSTANT
PreservedClass,org.apache.commons.imaging.formats.tiff.constants.TiffDirectoryConstants,CONSTANT
PreservedClass,org.apache.commons.imaging.formats.tiff.constants.WangTagConstants,CONSTANT
PreservedClass,org.apache.commons.imaging.formats.tiff.constants.Rfc2301TagConstants,CONSTANT
PreservedClass,org.apache.commons.imaging.formats.tiff.constants.MicrosoftHdPhotoTagConstants,CONSTANT
PreservedClass,org.apache.commons.imaging.formats.tiff.constants.ExifTagConstants,CONSTANT
PreservedClass,org.apache.commons.imaging.formats.tiff.constants.GeoTiffTagConstants,CONSTANT
PreservedClass,org.apache.commons.imaging.formats.tiff.TiffElement$Stub,CONSTANT
PreservedClass,org.apache.commons.imaging.formats.tiff.TiffReader$Listener,INTERFACE
PreservedClass,org.apache.commons.imaging.formats.tiff.TiffField$OversizeValueElement,CONSTANT
BloatedClass,org.apache.commons.imaging.formats.tiff.datareaders.BitInputStream,SINGLETON
PreservedClass,org.apache.commons.imaging.formats.tiff.datareaders.DataReaderTiled,CONSTANT
PreservedClass,org.apache.commons.imaging.formats.tiff.datareaders.DataReaderStrips,CONSTANT
BloatedClass,org.apache.commons.imaging.formats.tiff.datareaders.ImageDataReader,CLASS_ABSTRACT
BloatedClass,org.apache.commons.imaging.formats.tiff.TiffElement$1,SINGLETON
BloatedClass,org.apache.commons.imaging.formats.tiff.TiffImageMetadata$GPSInfo,CLASS
BloatedClass,org.apache.commons.imaging.formats.tiff.TiffImageMetadata,CLASS
PreservedClass,org.apache.commons.imaging.formats.tiff.TiffTags,CONSTANT
BloatedClass,org.apache.commons.imaging.formats.tiff.TiffImageData$Strips,UNKNOWN
BloatedClass,org.apache.commons.imaging.formats.tiff.TiffElement$DataElement,CLASS_ABSTRACT
BloatedClass,org.apache.commons.imaging.formats.tiff.TiffContents,CLASS
BloatedClass,org.apache.commons.imaging.formats.tiff.TiffImageData,CLASS_ABSTRACT
BloatedClass,org.apache.commons.imaging.formats.tiff.TiffImageMetadata$Directory,UNKNOWN
BloatedClass,org.apache.commons.imaging.formats.tiff.TiffImageMetadata$TiffMetadataItem,CLASS
BloatedClass,org.apache.commons.imaging.formats.tiff.TiffHeader,CLASS
BloatedClass,org.apache.commons.imaging.formats.tiff.TiffImageParser,UNKNOWN
BloatedClass,org.apache.commons.imaging.formats.tiff.JpegImageData,CLASS
BloatedClass,org.apache.commons.imaging.formats.tiff.TiffElement,CLASS_ABSTRACT
BloatedClass,org.apache.commons.imaging.formats.tiff.TiffField,CLASS
BloatedClass,org.apache.commons.imaging.formats.tiff.fieldtypes.FieldTypeDouble,UNKNOWN
BloatedClass,org.apache.commons.imaging.formats.tiff.fieldtypes.FieldTypeByte,UNKNOWN
BloatedClass,org.apache.commons.imaging.formats.tiff.fieldtypes.FieldTypeAscii,UNKNOWN
BloatedClass,org.apache.commons.imaging.formats.tiff.fieldtypes.FieldTypeLong,UNKNOWN
BloatedClass,org.apache.commons.imaging.formats.tiff.fieldtypes.FieldTypeRational,UNKNOWN
BloatedClass,org.apache.commons.imaging.formats.tiff.fieldtypes.FieldTypeFloat,UNKNOWN
BloatedClass,org.apache.commons.imaging.formats.tiff.fieldtypes.FieldTypeShort,UNKNOWN
BloatedClass,org.apache.commons.imaging.formats.tiff.fieldtypes.FieldType,CLASS_ABSTRACT
BloatedClass,org.apache.commons.imaging.formats.tiff.TiffImageData$Tiles,UNKNOWN
BloatedClass,org.apache.commons.imaging.formats.tiff.taginfos.TagInfoAny,UNKNOWN
BloatedClass,org.apache.commons.imaging.formats.tiff.taginfos.TagInfoSByte,UNKNOWN
BloatedClass,org.apache.commons.imaging.formats.tiff.taginfos.TagInfoSRationals,UNKNOWN
BloatedClass,org.apache.commons.imaging.formats.tiff.taginfos.TagInfoLongs,UNKNOWN
BloatedClass,org.apache.commons.imaging.formats.tiff.taginfos.TagInfoAsciiOrByte,UNKNOWN
BloatedClass,org.apache.commons.imaging.formats.tiff.taginfos.TagInfoDirectory,UNKNOWN
BloatedClass,org.apache.commons.imaging.formats.tiff.taginfos.TagInfoLongOrIFD,UNKNOWN
BloatedClass,org.apache.commons.imaging.formats.tiff.taginfos.TagInfoUnknowns,UNKNOWN
BloatedClass,org.apache.commons.imaging.formats.tiff.taginfos.TagInfoByte,UNKNOWN
BloatedClass,org.apache.commons.imaging.formats.tiff.taginfos.TagInfoAscii,UNKNOWN
BloatedClass,org.apache.commons.imaging.formats.tiff.taginfos.TagInfoFloats,UNKNOWN
PreservedClass,org.apache.commons.imaging.formats.tiff.taginfos.TagInfoGpsText,CONSTANT
BloatedClass,org.apache.commons.imaging.formats.tiff.taginfos.TagInfoSBytes,UNKNOWN
BloatedClass,org.apache.commons.imaging.formats.tiff.taginfos.TagInfoSShort,UNKNOWN
BloatedClass,org.apache.commons.imaging.formats.tiff.taginfos.TagInfoByteOrShort,UNKNOWN
BloatedClass,org.apache.commons.imaging.formats.tiff.taginfos.TagInfoSShorts,UNKNOWN
PreservedClass,org.apache.commons.imaging.formats.tiff.taginfos.TagInfoGpsText$TextEncoding,CONSTANT
BloatedClass,org.apache.commons.imaging.formats.tiff.taginfos.TagInfoLong,UNKNOWN
BloatedClass,org.apache.commons.imaging.formats.tiff.taginfos.TagInfoSLongs,UNKNOWN
PreservedClass,org.apache.commons.imaging.formats.tiff.taginfos.TagInfoUnknown,CONSTANT
BloatedClass,org.apache.commons.imaging.formats.tiff.taginfos.TagInfoDouble,UNKNOWN
BloatedClass,org.apache.commons.imaging.formats.tiff.taginfos.TagInfoSLong,UNKNOWN
BloatedClass,org.apache.commons.imaging.formats.tiff.taginfos.TagInfoUndefineds,UNKNOWN
BloatedClass,org.apache.commons.imaging.formats.tiff.taginfos.TagInfoDoubles,UNKNOWN
BloatedClass,org.apache.commons.imaging.formats.tiff.taginfos.TagInfoShortOrLongOrRational,UNKNOWN
BloatedClass,org.apache.commons.imaging.formats.tiff.taginfos.TagInfo,UNKNOWN
BloatedClass,org.apache.commons.imaging.formats.tiff.taginfos.TagInfoSRational,UNKNOWN
BloatedClass,org.apache.commons.imaging.formats.tiff.taginfos.TagInfoShortOrRational,UNKNOWN
BloatedClass,org.apache.commons.imaging.formats.tiff.taginfos.TagInfoFloat,UNKNOWN
BloatedClass,org.apache.commons.imaging.formats.tiff.taginfos.TagInfoAsciiOrRational,UNKNOWN
BloatedClass,org.apache.commons.imaging.formats.tiff.taginfos.TagInfoBytes,UNKNOWN
BloatedClass,org.apache.commons.imaging.formats.tiff.taginfos.TagInfoRational,UNKNOWN
BloatedClass,org.apache.commons.imaging.formats.tiff.taginfos.TagInfoRationals,UNKNOWN
BloatedClass,org.apache.commons.imaging.formats.tiff.taginfos.TagInfoShort,UNKNOWN
BloatedClass,org.apache.commons.imaging.formats.tiff.taginfos.TagInfoXpString,UNKNOWN
BloatedClass,org.apache.commons.imaging.formats.tiff.taginfos.TagInfoShortOrLong,UNKNOWN
BloatedClass,org.apache.commons.imaging.formats.tiff.taginfos.TagInfoShorts,UNKNOWN
BloatedClass,org.apache.commons.imaging.formats.tiff.taginfos.TagInfoUndefined,UNKNOWN
BloatedClass,org.apache.commons.imaging.formats.tiff.TiffImageData$Data,CLASS
BloatedClass,org.apache.commons.imaging.formats.tiff.TiffImageData$ByteSourceData,CLASS
BloatedClass,org.apache.commons.imaging.formats.gif.GifHeaderInfo,SINGLETON
BloatedClass,org.apache.commons.imaging.formats.gif.GenericGifBlock,SINGLETON
BloatedClass,org.apache.commons.imaging.formats.gif.ImageDescriptor,SINGLETON
BloatedClass,org.apache.commons.imaging.formats.gif.GraphicControlExtension,SINGLETON
BloatedClass,org.apache.commons.imaging.formats.gif.GifBlock,SINGLETON
BloatedClass,org.apache.commons.imaging.formats.gif.GifImageContents,SINGLETON
BloatedClass,org.apache.commons.imaging.formats.gif.GifImageParser,CLASS
PreservedClass,org.apache.commons.imaging.color.ColorHsl,CONSTANT
PreservedClass,org.apache.commons.imaging.color.ColorXyz,CONSTANT
PreservedClass,org.apache.commons.imaging.color.ColorConversions,CONSTANT
PreservedClass,org.apache.commons.imaging.color.ColorCieLuv,CONSTANT
PreservedClass,org.apache.commons.imaging.color.ColorCieLch,CONSTANT
PreservedClass,org.apache.commons.imaging.color.ColorHsv,CONSTANT
PreservedClass,org.apache.commons.imaging.color.ColorCieLab,CONSTANT
PreservedClass,org.apache.commons.imaging.color.ColorCmyk,CONSTANT
PreservedClass,org.apache.commons.imaging.color.ColorHunterLab,CONSTANT
PreservedClass,org.apache.commons.imaging.color.ColorCmy,CONSTANT
PreservedClass,org.apache.commons.imaging.ImageInfo$CompressionAlgorithm,ENUM
PreservedClass,org.apache.commons.imaging.Imaging,CONSTANT
PreservedClass,org.apache.commons.imaging.internal.Debug,CONSTANT
PreservedClass,org.apache.commons.imaging.icc.IccTagType,INTERFACE
BloatedClass,org.apache.commons.imaging.icc.IccTagDataTypes$1,SINGLETON
PreservedClass,org.apache.commons.imaging.icc.IccTagTypes,ENUM
BloatedClass,org.apache.commons.imaging.icc.IccTagDataTypes$3,SINGLETON
PreservedClass,org.apache.commons.imaging.icc.IccTagDataType,INTERFACE
BloatedClass,org.apache.commons.imaging.icc.IccTagDataTypes$5,SINGLETON
BloatedClass,org.apache.commons.imaging.icc.IccTagDataTypes$2,SINGLETON
BloatedClass,org.apache.commons.imaging.icc.IccTagDataTypes$4,SINGLETON
BloatedClass,org.apache.commons.imaging.icc.CachingInputStream,SINGLETON
BloatedClass,org.apache.commons.imaging.icc.IccProfileParser,CLASS
PreservedClass,org.apache.commons.imaging.icc.IccConstants,CONSTANT
BloatedClass,org.apache.commons.imaging.icc.IccTag,CLASS
PreservedClass,org.apache.commons.imaging.icc.IccTagDataTypes,ENUM
BloatedClass,org.apache.commons.imaging.icc.IccProfileInfo,CLASS
PreservedClass,org.apache.commons.imaging.ImageFormat,INTERFACE
BloatedClass,org.apache.commons.imaging.ColorTools,CLASS
BloatedClass,org.apache.commons.imaging.common.GenericImageMetadata$GenericImageMetadataItem,CLASS
BloatedClass,org.apache.commons.imaging.common.RationalNumber,CLASS
BloatedClass,org.apache.commons.imaging.common.mylzw.MyBitOutputStream,CLASS
BloatedClass,org.apache.commons.imaging.common.mylzw.MyLzwCompressor,CLASS
PreservedClass,org.apache.commons.imaging.common.mylzw.MyLzwDecompressor,CONSTANT
BloatedClass,org.apache.commons.imaging.common.mylzw.MyBitInputStream,CLASS
PreservedClass,org.apache.commons.imaging.common.mylzw.MyLzwCompressor$ByteArray,CONSTANT
BloatedClass,org.apache.commons.imaging.common.mylzw.BitsToByteInputStream,CLASS
PreservedClass,org.apache.commons.imaging.common.mylzw.MyLzwCompressor$Listener,INTERFACE
PreservedClass,org.apache.commons.imaging.common.mylzw.MyLzwDecompressor$Listener,INTERFACE
BloatedClass,org.apache.commons.imaging.common.BinaryConstant,CLASS
BloatedClass,org.apache.commons.imaging.common.ImageBuilder,CLASS
BloatedClass,org.apache.commons.imaging.common.PackBits,CLASS
BloatedClass,org.apache.commons.imaging.common.BasicCParser,CLASS
PreservedClass,org.apache.commons.imaging.common.ImageMetadata,INTERFACE
BloatedClass,org.apache.commons.imaging.common.BinaryOutputStream,CLASS
PreservedClass,org.apache.commons.imaging.common.ImageMetadata$ImageMetadataItem,INTERFACE
BloatedClass,org.apache.commons.imaging.common.SimpleBufferedImageFactory,CLASS
PreservedClass,org.apache.commons.imaging.common.BufferedImageFactory,INTERFACE
PreservedClass,org.apache.commons.imaging.common.RationalNumber$Option,CONSTANT
BloatedClass,org.apache.commons.imaging.common.BinaryFileParser,CLASS
BloatedClass,org.apache.commons.imaging.common.bytesource.ByteSourceInputStream,CLASS
BloatedClass,org.apache.commons.imaging.common.bytesource.ByteSourceFile,CLASS
BloatedClass,org.apache.commons.imaging.common.bytesource.ByteSource,CLASS_ABSTRACT
BloatedClass,org.apache.commons.imaging.common.bytesource.ByteSourceArray,CLASS
BloatedClass,org.apache.commons.imaging.common.bytesource.ByteSourceInputStream$CacheBlock,SINGLETON
BloatedClass,org.apache.commons.imaging.common.bytesource.ByteSourceInputStream$CacheReadingInputStream,SINGLETON
BloatedClass,org.apache.commons.imaging.common.bytesource.ByteSourceInputStream$1,SINGLETON
BloatedClass,org.apache.commons.imaging.common.RgbBufferedImageFactory,CLASS
BloatedClass,org.apache.commons.imaging.common.FastByteArrayOutputStream,SINGLETON
PreservedClass,org.apache.commons.imaging.common.BinaryFunctions,CONSTANT
PreservedClass,org.apache.commons.imaging.common.ByteConversions,CONSTANT
BloatedClass,org.apache.commons.imaging.common.GenericImageMetadata,CLASS
BloatedClass,org.apache.commons.imaging.common.itu_t4.BitInputStreamFlexible,SINGLETON
PreservedClass,org.apache.commons.imaging.common.itu_t4.T4AndT6Compression,CONSTANT
BloatedClass,org.apache.commons.imaging.common.itu_t4.T4_T6_Tables,SINGLETON
BloatedClass,org.apache.commons.imaging.common.itu_t4.BitArrayOutputStream,SINGLETON
PreservedClass,org.apache.commons.imaging.common.itu_t4.HuffmanTreeException,EXCEPTION
BloatedClass,org.apache.commons.imaging.common.itu_t4.HuffmanTree,SINGLETON
BloatedClass,org.apache.commons.imaging.common.itu_t4.T4_T6_Tables$Entry,SINGLETON
PreservedClass,org.apache.commons.imaging.common.itu_t4.HuffmanTree$Node,CONSTANT
BloatedClass,org.apache.commons.imaging.common.itu_t4.HuffmanTree$1,SINGLETON
BloatedClass,org.apache.commons.imaging.ImageInfo,CLASS
BloatedClass,org.apache.commons.imaging.ImageDump,CLASS
PreservedClass,org.apache.commons.imaging.ImagingException,EXCEPTION
BloatedClass,org.apache.commons.imaging.ImageParser,UNKNOWN
PreservedClass,org.apache.commons.imaging.ImageReadException,EXCEPTION
BloatedClass,org.apache.commons.imaging.FormatCompliance,CLASS
PreservedClass,org.apache.commons.imaging.ImageFormats,ENUM
PreservedClass,org.apache.commons.imaging.ImagingConstants,CONSTANT
PreservedClass,org.apache.commons.imaging.PixelDensity,CONSTANT
BloatedClass,org.apache.commons.imaging.palette.SimplePalette,CLASS
BloatedClass,org.apache.commons.imaging.palette.PaletteFactory$DivisionCandidate,SINGLETON
PreservedClass,org.apache.commons.imaging.palette.MedianCut,INTERFACE
PreservedClass,org.apache.commons.imaging.palette.Palette,INTERFACE
BloatedClass,org.apache.commons.imaging.palette.MedianCutQuantizer,CLASS
BloatedClass,org.apache.commons.imaging.palette.MostPopulatedBoxesMedianCut$1,SINGLETON
BloatedClass,org.apache.commons.imaging.palette.LongestAxisMedianCut,CLASS
BloatedClass,org.apache.commons.imaging.palette.PaletteFactory,CLASS
BloatedClass,org.apache.commons.imaging.palette.MedianCutPalette,SINGLETON
BloatedClass,org.apache.commons.imaging.palette.MostPopulatedBoxesMedianCut$ColorComparer,SINGLETON
BloatedClass,org.apache.commons.imaging.palette.QuantizedPalette,CLASS
BloatedClass,org.apache.commons.imaging.palette.MostPopulatedBoxesMedianCut,CLASS
BloatedClass,org.apache.commons.imaging.palette.ColorSpaceSubset$RgbComparator,CLASS
BloatedClass,org.apache.commons.imaging.palette.ColorSpaceSubset,SINGLETON
BloatedClass,org.apache.commons.imaging.palette.LongestAxisMedianCut$2,SINGLETON
PreservedClass,org.apache.commons.imaging.palette.ColorComponent,ENUM
BloatedClass,org.apache.commons.imaging.palette.ColorGroupCut,SINGLETON
BloatedClass,org.apache.commons.imaging.palette.LongestAxisMedianCut$3,SINGLETON
BloatedClass,org.apache.commons.imaging.palette.ColorGroup,SINGLETON
PreservedClass,org.apache.commons.imaging.palette.Dithering,CONSTANT
BloatedClass,org.apache.commons.imaging.palette.LongestAxisMedianCut$1,SINGLETON
BloatedClass,org.apache.commons.imaging.palette.ColorCount,SINGLETON
PreservedClass,org.apache.commons.imaging.ImageWriteException,EXCEPTION
BloatedClass,org.apache.log4j.ConsoleAppender,CLASS
BloatedClass,org.apache.log4j.LogXF,CLASS_ABSTRACT
BloatedClass,org.apache.log4j.chainsaw.MyTableModel$Processor,SINGLETON
BloatedClass,org.apache.log4j.chainsaw.LoggingReceiver$Slurper,SINGLETON
BloatedClass,org.apache.log4j.chainsaw.EventDetails,SINGLETON
BloatedClass,org.apache.log4j.chainsaw.MyTableModel$1,SINGLETON
BloatedClass,org.apache.log4j.chainsaw.Main$1,SINGLETON
BloatedClass,org.apache.log4j.chainsaw.ExitAction,SINGLETON
BloatedClass,org.apache.log4j.chainsaw.MyTableModel,SINGLETON
BloatedClass,org.apache.log4j.chainsaw.ControlPanel,SINGLETON
BloatedClass,org.apache.log4j.chainsaw.ControlPanel$7,SINGLETON
BloatedClass,org.apache.log4j.chainsaw.XMLFileHandler,SINGLETON
BloatedClass,org.apache.log4j.chainsaw.DetailPanel,SINGLETON
BloatedClass,org.apache.log4j.chainsaw.ControlPanel$5,SINGLETON
BloatedClass,org.apache.log4j.chainsaw.ControlPanel$1,SINGLETON
BloatedClass,org.apache.log4j.chainsaw.LoggingReceiver,SINGLETON
BloatedClass,org.apache.log4j.chainsaw.ControlPanel$3,SINGLETON
BloatedClass,org.apache.log4j.chainsaw.LoadXMLAction,SINGLETON
BloatedClass,org.apache.log4j.chainsaw.ControlPanel$4,SINGLETON
BloatedClass,org.apache.log4j.chainsaw.Main,SINGLETON
BloatedClass,org.apache.log4j.chainsaw.ControlPanel$6,SINGLETON
BloatedClass,org.apache.log4j.chainsaw.ControlPanel$2,SINGLETON
BloatedClass,org.apache.log4j.Dispatcher,SINGLETON
PreservedClass,org.apache.log4j.rewrite.RewritePolicy,INTERFACE
BloatedClass,org.apache.log4j.rewrite.MapRewritePolicy,CLASS
BloatedClass,org.apache.log4j.rewrite.RewriteAppender,CLASS
BloatedClass,org.apache.log4j.rewrite.PropertyRewritePolicy,CLASS
BloatedClass,org.apache.log4j.rewrite.ReflectionRewritePolicy,CLASS
BloatedClass,org.apache.log4j.ProvisionNode,SINGLETON
BloatedClass,org.apache.log4j.net.SocketServer,CLASS
BloatedClass,org.apache.log4j.net.DefaultEvaluator,SINGLETON
BloatedClass,org.apache.log4j.net.JMSAppender,UNKNOWN
BloatedClass,org.apache.log4j.net.SocketAppender,CLASS
BloatedClass,org.apache.log4j.net.SyslogAppender,CLASS
BloatedClass,org.apache.log4j.net.TelnetAppender$SocketHandler,CLASS
BloatedClass,org.apache.log4j.net.SocketHubAppender,CLASS
BloatedClass,org.apache.log4j.net.SocketNode,CLASS
BloatedClass,org.apache.log4j.net.SimpleSocketServer,CLASS
BloatedClass,org.apache.log4j.net.SocketAppender$Connector,SINGLETON
BloatedClass,org.apache.log4j.net.ZeroConfSupport,CLASS
BloatedClass,org.apache.log4j.net.JMSSink,UNKNOWN
BloatedClass,org.apache.log4j.net.SMTPAppender,UNKNOWN
BloatedClass,org.apache.log4j.net.SocketHubAppender$ServerMonitor,CLASS
BloatedClass,org.apache.log4j.net.SMTPAppender$1,UNKNOWN
BloatedClass,org.apache.log4j.net.TelnetAppender,CLASS
BloatedClass,org.apache.log4j.varia.NullAppender,CLASS
BloatedClass,org.apache.log4j.varia.DenyAllFilter,CLASS
BloatedClass,org.apache.log4j.varia.HUP,SINGLETON
BloatedClass,org.apache.log4j.varia.FallbackErrorHandler,CLASS
BloatedClass,org.apache.log4j.varia.Roller,SINGLETON
BloatedClass,org.apache.log4j.varia.ReloadingPropertyConfigurator,CLASS
BloatedClass,org.apache.log4j.varia.LevelRangeFilter,CLASS
BloatedClass,org.apache.log4j.varia.LevelMatchFilter,CLASS
BloatedClass,org.apache.log4j.varia.ExternallyRolledFileAppender,CLASS
BloatedClass,org.apache.log4j.varia.StringMatchFilter,CLASS
BloatedClass,org.apache.log4j.varia.HUPNode,CLASS
PreservedClass,org.apache.log4j.DefaultThrowableRenderer,CONSTANT
BloatedClass,org.apache.log4j.nt.NTEventLogAppender,CLASS
BloatedClass,org.apache.log4j.AsyncAppender,CLASS
BloatedClass,org.apache.log4j.NDC$DiagnosticContext,SINGLETON
BloatedClass,org.apache.log4j.lf5.AppenderFinalizer,CLASS
BloatedClass,org.apache.log4j.lf5.StartLogFactor5,CLASS
BloatedClass,org.apache.log4j.lf5.PassingLogRecordFilter,CLASS
PreservedClass,org.apache.log4j.lf5.LogLevelFormatException,EXCEPTION
BloatedClass,org.apache.log4j.lf5.util.LogMonitorAdapter,SINGLETON
BloatedClass,org.apache.log4j.lf5.util.StreamUtils,CLASS_ABSTRACT
BloatedClass,org.apache.log4j.lf5.util.ResourceUtils,CLASS
BloatedClass,org.apache.log4j.lf5.util.Resource,CLASS
BloatedClass,org.apache.log4j.lf5.util.LogFileParser,CLASS
BloatedClass,org.apache.log4j.lf5.util.AdapterLogRecord,CLASS
BloatedClass,org.apache.log4j.lf5.util.LogFileParser$1,SINGLETON
BloatedClass,org.apache.log4j.lf5.util.DateFormatManager,CLASS
BloatedClass,org.apache.log4j.lf5.LogLevel,CLASS
BloatedClass,org.apache.log4j.lf5.Log4JLogRecord,CLASS
BloatedClass,org.apache.log4j.lf5.viewer.LogBrokerMonitor$5,SINGLETON
BloatedClass,org.apache.log4j.lf5.viewer.LogBrokerMonitor$27,SINGLETON
BloatedClass,org.apache.log4j.lf5.viewer.LogBrokerMonitor$7,SINGLETON
BloatedClass,org.apache.log4j.lf5.viewer.LogBrokerMonitor$25,SINGLETON
BloatedClass,org.apache.log4j.lf5.viewer.LogBrokerMonitor$18,SINGLETON
BloatedClass,org.apache.log4j.lf5.viewer.LogFactor5ErrorDialog$1,SINGLETON
BloatedClass,org.apache.log4j.lf5.viewer.LogTable$LogTableListSelectionListener,CLASS
BloatedClass,org.apache.log4j.lf5.viewer.LogBrokerMonitor$21,SINGLETON
BloatedClass,org.apache.log4j.lf5.viewer.LogBrokerMonitor$3,SINGLETON
BloatedClass,org.apache.log4j.lf5.viewer.categoryexplorer.CategoryExplorerTree$1,SINGLETON
BloatedClass,org.apache.log4j.lf5.viewer.categoryexplorer.CategoryImmediateEditor,CLASS
BloatedClass,org.apache.log4j.lf5.viewer.categoryexplorer.CategoryNodeEditor,CLASS
BloatedClass,org.apache.log4j.lf5.viewer.categoryexplorer.CategoryNodeEditor$8,SINGLETON
BloatedClass,org.apache.log4j.lf5.viewer.categoryexplorer.CategoryElement,CLASS
BloatedClass,org.apache.log4j.lf5.viewer.categoryexplorer.CategoryAbstractCellEditor,CLASS
BloatedClass,org.apache.log4j.lf5.viewer.categoryexplorer.CategoryNodeEditor$6,SINGLETON
BloatedClass,org.apache.log4j.lf5.viewer.categoryexplorer.CategoryPath,CLASS
BloatedClass,org.apache.log4j.lf5.viewer.categoryexplorer.CategoryExplorerModel,CLASS
BloatedClass,org.apache.log4j.lf5.viewer.categoryexplorer.CategoryNodeEditorRenderer,CLASS
BloatedClass,org.apache.log4j.lf5.viewer.categoryexplorer.CategoryNodeEditor$4,SINGLETON
BloatedClass,org.apache.log4j.lf5.viewer.categoryexplorer.TreeModelAdapter,CLASS
BloatedClass,org.apache.log4j.lf5.viewer.categoryexplorer.CategoryNodeEditor$2,SINGLETON
BloatedClass,org.apache.log4j.lf5.viewer.categoryexplorer.CategoryExplorerModel$1,SINGLETON
BloatedClass,org.apache.log4j.lf5.viewer.categoryexplorer.CategoryNodeEditor$5,SINGLETON
BloatedClass,org.apache.log4j.lf5.viewer.categoryexplorer.CategoryExplorerTree,CLASS
BloatedClass,org.apache.log4j.lf5.viewer.categoryexplorer.CategoryNodeEditor$7,SINGLETON
BloatedClass,org.apache.log4j.lf5.viewer.categoryexplorer.CategoryExplorerLogRecordFilter,CLASS
BloatedClass,org.apache.log4j.lf5.viewer.categoryexplorer.CategoryNodeRenderer,CLASS
BloatedClass,org.apache.log4j.lf5.viewer.categoryexplorer.CategoryNodeEditor$3,SINGLETON
BloatedClass,org.apache.log4j.lf5.viewer.categoryexplorer.CategoryNodeEditor$1,SINGLETON
BloatedClass,org.apache.log4j.lf5.viewer.categoryexplorer.CategoryNode,CLASS
BloatedClass,org.apache.log4j.lf5.viewer.LF5SwingUtils$1,SINGLETON
BloatedClass,org.apache.log4j.lf5.viewer.LogTableRowRenderer,CLASS
BloatedClass,org.apache.log4j.lf5.viewer.LogBrokerMonitor$23,SINGLETON
BloatedClass,org.apache.log4j.lf5.viewer.LogBrokerMonitor$1,SINGLETON
BloatedClass,org.apache.log4j.lf5.viewer.configure.MRUFileManager,CLASS
BloatedClass,org.apache.log4j.lf5.viewer.configure.ConfigurationManager,UNKNOWN
BloatedClass,org.apache.log4j.lf5.viewer.LogBrokerMonitor$LogBrokerMonitorWindowAdaptor,CLASS
BloatedClass,org.apache.log4j.lf5.viewer.LogBrokerMonitor$19,SINGLETON
BloatedClass,org.apache.log4j.lf5.viewer.LogBrokerMonitor$24,SINGLETON
BloatedClass,org.apache.log4j.lf5.viewer.LogBrokerMonitor$6,SINGLETON
BloatedClass,org.apache.log4j.lf5.viewer.LogFactor5Dialog,CLASS_ABSTRACT
BloatedClass,org.apache.log4j.lf5.viewer.LogBrokerMonitor$26,SINGLETON
BloatedClass,org.apache.log4j.lf5.viewer.LogBrokerMonitor$4,SINGLETON
BloatedClass,org.apache.log4j.lf5.viewer.LogTableModel,CLASS
BloatedClass,org.apache.log4j.lf5.viewer.LogBrokerMonitor$22,SINGLETON
BloatedClass,org.apache.log4j.lf5.viewer.LogBrokerMonitor$2,SINGLETON
BloatedClass,org.apache.log4j.lf5.viewer.LogBrokerMonitor$20,SINGLETON
PreservedClass,org.apache.log4j.lf5.viewer.LogTableColumnFormatException,EXCEPTION
BloatedClass,org.apache.log4j.lf5.viewer.LogBrokerMonitor$11,SINGLETON
BloatedClass,org.apache.log4j.lf5.viewer.LogFactor5InputDialog$2,SINGLETON
BloatedClass,org.apache.log4j.lf5.viewer.FilteredLogTableModel,CLASS
BloatedClass,org.apache.log4j.lf5.viewer.LogBrokerMonitor$13,SINGLETON
BloatedClass,org.apache.log4j.lf5.viewer.LogBrokerMonitor$17,SINGLETON
BloatedClass,org.apache.log4j.lf5.viewer.LogBrokerMonitor$8,SINGLETON
BloatedClass,org.apache.log4j.lf5.viewer.LogBrokerMonitor$31,SINGLETON
BloatedClass,org.apache.log4j.lf5.viewer.LogBrokerMonitor$28,SINGLETON
BloatedClass,org.apache.log4j.lf5.viewer.LogBrokerMonitor$15,SINGLETON
BloatedClass,org.apache.log4j.lf5.viewer.LogFactor5ErrorDialog,CLASS
BloatedClass,org.apache.log4j.lf5.viewer.LogFactor5LoadingDialog,CLASS
BloatedClass,org.apache.log4j.lf5.viewer.LogTableColumn,CLASS
BloatedClass,org.apache.log4j.lf5.viewer.TrackingAdjustmentListener,CLASS
BloatedClass,org.apache.log4j.lf5.viewer.LogFactor5InputDialog$1,SINGLETON
BloatedClass,org.apache.log4j.lf5.viewer.LogBrokerMonitor$12,SINGLETON
BloatedClass,org.apache.log4j.lf5.viewer.LogFactor5InputDialog$3,SINGLETON
BloatedClass,org.apache.log4j.lf5.viewer.LogBrokerMonitor$10,SINGLETON
BloatedClass,org.apache.log4j.lf5.viewer.LF5SwingUtils,CLASS
BloatedClass,org.apache.log4j.lf5.viewer.LogBrokerMonitor,UNKNOWN
BloatedClass,org.apache.log4j.lf5.viewer.LogBrokerMonitor$30,SINGLETON
BloatedClass,org.apache.log4j.lf5.viewer.LogBrokerMonitor$14,SINGLETON
BloatedClass,org.apache.log4j.lf5.viewer.LogFactor5InputDialog,CLASS
BloatedClass,org.apache.log4j.lf5.viewer.LogBrokerMonitor$29,SINGLETON
BloatedClass,org.apache.log4j.lf5.viewer.LogBrokerMonitor$9,SINGLETON
BloatedClass,org.apache.log4j.lf5.viewer.LogBrokerMonitor$16,SINGLETON
BloatedClass,org.apache.log4j.lf5.viewer.LogTable,UNKNOWN
BloatedClass,org.apache.log4j.lf5.viewer.LogBrokerMonitor$32,SINGLETON
BloatedClass,org.apache.log4j.lf5.DefaultLF5Configurator,SINGLETON
BloatedClass,org.apache.log4j.lf5.LogRecord,CLASS_ABSTRACT
BloatedClass,org.apache.log4j.lf5.LF5Appender,CLASS
PreservedClass,org.apache.log4j.lf5.LogRecordFilter,INTERFACE
PreservedClass,org.apache.log4j.config.PropertyGetter$PropertyCallback,INTERFACE
PreservedClass,org.apache.log4j.config.PropertySetterException,EXCEPTION
BloatedClass,org.apache.log4j.config.PropertySetter,CLASS
BloatedClass,org.apache.log4j.config.PropertyGetter,CLASS
BloatedClass,org.apache.log4j.config.PropertyPrinter,CLASS
PreservedClass,org.apache.log4j.EnhancedThrowableRenderer,CONSTANT
BloatedClass,org.apache.log4j.jmx.AppenderDynamicMBean,CLASS
BloatedClass,org.apache.log4j.jmx.LayoutDynamicMBean,CLASS
BloatedClass,org.apache.log4j.jmx.Agent,CLASS
BloatedClass,org.apache.log4j.jmx.LoggerDynamicMBean,CLASS
BloatedClass,org.apache.log4j.jmx.MethodUnion,SINGLETON
BloatedClass,org.apache.log4j.jmx.HierarchyDynamicMBean,CLASS
BloatedClass,org.apache.log4j.jmx.AbstractDynamicMBean,CLASS_ABSTRACT
BloatedClass,org.apache.log4j.Logger,SINGLETON
BloatedClass,org.apache.log4j.BasicConfigurator,SINGLETON
BloatedClass,org.apache.log4j.NameValue,CLASS
BloatedClass,org.apache.log4j.DefaultCategoryFactory,SINGLETON
BloatedClass,org.apache.log4j.PatternLayout,CLASS
BloatedClass,org.apache.log4j.AppenderSkeleton,CLASS_ABSTRACT
BloatedClass,org.apache.log4j.xml.DOMConfigurator$5,SINGLETON
BloatedClass,org.apache.log4j.xml.DOMConfigurator$1,SINGLETON
BloatedClass,org.apache.log4j.xml.DOMConfigurator$3,SINGLETON
BloatedClass,org.apache.log4j.xml.XMLWatchdog,SINGLETON
BloatedClass,org.apache.log4j.xml.SAXErrorHandler,CLASS
BloatedClass,org.apache.log4j.xml.DOMConfigurator$4,SINGLETON
BloatedClass,org.apache.log4j.xml.DOMConfigurator$2,SINGLETON
PreservedClass,org.apache.log4j.xml.DOMConfigurator$ParseAction,INTERFACE
BloatedClass,org.apache.log4j.xml.XMLLayout,CLASS
PreservedClass,org.apache.log4j.xml.UnrecognizedElementHandler,INTERFACE
BloatedClass,org.apache.log4j.xml.DOMConfigurator,UNKNOWN
BloatedClass,org.apache.log4j.xml.Log4jEntityResolver,CLASS
BloatedClass,org.apache.log4j.PropertyWatchdog,SINGLETON
PreservedClass,org.apache.log4j.AsyncAppender$DiscardSummary,CONSTANT
BloatedClass,org.apache.log4j.jdbc.JDBCAppender,UNKNOWN
BloatedClass,org.apache.log4j.HTMLLayout,CLASS
BloatedClass,org.apache.log4j.RollingCalendar,SINGLETON
BloatedClass,org.apache.log4j.PropertyConfigurator,CLASS
BloatedClass,org.apache.log4j.Priority,SINGLETON
PreservedClass,org.apache.log4j.spi.OptionHandler,INTERFACE
PreservedClass,org.apache.log4j.spi.ThrowableRendererSupport,INTERFACE
PreservedClass,org.apache.log4j.spi.HierarchyEventListener,INTERFACE
PreservedClass,org.apache.log4j.spi.RepositorySelector,INTERFACE
BloatedClass,org.apache.log4j.spi.NullWriter,SINGLETON
PreservedClass,org.apache.log4j.spi.ThrowableRenderer,INTERFACE
BloatedClass,org.apache.log4j.spi.NOPLogger,UNKNOWN
BloatedClass,org.apache.log4j.spi.DefaultRepositorySelector,CLASS
PreservedClass,org.apache.log4j.spi.Configurator,INTERFACE
PreservedClass,org.apache.log4j.spi.AppenderAttachable,INTERFACE
BloatedClass,org.apache.log4j.spi.VectorWriter,SINGLETON
PreservedClass,org.apache.log4j.spi.ErrorCode,INTERFACE
PreservedClass,org.apache.log4j.spi.TriggeringEventEvaluator,INTERFACE
PreservedClass,org.apache.log4j.spi.ErrorHandler,INTERFACE
BloatedClass,org.apache.log4j.spi.LoggingEvent,UNKNOWN
BloatedClass,org.apache.log4j.spi.Filter,CLASS_ABSTRACT
BloatedClass,org.apache.log4j.spi.RootLogger,UNKNOWN
BloatedClass,org.apache.log4j.spi.RootCategory,UNKNOWN
PreservedClass,org.apache.log4j.spi.NOPLoggerRepository,CONSTANT
PreservedClass,org.apache.log4j.spi.LoggerFactory,INTERFACE
BloatedClass,org.apache.log4j.spi.LocationInfo,CLASS
PreservedClass,org.apache.log4j.spi.LoggerRepository,INTERFACE
PreservedClass,org.apache.log4j.spi.RendererSupport,INTERFACE
BloatedClass,org.apache.log4j.spi.ThrowableInformation,CLASS
PreservedClass,org.apache.log4j.LogMF,CONSTANT
BloatedClass,org.apache.log4j.TTCCLayout,CLASS
BloatedClass,org.apache.log4j.WriterAppender,CLASS
BloatedClass,org.apache.log4j.AsyncAppender$Dispatcher,CLASS
BloatedClass,org.apache.log4j.Category,SINGLETON
BloatedClass,org.apache.log4j.RollingFileAppender,CLASS
BloatedClass,org.apache.log4j.NDC,SINGLETON
BloatedClass,org.apache.log4j.LogManager,UNKNOWN
PreservedClass,org.apache.log4j.Appender,INTERFACE
BloatedClass,org.apache.log4j.ConsoleAppender$SystemErrStream,CLASS
PreservedClass,org.apache.log4j.LogSF,CONSTANT
BloatedClass,org.apache.log4j.EnhancedPatternLayout,CLASS
BloatedClass,org.apache.log4j.DailyRollingFileAppender,CLASS
BloatedClass,org.apache.log4j.FileAppender,CLASS
PreservedClass,org.apache.log4j.pattern.LineSeparatorPatternConverter,CONSTANT
BloatedClass,org.apache.log4j.pattern.DatePatternConverter$DefaultZoneDateFormat,CLASS
BloatedClass,org.apache.log4j.pattern.NameAbbreviator$NOPAbbreviator,CLASS
PreservedClass,org.apache.log4j.pattern.BridgePatternConverter,CONSTANT
BloatedClass,org.apache.log4j.pattern.NameAbbreviator,CLASS_ABSTRACT
BloatedClass,org.apache.log4j.pattern.PatternParser$ReadOnlyMap,CLASS
BloatedClass,org.apache.log4j.pattern.RelativeTimePatternConverter,UNKNOWN
BloatedClass,org.apache.log4j.pattern.NamePatternConverter,CLASS_ABSTRACT
PreservedClass,org.apache.log4j.pattern.MethodLocationPatternConverter,CONSTANT
PreservedClass,org.apache.log4j.pattern.LiteralPatternConverter,CONSTANT
BloatedClass,org.apache.log4j.pattern.ThreadPatternConverter,SINGLETON
PreservedClass,org.apache.log4j.pattern.DatePatternConverter,CONSTANT
PreservedClass,org.apache.log4j.pattern.PropertiesPatternConverter,CONSTANT
PreservedClass,org.apache.log4j.pattern.FullLocationPatternConverter,CONSTANT
BloatedClass,org.apache.log4j.pattern.NameAbbreviator$PatternAbbreviatorFragment,CLASS
PreservedClass,org.apache.log4j.pattern.NDCPatternConverter,CONSTANT
PreservedClass,org.apache.log4j.pattern.RelativeTimePatternConverter$CachedTimestamp,CONSTANT
BloatedClass,org.apache.log4j.pattern.PatternConverter,CLASS_ABSTRACT
PreservedClass,org.apache.log4j.pattern.PatternParser,CONSTANT
PreservedClass,org.apache.log4j.pattern.LoggerPatternConverter,CONSTANT
BloatedClass,org.apache.log4j.pattern.SequenceNumberPatternConverter,SINGLETON
PreservedClass,org.apache.log4j.pattern.FileLocationPatternConverter,CONSTANT
PreservedClass,org.apache.log4j.pattern.CachedDateFormat,CONSTANT
BloatedClass,org.apache.log4j.pattern.LoggingEventPatternConverter,CLASS_ABSTRACT
PreservedClass,org.apache.log4j.pattern.FormattingInfo,CONSTANT
PreservedClass,org.apache.log4j.pattern.MessagePatternConverter,CONSTANT
BloatedClass,org.apache.log4j.pattern.LogEvent,UNKNOWN
PreservedClass,org.apache.log4j.pattern.BridgePatternParser,CONSTANT
BloatedClass,org.apache.log4j.pattern.NameAbbreviator$PatternAbbreviator,CLASS
BloatedClass,org.apache.log4j.pattern.ThrowableInformationPatternConverter,SINGLETON
PreservedClass,org.apache.log4j.pattern.FileDatePatternConverter,CONSTANT
BloatedClass,org.apache.log4j.pattern.NameAbbreviator$DropElementAbbreviator,CLASS
PreservedClass,org.apache.log4j.pattern.ClassNamePatternConverter,CONSTANT
BloatedClass,org.apache.log4j.pattern.NameAbbreviator$MaxElementAbbreviator,CLASS
PreservedClass,org.apache.log4j.pattern.LevelPatternConverter,CONSTANT
PreservedClass,org.apache.log4j.pattern.IntegerPatternConverter,CONSTANT
PreservedClass,org.apache.log4j.pattern.LineLocationPatternConverter,CONSTANT
BloatedClass,org.apache.log4j.or.sax.AttributesRenderer,CLASS
BloatedClass,org.apache.log4j.or.RendererMap,CLASS
BloatedClass,org.apache.log4j.or.ThreadGroupRenderer,CLASS
PreservedClass,org.apache.log4j.or.ObjectRenderer,INTERFACE
BloatedClass,org.apache.log4j.or.jms.MessageRenderer,UNKNOWN
BloatedClass,org.apache.log4j.or.DefaultRenderer,SINGLETON
BloatedClass,org.apache.log4j.SortedKeyEnumeration,CLASS
BloatedClass,org.apache.log4j.Layout,CLASS_ABSTRACT
BloatedClass,org.apache.log4j.MDC,SINGLETON
BloatedClass,org.apache.log4j.helpers.SyslogQuietWriter,CLASS
BloatedClass,org.apache.log4j.helpers.PatternParser$CategoryPatternConverter,SINGLETON
BloatedClass,org.apache.log4j.helpers.AppenderAttachableImpl,UNKNOWN
BloatedClass,org.apache.log4j.helpers.CyclicBuffer,UNKNOWN
BloatedClass,org.apache.log4j.helpers.ISO8601DateFormat,CLASS
BloatedClass,org.apache.log4j.helpers.PatternParser$ClassNamePatternConverter,SINGLETON
PreservedClass,org.apache.log4j.helpers.ThreadLocalMap,CONSTANT
BloatedClass,org.apache.log4j.helpers.QuietWriter,CLASS
BloatedClass,org.apache.log4j.helpers.UtilLoggingLevel,UNKNOWN
BloatedClass,org.apache.log4j.helpers.Loader,CLASS
BloatedClass,org.apache.log4j.helpers.PatternConverter,CLASS_ABSTRACT
BloatedClass,org.apache.log4j.helpers.OptionConverter,SINGLETON
BloatedClass,org.apache.log4j.helpers.PatternParser,CLASS
BloatedClass,org.apache.log4j.helpers.OnlyOnceErrorHandler,UNKNOWN
BloatedClass,org.apache.log4j.helpers.RelativeTimeDateFormat,CLASS
BloatedClass,org.apache.log4j.helpers.DateTimeDateFormat,CLASS
BloatedClass,org.apache.log4j.helpers.NullEnumeration,SINGLETON
BloatedClass,org.apache.log4j.helpers.BoundedFIFO,UNKNOWN
BloatedClass,org.apache.log4j.helpers.PatternParser$LocationPatternConverter,SINGLETON
BloatedClass,org.apache.log4j.helpers.Transform,CLASS
BloatedClass,org.apache.log4j.helpers.LogLog,CLASS
BloatedClass,org.apache.log4j.helpers.CountingQuietWriter,CLASS
BloatedClass,org.apache.log4j.helpers.FormattingInfo,CLASS
BloatedClass,org.apache.log4j.helpers.PatternParser$DatePatternConverter,SINGLETON
BloatedClass,org.apache.log4j.helpers.AbsoluteTimeDateFormat,CLASS
BloatedClass,org.apache.log4j.helpers.PatternParser$MDCPatternConverter,SINGLETON
BloatedClass,org.apache.log4j.helpers.PatternParser$LiteralPatternConverter,SINGLETON
PreservedClass,org.apache.log4j.helpers.MDCKeySetExtractor,CONSTANT
BloatedClass,org.apache.log4j.helpers.DateLayout,UNKNOWN
BloatedClass,org.apache.log4j.helpers.PatternParser$NamedPatternConverter,CLASS_ABSTRACT
BloatedClass,org.apache.log4j.helpers.FileWatchdog,CLASS_ABSTRACT
BloatedClass,org.apache.log4j.helpers.SyslogWriter,CLASS
BloatedClass,org.apache.log4j.helpers.PatternParser$BasicPatternConverter,SINGLETON
BloatedClass,org.apache.log4j.ConsoleAppender$SystemOutStream,CLASS
BloatedClass,org.apache.log4j.SimpleLayout,CLASS
BloatedClass,org.apache.log4j.CategoryKey,SINGLETON
BloatedClass,org.apache.log4j.Hierarchy,UNKNOWN
BloatedClass,org.apache.log4j.Level,SINGLETON
PreservedClass,joptsimple.IllegalOptionSpecificationException,EXCEPTION
BloatedClass,joptsimple.NoArgumentOptionSpec,SINGLETON
BloatedClass,joptsimple.ArgumentAcceptingOptionSpec,CLASS_ABSTRACT
BloatedClass,joptsimple.ArgumentList,SINGLETON
PreservedClass,joptsimple.ValueConverter,INTERFACE
BloatedClass,joptsimple.OptionParserState$1,SINGLETON
PreservedClass,joptsimple.HelpFormatter,INTERFACE
PreservedClass,joptsimple.OptionSpec,INTERFACE
BloatedClass,joptsimple.BuiltinHelpFormatter$1,SINGLETON
PreservedClass,joptsimple.util.KeyValuePair,CONSTANT
BloatedClass,joptsimple.util.InetAddressConverter,CLASS
BloatedClass,joptsimple.util.RegexMatcher,CLASS
BloatedClass,joptsimple.util.DateConverter,CLASS
BloatedClass,joptsimple.BuiltinHelpFormatter,CLASS
BloatedClass,joptsimple.AlternativeLongOptionSpec,SINGLETON
BloatedClass,joptsimple.OptionalArgumentOptionSpec,SINGLETON
BloatedClass,joptsimple.OptionSpecBuilder,SINGLETON
PreservedClass,joptsimple.ValueConversionException,EXCEPTION
BloatedClass,joptsimple.OptionParserState$2,SINGLETON
BloatedClass,joptsimple.RequiredArgumentOptionSpec,SINGLETON
BloatedClass,joptsimple.internal.Rows,CLASS
PreservedClass,joptsimple.internal.Strings,CONSTANT
PreservedClass,joptsimple.internal.Objects,CONSTANT
PreservedClass,joptsimple.internal.Classes,CONSTANT
BloatedClass,joptsimple.internal.MethodInvokingValueConverter,SINGLETON
BloatedClass,joptsimple.internal.Columns,SINGLETON
BloatedClass,joptsimple.internal.ConstructorInvokingValueConverter,SINGLETON
PreservedClass,joptsimple.internal.Reflection,CONSTANT
BloatedClass,joptsimple.internal.AbbreviationMap,CLASS
BloatedClass,joptsimple.internal.Row,SINGLETON
PreservedClass,joptsimple.internal.ReflectionException,EXCEPTION
BloatedClass,joptsimple.OptionParserState,CLASS_ABSTRACT
PreservedClass,joptsimple.OptionMissingRequiredArgumentException,EXCEPTION
BloatedClass,joptsimple.AbstractOptionSpec,CLASS_ABSTRACT
BloatedClass,joptsimple.OptionSet,SINGLETON
PreservedClass,joptsimple.MultipleArgumentsForOptionException,EXCEPTION
PreservedClass,joptsimple.OptionDescriptor,INTERFACE
PreservedClass,joptsimple.UnrecognizedOptionException,EXCEPTION
BloatedClass,joptsimple.OptionParser,CLASS
PreservedClass,joptsimple.UnconfiguredOptionException,EXCEPTION
PreservedClass,joptsimple.ParserRules,CONSTANT
PreservedClass,joptsimple.OptionException,EXCEPTION
PreservedClass,joptsimple.OptionArgumentConversionException,EXCEPTION
BloatedClass,joptsimple.OptionSpecTokenizer,SINGLETON
PreservedClass,joptsimple.MissingRequiredOptionException,EXCEPTION
PreservedClass,joptsimple.UnacceptableNumberOfNonOptionsException,EXCEPTION
BloatedClass,joptsimple.NonOptionArgumentSpec,SINGLETON
PreservedClass,free6om.research.qart4j.Version$VersionInfo,CONSTANT
BloatedClass,free6om.research.qart4j.Image$1,SINGLETON
BloatedClass,free6om.research.qart4j.Constants,CLASS
BloatedClass,free6om.research.qart4j.PixelOrder,CLASS
PreservedClass,free6om.research.qart4j.MatrixToImageWriter,CONSTANT
BloatedClass,free6om.research.qart4j.ReedSolomonUtil,CLASS
PreservedClass,free6om.research.qart4j.Pixel$PixelRole,ENUM
BloatedClass,free6om.research.qart4j.BitBlock,CLASS
PreservedClass,free6om.research.qart4j.Encoding,INTERFACE
BloatedClass,free6om.research.qart4j.QArt$1,UNKNOWN
BloatedClass,free6om.research.qart4j.Version,CLASS
BloatedClass,free6om.research.qart4j.ImageUtil,CLASS
BloatedClass,free6om.research.qart4j.PixelInfo,CLASS
BloatedClass,free6om.research.qart4j.Number,CLASS
PreservedClass,free6om.research.qart4j.QArtException,EXCEPTION
BloatedClass,free6om.research.qart4j.Image,CLASS
BloatedClass,free6om.research.qart4j.PixelMatrix,CLASS
BloatedClass,free6om.research.qart4j.Mask,CLASS
BloatedClass,free6om.research.qart4j.Point,CLASS
PreservedClass,free6om.research.qart4j.MatrixToImageConfig,CONSTANT
BloatedClass,free6om.research.qart4j.QArt,UNKNOWN
PreservedClass,free6om.research.qart4j.Version$VersionLevelInfo,CONSTANT
BloatedClass,free6om.research.qart4j.Request,CLASS
BloatedClass,free6om.research.qart4j.Pixel,CLASS
BloatedClass,free6om.research.qart4j.QRCode,CLASS
BloatedClass,free6om.research.qart4j.Alpha,CLASS
BloatedClass,free6om.research.qart4j.Rectangle,CLASS
BloatedClass,free6om.research.qart4j.Raw,CLASS
PreservedClass,free6om.research.qart4j.Image$Target,CONSTANT
BloatedClass,free6om.research.qart4j.Plan,CLASS
BloatedClass,free6om.research.qart4j.Bits,CLASS
PreservedClass,free6om.research.qart4j.Level,ENUM
PreservedClass,free6om.research.qart4j.VersionException,EXCEPTION
PreservedClass,com.google.zxing.ChecksumException,CONSTANT
PreservedClass,com.google.zxing.Reader,INTERFACE
PreservedClass,com.google.zxing.MultiFormatReader,CONSTANT
PreservedClass,com.google.zxing.FormatException,CONSTANT
PreservedClass,com.google.zxing.Result,CONSTANT
PreservedClass,com.google.zxing.multi.ByQuadrantReader,CONSTANT
BloatedClass,com.google.zxing.multi.qrcode.QRCodeMultiReader$1,SINGLETON
PreservedClass,com.google.zxing.multi.qrcode.QRCodeMultiReader,CONSTANT
PreservedClass,com.google.zxing.multi.qrcode.QRCodeMultiReader$SAComparator,CONSTANT
PreservedClass,com.google.zxing.multi.qrcode.detector.MultiDetector,CONSTANT
PreservedClass,com.google.zxing.multi.qrcode.detector.MultiFinderPatternFinder,CONSTANT
BloatedClass,com.google.zxing.multi.qrcode.detector.MultiFinderPatternFinder$1,SINGLETON
PreservedClass,com.google.zxing.multi.qrcode.detector.MultiFinderPatternFinder$ModuleSizeComparator,CONSTANT
PreservedClass,com.google.zxing.multi.GenericMultipleBarcodeReader,CONSTANT
PreservedClass,com.google.zxing.multi.MultipleBarcodeReader,INTERFACE
PreservedClass,com.google.zxing.aztec.encoder.SimpleToken,CONSTANT
BloatedClass,com.google.zxing.aztec.encoder.HighLevelEncoder$1,SINGLETON
PreservedClass,com.google.zxing.aztec.encoder.AztecCode,CONSTANT
PreservedClass,com.google.zxing.aztec.encoder.Encoder,CONSTANT
PreservedClass,com.google.zxing.aztec.encoder.State,CONSTANT
PreservedClass,com.google.zxing.aztec.encoder.BinaryShiftToken,CONSTANT
PreservedClass,com.google.zxing.aztec.encoder.HighLevelEncoder,CONSTANT
BloatedClass,com.google.zxing.aztec.encoder.Token,CLASS_ABSTRACT
PreservedClass,com.google.zxing.aztec.AztecReader,CONSTANT
PreservedClass,com.google.zxing.aztec.decoder.Decoder$Table,ENUM
PreservedClass,com.google.zxing.aztec.decoder.Decoder,CONSTANT
BloatedClass,com.google.zxing.aztec.decoder.Decoder$1,SINGLETON
PreservedClass,com.google.zxing.aztec.detector.Detector$Point,CONSTANT
PreservedClass,com.google.zxing.aztec.detector.Detector,CONSTANT
PreservedClass,com.google.zxing.aztec.AztecWriter,CONSTANT
PreservedClass,com.google.zxing.aztec.AztecDetectorResult,CONSTANT
PreservedClass,com.google.zxing.ResultPointCallback,INTERFACE
PreservedClass,com.google.zxing.ReaderException,EXCEPTION
BloatedClass,com.google.zxing.MultiFormatWriter$1,SINGLETON
BloatedClass,com.google.zxing.ResultPoint,CLASS
BloatedClass,com.google.zxing.Binarizer,CLASS_ABSTRACT
BloatedClass,com.google.zxing.qrcode.QRCodeReader,CLASS
BloatedClass,com.google.zxing.qrcode.encoder.Encoder$1,SINGLETON
PreservedClass,com.google.zxing.qrcode.encoder.MaskUtil,CONSTANT
PreservedClass,com.google.zxing.qrcode.encoder.Encoder,CONSTANT
PreservedClass,com.google.zxing.qrcode.encoder.MatrixUtil,CONSTANT
PreservedClass,com.google.zxing.qrcode.encoder.QRCode,CONSTANT
PreservedClass,com.google.zxing.qrcode.encoder.BlockPair,CONSTANT
PreservedClass,com.google.zxing.qrcode.encoder.ByteMatrix,CONSTANT
PreservedClass,com.google.zxing.qrcode.decoder.Decoder,CONSTANT
PreservedClass,com.google.zxing.qrcode.decoder.DataMask$DataMask011,CONSTANT
PreservedClass,com.google.zxing.qrcode.decoder.DataMask$DataMask111,CONSTANT
PreservedClass,com.google.zxing.qrcode.decoder.DataMask$DataMask010,CONSTANT
PreservedClass,com.google.zxing.qrcode.decoder.Version,CONSTANT
PreservedClass,com.google.zxing.qrcode.decoder.ErrorCorrectionLevel,ENUM
PreservedClass,com.google.zxing.qrcode.decoder.Mode,ENUM
PreservedClass,com.google.zxing.qrcode.decoder.DecodedBitStreamParser,CONSTANT
PreservedClass,com.google.zxing.qrcode.decoder.DataMask$DataMask110,CONSTANT
PreservedClass,com.google.zxing.qrcode.decoder.DataBlock,CONSTANT
PreservedClass,com.google.zxing.qrcode.decoder.BitMatrixParser,CONSTANT
PreservedClass,com.google.zxing.qrcode.decoder.Version$ECBlocks,CONSTANT
PreservedClass,com.google.zxing.qrcode.decoder.DataMask$DataMask001,CONSTANT
PreservedClass,com.google.zxing.qrcode.decoder.QRCodeDecoderMetaData,CONSTANT
BloatedClass,com.google.zxing.qrcode.decoder.DataMask,CLASS_ABSTRACT
PreservedClass,com.google.zxing.qrcode.decoder.DataMask$DataMask101,CONSTANT
PreservedClass,com.google.zxing.qrcode.decoder.DataMask$DataMask000,CONSTANT
PreservedClass,com.google.zxing.qrcode.decoder.FormatInformation,CONSTANT
PreservedClass,com.google.zxing.qrcode.decoder.DataMask$DataMask100,CONSTANT
BloatedClass,com.google.zxing.qrcode.decoder.DataMask$1,SINGLETON
PreservedClass,com.google.zxing.qrcode.decoder.Version$ECB,CONSTANT
BloatedClass,com.google.zxing.qrcode.detector.Detector,UNKNOWN
PreservedClass,com.google.zxing.qrcode.detector.FinderPatternInfo,CONSTANT
BloatedClass,com.google.zxing.qrcode.detector.FinderPatternFinder$1,SINGLETON
BloatedClass,com.google.zxing.qrcode.detector.AlignmentPattern,UNKNOWN
PreservedClass,com.google.zxing.qrcode.detector.FinderPatternFinder$FurthestFromAverageComparator,CONSTANT
BloatedClass,com.google.zxing.qrcode.detector.FinderPatternFinder,UNKNOWN
BloatedClass,com.google.zxing.qrcode.detector.FinderPattern,UNKNOWN
PreservedClass,com.google.zxing.qrcode.detector.AlignmentPatternFinder,CONSTANT
PreservedClass,com.google.zxing.qrcode.detector.FinderPatternFinder$CenterComparator,CONSTANT
PreservedClass,com.google.zxing.qrcode.QRCodeWriter,CONSTANT
PreservedClass,com.google.zxing.ResultMetadataType,ENUM
PreservedClass,com.google.zxing.common.BitSource,CONSTANT
PreservedClass,com.google.zxing.common.DefaultGridSampler,CONSTANT
PreservedClass,com.google.zxing.common.StringUtils,CONSTANT
BloatedClass,com.google.zxing.common.GlobalHistogramBinarizer,UNKNOWN
PreservedClass,com.google.zxing.common.CharacterSetECI,ENUM
PreservedClass,com.google.zxing.common.BitArray,CONSTANT
PreservedClass,com.google.zxing.common.DecoderResult,CONSTANT
PreservedClass,com.google.zxing.common.PerspectiveTransform,CONSTANT
BloatedClass,com.google.zxing.common.HybridBinarizer,UNKNOWN
BloatedClass,com.google.zxing.common.DetectorResult,UNKNOWN
PreservedClass,com.google.zxing.common.detector.MathUtils,CONSTANT
PreservedClass,com.google.zxing.common.detector.MonochromeRectangleDetector,CONSTANT
PreservedClass,com.google.zxing.common.detector.WhiteRectangleDetector,CONSTANT
PreservedClass,com.google.zxing.common.BitMatrix,CONSTANT
PreservedClass,com.google.zxing.common.reedsolomon.ReedSolomonDecoder,CONSTANT
PreservedClass,com.google.zxing.common.reedsolomon.GenericGF,CONSTANT
PreservedClass,com.google.zxing.common.reedsolomon.ReedSolomonEncoder,CONSTANT
PreservedClass,com.google.zxing.common.reedsolomon.GenericGFPoly,CONSTANT
PreservedClass,com.google.zxing.common.reedsolomon.ReedSolomonException,CONSTANT
BloatedClass,com.google.zxing.common.GridSampler,CLASS_ABSTRACT
PreservedClass,com.google.zxing.Dimension,CONSTANT
PreservedClass,com.google.zxing.pdf417.PDF417ResultMetadata,CONSTANT
PreservedClass,com.google.zxing.pdf417.PDF417Common,CONSTANT
PreservedClass,com.google.zxing.pdf417.encoder.BarcodeMatrix,CONSTANT
PreservedClass,com.google.zxing.pdf417.encoder.PDF417,CONSTANT
PreservedClass,com.google.zxing.pdf417.encoder.PDF417HighLevelEncoder,CONSTANT
PreservedClass,com.google.zxing.pdf417.encoder.Dimensions,CONSTANT
PreservedClass,com.google.zxing.pdf417.encoder.BarcodeRow,CONSTANT
PreservedClass,com.google.zxing.pdf417.encoder.PDF417ErrorCorrection,CONSTANT
PreservedClass,com.google.zxing.pdf417.encoder.Compaction,ENUM
PreservedClass,com.google.zxing.pdf417.PDF417Reader,CONSTANT
PreservedClass,com.google.zxing.pdf417.decoder.DetectionResultRowIndicatorColumn,CONSTANT
PreservedClass,com.google.zxing.pdf417.decoder.PDF417CodewordDecoder,CONSTANT
PreservedClass,com.google.zxing.pdf417.decoder.BoundingBox,CONSTANT
PreservedClass,com.google.zxing.pdf417.decoder.ec.ErrorCorrection,CONSTANT
PreservedClass,com.google.zxing.pdf417.decoder.ec.ModulusPoly,CONSTANT
PreservedClass,com.google.zxing.pdf417.decoder.ec.ModulusGF,CONSTANT
PreservedClass,com.google.zxing.pdf417.decoder.DecodedBitStreamParser,CONSTANT
PreservedClass,com.google.zxing.pdf417.decoder.Codeword,CONSTANT
PreservedClass,com.google.zxing.pdf417.decoder.DetectionResult,CONSTANT
PreservedClass,com.google.zxing.pdf417.decoder.DecodedBitStreamParser$Mode,ENUM
PreservedClass,com.google.zxing.pdf417.decoder.BarcodeValue,CONSTANT
PreservedClass,com.google.zxing.pdf417.decoder.BarcodeMetadata,CONSTANT
BloatedClass,com.google.zxing.pdf417.decoder.DecodedBitStreamParser$1,SINGLETON
BloatedClass,com.google.zxing.pdf417.decoder.DetectionResultColumn,SINGLETON
PreservedClass,com.google.zxing.pdf417.decoder.PDF417ScanningDecoder,CONSTANT
PreservedClass,com.google.zxing.pdf417.detector.Detector,CONSTANT
PreservedClass,com.google.zxing.pdf417.detector.PDF417DetectorResult,CONSTANT
PreservedClass,com.google.zxing.pdf417.PDF417Writer,CONSTANT
PreservedClass,com.google.zxing.WriterException,CONSTANT
PreservedClass,com.google.zxing.InvertedLuminanceSource,CONSTANT
PreservedClass,com.google.zxing.datamatrix.encoder.TextEncoder,CONSTANT
PreservedClass,com.google.zxing.datamatrix.encoder.ErrorCorrection,CONSTANT
PreservedClass,com.google.zxing.datamatrix.encoder.X12Encoder,CONSTANT
BloatedClass,com.google.zxing.datamatrix.encoder.SymbolInfo,CLASS
PreservedClass,com.google.zxing.datamatrix.encoder.EdifactEncoder,CONSTANT
PreservedClass,com.google.zxing.datamatrix.encoder.ASCIIEncoder,CONSTANT
PreservedClass,com.google.zxing.datamatrix.encoder.Encoder,INTERFACE
BloatedClass,com.google.zxing.datamatrix.encoder.DefaultPlacement,CLASS
PreservedClass,com.google.zxing.datamatrix.encoder.Base256Encoder,CONSTANT
PreservedClass,com.google.zxing.datamatrix.encoder.DataMatrixSymbolInfo144,CONSTANT
PreservedClass,com.google.zxing.datamatrix.encoder.EncoderContext,CONSTANT
PreservedClass,com.google.zxing.datamatrix.encoder.HighLevelEncoder,CONSTANT
PreservedClass,com.google.zxing.datamatrix.encoder.SymbolShapeHint,ENUM
BloatedClass,com.google.zxing.datamatrix.encoder.C40Encoder,SINGLETON
PreservedClass,com.google.zxing.datamatrix.DataMatrixWriter,CONSTANT
PreservedClass,com.google.zxing.datamatrix.decoder.Decoder,CONSTANT
BloatedClass,com.google.zxing.datamatrix.decoder.Version$1,SINGLETON
PreservedClass,com.google.zxing.datamatrix.decoder.Version,CONSTANT
PreservedClass,com.google.zxing.datamatrix.decoder.DecodedBitStreamParser,CONSTANT
PreservedClass,com.google.zxing.datamatrix.decoder.DataBlock,CONSTANT
PreservedClass,com.google.zxing.datamatrix.decoder.DecodedBitStreamParser$Mode,ENUM
PreservedClass,com.google.zxing.datamatrix.decoder.BitMatrixParser,CONSTANT
PreservedClass,com.google.zxing.datamatrix.decoder.Version$ECBlocks,CONSTANT
BloatedClass,com.google.zxing.datamatrix.decoder.DecodedBitStreamParser$1,SINGLETON
PreservedClass,com.google.zxing.datamatrix.decoder.Version$ECB,CONSTANT
PreservedClass,com.google.zxing.datamatrix.detector.Detector,CONSTANT
PreservedClass,com.google.zxing.datamatrix.detector.Detector$ResultPointsAndTransitionsComparator,CONSTANT
PreservedClass,com.google.zxing.datamatrix.detector.Detector$ResultPointsAndTransitions,CONSTANT
BloatedClass,com.google.zxing.datamatrix.detector.Detector$1,SINGLETON
PreservedClass,com.google.zxing.datamatrix.DataMatrixReader,CONSTANT
PreservedClass,com.google.zxing.maxicode.decoder.Decoder,CONSTANT
PreservedClass,com.google.zxing.maxicode.decoder.DecodedBitStreamParser,CONSTANT
PreservedClass,com.google.zxing.maxicode.decoder.BitMatrixParser,CONSTANT
PreservedClass,com.google.zxing.maxicode.MaxiCodeReader,CONSTANT
PreservedClass,com.google.zxing.BinaryBitmap,CONSTANT
PreservedClass,com.google.zxing.EncodeHintType,ENUM
PreservedClass,com.google.zxing.BarcodeFormat,ENUM
PreservedClass,com.google.zxing.oned.Code93Reader,CONSTANT
PreservedClass,com.google.zxing.oned.ITFWriter,CONSTANT
PreservedClass,com.google.zxing.oned.Code39Reader,CONSTANT
PreservedClass,com.google.zxing.oned.EANManufacturerOrgSupport,CONSTANT
PreservedClass,com.google.zxing.oned.CodaBarReader,CONSTANT
PreservedClass,com.google.zxing.oned.UPCEReader,CONSTANT
PreservedClass,com.google.zxing.oned.UPCEANExtensionSupport,CONSTANT
PreservedClass,com.google.zxing.oned.Code128Writer,CONSTANT
PreservedClass,com.google.zxing.oned.EAN8Writer,CONSTANT
PreservedClass,com.google.zxing.oned.UPCAWriter,CONSTANT
BloatedClass,com.google.zxing.oned.UPCEANWriter,CLASS_ABSTRACT
PreservedClass,com.google.zxing.oned.MultiFormatUPCEANReader,CONSTANT
PreservedClass,com.google.zxing.oned.rss.expanded.BitArrayBuilder,CONSTANT
PreservedClass,com.google.zxing.oned.rss.expanded.ExpandedPair,CONSTANT
PreservedClass,com.google.zxing.oned.rss.expanded.ExpandedRow,CONSTANT
PreservedClass,com.google.zxing.oned.rss.expanded.decoders.FieldParser,CONSTANT
BloatedClass,com.google.zxing.oned.rss.expanded.decoders.AbstractExpandedDecoder,CLASS_ABSTRACT
PreservedClass,com.google.zxing.oned.rss.expanded.decoders.DecodedNumeric,CONSTANT
PreservedClass,com.google.zxing.oned.rss.expanded.decoders.AI01392xDecoder,CONSTANT
PreservedClass,com.google.zxing.oned.rss.expanded.decoders.CurrentParsingState,CONSTANT
PreservedClass,com.google.zxing.oned.rss.expanded.decoders.AI01AndOtherAIs,CONSTANT
PreservedClass,com.google.zxing.oned.rss.expanded.decoders.AI013103decoder,CONSTANT
PreservedClass,com.google.zxing.oned.rss.expanded.decoders.AnyAIDecoder,CONSTANT
PreservedClass,com.google.zxing.oned.rss.expanded.decoders.AI013x0x1xDecoder,CONSTANT
PreservedClass,com.google.zxing.oned.rss.expanded.decoders.GeneralAppIdDecoder,CONSTANT
PreservedClass,com.google.zxing.oned.rss.expanded.decoders.DecodedChar,CONSTANT
PreservedClass,com.google.zxing.oned.rss.expanded.decoders.AI01320xDecoder,CONSTANT
PreservedClass,com.google.zxing.oned.rss.expanded.decoders.BlockParsedResult,CONSTANT
BloatedClass,com.google.zxing.oned.rss.expanded.decoders.AI013x0xDecoder,CLASS_ABSTRACT
PreservedClass,com.google.zxing.oned.rss.expanded.decoders.CurrentParsingState$State,ENUM
PreservedClass,com.google.zxing.oned.rss.expanded.decoders.AI01393xDecoder,CONSTANT
BloatedClass,com.google.zxing.oned.rss.expanded.decoders.AI01decoder,CLASS_ABSTRACT
BloatedClass,com.google.zxing.oned.rss.expanded.decoders.DecodedObject,CLASS_ABSTRACT
PreservedClass,com.google.zxing.oned.rss.expanded.decoders.DecodedInformation,CONSTANT
BloatedClass,com.google.zxing.oned.rss.expanded.decoders.AI01weightDecoder,CLASS_ABSTRACT
PreservedClass,com.google.zxing.oned.rss.expanded.RSSExpandedReader,CONSTANT
PreservedClass,com.google.zxing.oned.rss.Pair,CONSTANT
BloatedClass,com.google.zxing.oned.rss.AbstractRSSReader,CLASS_ABSTRACT
PreservedClass,com.google.zxing.oned.rss.RSSUtils,CONSTANT
BloatedClass,com.google.zxing.oned.rss.DataCharacter,CLASS
PreservedClass,com.google.zxing.oned.rss.FinderPattern,CONSTANT
PreservedClass,com.google.zxing.oned.rss.RSS14Reader,CONSTANT
PreservedClass,com.google.zxing.oned.EAN13Writer,CONSTANT
PreservedClass,com.google.zxing.oned.UPCAReader,CONSTANT
PreservedClass,com.google.zxing.oned.EAN13Reader,CONSTANT
BloatedClass,com.google.zxing.oned.UPCEANReader,CLASS_ABSTRACT
PreservedClass,com.google.zxing.oned.CodaBarWriter,CONSTANT
PreservedClass,com.google.zxing.oned.EAN8Reader,CONSTANT
PreservedClass,com.google.zxing.oned.MultiFormatOneDReader,CONSTANT
PreservedClass,com.google.zxing.oned.UPCEANExtension5Support,CONSTANT
PreservedClass,com.google.zxing.oned.UPCEANExtension2Support,CONSTANT
PreservedClass,com.google.zxing.oned.Code128Reader,CONSTANT
BloatedClass,com.google.zxing.oned.OneDReader,CLASS_ABSTRACT
BloatedClass,com.google.zxing.oned.OneDimensionalCodeWriter,CLASS_ABSTRACT
PreservedClass,com.google.zxing.oned.Code39Writer,CONSTANT
PreservedClass,com.google.zxing.oned.ITFReader,CONSTANT
PreservedClass,com.google.zxing.MultiFormatWriter,CONSTANT
PreservedClass,com.google.zxing.RGBLuminanceSource,CONSTANT
PreservedClass,com.google.zxing.DecodeHintType,ENUM
PreservedClass,com.google.zxing.client.result.VINResultParser,CONSTANT
PreservedClass,com.google.zxing.client.result.ExpandedProductParsedResult,CONSTANT
PreservedClass,com.google.zxing.client.result.ProductResultParser,CONSTANT
BloatedClass,com.google.zxing.client.result.ParsedResult,CLASS_ABSTRACT
PreservedClass,com.google.zxing.client.result.TelParsedResult,CONSTANT
PreservedClass,com.google.zxing.client.result.URIParsedResult,CONSTANT
PreservedClass,com.google.zxing.client.result.SMTPResultParser,CONSTANT
PreservedClass,com.google.zxing.client.result.URLTOResultParser,CONSTANT
PreservedClass,com.google.zxing.client.result.ISBNParsedResult,CONSTANT
PreservedClass,com.google.zxing.client.result.GeoParsedResult,CONSTANT
PreservedClass,com.google.zxing.client.result.WifiResultParser,CONSTANT
PreservedClass,com.google.zxing.client.result.EmailDoCoMoResultParser,CONSTANT
PreservedClass,com.google.zxing.client.result.EmailAddressParsedResult,CONSTANT
PreservedClass,com.google.zxing.client.result.VCardResultParser,CONSTANT
PreservedClass,com.google.zxing.client.result.BookmarkDoCoMoResultParser,CONSTANT
PreservedClass,com.google.zxing.client.result.AddressBookAUResultParser,CONSTANT
PreservedClass,com.google.zxing.client.result.ParsedResultType,ENUM
PreservedClass,com.google.zxing.client.result.SMSParsedResult,CONSTANT
PreservedClass,com.google.zxing.client.result.ProductParsedResult,CONSTANT
PreservedClass,com.google.zxing.client.result.TextParsedResult,CONSTANT
BloatedClass,com.google.zxing.client.result.ResultParser,CLASS_ABSTRACT
PreservedClass,com.google.zxing.client.result.VINParsedResult,CONSTANT
PreservedClass,com.google.zxing.client.result.BizcardResultParser,CONSTANT
PreservedClass,com.google.zxing.client.result.ExpandedProductResultParser,CONSTANT
PreservedClass,com.google.zxing.client.result.AddressBookDoCoMoResultParser,CONSTANT
PreservedClass,com.google.zxing.client.result.URIResultParser,CONSTANT
PreservedClass,com.google.zxing.client.result.VEventResultParser,CONSTANT
PreservedClass,com.google.zxing.client.result.AddressBookParsedResult,CONSTANT
PreservedClass,com.google.zxing.client.result.TelResultParser,CONSTANT
PreservedClass,com.google.zxing.client.result.GeoResultParser,CONSTANT
PreservedClass,com.google.zxing.client.result.WifiParsedResult,CONSTANT
PreservedClass,com.google.zxing.client.result.SMSMMSResultParser,CONSTANT
PreservedClass,com.google.zxing.client.result.ISBNResultParser,CONSTANT
PreservedClass,com.google.zxing.client.result.CalendarParsedResult,CONSTANT
BloatedClass,com.google.zxing.client.result.AbstractDoCoMoResultParser,CLASS_ABSTRACT
PreservedClass,com.google.zxing.client.result.EmailAddressResultParser,CONSTANT
PreservedClass,com.google.zxing.client.result.SMSTOMMSTOResultParser,CONSTANT
PreservedClass,com.google.zxing.PlanarYUVLuminanceSource,CONSTANT
PreservedClass,com.google.zxing.NotFoundException,CONSTANT
PreservedClass,com.google.zxing.Writer,INTERFACE
BloatedClass,com.google.zxing.LuminanceSource,CLASS_ABSTRACT
