org.slf4j.impl.Log4jLoggerAdapter,CONSTANT
org.slf4j.Logger,INTERFACE
org.slf4j.spi.LoggerFactoryBinder,INTERFACE
org.slf4j.spi.LocationAwareLogger,INTERFACE
org.slf4j.spi.MarkerFactoryBinder,INTERFACE
org.slf4j.spi.MDCAdapter,INTERFACE
org.slf4j.LoggerFactory,CONSTANT
org.slf4j.ILoggerFactory,INTERFACE
org.slf4j.Marker,INTERFACE
org.slf4j.helpers.MessageFormatter,CONSTANT
org.slf4j.IMarkerFactory,INTERFACE
org.apache.commons.imaging.ImageInfo$ColorType,ENUM
org.apache.commons.imaging.formats.icns.IcnsType,ENUM
org.apache.commons.imaging.formats.icns.Rle24Compression,CONSTANT
org.apache.commons.imaging.formats.icns.IcnsDecoder,CONSTANT
org.apache.commons.imaging.formats.psd.datareaders.DataReader,INTERFACE
org.apache.commons.imaging.formats.png.scanlinefilters.ScanlineFilter,INTERFACE
org.apache.commons.imaging.formats.png.FilterType,ENUM
org.apache.commons.imaging.formats.png.ChunkType,ENUM
org.apache.commons.imaging.formats.png.PngConstants,CONSTANT
org.apache.commons.imaging.formats.png.InterlaceMethod,ENUM
org.apache.commons.imaging.formats.png.PngColorType,ENUM
org.apache.commons.imaging.formats.pcx.PcxConstants,CONSTANT
org.apache.commons.imaging.formats.jpeg.JpegConstants,CONSTANT
org.apache.commons.imaging.formats.jpeg.decoder.Block,CONSTANT
org.apache.commons.imaging.formats.jpeg.decoder.Dct,CONSTANT
org.apache.commons.imaging.formats.jpeg.decoder.ZigZag,CONSTANT
org.apache.commons.imaging.formats.jpeg.decoder.YCbCrConverter,CONSTANT
org.apache.commons.imaging.formats.jpeg.xmp.JpegRewriter$JpegSegmentOverflowException,EXCEPTION
org.apache.commons.imaging.formats.jpeg.xmp.JpegRewriter$SegmentFilter,INTERFACE
org.apache.commons.imaging.formats.jpeg.iptc.IptcTypeLookup,CONSTANT
org.apache.commons.imaging.formats.jpeg.iptc.IptcType,INTERFACE
org.apache.commons.imaging.formats.jpeg.iptc.IptcTypes,ENUM
org.apache.commons.imaging.formats.jpeg.iptc.IptcConstants,CONSTANT
org.apache.commons.imaging.formats.jpeg.JpegUtils$Visitor,INTERFACE
org.apache.commons.imaging.formats.jpeg.exif.ExifRewriter$ExifOverflowException,EXCEPTION
org.apache.commons.imaging.formats.bmp.BmpWriter,INTERFACE
org.apache.commons.imaging.formats.pnm.PnmWriter,INTERFACE
org.apache.commons.imaging.formats.pnm.PnmConstants,CONSTANT
org.apache.commons.imaging.formats.tiff.write.TiffOutputSet,CONSTANT
org.apache.commons.imaging.formats.tiff.write.TiffOutputDirectory,CONSTANT
org.apache.commons.imaging.formats.tiff.TiffDirectory$ImageDataElement,CONSTANT
org.apache.commons.imaging.formats.tiff.constants.TiffTagConstants,CONSTANT
org.apache.commons.imaging.formats.tiff.constants.MicrosoftTagConstants,CONSTANT
org.apache.commons.imaging.formats.tiff.constants.OceScanjobTagConstants,CONSTANT
org.apache.commons.imaging.formats.tiff.constants.HylaFaxTagConstants,CONSTANT
org.apache.commons.imaging.formats.tiff.constants.DngTagConstants,CONSTANT
org.apache.commons.imaging.formats.tiff.constants.DcfTagConstants,CONSTANT
org.apache.commons.imaging.formats.tiff.constants.GpsTagConstants,CONSTANT
org.apache.commons.imaging.formats.tiff.constants.TiffConstants,CONSTANT
org.apache.commons.imaging.formats.tiff.constants.MolecularDynamicsGelTagConstants,CONSTANT
org.apache.commons.imaging.formats.tiff.constants.GdalLibraryTagConstants,CONSTANT
org.apache.commons.imaging.formats.tiff.constants.TiffDirectoryType,ENUM
org.apache.commons.imaging.formats.tiff.constants.AliasSketchbookProTagConstants,CONSTANT
org.apache.commons.imaging.formats.tiff.constants.AdobePageMaker6TagConstants,CONSTANT
org.apache.commons.imaging.formats.tiff.constants.AdobePhotoshopTagConstants,CONSTANT
org.apache.commons.imaging.formats.tiff.constants.TiffEpTagConstants,CONSTANT
org.apache.commons.imaging.formats.tiff.constants.Tiff4TagConstants,CONSTANT
org.apache.commons.imaging.formats.tiff.constants.TiffDirectoryConstants,CONSTANT
org.apache.commons.imaging.formats.tiff.constants.WangTagConstants,CONSTANT
org.apache.commons.imaging.formats.tiff.constants.Rfc2301TagConstants,CONSTANT
org.apache.commons.imaging.formats.tiff.constants.MicrosoftHdPhotoTagConstants,CONSTANT
org.apache.commons.imaging.formats.tiff.constants.ExifTagConstants,CONSTANT
org.apache.commons.imaging.formats.tiff.constants.GeoTiffTagConstants,CONSTANT
org.apache.commons.imaging.formats.tiff.TiffElement$Stub,CONSTANT
org.apache.commons.imaging.formats.tiff.TiffReader$Listener,INTERFACE
org.apache.commons.imaging.formats.tiff.TiffField$OversizeValueElement,CONSTANT
org.apache.commons.imaging.formats.tiff.datareaders.DataReaderTiled,CONSTANT
org.apache.commons.imaging.formats.tiff.datareaders.DataReaderStrips,CONSTANT
org.apache.commons.imaging.formats.tiff.TiffTags,CONSTANT
org.apache.commons.imaging.formats.tiff.taginfos.TagInfoGpsText,CONSTANT
org.apache.commons.imaging.formats.tiff.taginfos.TagInfoGpsText$TextEncoding,CONSTANT
org.apache.commons.imaging.formats.tiff.taginfos.TagInfoUnknown,CONSTANT
org.apache.commons.imaging.color.ColorHsl,CONSTANT
org.apache.commons.imaging.color.ColorXyz,CONSTANT
org.apache.commons.imaging.color.ColorConversions,CONSTANT
org.apache.commons.imaging.color.ColorCieLuv,CONSTANT
org.apache.commons.imaging.color.ColorCieLch,CONSTANT
org.apache.commons.imaging.color.ColorHsv,CONSTANT
org.apache.commons.imaging.color.ColorCieLab,CONSTANT
org.apache.commons.imaging.color.ColorCmyk,CONSTANT
org.apache.commons.imaging.color.ColorHunterLab,CONSTANT
org.apache.commons.imaging.color.ColorCmy,CONSTANT
org.apache.commons.imaging.ImageInfo$CompressionAlgorithm,ENUM
org.apache.commons.imaging.Imaging,CONSTANT
org.apache.commons.imaging.internal.Debug,CONSTANT
org.apache.commons.imaging.icc.IccTagType,INTERFACE
org.apache.commons.imaging.icc.IccTagTypes,ENUM
org.apache.commons.imaging.icc.IccTagDataType,INTERFACE
org.apache.commons.imaging.icc.IccConstants,CONSTANT
org.apache.commons.imaging.icc.IccTagDataTypes,ENUM
org.apache.commons.imaging.ImageFormat,INTERFACE
org.apache.commons.imaging.common.mylzw.MyLzwDecompressor,CONSTANT
org.apache.commons.imaging.common.mylzw.MyLzwCompressor$ByteArray,CONSTANT
org.apache.commons.imaging.common.mylzw.MyLzwCompressor$Listener,INTERFACE
org.apache.commons.imaging.common.mylzw.MyLzwDecompressor$Listener,INTERFACE
org.apache.commons.imaging.common.ImageMetadata,INTERFACE
org.apache.commons.imaging.common.ImageMetadata$ImageMetadataItem,INTERFACE
org.apache.commons.imaging.common.BufferedImageFactory,INTERFACE
org.apache.commons.imaging.common.RationalNumber$Option,CONSTANT
org.apache.commons.imaging.common.BinaryFunctions,CONSTANT
org.apache.commons.imaging.common.ByteConversions,CONSTANT
org.apache.commons.imaging.common.itu_t4.T4AndT6Compression,CONSTANT
org.apache.commons.imaging.common.itu_t4.HuffmanTreeException,EXCEPTION
org.apache.commons.imaging.common.itu_t4.HuffmanTree$Node,CONSTANT
org.apache.commons.imaging.ImagingException,EXCEPTION
org.apache.commons.imaging.ImageReadException,EXCEPTION
org.apache.commons.imaging.ImageFormats,ENUM
org.apache.commons.imaging.ImagingConstants,CONSTANT
org.apache.commons.imaging.PixelDensity,CONSTANT
org.apache.commons.imaging.palette.MedianCut,INTERFACE
org.apache.commons.imaging.palette.Palette,INTERFACE
org.apache.commons.imaging.palette.ColorComponent,ENUM
org.apache.commons.imaging.palette.Dithering,CONSTANT
org.apache.commons.imaging.ImageWriteException,EXCEPTION
org.apache.log4j.rewrite.RewritePolicy,INTERFACE
org.apache.log4j.DefaultThrowableRenderer,CONSTANT
org.apache.log4j.lf5.LogLevelFormatException,EXCEPTION
org.apache.log4j.lf5.viewer.LogTableColumnFormatException,EXCEPTION
org.apache.log4j.lf5.LogRecordFilter,INTERFACE
org.apache.log4j.config.PropertyGetter$PropertyCallback,INTERFACE
org.apache.log4j.config.PropertySetterException,EXCEPTION
org.apache.log4j.EnhancedThrowableRenderer,CONSTANT
org.apache.log4j.xml.DOMConfigurator$ParseAction,INTERFACE
org.apache.log4j.xml.UnrecognizedElementHandler,INTERFACE
org.apache.log4j.AsyncAppender$DiscardSummary,CONSTANT
org.apache.log4j.spi.OptionHandler,INTERFACE
org.apache.log4j.spi.ThrowableRendererSupport,INTERFACE
org.apache.log4j.spi.HierarchyEventListener,INTERFACE
org.apache.log4j.spi.RepositorySelector,INTERFACE
org.apache.log4j.spi.ThrowableRenderer,INTERFACE
org.apache.log4j.spi.Configurator,INTERFACE
org.apache.log4j.spi.AppenderAttachable,INTERFACE
org.apache.log4j.spi.ErrorCode,INTERFACE
org.apache.log4j.spi.TriggeringEventEvaluator,INTERFACE
org.apache.log4j.spi.ErrorHandler,INTERFACE
org.apache.log4j.spi.NOPLoggerRepository,CONSTANT
org.apache.log4j.spi.LoggerFactory,INTERFACE
org.apache.log4j.spi.LoggerRepository,INTERFACE
org.apache.log4j.spi.RendererSupport,INTERFACE
org.apache.log4j.LogMF,CONSTANT
org.apache.log4j.Appender,INTERFACE
org.apache.log4j.LogSF,CONSTANT
org.apache.log4j.pattern.LineSeparatorPatternConverter,CONSTANT
org.apache.log4j.pattern.BridgePatternConverter,CONSTANT
org.apache.log4j.pattern.MethodLocationPatternConverter,CONSTANT
org.apache.log4j.pattern.LiteralPatternConverter,CONSTANT
org.apache.log4j.pattern.DatePatternConverter,CONSTANT
org.apache.log4j.pattern.PropertiesPatternConverter,CONSTANT
org.apache.log4j.pattern.FullLocationPatternConverter,CONSTANT
org.apache.log4j.pattern.NDCPatternConverter,CONSTANT
org.apache.log4j.pattern.RelativeTimePatternConverter$CachedTimestamp,CONSTANT
org.apache.log4j.pattern.PatternParser,CONSTANT
org.apache.log4j.pattern.LoggerPatternConverter,CONSTANT
org.apache.log4j.pattern.FileLocationPatternConverter,CONSTANT
org.apache.log4j.pattern.CachedDateFormat,CONSTANT
org.apache.log4j.pattern.FormattingInfo,CONSTANT
org.apache.log4j.pattern.MessagePatternConverter,CONSTANT
org.apache.log4j.pattern.BridgePatternParser,CONSTANT
org.apache.log4j.pattern.FileDatePatternConverter,CONSTANT
org.apache.log4j.pattern.ClassNamePatternConverter,CONSTANT
org.apache.log4j.pattern.LevelPatternConverter,CONSTANT
org.apache.log4j.pattern.IntegerPatternConverter,CONSTANT
org.apache.log4j.pattern.LineLocationPatternConverter,CONSTANT
org.apache.log4j.or.ObjectRenderer,INTERFACE
org.apache.log4j.helpers.ThreadLocalMap,CONSTANT
org.apache.log4j.helpers.MDCKeySetExtractor,CONSTANT
joptsimple.IllegalOptionSpecificationException,EXCEPTION
joptsimple.ValueConverter,INTERFACE
joptsimple.HelpFormatter,INTERFACE
joptsimple.OptionSpec,INTERFACE
joptsimple.util.KeyValuePair,CONSTANT
joptsimple.ValueConversionException,EXCEPTION
joptsimple.internal.Strings,CONSTANT
joptsimple.internal.Objects,CONSTANT
joptsimple.internal.Classes,CONSTANT
joptsimple.internal.Reflection,CONSTANT
joptsimple.internal.ReflectionException,EXCEPTION
joptsimple.OptionMissingRequiredArgumentException,EXCEPTION
joptsimple.MultipleArgumentsForOptionException,EXCEPTION
joptsimple.OptionDescriptor,INTERFACE
joptsimple.UnrecognizedOptionException,EXCEPTION
joptsimple.UnconfiguredOptionException,EXCEPTION
joptsimple.ParserRules,CONSTANT
joptsimple.OptionException,EXCEPTION
joptsimple.OptionArgumentConversionException,EXCEPTION
joptsimple.MissingRequiredOptionException,EXCEPTION
joptsimple.UnacceptableNumberOfNonOptionsException,EXCEPTION
free6om.research.qart4j.Version$VersionInfo,CONSTANT
free6om.research.qart4j.MatrixToImageWriter,CONSTANT
free6om.research.qart4j.Pixel$PixelRole,ENUM
free6om.research.qart4j.Encoding,INTERFACE
free6om.research.qart4j.QArtException,EXCEPTION
free6om.research.qart4j.MatrixToImageConfig,CONSTANT
free6om.research.qart4j.Version$VersionLevelInfo,CONSTANT
free6om.research.qart4j.Image$Target,CONSTANT
free6om.research.qart4j.Level,ENUM
free6om.research.qart4j.VersionException,EXCEPTION
com.google.zxing.ChecksumException,CONSTANT
com.google.zxing.Reader,INTERFACE
com.google.zxing.MultiFormatReader,CONSTANT
com.google.zxing.FormatException,CONSTANT
com.google.zxing.Result,CONSTANT
com.google.zxing.multi.ByQuadrantReader,CONSTANT
com.google.zxing.multi.qrcode.QRCodeMultiReader,CONSTANT
com.google.zxing.multi.qrcode.QRCodeMultiReader$SAComparator,CONSTANT
com.google.zxing.multi.qrcode.detector.MultiDetector,CONSTANT
com.google.zxing.multi.qrcode.detector.MultiFinderPatternFinder,CONSTANT
com.google.zxing.multi.qrcode.detector.MultiFinderPatternFinder$ModuleSizeComparator,CONSTANT
com.google.zxing.multi.GenericMultipleBarcodeReader,CONSTANT
com.google.zxing.multi.MultipleBarcodeReader,INTERFACE
com.google.zxing.aztec.encoder.SimpleToken,CONSTANT
com.google.zxing.aztec.encoder.AztecCode,CONSTANT
com.google.zxing.aztec.encoder.Encoder,CONSTANT
com.google.zxing.aztec.encoder.State,CONSTANT
com.google.zxing.aztec.encoder.BinaryShiftToken,CONSTANT
com.google.zxing.aztec.encoder.HighLevelEncoder,CONSTANT
com.google.zxing.aztec.AztecReader,CONSTANT
com.google.zxing.aztec.decoder.Decoder$Table,ENUM
com.google.zxing.aztec.decoder.Decoder,CONSTANT
com.google.zxing.aztec.detector.Detector$Point,CONSTANT
com.google.zxing.aztec.detector.Detector,CONSTANT
com.google.zxing.aztec.AztecWriter,CONSTANT
com.google.zxing.aztec.AztecDetectorResult,CONSTANT
com.google.zxing.ResultPointCallback,INTERFACE
com.google.zxing.ReaderException,EXCEPTION
com.google.zxing.qrcode.encoder.MaskUtil,CONSTANT
com.google.zxing.qrcode.encoder.Encoder,CONSTANT
com.google.zxing.qrcode.encoder.MatrixUtil,CONSTANT
com.google.zxing.qrcode.encoder.QRCode,CONSTANT
com.google.zxing.qrcode.encoder.BlockPair,CONSTANT
com.google.zxing.qrcode.encoder.ByteMatrix,CONSTANT
com.google.zxing.qrcode.decoder.Decoder,CONSTANT
com.google.zxing.qrcode.decoder.DataMask$DataMask011,CONSTANT
com.google.zxing.qrcode.decoder.DataMask$DataMask111,CONSTANT
com.google.zxing.qrcode.decoder.DataMask$DataMask010,CONSTANT
com.google.zxing.qrcode.decoder.Version,CONSTANT
com.google.zxing.qrcode.decoder.ErrorCorrectionLevel,ENUM
com.google.zxing.qrcode.decoder.Mode,ENUM
com.google.zxing.qrcode.decoder.DecodedBitStreamParser,CONSTANT
com.google.zxing.qrcode.decoder.DataMask$DataMask110,CONSTANT
com.google.zxing.qrcode.decoder.DataBlock,CONSTANT
com.google.zxing.qrcode.decoder.BitMatrixParser,CONSTANT
com.google.zxing.qrcode.decoder.Version$ECBlocks,CONSTANT
com.google.zxing.qrcode.decoder.DataMask$DataMask001,CONSTANT
com.google.zxing.qrcode.decoder.QRCodeDecoderMetaData,CONSTANT
com.google.zxing.qrcode.decoder.DataMask$DataMask101,CONSTANT
com.google.zxing.qrcode.decoder.DataMask$DataMask000,CONSTANT
com.google.zxing.qrcode.decoder.FormatInformation,CONSTANT
com.google.zxing.qrcode.decoder.DataMask$DataMask100,CONSTANT
com.google.zxing.qrcode.decoder.Version$ECB,CONSTANT
com.google.zxing.qrcode.detector.FinderPatternInfo,CONSTANT
com.google.zxing.qrcode.detector.FinderPatternFinder$FurthestFromAverageComparator,CONSTANT
com.google.zxing.qrcode.detector.AlignmentPatternFinder,CONSTANT
com.google.zxing.qrcode.detector.FinderPatternFinder$CenterComparator,CONSTANT
com.google.zxing.qrcode.QRCodeWriter,CONSTANT
com.google.zxing.ResultMetadataType,ENUM
com.google.zxing.common.BitSource,CONSTANT
com.google.zxing.common.DefaultGridSampler,CONSTANT
com.google.zxing.common.StringUtils,CONSTANT
com.google.zxing.common.CharacterSetECI,ENUM
com.google.zxing.common.BitArray,CONSTANT
com.google.zxing.common.DecoderResult,CONSTANT
com.google.zxing.common.PerspectiveTransform,CONSTANT
com.google.zxing.common.detector.MathUtils,CONSTANT
com.google.zxing.common.detector.MonochromeRectangleDetector,CONSTANT
com.google.zxing.common.detector.WhiteRectangleDetector,CONSTANT
com.google.zxing.common.BitMatrix,CONSTANT
com.google.zxing.common.reedsolomon.ReedSolomonDecoder,CONSTANT
com.google.zxing.common.reedsolomon.GenericGF,CONSTANT
com.google.zxing.common.reedsolomon.ReedSolomonEncoder,CONSTANT
com.google.zxing.common.reedsolomon.GenericGFPoly,CONSTANT
com.google.zxing.common.reedsolomon.ReedSolomonException,CONSTANT
com.google.zxing.Dimension,CONSTANT
com.google.zxing.pdf417.PDF417ResultMetadata,CONSTANT
com.google.zxing.pdf417.PDF417Common,CONSTANT
com.google.zxing.pdf417.encoder.BarcodeMatrix,CONSTANT
com.google.zxing.pdf417.encoder.PDF417,CONSTANT
com.google.zxing.pdf417.encoder.PDF417HighLevelEncoder,CONSTANT
com.google.zxing.pdf417.encoder.Dimensions,CONSTANT
com.google.zxing.pdf417.encoder.BarcodeRow,CONSTANT
com.google.zxing.pdf417.encoder.PDF417ErrorCorrection,CONSTANT
com.google.zxing.pdf417.encoder.Compaction,ENUM
com.google.zxing.pdf417.PDF417Reader,CONSTANT
com.google.zxing.pdf417.decoder.DetectionResultRowIndicatorColumn,CONSTANT
com.google.zxing.pdf417.decoder.PDF417CodewordDecoder,CONSTANT
com.google.zxing.pdf417.decoder.BoundingBox,CONSTANT
com.google.zxing.pdf417.decoder.ec.ErrorCorrection,CONSTANT
com.google.zxing.pdf417.decoder.ec.ModulusPoly,CONSTANT
com.google.zxing.pdf417.decoder.ec.ModulusGF,CONSTANT
com.google.zxing.pdf417.decoder.DecodedBitStreamParser,CONSTANT
com.google.zxing.pdf417.decoder.Codeword,CONSTANT
com.google.zxing.pdf417.decoder.DetectionResult,CONSTANT
com.google.zxing.pdf417.decoder.DecodedBitStreamParser$Mode,ENUM
com.google.zxing.pdf417.decoder.BarcodeValue,CONSTANT
com.google.zxing.pdf417.decoder.BarcodeMetadata,CONSTANT
com.google.zxing.pdf417.decoder.PDF417ScanningDecoder,CONSTANT
com.google.zxing.pdf417.detector.Detector,CONSTANT
com.google.zxing.pdf417.detector.PDF417DetectorResult,CONSTANT
com.google.zxing.pdf417.PDF417Writer,CONSTANT
com.google.zxing.WriterException,CONSTANT
com.google.zxing.InvertedLuminanceSource,CONSTANT
com.google.zxing.datamatrix.encoder.TextEncoder,CONSTANT
com.google.zxing.datamatrix.encoder.ErrorCorrection,CONSTANT
com.google.zxing.datamatrix.encoder.X12Encoder,CONSTANT
com.google.zxing.datamatrix.encoder.EdifactEncoder,CONSTANT
com.google.zxing.datamatrix.encoder.ASCIIEncoder,CONSTANT
com.google.zxing.datamatrix.encoder.Encoder,INTERFACE
com.google.zxing.datamatrix.encoder.Base256Encoder,CONSTANT
com.google.zxing.datamatrix.encoder.DataMatrixSymbolInfo144,CONSTANT
com.google.zxing.datamatrix.encoder.EncoderContext,CONSTANT
com.google.zxing.datamatrix.encoder.HighLevelEncoder,CONSTANT
com.google.zxing.datamatrix.encoder.SymbolShapeHint,ENUM
com.google.zxing.datamatrix.DataMatrixWriter,CONSTANT
com.google.zxing.datamatrix.decoder.Decoder,CONSTANT
com.google.zxing.datamatrix.decoder.Version,CONSTANT
com.google.zxing.datamatrix.decoder.DecodedBitStreamParser,CONSTANT
com.google.zxing.datamatrix.decoder.DataBlock,CONSTANT
com.google.zxing.datamatrix.decoder.DecodedBitStreamParser$Mode,ENUM
com.google.zxing.datamatrix.decoder.BitMatrixParser,CONSTANT
com.google.zxing.datamatrix.decoder.Version$ECBlocks,CONSTANT
com.google.zxing.datamatrix.decoder.Version$ECB,CONSTANT
com.google.zxing.datamatrix.detector.Detector,CONSTANT
com.google.zxing.datamatrix.detector.Detector$ResultPointsAndTransitionsComparator,CONSTANT
com.google.zxing.datamatrix.detector.Detector$ResultPointsAndTransitions,CONSTANT
com.google.zxing.datamatrix.DataMatrixReader,CONSTANT
com.google.zxing.maxicode.decoder.Decoder,CONSTANT
com.google.zxing.maxicode.decoder.DecodedBitStreamParser,CONSTANT
com.google.zxing.maxicode.decoder.BitMatrixParser,CONSTANT
com.google.zxing.maxicode.MaxiCodeReader,CONSTANT
com.google.zxing.BinaryBitmap,CONSTANT
com.google.zxing.EncodeHintType,ENUM
com.google.zxing.BarcodeFormat,ENUM
com.google.zxing.oned.Code93Reader,CONSTANT
com.google.zxing.oned.ITFWriter,CONSTANT
com.google.zxing.oned.Code39Reader,CONSTANT
com.google.zxing.oned.EANManufacturerOrgSupport,CONSTANT
com.google.zxing.oned.CodaBarReader,CONSTANT
com.google.zxing.oned.UPCEReader,CONSTANT
com.google.zxing.oned.UPCEANExtensionSupport,CONSTANT
com.google.zxing.oned.Code128Writer,CONSTANT
com.google.zxing.oned.EAN8Writer,CONSTANT
com.google.zxing.oned.UPCAWriter,CONSTANT
com.google.zxing.oned.MultiFormatUPCEANReader,CONSTANT
com.google.zxing.oned.rss.expanded.BitArrayBuilder,CONSTANT
com.google.zxing.oned.rss.expanded.ExpandedPair,CONSTANT
com.google.zxing.oned.rss.expanded.ExpandedRow,CONSTANT
com.google.zxing.oned.rss.expanded.decoders.FieldParser,CONSTANT
com.google.zxing.oned.rss.expanded.decoders.DecodedNumeric,CONSTANT
com.google.zxing.oned.rss.expanded.decoders.AI01392xDecoder,CONSTANT
com.google.zxing.oned.rss.expanded.decoders.CurrentParsingState,CONSTANT
com.google.zxing.oned.rss.expanded.decoders.AI01AndOtherAIs,CONSTANT
com.google.zxing.oned.rss.expanded.decoders.AI013103decoder,CONSTANT
com.google.zxing.oned.rss.expanded.decoders.AnyAIDecoder,CONSTANT
com.google.zxing.oned.rss.expanded.decoders.AI013x0x1xDecoder,CONSTANT
com.google.zxing.oned.rss.expanded.decoders.GeneralAppIdDecoder,CONSTANT
com.google.zxing.oned.rss.expanded.decoders.DecodedChar,CONSTANT
com.google.zxing.oned.rss.expanded.decoders.AI01320xDecoder,CONSTANT
com.google.zxing.oned.rss.expanded.decoders.BlockParsedResult,CONSTANT
com.google.zxing.oned.rss.expanded.decoders.CurrentParsingState$State,ENUM
com.google.zxing.oned.rss.expanded.decoders.AI01393xDecoder,CONSTANT
com.google.zxing.oned.rss.expanded.decoders.DecodedInformation,CONSTANT
com.google.zxing.oned.rss.expanded.RSSExpandedReader,CONSTANT
com.google.zxing.oned.rss.Pair,CONSTANT
com.google.zxing.oned.rss.RSSUtils,CONSTANT
com.google.zxing.oned.rss.FinderPattern,CONSTANT
com.google.zxing.oned.rss.RSS14Reader,CONSTANT
com.google.zxing.oned.EAN13Writer,CONSTANT
com.google.zxing.oned.UPCAReader,CONSTANT
com.google.zxing.oned.EAN13Reader,CONSTANT
com.google.zxing.oned.CodaBarWriter,CONSTANT
com.google.zxing.oned.EAN8Reader,CONSTANT
com.google.zxing.oned.MultiFormatOneDReader,CONSTANT
com.google.zxing.oned.UPCEANExtension5Support,CONSTANT
com.google.zxing.oned.UPCEANExtension2Support,CONSTANT
com.google.zxing.oned.Code128Reader,CONSTANT
com.google.zxing.oned.Code39Writer,CONSTANT
com.google.zxing.oned.ITFReader,CONSTANT
com.google.zxing.MultiFormatWriter,CONSTANT
com.google.zxing.RGBLuminanceSource,CONSTANT
com.google.zxing.DecodeHintType,ENUM
com.google.zxing.client.result.VINResultParser,CONSTANT
com.google.zxing.client.result.ExpandedProductParsedResult,CONSTANT
com.google.zxing.client.result.ProductResultParser,CONSTANT
com.google.zxing.client.result.TelParsedResult,CONSTANT
com.google.zxing.client.result.URIParsedResult,CONSTANT
com.google.zxing.client.result.SMTPResultParser,CONSTANT
com.google.zxing.client.result.URLTOResultParser,CONSTANT
com.google.zxing.client.result.ISBNParsedResult,CONSTANT
com.google.zxing.client.result.GeoParsedResult,CONSTANT
com.google.zxing.client.result.WifiResultParser,CONSTANT
com.google.zxing.client.result.EmailDoCoMoResultParser,CONSTANT
com.google.zxing.client.result.EmailAddressParsedResult,CONSTANT
com.google.zxing.client.result.VCardResultParser,CONSTANT
com.google.zxing.client.result.BookmarkDoCoMoResultParser,CONSTANT
com.google.zxing.client.result.AddressBookAUResultParser,CONSTANT
com.google.zxing.client.result.ParsedResultType,ENUM
com.google.zxing.client.result.SMSParsedResult,CONSTANT
com.google.zxing.client.result.ProductParsedResult,CONSTANT
com.google.zxing.client.result.TextParsedResult,CONSTANT
com.google.zxing.client.result.VINParsedResult,CONSTANT
com.google.zxing.client.result.BizcardResultParser,CONSTANT
com.google.zxing.client.result.ExpandedProductResultParser,CONSTANT
com.google.zxing.client.result.AddressBookDoCoMoResultParser,CONSTANT
com.google.zxing.client.result.URIResultParser,CONSTANT
com.google.zxing.client.result.VEventResultParser,CONSTANT
com.google.zxing.client.result.AddressBookParsedResult,CONSTANT
com.google.zxing.client.result.TelResultParser,CONSTANT
com.google.zxing.client.result.GeoResultParser,CONSTANT
com.google.zxing.client.result.WifiParsedResult,CONSTANT
com.google.zxing.client.result.SMSMMSResultParser,CONSTANT
com.google.zxing.client.result.ISBNResultParser,CONSTANT
com.google.zxing.client.result.CalendarParsedResult,CONSTANT
com.google.zxing.client.result.EmailAddressResultParser,CONSTANT
com.google.zxing.client.result.SMSTOMMSTOResultParser,CONSTANT
com.google.zxing.PlanarYUVLuminanceSource,CONSTANT
com.google.zxing.NotFoundException,CONSTANT
com.google.zxing.Writer,INTERFACE
