Yajta,io.reactivex.internal.functions.Functions$NaturalObjectComparator,Functions$NaturalObjectComparator()V
Yajta,io.reactivex.internal.operators.observable.AbstractObservableWithUpstream,AbstractObservableWithUpstream(Lio/reactivex/ObservableSource;)V
Yajta,io.reactivex.internal.operators.observable.ObservableElementAtMaybe,fuseToObservable()Lio/reactivex/Observable;
Yajta,io.reactivex.internal.operators.observable.ObservableElementAtMaybe,ObservableElementAtMaybe(Lio/reactivex/ObservableSource;J)V
Yajta,io.reactivex.internal.schedulers.IoScheduler$EventLoopWorker,dispose()V
Yajta,io.reactivex.internal.schedulers.IoScheduler$EventLoopWorker,schedule(Ljava/lang/Runnable;JLjava/util/concurrent/TimeUnit;)Lio/reactivex/disposables/Disposable;
Yajta,io.reactivex.internal.schedulers.IoScheduler$EventLoopWorker,IoScheduler$EventLoopWorker(Lio/reactivex/internal/schedulers/IoScheduler$CachedWorkerPool;)V
Yajta,com.jakewharton.rxrelay2.Relay,toSerialized()Lcom/jakewharton/rxrelay2/Relay;
Yajta,com.jakewharton.rxrelay2.Relay,Relay()V
Yajta,io.reactivex.internal.disposables.DisposableHelper,DisposableHelper(Ljava/lang/String;I)V
Yajta,io.reactivex.internal.disposables.DisposableHelper,dispose(Ljava/util/concurrent/atomic/AtomicReference;)Z
Yajta,io.reactivex.internal.disposables.DisposableHelper,setOnce(Ljava/util/concurrent/atomic/AtomicReference;Lio/reactivex/disposables/Disposable;)Z
Yajta,io.reactivex.internal.disposables.DisposableHelper,validate(Lio/reactivex/disposables/Disposable;Lio/reactivex/disposables/Disposable;)Z
Yajta,io.reactivex.internal.disposables.DisposableHelper,<clinit>()V
Yajta,com.jakewharton.rxrelay2.ReplayRelay,accept(Ljava/lang/Object;)V
Yajta,com.jakewharton.rxrelay2.ReplayRelay,hasValue()Z
Yajta,com.jakewharton.rxrelay2.ReplayRelay,getValues([Ljava/lang/Object;)[Ljava/lang/Object;
Yajta,com.jakewharton.rxrelay2.ReplayRelay,create()Lcom/jakewharton/rxrelay2/ReplayRelay;
Yajta,com.jakewharton.rxrelay2.ReplayRelay,<clinit>()V
Yajta,com.jakewharton.rxrelay2.ReplayRelay,hasObservers()Z
Yajta,com.jakewharton.rxrelay2.ReplayRelay,getValue()Ljava/lang/Object;
Yajta,com.jakewharton.rxrelay2.ReplayRelay,getValues()[Ljava/lang/Object;
Yajta,com.jakewharton.rxrelay2.ReplayRelay,createWithSize(I)Lcom/jakewharton/rxrelay2/ReplayRelay;
Yajta,com.jakewharton.rxrelay2.ReplayRelay,ReplayRelay(Lcom/jakewharton/rxrelay2/ReplayRelay$ReplayBuffer;)V
Yajta,com.jakewharton.rxrelay2.BehaviorRelay,accept(Ljava/lang/Object;)V
Yajta,com.jakewharton.rxrelay2.BehaviorRelay,setCurrent(Ljava/lang/Object;)V
Yajta,com.jakewharton.rxrelay2.BehaviorRelay,hasValue()Z
Yajta,com.jakewharton.rxrelay2.BehaviorRelay,getValues([Ljava/lang/Object;)[Ljava/lang/Object;
Yajta,com.jakewharton.rxrelay2.BehaviorRelay,<clinit>()V
Yajta,com.jakewharton.rxrelay2.BehaviorRelay,hasObservers()Z
Yajta,com.jakewharton.rxrelay2.BehaviorRelay,getValue()Ljava/lang/Object;
Yajta,com.jakewharton.rxrelay2.BehaviorRelay,create()Lcom/jakewharton/rxrelay2/BehaviorRelay;
Yajta,com.jakewharton.rxrelay2.BehaviorRelay,BehaviorRelay()V
Yajta,com.jakewharton.rxrelay2.BehaviorRelay,getValues()[Ljava/lang/Object;
Yajta,io.reactivex.schedulers.Schedulers$NewThreadHolder,<clinit>()V
Yajta,io.reactivex.internal.schedulers.AbstractDirectTask,setFuture(Ljava/util/concurrent/Future;)V
Yajta,io.reactivex.internal.schedulers.AbstractDirectTask,<clinit>()V
Yajta,io.reactivex.internal.schedulers.AbstractDirectTask,AbstractDirectTask(Ljava/lang/Runnable;)V
Yajta,io.reactivex.internal.operators.observable.ObservableElementAt$ElementAtObserver,onSubscribe(Lio/reactivex/disposables/Disposable;)V
Yajta,io.reactivex.internal.operators.observable.ObservableElementAt$ElementAtObserver,onNext(Ljava/lang/Object;)V
Yajta,io.reactivex.internal.operators.observable.ObservableElementAt$ElementAtObserver,ObservableElementAt$ElementAtObserver(Lio/reactivex/Observer;JLjava/lang/Object;Z)V
Yajta,com.jakewharton.rxrelay2.SerializedRelay,accept(Ljava/lang/Object;)V
Yajta,com.jakewharton.rxrelay2.SerializedRelay,emitLoop()V
Yajta,com.jakewharton.rxrelay2.SerializedRelay,SerializedRelay(Lcom/jakewharton/rxrelay2/Relay;)V
Yajta,com.jakewharton.rxrelay2.SerializedRelay,hasObservers()Z
Yajta,com.jakewharton.rxrelay2.SerializedRelay,subscribeActual(Lio/reactivex/Observer;)V
Yajta,io.reactivex.Maybe,Maybe()V
Yajta,io.reactivex.Maybe,toObservable()Lio/reactivex/Observable;
Yajta,io.reactivex.internal.util.ExceptionHelper,terminate(Ljava/util/concurrent/atomic/AtomicReference;)Ljava/lang/Throwable;
Yajta,io.reactivex.internal.util.ExceptionHelper,<clinit>()V
Yajta,io.reactivex.observers.TestObserver,TestObserver(Lio/reactivex/Observer;)V
Yajta,io.reactivex.observers.TestObserver,onSubscribe(Lio/reactivex/disposables/Disposable;)V
Yajta,io.reactivex.observers.TestObserver,TestObserver()V
Yajta,io.reactivex.observers.TestObserver,onNext(Ljava/lang/Object;)V
Yajta,io.reactivex.observers.TestObserver,assertSubscribed()Lio/reactivex/observers/TestObserver;
Yajta,io.reactivex.internal.operators.observable.ObservableElementAt,ObservableElementAt(Lio/reactivex/ObservableSource;JLjava/lang/Object;Z)V
Yajta,io.reactivex.internal.operators.observable.ObservableElementAt,subscribeActual(Lio/reactivex/Observer;)V
Yajta,io.reactivex.internal.functions.Functions$EmptyConsumer,Functions$EmptyConsumer()V
Yajta,io.reactivex.internal.util.AtomicThrowable,AtomicThrowable()V
Yajta,io.reactivex.internal.util.AtomicThrowable,terminate()Ljava/lang/Throwable;
Yajta,com.jakewharton.rxrelay2.BehaviorRelay$BehaviorDisposable,test(Ljava/lang/Object;)Z
Yajta,com.jakewharton.rxrelay2.BehaviorRelay$BehaviorDisposable,emitFirst()V
Yajta,com.jakewharton.rxrelay2.BehaviorRelay$BehaviorDisposable,emitLoop()V
Yajta,com.jakewharton.rxrelay2.BehaviorRelay$BehaviorDisposable,isDisposed()Z
Yajta,com.jakewharton.rxrelay2.BehaviorRelay$BehaviorDisposable,dispose()V
Yajta,com.jakewharton.rxrelay2.BehaviorRelay$BehaviorDisposable,emitNext(Ljava/lang/Object;J)V
Yajta,com.jakewharton.rxrelay2.BehaviorRelay$BehaviorDisposable,BehaviorRelay$BehaviorDisposable(Lio/reactivex/Observer;Lcom/jakewharton/rxrelay2/BehaviorRelay;)V
Yajta,io.reactivex.internal.schedulers.NewThreadWorker,NewThreadWorker(Ljava/util/concurrent/ThreadFactory;)V
Yajta,io.reactivex.internal.schedulers.NewThreadWorker,dispose()V
Yajta,io.reactivex.Scheduler$Worker,Scheduler$Worker()V
Yajta,io.reactivex.internal.functions.Functions$MaxRequestSubscription,Functions$MaxRequestSubscription()V
Yajta,io.reactivex.internal.schedulers.RxThreadFactory,newThread(Ljava/lang/Runnable;)Ljava/lang/Thread;
Yajta,io.reactivex.internal.schedulers.RxThreadFactory,RxThreadFactory(Ljava/lang/String;IZ)V
Yajta,io.reactivex.internal.schedulers.RxThreadFactory,RxThreadFactory(Ljava/lang/String;)V
Yajta,io.reactivex.internal.schedulers.RxThreadFactory,RxThreadFactory(Ljava/lang/String;I)V
Yajta,io.reactivex.internal.schedulers.IoScheduler,<clinit>()V
Yajta,io.reactivex.internal.schedulers.IoScheduler,start()V
Yajta,io.reactivex.internal.schedulers.IoScheduler,IoScheduler()V
Yajta,io.reactivex.internal.schedulers.IoScheduler,IoScheduler(Ljava/util/concurrent/ThreadFactory;)V
Yajta,io.reactivex.internal.observers.LambdaObserver,LambdaObserver(Lio/reactivex/functions/Consumer;Lio/reactivex/functions/Consumer;Lio/reactivex/functions/Action;Lio/reactivex/functions/Consumer;)V
Yajta,io.reactivex.internal.observers.LambdaObserver,onSubscribe(Lio/reactivex/disposables/Disposable;)V
Yajta,io.reactivex.internal.observers.LambdaObserver,dispose()V
Yajta,io.reactivex.disposables.CompositeDisposable,dispose(Lio/reactivex/internal/util/OpenHashSet;)V
Yajta,io.reactivex.disposables.CompositeDisposable,CompositeDisposable()V
Yajta,io.reactivex.disposables.CompositeDisposable,dispose()V
Yajta,io.reactivex.internal.operators.observable.ObservableJust,call()Ljava/lang/Object;
Yajta,io.reactivex.internal.operators.observable.ObservableJust,ObservableJust(Ljava/lang/Object;)V
Yajta,io.reactivex.internal.schedulers.SchedulerPoolFactory$ScheduledTask,SchedulerPoolFactory$ScheduledTask()V
Yajta,io.reactivex.internal.schedulers.NewThreadScheduler,NewThreadScheduler(Ljava/util/concurrent/ThreadFactory;)V
Yajta,io.reactivex.internal.schedulers.NewThreadScheduler,NewThreadScheduler()V
Yajta,io.reactivex.internal.schedulers.NewThreadScheduler,<clinit>()V
Yajta,io.reactivex.internal.operators.observable.ObservableTake,ObservableTake(Lio/reactivex/ObservableSource;J)V
Yajta,io.reactivex.internal.operators.observable.ObservableTake,subscribeActual(Lio/reactivex/Observer;)V
Yajta,io.reactivex.internal.util.Pow2,roundToPowerOfTwo(I)I
Yajta,io.reactivex.internal.schedulers.TrampolineScheduler,<clinit>()V
Yajta,io.reactivex.internal.schedulers.TrampolineScheduler,TrampolineScheduler()V
Yajta,io.reactivex.internal.schedulers.TrampolineScheduler,instance()Lio/reactivex/internal/schedulers/TrampolineScheduler;
Yajta,io.reactivex.internal.functions.Functions$Identity,Functions$Identity()V
Yajta,io.reactivex.observers.DefaultObserver,onStart()V
Yajta,io.reactivex.observers.DefaultObserver,onSubscribe(Lio/reactivex/disposables/Disposable;)V
Yajta,io.reactivex.observers.DefaultObserver,DefaultObserver()V
Yajta,io.reactivex.schedulers.Schedulers$ComputationTask,Schedulers$ComputationTask()V
Yajta,io.reactivex.schedulers.Schedulers$ComputationTask,call()Ljava/lang/Object;
Yajta,io.reactivex.schedulers.Schedulers$ComputationTask,call()Lio/reactivex/Scheduler;
Yajta,io.reactivex.schedulers.Schedulers,<clinit>()V
Yajta,io.reactivex.schedulers.Schedulers,single()Lio/reactivex/Scheduler;
Yajta,com.jakewharton.rxrelay2.PublishRelay,add(Lcom/jakewharton/rxrelay2/PublishRelay$PublishDisposable;)V
Yajta,com.jakewharton.rxrelay2.PublishRelay,accept(Ljava/lang/Object;)V
Yajta,com.jakewharton.rxrelay2.PublishRelay,PublishRelay()V
Yajta,com.jakewharton.rxrelay2.PublishRelay,create()Lcom/jakewharton/rxrelay2/PublishRelay;
Yajta,com.jakewharton.rxrelay2.PublishRelay,<clinit>()V
Yajta,com.jakewharton.rxrelay2.PublishRelay,hasObservers()Z
Yajta,com.jakewharton.rxrelay2.PublishRelay,subscribeActual(Lio/reactivex/Observer;)V
Yajta,io.reactivex.Scheduler,scheduleDirect(Ljava/lang/Runnable;)Lio/reactivex/disposables/Disposable;
Yajta,io.reactivex.Scheduler,Scheduler()V
Yajta,io.reactivex.Scheduler,<clinit>()V
Yajta,io.reactivex.internal.schedulers.ComputationScheduler$PoolWorker,ComputationScheduler$PoolWorker(Ljava/util/concurrent/ThreadFactory;)V
Yajta,com.jakewharton.rxrelay2.ReplayRelay$UnboundedReplayBuffer,getValues([Ljava/lang/Object;)[Ljava/lang/Object;
Yajta,com.jakewharton.rxrelay2.ReplayRelay$UnboundedReplayBuffer,add(Ljava/lang/Object;)V
Yajta,com.jakewharton.rxrelay2.ReplayRelay$UnboundedReplayBuffer,ReplayRelay$UnboundedReplayBuffer(I)V
Yajta,com.jakewharton.rxrelay2.ReplayRelay$UnboundedReplayBuffer,getValue()Ljava/lang/Object;
Yajta,com.jakewharton.rxrelay2.ReplayRelay$UnboundedReplayBuffer,size()I
Yajta,io.reactivex.internal.operators.observable.ObservableTake$TakeObserver,onSubscribe(Lio/reactivex/disposables/Disposable;)V
Yajta,io.reactivex.internal.operators.observable.ObservableTake$TakeObserver,onComplete()V
Yajta,io.reactivex.internal.operators.observable.ObservableTake$TakeObserver,onNext(Ljava/lang/Object;)V
Yajta,io.reactivex.internal.operators.observable.ObservableTake$TakeObserver,ObservableTake$TakeObserver(Lio/reactivex/Observer;J)V
Yajta,io.reactivex.internal.util.OpenHashSet,OpenHashSet()V
Yajta,io.reactivex.internal.util.OpenHashSet,add(Ljava/lang/Object;)Z
Yajta,io.reactivex.internal.util.OpenHashSet,OpenHashSet(IF)V
Yajta,io.reactivex.internal.util.OpenHashSet,mix(I)I
Yajta,io.reactivex.internal.util.OpenHashSet,keys()[Ljava/lang/Object;
Yajta,io.reactivex.internal.operators.observable.ObservableFlatMap$InnerObserver,onSubscribe(Lio/reactivex/disposables/Disposable;)V
Yajta,io.reactivex.internal.operators.observable.ObservableFlatMap$InnerObserver,onNext(Ljava/lang/Object;)V
Yajta,io.reactivex.internal.operators.observable.ObservableFlatMap$InnerObserver,ObservableFlatMap$InnerObserver(Lio/reactivex/internal/operators/observable/ObservableFlatMap$MergeObserver;J)V
Yajta,io.reactivex.schedulers.Schedulers$IOTask,Schedulers$IOTask()V
Yajta,io.reactivex.schedulers.Schedulers$IOTask,call()Ljava/lang/Object;
Yajta,io.reactivex.schedulers.Schedulers$IOTask,call()Lio/reactivex/Scheduler;
Yajta,io.reactivex.observers.TestObserver$EmptyObserver,onSubscribe(Lio/reactivex/disposables/Disposable;)V
Yajta,io.reactivex.observers.TestObserver$EmptyObserver,TestObserver$EmptyObserver(Ljava/lang/String;I)V
Yajta,io.reactivex.observers.TestObserver$EmptyObserver,<clinit>()V
Yajta,io.reactivex.observers.TestObserver$EmptyObserver,onNext(Ljava/lang/Object;)V
Yajta,io.reactivex.schedulers.Schedulers$ComputationHolder,<clinit>()V
Yajta,io.reactivex.schedulers.Schedulers$NewThreadTask,call()Ljava/lang/Object;
Yajta,io.reactivex.schedulers.Schedulers$NewThreadTask,call()Lio/reactivex/Scheduler;
Yajta,io.reactivex.schedulers.Schedulers$NewThreadTask,Schedulers$NewThreadTask()V
Yajta,io.reactivex.internal.functions.ObjectHelper,equals(Ljava/lang/Object;Ljava/lang/Object;)Z
Yajta,io.reactivex.internal.functions.ObjectHelper,<clinit>()V
Yajta,io.reactivex.internal.functions.ObjectHelper,requireNonNull(Ljava/lang/Object;Ljava/lang/String;)Ljava/lang/Object;
Yajta,io.reactivex.internal.schedulers.ScheduledRunnable,run()V
Yajta,io.reactivex.internal.schedulers.ScheduledRunnable,ScheduledRunnable(Ljava/lang/Runnable;Lio/reactivex/internal/disposables/DisposableContainer;)V
Yajta,io.reactivex.internal.schedulers.ScheduledRunnable,setFuture(Ljava/util/concurrent/Future;)V
Yajta,io.reactivex.internal.schedulers.ScheduledRunnable,<clinit>()V
Yajta,io.reactivex.internal.schedulers.ScheduledRunnable,call()Ljava/lang/Object;
Yajta,io.reactivex.internal.schedulers.ScheduledRunnable,dispose()V
Yajta,io.reactivex.schedulers.Schedulers$IoHolder,<clinit>()V
Yajta,io.reactivex.internal.functions.Functions$ErrorConsumer,Functions$ErrorConsumer()V
Yajta,io.reactivex.internal.schedulers.ComputationScheduler,cap(II)I
Yajta,io.reactivex.internal.schedulers.ComputationScheduler,ComputationScheduler()V
Yajta,io.reactivex.internal.schedulers.ComputationScheduler,ComputationScheduler(Ljava/util/concurrent/ThreadFactory;)V
Yajta,io.reactivex.internal.schedulers.ComputationScheduler,<clinit>()V
Yajta,io.reactivex.internal.schedulers.ComputationScheduler,start()V
Yajta,io.reactivex.internal.schedulers.IoScheduler$CachedWorkerPool,shutdown()V
Yajta,io.reactivex.internal.schedulers.IoScheduler$CachedWorkerPool,IoScheduler$CachedWorkerPool(JLjava/util/concurrent/TimeUnit;Ljava/util/concurrent/ThreadFactory;)V
Yajta,io.reactivex.internal.functions.Functions$TruePredicate,Functions$TruePredicate()V
Yajta,io.reactivex.internal.functions.Functions,<clinit>()V
Yajta,io.reactivex.internal.schedulers.SchedulerPoolFactory$PurgeProperties,SchedulerPoolFactory$PurgeProperties()V
Yajta,io.reactivex.internal.schedulers.SchedulerPoolFactory$PurgeProperties,load(Ljava/util/Properties;)V
Yajta,com.jakewharton.rxrelay2.ReplayRelay$SizeBoundReplayBuffer,getValues([Ljava/lang/Object;)[Ljava/lang/Object;
Yajta,com.jakewharton.rxrelay2.ReplayRelay$SizeBoundReplayBuffer,add(Ljava/lang/Object;)V
Yajta,com.jakewharton.rxrelay2.ReplayRelay$SizeBoundReplayBuffer,trim()V
Yajta,com.jakewharton.rxrelay2.ReplayRelay$SizeBoundReplayBuffer,getValue()Ljava/lang/Object;
Yajta,com.jakewharton.rxrelay2.ReplayRelay$SizeBoundReplayBuffer,size()I
Yajta,com.jakewharton.rxrelay2.ReplayRelay$SizeBoundReplayBuffer,ReplayRelay$SizeBoundReplayBuffer(I)V
Yajta,io.reactivex.Flowable,<clinit>()V
Yajta,io.reactivex.Flowable,bufferSize()I
Yajta,io.reactivex.internal.schedulers.SingleScheduler,scheduleDirect(Ljava/lang/Runnable;JLjava/util/concurrent/TimeUnit;)Lio/reactivex/disposables/Disposable;
Yajta,io.reactivex.internal.schedulers.SingleScheduler,<clinit>()V
Yajta,io.reactivex.internal.schedulers.SingleScheduler,SingleScheduler(Ljava/util/concurrent/ThreadFactory;)V
Yajta,io.reactivex.internal.schedulers.SingleScheduler,createExecutor(Ljava/util/concurrent/ThreadFactory;)Ljava/util/concurrent/ScheduledExecutorService;
Yajta,io.reactivex.internal.schedulers.SingleScheduler,SingleScheduler()V
Yajta,io.reactivex.internal.functions.Functions$EmptyAction,Functions$EmptyAction()V
Yajta,io.reactivex.internal.functions.ObjectHelper$BiObjectPredicate,ObjectHelper$BiObjectPredicate()V
Yajta,io.reactivex.internal.operators.observable.ObservableMap,ObservableMap(Lio/reactivex/ObservableSource;Lio/reactivex/functions/Function;)V
Yajta,io.reactivex.internal.operators.observable.ObservableMap,subscribeActual(Lio/reactivex/Observer;)V
Yajta,io.reactivex.internal.util.VolatileSizeArrayList,add(Ljava/lang/Object;)Z
Yajta,io.reactivex.internal.util.VolatileSizeArrayList,VolatileSizeArrayList()V
Yajta,io.reactivex.internal.util.VolatileSizeArrayList,get(I)Ljava/lang/Object;
Yajta,io.reactivex.internal.util.VolatileSizeArrayList,size()I
Yajta,io.reactivex.internal.util.VolatileSizeArrayList,iterator()Ljava/util/Iterator;
Yajta,io.reactivex.Observable,Observable()V
Yajta,io.reactivex.Observable,subscribe(Lio/reactivex/Observer;)V
Yajta,io.reactivex.Observable,test()Lio/reactivex/observers/TestObserver;
Yajta,io.reactivex.internal.util.EndConsumerHelper,validate(Lio/reactivex/disposables/Disposable;Lio/reactivex/disposables/Disposable;Ljava/lang/Class;)Z
Yajta,io.reactivex.schedulers.Schedulers$SingleHolder,<clinit>()V
Yajta,io.reactivex.internal.operators.observable.ObservableMap$MapObserver,requestFusion(I)I
Yajta,io.reactivex.internal.operators.observable.ObservableMap$MapObserver,onNext(Ljava/lang/Object;)V
Yajta,io.reactivex.internal.operators.observable.ObservableMap$MapObserver,ObservableMap$MapObserver(Lio/reactivex/Observer;Lio/reactivex/functions/Function;)V
Yajta,io.reactivex.internal.observers.BasicFuseableObserver,beforeDownstream()Z
Yajta,io.reactivex.internal.observers.BasicFuseableObserver,afterDownstream()V
Yajta,io.reactivex.internal.observers.BasicFuseableObserver,onSubscribe(Lio/reactivex/disposables/Disposable;)V
Yajta,io.reactivex.internal.observers.BasicFuseableObserver,BasicFuseableObserver(Lio/reactivex/Observer;)V
Yajta,io.reactivex.internal.observers.BasicFuseableObserver,transitiveBoundaryFusion(I)I
Yajta,io.reactivex.internal.functions.Functions$OnErrorMissingConsumer,Functions$OnErrorMissingConsumer()V
Yajta,com.jakewharton.rxrelay2.ReplayRelay$Node,ReplayRelay$Node(Ljava/lang/Object;)V
Yajta,io.reactivex.internal.functions.Functions$NullCallable,Functions$NullCallable()V
Yajta,io.reactivex.Scheduler$DisposeTask,run()V
Yajta,io.reactivex.Scheduler$DisposeTask,dispose()V
Yajta,io.reactivex.Scheduler$DisposeTask,Scheduler$DisposeTask(Ljava/lang/Runnable;Lio/reactivex/Scheduler$Worker;)V
Yajta,com.jakewharton.rxrelay2.ReplayRelay$ReplayDisposable,ReplayRelay$ReplayDisposable(Lio/reactivex/Observer;Lcom/jakewharton/rxrelay2/ReplayRelay;)V
Yajta,com.jakewharton.rxrelay2.ReplayRelay$ReplayDisposable,isDisposed()Z
Yajta,com.jakewharton.rxrelay2.ReplayRelay$ReplayDisposable,dispose()V
Yajta,io.reactivex.internal.schedulers.ScheduledDirectTask,call()Ljava/lang/Void;
Yajta,io.reactivex.internal.schedulers.ScheduledDirectTask,call()Ljava/lang/Object;
Yajta,io.reactivex.internal.schedulers.ScheduledDirectTask,ScheduledDirectTask(Ljava/lang/Runnable;)V
Yajta,io.reactivex.internal.schedulers.ComputationScheduler$FixedSchedulerPool,shutdown()V
Yajta,io.reactivex.internal.schedulers.ComputationScheduler$FixedSchedulerPool,ComputationScheduler$FixedSchedulerPool(ILjava/util/concurrent/ThreadFactory;)V
Yajta,io.reactivex.internal.functions.Functions$FalsePredicate,Functions$FalsePredicate()V
Yajta,io.reactivex.internal.functions.Functions$EmptyRunnable,Functions$EmptyRunnable()V
Yajta,com.jakewharton.rxrelay2.ReplayRelay$SizeAndTimeBoundReplayBuffer,getValues([Ljava/lang/Object;)[Ljava/lang/Object;
Yajta,com.jakewharton.rxrelay2.ReplayRelay$SizeAndTimeBoundReplayBuffer,add(Ljava/lang/Object;)V
Yajta,com.jakewharton.rxrelay2.ReplayRelay$SizeAndTimeBoundReplayBuffer,trim()V
Yajta,com.jakewharton.rxrelay2.ReplayRelay$SizeAndTimeBoundReplayBuffer,getHead()Lcom/jakewharton/rxrelay2/ReplayRelay$TimedNode;
Yajta,com.jakewharton.rxrelay2.ReplayRelay$SizeAndTimeBoundReplayBuffer,getValue()Ljava/lang/Object;
Yajta,com.jakewharton.rxrelay2.ReplayRelay$SizeAndTimeBoundReplayBuffer,size()I
Yajta,com.jakewharton.rxrelay2.ReplayRelay$SizeAndTimeBoundReplayBuffer,ReplayRelay$SizeAndTimeBoundReplayBuffer(IJLjava/util/concurrent/TimeUnit;Lio/reactivex/Scheduler;)V
Yajta,com.jakewharton.rxrelay2.ReplayRelay$SizeAndTimeBoundReplayBuffer,replay(Lcom/jakewharton/rxrelay2/ReplayRelay$ReplayDisposable;)V
Yajta,com.jakewharton.rxrelay2.ReplayRelay$SizeAndTimeBoundReplayBuffer,size(Lcom/jakewharton/rxrelay2/ReplayRelay$TimedNode;)I
Yajta,io.reactivex.internal.schedulers.RxThreadFactory$RxCustomThread,RxThreadFactory$RxCustomThread(Ljava/lang/Runnable;Ljava/lang/String;)V
Yajta,io.reactivex.schedulers.Schedulers$SingleTask,Schedulers$SingleTask()V
Yajta,io.reactivex.schedulers.Schedulers$SingleTask,call()Ljava/lang/Object;
Yajta,io.reactivex.schedulers.Schedulers$SingleTask,call()Lio/reactivex/Scheduler;
Yajta,io.reactivex.observers.BaseTestConsumer,assertValueSet(Ljava/util/Collection;)Lio/reactivex/observers/BaseTestConsumer;
Yajta,io.reactivex.observers.BaseTestConsumer,BaseTestConsumer()V
Yajta,io.reactivex.observers.BaseTestConsumer,assertNotComplete()Lio/reactivex/observers/BaseTestConsumer;
Yajta,io.reactivex.observers.BaseTestConsumer,assertNoErrors()Lio/reactivex/observers/BaseTestConsumer;
Yajta,io.reactivex.observers.BaseTestConsumer,assertValue(Ljava/lang/Object;)Lio/reactivex/observers/BaseTestConsumer;
Yajta,io.reactivex.internal.functions.Functions$EmptyLongConsumer,Functions$EmptyLongConsumer()V
Yajta,com.jakewharton.rxrelay2.PublishRelay$PublishDisposable,isDisposed()Z
Yajta,com.jakewharton.rxrelay2.PublishRelay$PublishDisposable,onNext(Ljava/lang/Object;)V
Yajta,com.jakewharton.rxrelay2.PublishRelay$PublishDisposable,PublishRelay$PublishDisposable(Lio/reactivex/Observer;Lcom/jakewharton/rxrelay2/PublishRelay;)V
Yajta,com.jakewharton.rxrelay2.AppendOnlyLinkedArrayList,add(Ljava/lang/Object;)V
Yajta,com.jakewharton.rxrelay2.AppendOnlyLinkedArrayList,accept(Lcom/jakewharton/rxrelay2/Relay;)Z
Yajta,com.jakewharton.rxrelay2.AppendOnlyLinkedArrayList,AppendOnlyLinkedArrayList(I)V
Yajta,com.jakewharton.rxrelay2.ReplayRelay$TimedNode,ReplayRelay$TimedNode(Ljava/lang/Object;J)V
Yajta,io.reactivex.internal.schedulers.SchedulerPoolFactory,create(Ljava/util/concurrent/ThreadFactory;)Ljava/util/concurrent/ScheduledExecutorService;
Yajta,io.reactivex.internal.schedulers.SchedulerPoolFactory,tryStart(Z)V
Yajta,io.reactivex.internal.schedulers.SchedulerPoolFactory,<clinit>()V
Yajta,io.reactivex.internal.schedulers.SchedulerPoolFactory,start()V
Yajta,io.reactivex.internal.schedulers.SchedulerPoolFactory,tryPutIntoPool(ZLjava/util/concurrent/ScheduledExecutorService;)V
Yajta,io.reactivex.plugins.RxJavaPlugins,initSingleScheduler(Ljava/util/concurrent/Callable;)Lio/reactivex/Scheduler;
Yajta,io.reactivex.plugins.RxJavaPlugins,initNewThreadScheduler(Ljava/util/concurrent/Callable;)Lio/reactivex/Scheduler;
Yajta,io.reactivex.plugins.RxJavaPlugins,initComputationScheduler(Ljava/util/concurrent/Callable;)Lio/reactivex/Scheduler;
Yajta,io.reactivex.plugins.RxJavaPlugins,onSingleScheduler(Lio/reactivex/Scheduler;)Lio/reactivex/Scheduler;
Yajta,io.reactivex.plugins.RxJavaPlugins,onSubscribe(Lio/reactivex/Observable;Lio/reactivex/Observer;)Lio/reactivex/Observer;
Yajta,io.reactivex.plugins.RxJavaPlugins,callRequireNonNull(Ljava/util/concurrent/Callable;)Lio/reactivex/Scheduler;
Yajta,io.reactivex.plugins.RxJavaPlugins,initIoScheduler(Ljava/util/concurrent/Callable;)Lio/reactivex/Scheduler;
Yajta,io.reactivex.plugins.RxJavaPlugins,onSchedule(Ljava/lang/Runnable;)Ljava/lang/Runnable;
Yajta,io.reactivex.internal.operators.observable.ObservableFlatMap,ObservableFlatMap(Lio/reactivex/ObservableSource;Lio/reactivex/functions/Function;ZII)V
Yajta,io.reactivex.internal.operators.observable.ObservableFlatMap,subscribeActual(Lio/reactivex/Observer;)V
Yajta,io.reactivex.internal.operators.observable.ObservableScalarXMap,tryScalarXMapSubscribe(Lio/reactivex/ObservableSource;Lio/reactivex/Observer;Lio/reactivex/functions/Function;)Z
Yajta,io.reactivex.schedulers.TestScheduler,now(Ljava/util/concurrent/TimeUnit;)J
Yajta,io.reactivex.schedulers.TestScheduler,TestScheduler()V
Yajta,io.reactivex.schedulers.TestScheduler,advanceTimeBy(JLjava/util/concurrent/TimeUnit;)V
Yajta,io.reactivex.schedulers.TestScheduler,advanceTimeTo(JLjava/util/concurrent/TimeUnit;)V
Yajta,io.reactivex.schedulers.TestScheduler,triggerActions(J)V
Yajta,io.reactivex.internal.schedulers.IoScheduler$ThreadWorker,IoScheduler$ThreadWorker(Ljava/util/concurrent/ThreadFactory;)V
Yajta,io.reactivex.internal.operators.observable.ObservableFlatMap$MergeObserver,drain()V
Yajta,io.reactivex.internal.operators.observable.ObservableFlatMap$MergeObserver,tryEmitScalar(Ljava/util/concurrent/Callable;)Z
Yajta,io.reactivex.internal.operators.observable.ObservableFlatMap$MergeObserver,onSubscribe(Lio/reactivex/disposables/Disposable;)V
Yajta,io.reactivex.internal.operators.observable.ObservableFlatMap$MergeObserver,onComplete()V
Yajta,io.reactivex.internal.operators.observable.ObservableFlatMap$MergeObserver,<clinit>()V
Yajta,io.reactivex.internal.operators.observable.ObservableFlatMap$MergeObserver,onNext(Ljava/lang/Object;)V
Yajta,io.reactivex.internal.operators.observable.ObservableFlatMap$MergeObserver,subscribeInner(Lio/reactivex/ObservableSource;)V
Yajta,io.reactivex.internal.operators.observable.ObservableFlatMap$MergeObserver,checkTerminate()Z
Yajta,io.reactivex.internal.operators.observable.ObservableFlatMap$MergeObserver,ObservableFlatMap$MergeObserver(Lio/reactivex/Observer;Lio/reactivex/functions/Function;ZII)V
Yajta,io.reactivex.internal.operators.observable.ObservableFlatMap$MergeObserver,drainLoop()V
Yajta,io.reactivex.internal.util.ExceptionHelper$Termination,fillInStackTrace()Ljava/lang/Throwable;
Yajta,io.reactivex.internal.util.ExceptionHelper$Termination,ExceptionHelper$Termination()V
JaCoCo,com.jakewharton.rxrelay2.Relay,toSerialized()Lcom/jakewharton/rxrelay2/Relay;
JaCoCo,com.jakewharton.rxrelay2.Relay,<init>()V
JaCoCo,io.reactivex.disposables.CompositeDisposable,add(Lio/reactivex/disposables/Disposable;)Z
JaCoCo,io.reactivex.disposables.CompositeDisposable,dispose(Lio/reactivex/internal/util/OpenHashSet;)V
JaCoCo,io.reactivex.disposables.CompositeDisposable,isDisposed()Z
JaCoCo,io.reactivex.disposables.CompositeDisposable,delete(Lio/reactivex/disposables/Disposable;)Z
JaCoCo,io.reactivex.disposables.CompositeDisposable,dispose()V
JaCoCo,io.reactivex.disposables.CompositeDisposable,<init>()V
JaCoCo,io.reactivex.schedulers.Schedulers,single()Lio/reactivex/Scheduler;
JaCoCo,io.reactivex.schedulers.Schedulers,<clinit>()V
JaCoCo,io.reactivex.schedulers.Schedulers,computation()Lio/reactivex/Scheduler;
JaCoCo,io.reactivex.schedulers.Schedulers,io()Lio/reactivex/Scheduler;
JaCoCo,io.reactivex.internal.operators.observable.ObservableTake$TakeObserver,onSubscribe(Lio/reactivex/disposables/Disposable;)V
JaCoCo,io.reactivex.internal.operators.observable.ObservableTake$TakeObserver,onComplete()V
JaCoCo,io.reactivex.internal.operators.observable.ObservableTake$TakeObserver,onNext(Ljava/lang/Object;)V
JaCoCo,io.reactivex.internal.operators.observable.ObservableTake$TakeObserver,<init>(Lio/reactivex/Observer;J)V
JaCoCo,io.reactivex.schedulers.Schedulers$ComputationTask,call()Lio/reactivex/Scheduler;
JaCoCo,io.reactivex.schedulers.Schedulers$ComputationTask,<init>()V
JaCoCo,io.reactivex.internal.functions.Functions$ErrorConsumer,<init>()V
JaCoCo,io.reactivex.Scheduler$Worker,<init>()V
JaCoCo,io.reactivex.internal.operators.observable.AbstractObservableWithUpstream,<init>(Lio/reactivex/ObservableSource;)V
JaCoCo,io.reactivex.schedulers.Schedulers$IOTask,call()Lio/reactivex/Scheduler;
JaCoCo,io.reactivex.schedulers.Schedulers$IOTask,<init>()V
JaCoCo,io.reactivex.internal.operators.observable.ObservableFlatMap,<init>(Lio/reactivex/ObservableSource;Lio/reactivex/functions/Function;ZII)V
JaCoCo,io.reactivex.internal.operators.observable.ObservableFlatMap,subscribeActual(Lio/reactivex/Observer;)V
JaCoCo,io.reactivex.internal.schedulers.RxThreadFactory,newThread(Ljava/lang/Runnable;)Ljava/lang/Thread;
JaCoCo,io.reactivex.internal.schedulers.RxThreadFactory,<init>(Ljava/lang/String;IZ)V
JaCoCo,io.reactivex.internal.schedulers.RxThreadFactory,<init>(Ljava/lang/String;)V
JaCoCo,io.reactivex.internal.schedulers.RxThreadFactory,<init>(Ljava/lang/String;I)V
JaCoCo,io.reactivex.internal.util.VolatileSizeArrayList,add(Ljava/lang/Object;)Z
JaCoCo,io.reactivex.internal.util.VolatileSizeArrayList,get(I)Ljava/lang/Object;
JaCoCo,io.reactivex.internal.util.VolatileSizeArrayList,size()I
JaCoCo,io.reactivex.internal.util.VolatileSizeArrayList,iterator()Ljava/util/Iterator;
JaCoCo,io.reactivex.internal.util.VolatileSizeArrayList,<init>()V
JaCoCo,com.jakewharton.rxrelay2.ReplayRelay,createWithTimeAndSize(JLjava/util/concurrent/TimeUnit;Lio/reactivex/Scheduler;I)Lcom/jakewharton/rxrelay2/ReplayRelay;
JaCoCo,com.jakewharton.rxrelay2.ReplayRelay,create(I)Lcom/jakewharton/rxrelay2/ReplayRelay;
JaCoCo,com.jakewharton.rxrelay2.ReplayRelay,createWithTime(JLjava/util/concurrent/TimeUnit;Lio/reactivex/Scheduler;)Lcom/jakewharton/rxrelay2/ReplayRelay;
JaCoCo,com.jakewharton.rxrelay2.ReplayRelay,accept(Ljava/lang/Object;)V
JaCoCo,com.jakewharton.rxrelay2.ReplayRelay,hasValue()Z
JaCoCo,com.jakewharton.rxrelay2.ReplayRelay,hasObservers()Z
JaCoCo,com.jakewharton.rxrelay2.ReplayRelay,getValue()Ljava/lang/Object;
JaCoCo,com.jakewharton.rxrelay2.ReplayRelay,createUnbounded()Lcom/jakewharton/rxrelay2/ReplayRelay;
JaCoCo,com.jakewharton.rxrelay2.ReplayRelay,add(Lcom/jakewharton/rxrelay2/ReplayRelay$ReplayDisposable;)Z
JaCoCo,com.jakewharton.rxrelay2.ReplayRelay,subscribeActual(Lio/reactivex/Observer;)V
JaCoCo,com.jakewharton.rxrelay2.ReplayRelay,createWithSize(I)Lcom/jakewharton/rxrelay2/ReplayRelay;
JaCoCo,com.jakewharton.rxrelay2.ReplayRelay,getValues([Ljava/lang/Object;)[Ljava/lang/Object;
JaCoCo,com.jakewharton.rxrelay2.ReplayRelay,create()Lcom/jakewharton/rxrelay2/ReplayRelay;
JaCoCo,com.jakewharton.rxrelay2.ReplayRelay,size()I
JaCoCo,com.jakewharton.rxrelay2.ReplayRelay,<clinit>()V
JaCoCo,com.jakewharton.rxrelay2.ReplayRelay,observerCount()I
JaCoCo,com.jakewharton.rxrelay2.ReplayRelay,remove(Lcom/jakewharton/rxrelay2/ReplayRelay$ReplayDisposable;)V
JaCoCo,com.jakewharton.rxrelay2.ReplayRelay,<init>(Lcom/jakewharton/rxrelay2/ReplayRelay$ReplayBuffer;)V
JaCoCo,com.jakewharton.rxrelay2.ReplayRelay,getValues()[Ljava/lang/Object;
JaCoCo,io.reactivex.internal.schedulers.NewThreadWorker,scheduleActual(Ljava/lang/Runnable;JLjava/util/concurrent/TimeUnit;Lio/reactivex/internal/disposables/DisposableContainer;)Lio/reactivex/internal/schedulers/ScheduledRunnable;
JaCoCo,io.reactivex.internal.schedulers.NewThreadWorker,dispose()V
JaCoCo,io.reactivex.internal.schedulers.NewThreadWorker,<init>(Ljava/util/concurrent/ThreadFactory;)V
JaCoCo,io.reactivex.internal.schedulers.ComputationScheduler$FixedSchedulerPool,shutdown()V
JaCoCo,io.reactivex.internal.schedulers.ComputationScheduler$FixedSchedulerPool,<init>(ILjava/util/concurrent/ThreadFactory;)V
JaCoCo,com.jakewharton.rxrelay2.ReplayRelay$TimedNode,<init>(Ljava/lang/Object;J)V
JaCoCo,io.reactivex.internal.functions.Functions$NaturalObjectComparator,<init>()V
JaCoCo,io.reactivex.internal.functions.Functions$Identity,<init>()V
JaCoCo,io.reactivex.internal.schedulers.ComputationScheduler$PoolWorker,<init>(Ljava/util/concurrent/ThreadFactory;)V
JaCoCo,io.reactivex.schedulers.Schedulers$SingleHolder,<clinit>()V
JaCoCo,io.reactivex.internal.schedulers.IoScheduler$EventLoopWorker,dispose()V
JaCoCo,io.reactivex.internal.schedulers.IoScheduler$EventLoopWorker,schedule(Ljava/lang/Runnable;JLjava/util/concurrent/TimeUnit;)Lio/reactivex/disposables/Disposable;
JaCoCo,io.reactivex.internal.schedulers.IoScheduler$EventLoopWorker,<init>(Lio/reactivex/internal/schedulers/IoScheduler$CachedWorkerPool;)V
JaCoCo,io.reactivex.Scheduler$DisposeTask,run()V
JaCoCo,io.reactivex.Scheduler$DisposeTask,dispose()V
JaCoCo,io.reactivex.Scheduler$DisposeTask,<init>(Ljava/lang/Runnable;Lio/reactivex/Scheduler$Worker;)V
JaCoCo,io.reactivex.internal.schedulers.IoScheduler,start()V
JaCoCo,io.reactivex.internal.schedulers.IoScheduler,<clinit>()V
JaCoCo,io.reactivex.internal.schedulers.IoScheduler,<init>(Ljava/util/concurrent/ThreadFactory;)V
JaCoCo,io.reactivex.internal.schedulers.IoScheduler,<init>()V
JaCoCo,io.reactivex.internal.schedulers.IoScheduler,createWorker()Lio/reactivex/Scheduler$Worker;
JaCoCo,io.reactivex.internal.schedulers.TrampolineScheduler,<clinit>()V
JaCoCo,io.reactivex.internal.schedulers.TrampolineScheduler,<init>()V
JaCoCo,io.reactivex.internal.schedulers.TrampolineScheduler,instance()Lio/reactivex/internal/schedulers/TrampolineScheduler;
JaCoCo,com.jakewharton.rxrelay2.ReplayRelay$SizeBoundReplayBuffer,getValues([Ljava/lang/Object;)[Ljava/lang/Object;
JaCoCo,com.jakewharton.rxrelay2.ReplayRelay$SizeBoundReplayBuffer,<init>(I)V
JaCoCo,com.jakewharton.rxrelay2.ReplayRelay$SizeBoundReplayBuffer,trim()V
JaCoCo,com.jakewharton.rxrelay2.ReplayRelay$SizeBoundReplayBuffer,add(Ljava/lang/Object;)V
JaCoCo,com.jakewharton.rxrelay2.ReplayRelay$SizeBoundReplayBuffer,getValue()Ljava/lang/Object;
JaCoCo,com.jakewharton.rxrelay2.ReplayRelay$SizeBoundReplayBuffer,size()I
JaCoCo,com.jakewharton.rxrelay2.ReplayRelay$SizeBoundReplayBuffer,replay(Lcom/jakewharton/rxrelay2/ReplayRelay$ReplayDisposable;)V
JaCoCo,io.reactivex.Flowable,<clinit>()V
JaCoCo,io.reactivex.Flowable,bufferSize()I
JaCoCo,io.reactivex.internal.functions.Functions$TruePredicate,<init>()V
JaCoCo,io.reactivex.internal.schedulers.SchedulerPoolFactory$PurgeProperties,load(Ljava/util/Properties;)V
JaCoCo,io.reactivex.internal.schedulers.SchedulerPoolFactory$PurgeProperties,<init>()V
JaCoCo,io.reactivex.internal.schedulers.ScheduledDirectTask,call()Ljava/lang/Void;
JaCoCo,io.reactivex.internal.schedulers.ScheduledDirectTask,<init>(Ljava/lang/Runnable;)V
JaCoCo,io.reactivex.Maybe,toObservable()Lio/reactivex/Observable;
JaCoCo,io.reactivex.Maybe,<init>()V
JaCoCo,io.reactivex.internal.functions.Functions$EmptyConsumer,accept(Ljava/lang/Object;)V
JaCoCo,io.reactivex.internal.functions.Functions$EmptyConsumer,<init>()V
JaCoCo,io.reactivex.internal.schedulers.ComputationScheduler,cap(II)I
JaCoCo,io.reactivex.internal.schedulers.ComputationScheduler,start()V
JaCoCo,io.reactivex.internal.schedulers.ComputationScheduler,<clinit>()V
JaCoCo,io.reactivex.internal.schedulers.ComputationScheduler,<init>(Ljava/util/concurrent/ThreadFactory;)V
JaCoCo,io.reactivex.internal.schedulers.ComputationScheduler,<init>()V
JaCoCo,io.reactivex.internal.schedulers.IoScheduler$CachedWorkerPool,get()Lio/reactivex/internal/schedulers/IoScheduler$ThreadWorker;
JaCoCo,io.reactivex.internal.schedulers.IoScheduler$CachedWorkerPool,<init>(JLjava/util/concurrent/TimeUnit;Ljava/util/concurrent/ThreadFactory;)V
JaCoCo,io.reactivex.internal.schedulers.IoScheduler$CachedWorkerPool,now()J
JaCoCo,io.reactivex.internal.schedulers.IoScheduler$CachedWorkerPool,shutdown()V
JaCoCo,io.reactivex.internal.schedulers.IoScheduler$CachedWorkerPool,release(Lio/reactivex/internal/schedulers/IoScheduler$ThreadWorker;)V
JaCoCo,io.reactivex.schedulers.Schedulers$SingleTask,call()Lio/reactivex/Scheduler;
JaCoCo,io.reactivex.schedulers.Schedulers$SingleTask,<init>()V
JaCoCo,io.reactivex.observers.TestObserver$EmptyObserver,onSubscribe(Lio/reactivex/disposables/Disposable;)V
JaCoCo,io.reactivex.observers.TestObserver$EmptyObserver,onComplete()V
JaCoCo,io.reactivex.observers.TestObserver$EmptyObserver,onNext(Ljava/lang/Object;)V
JaCoCo,io.reactivex.observers.TestObserver$EmptyObserver,<clinit>()V
JaCoCo,io.reactivex.internal.operators.observable.ObservableElementAtMaybe,<init>(Lio/reactivex/ObservableSource;J)V
JaCoCo,io.reactivex.internal.operators.observable.ObservableElementAtMaybe,fuseToObservable()Lio/reactivex/Observable;
JaCoCo,io.reactivex.schedulers.Schedulers$IoHolder,<clinit>()V
JaCoCo,io.reactivex.Observable,flatMap(Lio/reactivex/functions/Function;ZI)Lio/reactivex/Observable;
JaCoCo,io.reactivex.Observable,subscribe(Lio/reactivex/Observer;)V
JaCoCo,io.reactivex.Observable,subscribe()Lio/reactivex/disposables/Disposable;
JaCoCo,io.reactivex.Observable,firstElement()Lio/reactivex/Maybe;
JaCoCo,io.reactivex.Observable,test(Z)Lio/reactivex/observers/TestObserver;
JaCoCo,io.reactivex.Observable,test()Lio/reactivex/observers/TestObserver;
JaCoCo,io.reactivex.Observable,take(J)Lio/reactivex/Observable;
JaCoCo,io.reactivex.Observable,subscribe(Lio/reactivex/functions/Consumer;)Lio/reactivex/disposables/Disposable;
JaCoCo,io.reactivex.Observable,flatMap(Lio/reactivex/functions/Function;ZII)Lio/reactivex/Observable;
JaCoCo,io.reactivex.Observable,subscribe(Lio/reactivex/functions/Consumer;Lio/reactivex/functions/Consumer;Lio/reactivex/functions/Action;Lio/reactivex/functions/Consumer;)Lio/reactivex/disposables/Disposable;
JaCoCo,io.reactivex.Observable,elementAt(J)Lio/reactivex/Maybe;
JaCoCo,io.reactivex.Observable,map(Lio/reactivex/functions/Function;)Lio/reactivex/Observable;
JaCoCo,io.reactivex.Observable,flatMap(Lio/reactivex/functions/Function;)Lio/reactivex/Observable;
JaCoCo,io.reactivex.Observable,<init>()V
JaCoCo,io.reactivex.Observable,flatMap(Lio/reactivex/functions/Function;Z)Lio/reactivex/Observable;
JaCoCo,io.reactivex.Observable,bufferSize()I
JaCoCo,io.reactivex.Observable,just(Ljava/lang/Object;)Lio/reactivex/Observable;
JaCoCo,com.jakewharton.rxrelay2.ReplayRelay$ReplayDisposable,isDisposed()Z
JaCoCo,com.jakewharton.rxrelay2.ReplayRelay$ReplayDisposable,dispose()V
JaCoCo,com.jakewharton.rxrelay2.ReplayRelay$ReplayDisposable,<init>(Lio/reactivex/Observer;Lcom/jakewharton/rxrelay2/ReplayRelay;)V
JaCoCo,io.reactivex.internal.functions.Functions$FalsePredicate,<init>()V
JaCoCo,io.reactivex.internal.util.ExceptionHelper,terminate(Ljava/util/concurrent/atomic/AtomicReference;)Ljava/lang/Throwable;
JaCoCo,io.reactivex.internal.util.ExceptionHelper,<clinit>()V
JaCoCo,io.reactivex.internal.schedulers.NewThreadScheduler,<clinit>()V
JaCoCo,io.reactivex.internal.schedulers.NewThreadScheduler,<init>(Ljava/util/concurrent/ThreadFactory;)V
JaCoCo,io.reactivex.internal.schedulers.NewThreadScheduler,<init>()V
JaCoCo,com.jakewharton.rxrelay2.PublishRelay,add(Lcom/jakewharton/rxrelay2/PublishRelay$PublishDisposable;)V
JaCoCo,com.jakewharton.rxrelay2.PublishRelay,accept(Ljava/lang/Object;)V
JaCoCo,com.jakewharton.rxrelay2.PublishRelay,remove(Lcom/jakewharton/rxrelay2/PublishRelay$PublishDisposable;)V
JaCoCo,com.jakewharton.rxrelay2.PublishRelay,create()Lcom/jakewharton/rxrelay2/PublishRelay;
JaCoCo,com.jakewharton.rxrelay2.PublishRelay,hasObservers()Z
JaCoCo,com.jakewharton.rxrelay2.PublishRelay,<clinit>()V
JaCoCo,com.jakewharton.rxrelay2.PublishRelay,<init>()V
JaCoCo,com.jakewharton.rxrelay2.PublishRelay,subscribeActual(Lio/reactivex/Observer;)V
JaCoCo,io.reactivex.internal.operators.observable.ObservableFlatMap$InnerObserver,onSubscribe(Lio/reactivex/disposables/Disposable;)V
JaCoCo,io.reactivex.internal.operators.observable.ObservableFlatMap$InnerObserver,onNext(Ljava/lang/Object;)V
JaCoCo,io.reactivex.internal.operators.observable.ObservableFlatMap$InnerObserver,<init>(Lio/reactivex/internal/operators/observable/ObservableFlatMap$MergeObserver;J)V
JaCoCo,io.reactivex.internal.operators.observable.ObservableElementAt$ElementAtObserver,onSubscribe(Lio/reactivex/disposables/Disposable;)V
JaCoCo,io.reactivex.internal.operators.observable.ObservableElementAt$ElementAtObserver,<init>(Lio/reactivex/Observer;JLjava/lang/Object;Z)V
JaCoCo,io.reactivex.internal.operators.observable.ObservableElementAt$ElementAtObserver,onNext(Ljava/lang/Object;)V
JaCoCo,io.reactivex.internal.schedulers.SingleScheduler,scheduleDirect(Ljava/lang/Runnable;JLjava/util/concurrent/TimeUnit;)Lio/reactivex/disposables/Disposable;
JaCoCo,io.reactivex.internal.schedulers.SingleScheduler,<clinit>()V
JaCoCo,io.reactivex.internal.schedulers.SingleScheduler,<init>(Ljava/util/concurrent/ThreadFactory;)V
JaCoCo,io.reactivex.internal.schedulers.SingleScheduler,<init>()V
JaCoCo,io.reactivex.internal.schedulers.SingleScheduler,createExecutor(Ljava/util/concurrent/ThreadFactory;)Ljava/util/concurrent/ScheduledExecutorService;
JaCoCo,io.reactivex.Scheduler,now(Ljava/util/concurrent/TimeUnit;)J
JaCoCo,io.reactivex.Scheduler,scheduleDirect(Ljava/lang/Runnable;)Lio/reactivex/disposables/Disposable;
JaCoCo,io.reactivex.Scheduler,scheduleDirect(Ljava/lang/Runnable;JLjava/util/concurrent/TimeUnit;)Lio/reactivex/disposables/Disposable;
JaCoCo,io.reactivex.Scheduler,<clinit>()V
JaCoCo,io.reactivex.Scheduler,<init>()V
JaCoCo,io.reactivex.internal.util.OpenHashSet,<init>(IF)V
JaCoCo,io.reactivex.internal.util.OpenHashSet,add(Ljava/lang/Object;)Z
JaCoCo,io.reactivex.internal.util.OpenHashSet,<init>()V
JaCoCo,io.reactivex.internal.util.OpenHashSet,mix(I)I
JaCoCo,io.reactivex.internal.util.OpenHashSet,keys()[Ljava/lang/Object;
JaCoCo,com.jakewharton.rxrelay2.ReplayRelay$Node,<init>(Ljava/lang/Object;)V
JaCoCo,io.reactivex.internal.operators.observable.ObservableMap$MapObserver,requestFusion(I)I
JaCoCo,io.reactivex.internal.operators.observable.ObservableMap$MapObserver,onNext(Ljava/lang/Object;)V
JaCoCo,io.reactivex.internal.operators.observable.ObservableMap$MapObserver,<init>(Lio/reactivex/Observer;Lio/reactivex/functions/Function;)V
JaCoCo,io.reactivex.internal.functions.Functions$EmptyLongConsumer,<init>()V
JaCoCo,com.jakewharton.rxrelay2.AppendOnlyLinkedArrayList,<init>(I)V
JaCoCo,com.jakewharton.rxrelay2.AppendOnlyLinkedArrayList,add(Ljava/lang/Object;)V
JaCoCo,com.jakewharton.rxrelay2.AppendOnlyLinkedArrayList,forEachWhile(Lcom/jakewharton/rxrelay2/AppendOnlyLinkedArrayList$NonThrowingPredicate;)V
JaCoCo,com.jakewharton.rxrelay2.AppendOnlyLinkedArrayList,accept(Lcom/jakewharton/rxrelay2/Relay;)Z
JaCoCo,com.jakewharton.rxrelay2.SerializedRelay,accept(Ljava/lang/Object;)V
JaCoCo,com.jakewharton.rxrelay2.SerializedRelay,emitLoop()V
JaCoCo,com.jakewharton.rxrelay2.SerializedRelay,hasObservers()Z
JaCoCo,com.jakewharton.rxrelay2.SerializedRelay,subscribeActual(Lio/reactivex/Observer;)V
JaCoCo,com.jakewharton.rxrelay2.SerializedRelay,<init>(Lcom/jakewharton/rxrelay2/Relay;)V
JaCoCo,io.reactivex.internal.operators.observable.ObservableElementAt,<init>(Lio/reactivex/ObservableSource;JLjava/lang/Object;Z)V
JaCoCo,io.reactivex.internal.operators.observable.ObservableElementAt,subscribeActual(Lio/reactivex/Observer;)V
JaCoCo,io.reactivex.internal.functions.Functions$NullCallable,<init>()V
JaCoCo,com.jakewharton.rxrelay2.BehaviorRelay,accept(Ljava/lang/Object;)V
JaCoCo,com.jakewharton.rxrelay2.BehaviorRelay,hasValue()Z
JaCoCo,com.jakewharton.rxrelay2.BehaviorRelay,remove(Lcom/jakewharton/rxrelay2/BehaviorRelay$BehaviorDisposable;)V
JaCoCo,com.jakewharton.rxrelay2.BehaviorRelay,hasObservers()Z
JaCoCo,com.jakewharton.rxrelay2.BehaviorRelay,getValue()Ljava/lang/Object;
JaCoCo,com.jakewharton.rxrelay2.BehaviorRelay,<init>(Ljava/lang/Object;)V
JaCoCo,com.jakewharton.rxrelay2.BehaviorRelay,add(Lcom/jakewharton/rxrelay2/BehaviorRelay$BehaviorDisposable;)V
JaCoCo,com.jakewharton.rxrelay2.BehaviorRelay,subscribeActual(Lio/reactivex/Observer;)V
JaCoCo,com.jakewharton.rxrelay2.BehaviorRelay,setCurrent(Ljava/lang/Object;)V
JaCoCo,com.jakewharton.rxrelay2.BehaviorRelay,getValues([Ljava/lang/Object;)[Ljava/lang/Object;
JaCoCo,com.jakewharton.rxrelay2.BehaviorRelay,createDefault(Ljava/lang/Object;)Lcom/jakewharton/rxrelay2/BehaviorRelay;
JaCoCo,com.jakewharton.rxrelay2.BehaviorRelay,subscriberCount()I
JaCoCo,com.jakewharton.rxrelay2.BehaviorRelay,<clinit>()V
JaCoCo,com.jakewharton.rxrelay2.BehaviorRelay,create()Lcom/jakewharton/rxrelay2/BehaviorRelay;
JaCoCo,com.jakewharton.rxrelay2.BehaviorRelay,<init>()V
JaCoCo,com.jakewharton.rxrelay2.BehaviorRelay,getValues()[Ljava/lang/Object;
JaCoCo,io.reactivex.internal.functions.Functions$MaxRequestSubscription,<init>()V
JaCoCo,io.reactivex.internal.functions.Functions$EmptyRunnable,<init>()V
JaCoCo,io.reactivex.internal.disposables.DisposableHelper,dispose(Ljava/util/concurrent/atomic/AtomicReference;)Z
JaCoCo,io.reactivex.internal.disposables.DisposableHelper,setOnce(Ljava/util/concurrent/atomic/AtomicReference;Lio/reactivex/disposables/Disposable;)Z
JaCoCo,io.reactivex.internal.disposables.DisposableHelper,validate(Lio/reactivex/disposables/Disposable;Lio/reactivex/disposables/Disposable;)Z
JaCoCo,io.reactivex.internal.disposables.DisposableHelper,<clinit>()V
JaCoCo,io.reactivex.internal.observers.LambdaObserver,isDisposed()Z
JaCoCo,io.reactivex.internal.observers.LambdaObserver,onSubscribe(Lio/reactivex/disposables/Disposable;)V
JaCoCo,io.reactivex.internal.observers.LambdaObserver,<init>(Lio/reactivex/functions/Consumer;Lio/reactivex/functions/Consumer;Lio/reactivex/functions/Action;Lio/reactivex/functions/Consumer;)V
JaCoCo,io.reactivex.internal.observers.LambdaObserver,onNext(Ljava/lang/Object;)V
JaCoCo,io.reactivex.internal.observers.LambdaObserver,dispose()V
JaCoCo,io.reactivex.internal.operators.observable.ObservableFlatMap$MergeObserver,drain()V
JaCoCo,io.reactivex.internal.operators.observable.ObservableFlatMap$MergeObserver,tryEmitScalar(Ljava/util/concurrent/Callable;)Z
JaCoCo,io.reactivex.internal.operators.observable.ObservableFlatMap$MergeObserver,addInner(Lio/reactivex/internal/operators/observable/ObservableFlatMap$InnerObserver;)Z
JaCoCo,io.reactivex.internal.operators.observable.ObservableFlatMap$MergeObserver,onSubscribe(Lio/reactivex/disposables/Disposable;)V
JaCoCo,io.reactivex.internal.operators.observable.ObservableFlatMap$MergeObserver,<init>(Lio/reactivex/Observer;Lio/reactivex/functions/Function;ZII)V
JaCoCo,io.reactivex.internal.operators.observable.ObservableFlatMap$MergeObserver,onComplete()V
JaCoCo,io.reactivex.internal.operators.observable.ObservableFlatMap$MergeObserver,onNext(Ljava/lang/Object;)V
JaCoCo,io.reactivex.internal.operators.observable.ObservableFlatMap$MergeObserver,<clinit>()V
JaCoCo,io.reactivex.internal.operators.observable.ObservableFlatMap$MergeObserver,subscribeInner(Lio/reactivex/ObservableSource;)V
JaCoCo,io.reactivex.internal.operators.observable.ObservableFlatMap$MergeObserver,checkTerminate()Z
JaCoCo,io.reactivex.internal.operators.observable.ObservableFlatMap$MergeObserver,tryEmit(Ljava/lang/Object;Lio/reactivex/internal/operators/observable/ObservableFlatMap$InnerObserver;)V
JaCoCo,io.reactivex.internal.operators.observable.ObservableFlatMap$MergeObserver,drainLoop()V
JaCoCo,io.reactivex.internal.util.ExceptionHelper$Termination,fillInStackTrace()Ljava/lang/Throwable;
JaCoCo,io.reactivex.internal.util.ExceptionHelper$Termination,<init>()V
JaCoCo,io.reactivex.internal.operators.observable.ObservableMap,<init>(Lio/reactivex/ObservableSource;Lio/reactivex/functions/Function;)V
JaCoCo,io.reactivex.internal.operators.observable.ObservableMap,subscribeActual(Lio/reactivex/Observer;)V
JaCoCo,io.reactivex.internal.functions.Functions$OnErrorMissingConsumer,<init>()V
JaCoCo,io.reactivex.plugins.RxJavaPlugins,initSingleScheduler(Ljava/util/concurrent/Callable;)Lio/reactivex/Scheduler;
JaCoCo,io.reactivex.plugins.RxJavaPlugins,initNewThreadScheduler(Ljava/util/concurrent/Callable;)Lio/reactivex/Scheduler;
JaCoCo,io.reactivex.plugins.RxJavaPlugins,onAssembly(Lio/reactivex/Observable;)Lio/reactivex/Observable;
JaCoCo,io.reactivex.plugins.RxJavaPlugins,onAssembly(Lio/reactivex/Maybe;)Lio/reactivex/Maybe;
JaCoCo,io.reactivex.plugins.RxJavaPlugins,initComputationScheduler(Ljava/util/concurrent/Callable;)Lio/reactivex/Scheduler;
JaCoCo,io.reactivex.plugins.RxJavaPlugins,onSingleScheduler(Lio/reactivex/Scheduler;)Lio/reactivex/Scheduler;
JaCoCo,io.reactivex.plugins.RxJavaPlugins,onSubscribe(Lio/reactivex/Observable;Lio/reactivex/Observer;)Lio/reactivex/Observer;
JaCoCo,io.reactivex.plugins.RxJavaPlugins,callRequireNonNull(Ljava/util/concurrent/Callable;)Lio/reactivex/Scheduler;
JaCoCo,io.reactivex.plugins.RxJavaPlugins,initIoScheduler(Ljava/util/concurrent/Callable;)Lio/reactivex/Scheduler;
JaCoCo,io.reactivex.plugins.RxJavaPlugins,onSchedule(Ljava/lang/Runnable;)Ljava/lang/Runnable;
JaCoCo,io.reactivex.plugins.RxJavaPlugins,onIoScheduler(Lio/reactivex/Scheduler;)Lio/reactivex/Scheduler;
JaCoCo,io.reactivex.plugins.RxJavaPlugins,onComputationScheduler(Lio/reactivex/Scheduler;)Lio/reactivex/Scheduler;
JaCoCo,io.reactivex.schedulers.TestScheduler,now(Ljava/util/concurrent/TimeUnit;)J
JaCoCo,io.reactivex.schedulers.TestScheduler,<init>()V
JaCoCo,io.reactivex.schedulers.TestScheduler,advanceTimeBy(JLjava/util/concurrent/TimeUnit;)V
JaCoCo,io.reactivex.schedulers.TestScheduler,advanceTimeTo(JLjava/util/concurrent/TimeUnit;)V
JaCoCo,io.reactivex.schedulers.TestScheduler,triggerActions(J)V
JaCoCo,io.reactivex.observers.DefaultObserver,onStart()V
JaCoCo,io.reactivex.observers.DefaultObserver,onSubscribe(Lio/reactivex/disposables/Disposable;)V
JaCoCo,io.reactivex.observers.DefaultObserver,<init>()V
JaCoCo,io.reactivex.internal.functions.Functions,emptyConsumer()Lio/reactivex/functions/Consumer;
JaCoCo,io.reactivex.internal.functions.Functions,<clinit>()V
JaCoCo,io.reactivex.internal.operators.observable.ObservableScalarXMap,tryScalarXMapSubscribe(Lio/reactivex/ObservableSource;Lio/reactivex/Observer;Lio/reactivex/functions/Function;)Z
JaCoCo,io.reactivex.internal.schedulers.IoScheduler$ThreadWorker,setExpirationTime(J)V
JaCoCo,io.reactivex.internal.schedulers.IoScheduler$ThreadWorker,<init>(Ljava/util/concurrent/ThreadFactory;)V
JaCoCo,io.reactivex.internal.util.Pow2,roundToPowerOfTwo(I)I
JaCoCo,io.reactivex.internal.functions.ObjectHelper,verifyPositive(ILjava/lang/String;)I
JaCoCo,io.reactivex.internal.functions.ObjectHelper,equals(Ljava/lang/Object;Ljava/lang/Object;)Z
JaCoCo,io.reactivex.internal.functions.ObjectHelper,<clinit>()V
JaCoCo,io.reactivex.internal.functions.ObjectHelper,requireNonNull(Ljava/lang/Object;Ljava/lang/String;)Ljava/lang/Object;
JaCoCo,io.reactivex.internal.schedulers.ScheduledRunnable,run()V
JaCoCo,io.reactivex.internal.schedulers.ScheduledRunnable,setFuture(Ljava/util/concurrent/Future;)V
JaCoCo,io.reactivex.internal.schedulers.ScheduledRunnable,<init>(Ljava/lang/Runnable;Lio/reactivex/internal/disposables/DisposableContainer;)V
JaCoCo,io.reactivex.internal.schedulers.ScheduledRunnable,call()Ljava/lang/Object;
JaCoCo,io.reactivex.internal.schedulers.ScheduledRunnable,<clinit>()V
JaCoCo,io.reactivex.internal.schedulers.ScheduledRunnable,dispose()V
JaCoCo,io.reactivex.internal.util.EndConsumerHelper,validate(Lio/reactivex/disposables/Disposable;Lio/reactivex/disposables/Disposable;Ljava/lang/Class;)Z
JaCoCo,io.reactivex.internal.schedulers.AbstractDirectTask,setFuture(Ljava/util/concurrent/Future;)V
JaCoCo,io.reactivex.internal.schedulers.AbstractDirectTask,<clinit>()V
JaCoCo,io.reactivex.internal.schedulers.AbstractDirectTask,<init>(Ljava/lang/Runnable;)V
JaCoCo,io.reactivex.internal.operators.observable.ObservableJust,call()Ljava/lang/Object;
JaCoCo,io.reactivex.internal.operators.observable.ObservableJust,<init>(Ljava/lang/Object;)V
JaCoCo,io.reactivex.schedulers.Schedulers$ComputationHolder,<clinit>()V
JaCoCo,io.reactivex.schedulers.Schedulers$NewThreadTask,call()Lio/reactivex/Scheduler;
JaCoCo,io.reactivex.schedulers.Schedulers$NewThreadTask,<init>()V
JaCoCo,io.reactivex.observers.TestObserver,<init>(Lio/reactivex/Observer;)V
JaCoCo,io.reactivex.observers.TestObserver,onSubscribe(Lio/reactivex/disposables/Disposable;)V
JaCoCo,io.reactivex.observers.TestObserver,onComplete()V
JaCoCo,io.reactivex.observers.TestObserver,onNext(Ljava/lang/Object;)V
JaCoCo,io.reactivex.observers.TestObserver,dispose()V
JaCoCo,io.reactivex.observers.TestObserver,<init>()V
JaCoCo,io.reactivex.observers.TestObserver,cancel()V
JaCoCo,io.reactivex.observers.TestObserver,assertSubscribed()Lio/reactivex/observers/TestObserver;
JaCoCo,io.reactivex.internal.util.AtomicThrowable,terminate()Ljava/lang/Throwable;
JaCoCo,io.reactivex.internal.util.AtomicThrowable,<init>()V
JaCoCo,io.reactivex.internal.operators.observable.ObservableTake,<init>(Lio/reactivex/ObservableSource;J)V
JaCoCo,io.reactivex.internal.operators.observable.ObservableTake,subscribeActual(Lio/reactivex/Observer;)V
JaCoCo,io.reactivex.internal.functions.ObjectHelper$BiObjectPredicate,<init>()V
JaCoCo,io.reactivex.schedulers.Schedulers$NewThreadHolder,<clinit>()V
JaCoCo,com.jakewharton.rxrelay2.BehaviorRelay$BehaviorDisposable,test(Ljava/lang/Object;)Z
JaCoCo,com.jakewharton.rxrelay2.BehaviorRelay$BehaviorDisposable,emitFirst()V
JaCoCo,com.jakewharton.rxrelay2.BehaviorRelay$BehaviorDisposable,emitLoop()V
JaCoCo,com.jakewharton.rxrelay2.BehaviorRelay$BehaviorDisposable,isDisposed()Z
JaCoCo,com.jakewharton.rxrelay2.BehaviorRelay$BehaviorDisposable,dispose()V
JaCoCo,com.jakewharton.rxrelay2.BehaviorRelay$BehaviorDisposable,emitNext(Ljava/lang/Object;J)V
JaCoCo,com.jakewharton.rxrelay2.BehaviorRelay$BehaviorDisposable,<init>(Lio/reactivex/Observer;Lcom/jakewharton/rxrelay2/BehaviorRelay;)V
JaCoCo,io.reactivex.internal.schedulers.SchedulerPoolFactory$ScheduledTask,<init>()V
JaCoCo,io.reactivex.internal.schedulers.SchedulerPoolFactory,create(Ljava/util/concurrent/ThreadFactory;)Ljava/util/concurrent/ScheduledExecutorService;
JaCoCo,io.reactivex.internal.schedulers.SchedulerPoolFactory,tryStart(Z)V
JaCoCo,io.reactivex.internal.schedulers.SchedulerPoolFactory,start()V
JaCoCo,io.reactivex.internal.schedulers.SchedulerPoolFactory,<clinit>()V
JaCoCo,io.reactivex.internal.schedulers.SchedulerPoolFactory,tryPutIntoPool(ZLjava/util/concurrent/ScheduledExecutorService;)V
JaCoCo,io.reactivex.internal.functions.Functions$EmptyAction,<init>()V
JaCoCo,io.reactivex.internal.schedulers.RxThreadFactory$RxCustomThread,<init>(Ljava/lang/Runnable;Ljava/lang/String;)V
JaCoCo,io.reactivex.observers.BaseTestConsumer,assertValues([Ljava/lang/Object;)Lio/reactivex/observers/BaseTestConsumer;
JaCoCo,io.reactivex.observers.BaseTestConsumer,assertValueSet(Ljava/util/Collection;)Lio/reactivex/observers/BaseTestConsumer;
JaCoCo,io.reactivex.observers.BaseTestConsumer,assertNotComplete()Lio/reactivex/observers/BaseTestConsumer;
JaCoCo,io.reactivex.observers.BaseTestConsumer,assertComplete()Lio/reactivex/observers/BaseTestConsumer;
JaCoCo,io.reactivex.observers.BaseTestConsumer,assertNoValues()Lio/reactivex/observers/BaseTestConsumer;
JaCoCo,io.reactivex.observers.BaseTestConsumer,valueCount()I
JaCoCo,io.reactivex.observers.BaseTestConsumer,assertResult([Ljava/lang/Object;)Lio/reactivex/observers/BaseTestConsumer;
JaCoCo,io.reactivex.observers.BaseTestConsumer,assertNoErrors()Lio/reactivex/observers/BaseTestConsumer;
JaCoCo,io.reactivex.observers.BaseTestConsumer,assertValue(Ljava/lang/Object;)Lio/reactivex/observers/BaseTestConsumer;
JaCoCo,io.reactivex.observers.BaseTestConsumer,assertEmpty()Lio/reactivex/observers/BaseTestConsumer;
JaCoCo,io.reactivex.observers.BaseTestConsumer,<init>()V
JaCoCo,io.reactivex.observers.BaseTestConsumer,assertValueCount(I)Lio/reactivex/observers/BaseTestConsumer;
JaCoCo,com.jakewharton.rxrelay2.ReplayRelay$UnboundedReplayBuffer,getValues([Ljava/lang/Object;)[Ljava/lang/Object;
JaCoCo,com.jakewharton.rxrelay2.ReplayRelay$UnboundedReplayBuffer,<init>(I)V
JaCoCo,com.jakewharton.rxrelay2.ReplayRelay$UnboundedReplayBuffer,add(Ljava/lang/Object;)V
JaCoCo,com.jakewharton.rxrelay2.ReplayRelay$UnboundedReplayBuffer,getValue()Ljava/lang/Object;
JaCoCo,com.jakewharton.rxrelay2.ReplayRelay$UnboundedReplayBuffer,size()I
JaCoCo,com.jakewharton.rxrelay2.ReplayRelay$UnboundedReplayBuffer,replay(Lcom/jakewharton/rxrelay2/ReplayRelay$ReplayDisposable;)V
JaCoCo,io.reactivex.internal.observers.BasicFuseableObserver,<init>(Lio/reactivex/Observer;)V
JaCoCo,io.reactivex.internal.observers.BasicFuseableObserver,beforeDownstream()Z
JaCoCo,io.reactivex.internal.observers.BasicFuseableObserver,afterDownstream()V
JaCoCo,io.reactivex.internal.observers.BasicFuseableObserver,onSubscribe(Lio/reactivex/disposables/Disposable;)V
JaCoCo,io.reactivex.internal.observers.BasicFuseableObserver,transitiveBoundaryFusion(I)I
JaCoCo,com.jakewharton.rxrelay2.ReplayRelay$SizeAndTimeBoundReplayBuffer,getValues([Ljava/lang/Object;)[Ljava/lang/Object;
JaCoCo,com.jakewharton.rxrelay2.ReplayRelay$SizeAndTimeBoundReplayBuffer,trim()V
JaCoCo,com.jakewharton.rxrelay2.ReplayRelay$SizeAndTimeBoundReplayBuffer,add(Ljava/lang/Object;)V
JaCoCo,com.jakewharton.rxrelay2.ReplayRelay$SizeAndTimeBoundReplayBuffer,getHead()Lcom/jakewharton/rxrelay2/ReplayRelay$TimedNode;
JaCoCo,com.jakewharton.rxrelay2.ReplayRelay$SizeAndTimeBoundReplayBuffer,getValue()Ljava/lang/Object;
JaCoCo,com.jakewharton.rxrelay2.ReplayRelay$SizeAndTimeBoundReplayBuffer,size()I
JaCoCo,com.jakewharton.rxrelay2.ReplayRelay$SizeAndTimeBoundReplayBuffer,replay(Lcom/jakewharton/rxrelay2/ReplayRelay$ReplayDisposable;)V
JaCoCo,com.jakewharton.rxrelay2.ReplayRelay$SizeAndTimeBoundReplayBuffer,<init>(IJLjava/util/concurrent/TimeUnit;Lio/reactivex/Scheduler;)V
JaCoCo,com.jakewharton.rxrelay2.ReplayRelay$SizeAndTimeBoundReplayBuffer,size(Lcom/jakewharton/rxrelay2/ReplayRelay$TimedNode;)I
JaCoCo,com.jakewharton.rxrelay2.PublishRelay$PublishDisposable,isDisposed()Z
JaCoCo,com.jakewharton.rxrelay2.PublishRelay$PublishDisposable,onNext(Ljava/lang/Object;)V
JaCoCo,com.jakewharton.rxrelay2.PublishRelay$PublishDisposable,dispose()V
JaCoCo,com.jakewharton.rxrelay2.PublishRelay$PublishDisposable,<init>(Lio/reactivex/Observer;Lcom/jakewharton/rxrelay2/PublishRelay;)V
