{
"io.reactivex.Scheduler": ["<clinit>()V","Scheduler()V","now(Ljava/util/concurrent/TimeUnit;)J","scheduleDirect(Ljava/lang/Runnable;)Lio/reactivex/disposables/Disposable;"],
"io.reactivex.schedulers.TestScheduler": ["TestScheduler()V","now(Ljava/util/concurrent/TimeUnit;)J","advanceTimeBy(JLjava/util/concurrent/TimeUnit;)V","advanceTimeTo(JLjava/util/concurrent/TimeUnit;)V","triggerActions(J)V"],
"com.jakewharton.rxrelay2.ReplayRelay": ["<clinit>()V","createWithTimeAndSize(JLjava/util/concurrent/TimeUnit;Lio/reactivex/Scheduler;I)Lcom/jakewharton/rxrelay2/ReplayRelay;","ReplayRelay(Lcom/jakewharton/rxrelay2/ReplayRelay$ReplayBuffer;)V","accept(Ljava/lang/Object;)V","subscribeActual(Lio/reactivex/Observer;)V","add(Lcom/jakewharton/rxrelay2/ReplayRelay$ReplayDisposable;)Z","createWithSize(I)Lcom/jakewharton/rxrelay2/ReplayRelay;","size()I","hasValue()Z","create()Lcom/jakewharton/rxrelay2/ReplayRelay;","observerCount()I","remove(Lcom/jakewharton/rxrelay2/ReplayRelay$ReplayDisposable;)V","getValue()Ljava/lang/Object;","getValues()[Ljava/lang/Object;","getValues([Ljava/lang/Object;)[Ljava/lang/Object;","createUnbounded()Lcom/jakewharton/rxrelay2/ReplayRelay;","createWithTime(JLjava/util/concurrent/TimeUnit;Lio/reactivex/Scheduler;)Lcom/jakewharton/rxrelay2/ReplayRelay;","create(I)Lcom/jakewharton/rxrelay2/ReplayRelay;","hasObservers()Z"],
"com.jakewharton.rxrelay2.ReplayRelay$SizeAndTimeBoundReplayBuffer": ["ReplayRelay$SizeAndTimeBoundReplayBuffer(IJLjava/util/concurrent/TimeUnit;Lio/reactivex/Scheduler;)V","add(Ljava/lang/Object;)V","trim()V","replay(Lcom/jakewharton/rxrelay2/ReplayRelay$ReplayDisposable;)V","getHead()Lcom/jakewharton/rxrelay2/ReplayRelay$TimedNode;","getValue()Ljava/lang/Object;","getValues([Ljava/lang/Object;)[Ljava/lang/Object;","size(Lcom/jakewharton/rxrelay2/ReplayRelay$TimedNode;)I","size()I"],
"com.jakewharton.rxrelay2.ReplayRelay$TimedNode": ["ReplayRelay$TimedNode(Ljava/lang/Object;J)V"],
"com.jakewharton.rxrelay2.Relay": ["Relay()V"],
"io.reactivex.Observable": ["Observable()V","test()Lio/reactivex/observers/TestObserver;","subscribe(Lio/reactivex/Observer;)V","subscribe()Lio/reactivex/disposables/Disposable;","subscribe(Lio/reactivex/functions/Consumer;Lio/reactivex/functions/Consumer;Lio/reactivex/functions/Action;Lio/reactivex/functions/Consumer;)Lio/reactivex/disposables/Disposable;","take(J)Lio/reactivex/Observable;","firstElement()Lio/reactivex/Maybe;","elementAt(J)Lio/reactivex/Maybe;","flatMap(Lio/reactivex/functions/Function;)Lio/reactivex/Observable;","flatMap(Lio/reactivex/functions/Function;Z)Lio/reactivex/Observable;","flatMap(Lio/reactivex/functions/Function;ZI)Lio/reactivex/Observable;","bufferSize()I","flatMap(Lio/reactivex/functions/Function;ZII)Lio/reactivex/Observable;","just(Ljava/lang/Object;)Lio/reactivex/Observable;","test(Z)Lio/reactivex/observers/TestObserver;"],
"io.reactivex.observers.TestObserver": ["TestObserver()V","TestObserver(Lio/reactivex/Observer;)V","onSubscribe(Lio/reactivex/disposables/Disposable;)V","assertSubscribed()Lio/reactivex/observers/BaseTestConsumer;","assertSubscribed()Lio/reactivex/observers/TestObserver;","onNext(Ljava/lang/Object;)V","onComplete()V","cancel()V","dispose()V"],
"io.reactivex.observers.TestObserver$EmptyObserver": ["<clinit>()V","TestObserver$EmptyObserver(Ljava/lang/String;I)V","onSubscribe(Lio/reactivex/disposables/Disposable;)V","onNext(Ljava/lang/Object;)V","onComplete()V"],
"io.reactivex.observers.BaseTestConsumer": ["BaseTestConsumer()V","assertEmpty()Lio/reactivex/observers/BaseTestConsumer;","assertNoValues()Lio/reactivex/observers/BaseTestConsumer;","assertValueCount(I)Lio/reactivex/observers/BaseTestConsumer;","assertNoErrors()Lio/reactivex/observers/BaseTestConsumer;","assertNotComplete()Lio/reactivex/observers/BaseTestConsumer;","assertResult([Ljava/lang/Object;)Lio/reactivex/observers/BaseTestConsumer;","assertValues([Ljava/lang/Object;)Lio/reactivex/observers/BaseTestConsumer;","assertComplete()Lio/reactivex/observers/BaseTestConsumer;"],
"io.reactivex.internal.util.VolatileSizeArrayList": ["VolatileSizeArrayList()V","size()I","add(Ljava/lang/Object;)Z","get(I)Ljava/lang/Object;"],
"io.reactivex.internal.functions.ObjectHelper": ["<clinit>()V","requireNonNull(Ljava/lang/Object;Ljava/lang/String;)Ljava/lang/Object;","equals(Ljava/lang/Object;Ljava/lang/Object;)Z","verifyPositive(ILjava/lang/String;)I"],
"io.reactivex.internal.functions.ObjectHelper$BiObjectPredicate": ["ObjectHelper$BiObjectPredicate()V"],
"io.reactivex.plugins.RxJavaPlugins": ["onSubscribe(Lio/reactivex/Observable;Lio/reactivex/Observer;)Lio/reactivex/Observer;","initSingleScheduler(Ljava/util/concurrent/Callable;)Lio/reactivex/Scheduler;","callRequireNonNull(Ljava/util/concurrent/Callable;)Lio/reactivex/Scheduler;","initComputationScheduler(Ljava/util/concurrent/Callable;)Lio/reactivex/Scheduler;","initIoScheduler(Ljava/util/concurrent/Callable;)Lio/reactivex/Scheduler;","initNewThreadScheduler(Ljava/util/concurrent/Callable;)Lio/reactivex/Scheduler;","onComputationScheduler(Lio/reactivex/Scheduler;)Lio/reactivex/Scheduler;","onAssembly(Lio/reactivex/Observable;)Lio/reactivex/Observable;","onAssembly(Lio/reactivex/Maybe;)Lio/reactivex/Maybe;","onSingleScheduler(Lio/reactivex/Scheduler;)Lio/reactivex/Scheduler;","onSchedule(Ljava/lang/Runnable;)Ljava/lang/Runnable;"],
"com.jakewharton.rxrelay2.ReplayRelay$ReplayDisposable": ["ReplayRelay$ReplayDisposable(Lio/reactivex/Observer;Lcom/jakewharton/rxrelay2/ReplayRelay;)V","dispose()V","isDisposed()Z"],
"com.jakewharton.rxrelay2.ReplayRelay$SizeBoundReplayBuffer": ["ReplayRelay$SizeBoundReplayBuffer(I)V","size()I","add(Ljava/lang/Object;)V","trim()V","replay(Lcom/jakewharton/rxrelay2/ReplayRelay$ReplayDisposable;)V","getValues([Ljava/lang/Object;)[Ljava/lang/Object;"],
"com.jakewharton.rxrelay2.ReplayRelay$Node": ["ReplayRelay$Node(Ljava/lang/Object;)V"],
"com.jakewharton.rxrelay2.ReplayRelay$UnboundedReplayBuffer": ["ReplayRelay$UnboundedReplayBuffer(I)V","replay(Lcom/jakewharton/rxrelay2/ReplayRelay$ReplayDisposable;)V","size()I","add(Ljava/lang/Object;)V","getValue()Ljava/lang/Object;","getValues([Ljava/lang/Object;)[Ljava/lang/Object;"],
"io.reactivex.internal.functions.Functions": ["<clinit>()V","emptyConsumer()Lio/reactivex/functions/Consumer;"],
"io.reactivex.internal.functions.Functions$Identity": ["Functions$Identity()V"],
"io.reactivex.internal.functions.Functions$EmptyRunnable": ["Functions$EmptyRunnable()V"],
"io.reactivex.internal.functions.Functions$EmptyAction": ["Functions$EmptyAction()V"],
"io.reactivex.internal.functions.Functions$EmptyConsumer": ["Functions$EmptyConsumer()V","accept(Ljava/lang/Object;)V"],
"io.reactivex.internal.functions.Functions$ErrorConsumer": ["Functions$ErrorConsumer()V"],
"io.reactivex.internal.functions.Functions$OnErrorMissingConsumer": ["Functions$OnErrorMissingConsumer()V"],
"io.reactivex.internal.functions.Functions$EmptyLongConsumer": ["Functions$EmptyLongConsumer()V"],
"io.reactivex.internal.functions.Functions$TruePredicate": ["Functions$TruePredicate()V"],
"io.reactivex.internal.functions.Functions$FalsePredicate": ["Functions$FalsePredicate()V"],
"io.reactivex.internal.functions.Functions$NullCallable": ["Functions$NullCallable()V"],
"io.reactivex.internal.functions.Functions$NaturalObjectComparator": ["Functions$NaturalObjectComparator()V"],
"io.reactivex.internal.functions.Functions$MaxRequestSubscription": ["Functions$MaxRequestSubscription()V"],
"io.reactivex.internal.observers.LambdaObserver": ["LambdaObserver(Lio/reactivex/functions/Consumer;Lio/reactivex/functions/Consumer;Lio/reactivex/functions/Action;Lio/reactivex/functions/Consumer;)V","onSubscribe(Lio/reactivex/disposables/Disposable;)V","dispose()V"],
"io.reactivex.internal.disposables.DisposableHelper": ["<clinit>()V","DisposableHelper(Ljava/lang/String;I)V","setOnce(Ljava/util/concurrent/atomic/AtomicReference;Lio/reactivex/disposables/Disposable;)Z","dispose(Ljava/util/concurrent/atomic/AtomicReference;)Z","validate(Lio/reactivex/disposables/Disposable;Lio/reactivex/disposables/Disposable;)Z"],
"io.reactivex.schedulers.Schedulers": ["<clinit>()V","computation()Lio/reactivex/Scheduler;","single()Lio/reactivex/Scheduler;"],
"io.reactivex.schedulers.Schedulers$SingleTask": ["Schedulers$SingleTask()V","call()Ljava/lang/Object;","call()Lio/reactivex/Scheduler;"],
"io.reactivex.schedulers.Schedulers$SingleHolder": ["<clinit>()V"],
"io.reactivex.internal.schedulers.SingleScheduler": ["<clinit>()V","SingleScheduler()V","SingleScheduler(Ljava/util/concurrent/ThreadFactory;)V","createExecutor(Ljava/util/concurrent/ThreadFactory;)Ljava/util/concurrent/ScheduledExecutorService;","scheduleDirect(Ljava/lang/Runnable;JLjava/util/concurrent/TimeUnit;)Lio/reactivex/disposables/Disposable;"],
"io.reactivex.internal.schedulers.RxThreadFactory": ["RxThreadFactory(Ljava/lang/String;IZ)V","RxThreadFactory(Ljava/lang/String;)V","newThread(Ljava/lang/Runnable;)Ljava/lang/Thread;","RxThreadFactory(Ljava/lang/String;I)V"],
"io.reactivex.internal.schedulers.SchedulerPoolFactory": ["<clinit>()V","start()V","tryStart(Z)V","create(Ljava/util/concurrent/ThreadFactory;)Ljava/util/concurrent/ScheduledExecutorService;","tryPutIntoPool(ZLjava/util/concurrent/ScheduledExecutorService;)V"],
"io.reactivex.internal.schedulers.SchedulerPoolFactory$PurgeProperties": ["SchedulerPoolFactory$PurgeProperties()V","load(Ljava/util/Properties;)V"],
"io.reactivex.internal.schedulers.SchedulerPoolFactory$ScheduledTask": ["SchedulerPoolFactory$ScheduledTask()V"],
"io.reactivex.schedulers.Schedulers$ComputationTask": ["Schedulers$ComputationTask()V","call()Ljava/lang/Object;","call()Lio/reactivex/Scheduler;"],
"io.reactivex.schedulers.Schedulers$ComputationHolder": ["<clinit>()V"],
"io.reactivex.internal.schedulers.ComputationScheduler": ["<clinit>()V","cap(II)I","ComputationScheduler()V","ComputationScheduler(Ljava/util/concurrent/ThreadFactory;)V","start()V"],
"io.reactivex.internal.schedulers.ComputationScheduler$PoolWorker": ["ComputationScheduler$PoolWorker(Ljava/util/concurrent/ThreadFactory;)V"],
"io.reactivex.internal.schedulers.NewThreadWorker": ["NewThreadWorker(Ljava/util/concurrent/ThreadFactory;)V","dispose()V"],
"io.reactivex.Scheduler$Worker": ["Scheduler$Worker()V"],
"io.reactivex.internal.schedulers.ComputationScheduler$FixedSchedulerPool": ["ComputationScheduler$FixedSchedulerPool(ILjava/util/concurrent/ThreadFactory;)V","shutdown()V"],
"io.reactivex.schedulers.Schedulers$IOTask": ["Schedulers$IOTask()V","call()Ljava/lang/Object;","call()Lio/reactivex/Scheduler;"],
"io.reactivex.schedulers.Schedulers$IoHolder": ["<clinit>()V"],
"io.reactivex.internal.schedulers.IoScheduler": ["<clinit>()V","IoScheduler()V","IoScheduler(Ljava/util/concurrent/ThreadFactory;)V","start()V"],
"io.reactivex.internal.schedulers.IoScheduler$ThreadWorker": ["IoScheduler$ThreadWorker(Ljava/util/concurrent/ThreadFactory;)V"],
"io.reactivex.internal.schedulers.IoScheduler$CachedWorkerPool": ["IoScheduler$CachedWorkerPool(JLjava/util/concurrent/TimeUnit;Ljava/util/concurrent/ThreadFactory;)V","shutdown()V"],
"io.reactivex.disposables.CompositeDisposable": ["CompositeDisposable()V","dispose()V","dispose(Lio/reactivex/internal/util/OpenHashSet;)V"],
"io.reactivex.internal.schedulers.TrampolineScheduler": ["<clinit>()V","TrampolineScheduler()V","instance()Lio/reactivex/internal/schedulers/TrampolineScheduler;"],
"io.reactivex.schedulers.Schedulers$NewThreadTask": ["Schedulers$NewThreadTask()V","call()Ljava/lang/Object;","call()Lio/reactivex/Scheduler;"],
"io.reactivex.schedulers.Schedulers$NewThreadHolder": ["<clinit>()V"],
"io.reactivex.internal.schedulers.NewThreadScheduler": ["<clinit>()V","NewThreadScheduler()V","NewThreadScheduler(Ljava/util/concurrent/ThreadFactory;)V"],
"io.reactivex.internal.operators.observable.ObservableTake": ["ObservableTake(Lio/reactivex/ObservableSource;J)V","subscribeActual(Lio/reactivex/Observer;)V"],
"io.reactivex.internal.operators.observable.AbstractObservableWithUpstream": ["AbstractObservableWithUpstream(Lio/reactivex/ObservableSource;)V"],
"io.reactivex.internal.operators.observable.ObservableTake$TakeObserver": ["ObservableTake$TakeObserver(Lio/reactivex/Observer;J)V","onSubscribe(Lio/reactivex/disposables/Disposable;)V","onNext(Ljava/lang/Object;)V","onComplete()V"],
"io.reactivex.internal.operators.observable.ObservableElementAtMaybe": ["ObservableElementAtMaybe(Lio/reactivex/ObservableSource;J)V","fuseToObservable()Lio/reactivex/Observable;"],
"io.reactivex.Maybe": ["Maybe()V","toObservable()Lio/reactivex/Observable;"],
"io.reactivex.internal.operators.observable.ObservableElementAt": ["ObservableElementAt(Lio/reactivex/ObservableSource;JLjava/lang/Object;Z)V","subscribeActual(Lio/reactivex/Observer;)V"],
"io.reactivex.Flowable": ["<clinit>()V","bufferSize()I"],
"io.reactivex.internal.operators.observable.ObservableFlatMap": ["ObservableFlatMap(Lio/reactivex/ObservableSource;Lio/reactivex/functions/Function;ZII)V","subscribeActual(Lio/reactivex/Observer;)V"],
"io.reactivex.observers.DefaultObserver": ["DefaultObserver()V","onSubscribe(Lio/reactivex/disposables/Disposable;)V","onStart()V"],
"io.reactivex.internal.operators.observable.ObservableScalarXMap": ["tryScalarXMapSubscribe(Lio/reactivex/ObservableSource;Lio/reactivex/Observer;Lio/reactivex/functions/Function;)Z"],
"io.reactivex.internal.operators.observable.ObservableFlatMap$MergeObserver": ["<clinit>()V","ObservableFlatMap$MergeObserver(Lio/reactivex/Observer;Lio/reactivex/functions/Function;ZII)V","onSubscribe(Lio/reactivex/disposables/Disposable;)V","onNext(Ljava/lang/Object;)V","subscribeInner(Lio/reactivex/ObservableSource;)V","tryEmitScalar(Ljava/util/concurrent/Callable;)Z","onComplete()V","drain()V","drainLoop()V","checkTerminate()Z"],
"io.reactivex.internal.util.AtomicThrowable": ["AtomicThrowable()V","terminate()Ljava/lang/Throwable;"],
"io.reactivex.internal.operators.observable.ObservableElementAt$ElementAtObserver": ["ObservableElementAt$ElementAtObserver(Lio/reactivex/Observer;JLjava/lang/Object;Z)V","onSubscribe(Lio/reactivex/disposables/Disposable;)V","onNext(Ljava/lang/Object;)V"],
"io.reactivex.internal.util.EndConsumerHelper": ["validate(Lio/reactivex/disposables/Disposable;Lio/reactivex/disposables/Disposable;Ljava/lang/Class;)Z"],
"io.reactivex.internal.operators.observable.ObservableJust": ["ObservableJust(Ljava/lang/Object;)V","call()Ljava/lang/Object;"],
"io.reactivex.internal.util.ExceptionHelper": ["<clinit>()V","terminate(Ljava/util/concurrent/atomic/AtomicReference;)Ljava/lang/Throwable;"],
"io.reactivex.internal.util.ExceptionHelper$Termination": ["ExceptionHelper$Termination()V","fillInStackTrace()Ljava/lang/Throwable;"],
"io.reactivex.internal.schedulers.AbstractDirectTask": ["<clinit>()V","AbstractDirectTask(Ljava/lang/Runnable;)V","setFuture(Ljava/util/concurrent/Future;)V"],
"io.reactivex.internal.schedulers.ScheduledDirectTask": ["ScheduledDirectTask(Ljava/lang/Runnable;)V","call()Ljava/lang/Object;","call()Ljava/lang/Void;"],
"io.reactivex.internal.schedulers.RxThreadFactory$RxCustomThread": ["RxThreadFactory$RxCustomThread(Ljava/lang/Runnable;Ljava/lang/String;)V"]
}