{
"com.jakewharton.rxrelay2.ReplayRelay": ["<clinit>()V","createWithSize(I)Lcom/jakewharton/rxrelay2/ReplayRelay;","ReplayRelay(Lcom/jakewharton/rxrelay2/ReplayRelay$ReplayBuffer;)V","accept(Ljava/lang/Object;)V","hasObservers()Z","getValue()Ljava/lang/Object;","hasValue()Z","getValues()[Ljava/lang/Object;","getValues([Ljava/lang/Object;)[Ljava/lang/Object;","create()Lcom/jakewharton/rxrelay2/ReplayRelay;"],
"com.jakewharton.rxrelay2.ReplayRelay$SizeBoundReplayBuffer": ["ReplayRelay$SizeBoundReplayBuffer(I)V","add(Ljava/lang/Object;)V","trim()V","getValue()Ljava/lang/Object;","size()I","getValues([Ljava/lang/Object;)[Ljava/lang/Object;"],
"com.jakewharton.rxrelay2.ReplayRelay$Node": ["ReplayRelay$Node(Ljava/lang/Object;)V"],
"com.jakewharton.rxrelay2.Relay": ["Relay()V","toSerialized()Lcom/jakewharton/rxrelay2/Relay;"],
"io.reactivex.Observable": ["Observable()V","subscribe(Lio/reactivex/Observer;)V","test()Lio/reactivex/observers/TestObserver;"],
"com.jakewharton.rxrelay2.SerializedRelay": ["SerializedRelay(Lcom/jakewharton/rxrelay2/Relay;)V","hasObservers()Z","subscribeActual(Lio/reactivex/Observer;)V","accept(Ljava/lang/Object;)V","emitLoop()V"],
"com.jakewharton.rxrelay2.BehaviorRelay": ["<clinit>()V","create()Lcom/jakewharton/rxrelay2/BehaviorRelay;","BehaviorRelay()V","accept(Ljava/lang/Object;)V","setCurrent(Ljava/lang/Object;)V","hasObservers()Z","getValue()Ljava/lang/Object;","hasValue()Z","getValues()[Ljava/lang/Object;","getValues([Ljava/lang/Object;)[Ljava/lang/Object;"],
"com.jakewharton.rxrelay2.PublishRelay": ["<clinit>()V","create()Lcom/jakewharton/rxrelay2/PublishRelay;","PublishRelay()V","subscribeActual(Lio/reactivex/Observer;)V","add(Lcom/jakewharton/rxrelay2/PublishRelay$PublishDisposable;)V","accept(Ljava/lang/Object;)V","hasObservers()Z"],
"io.reactivex.observers.TestObserver": ["TestObserver()V","TestObserver(Lio/reactivex/Observer;)V","onSubscribe(Lio/reactivex/disposables/Disposable;)V","onNext(Ljava/lang/Object;)V","assertSubscribed()Lio/reactivex/observers/TestObserver;"],
"io.reactivex.observers.TestObserver$EmptyObserver": ["<clinit>()V","TestObserver$EmptyObserver(Ljava/lang/String;I)V","onSubscribe(Lio/reactivex/disposables/Disposable;)V","onNext(Ljava/lang/Object;)V"],
"io.reactivex.observers.BaseTestConsumer": ["BaseTestConsumer()V","assertValue(Ljava/lang/Object;)Lio/reactivex/observers/BaseTestConsumer;","assertNoErrors()Lio/reactivex/observers/BaseTestConsumer;","assertNotComplete()Lio/reactivex/observers/BaseTestConsumer;","assertValueSet(Ljava/util/Collection;)Lio/reactivex/observers/BaseTestConsumer;"],
"io.reactivex.internal.util.VolatileSizeArrayList": ["VolatileSizeArrayList()V","add(Ljava/lang/Object;)Z","size()I","get(I)Ljava/lang/Object;","iterator()Ljava/util/Iterator;"],
"io.reactivex.internal.functions.ObjectHelper": ["<clinit>()V","requireNonNull(Ljava/lang/Object;Ljava/lang/String;)Ljava/lang/Object;","equals(Ljava/lang/Object;Ljava/lang/Object;)Z"],
"io.reactivex.internal.functions.ObjectHelper$BiObjectPredicate": ["ObjectHelper$BiObjectPredicate()V"],
"io.reactivex.plugins.RxJavaPlugins": ["onSubscribe(Lio/reactivex/Observable;Lio/reactivex/Observer;)Lio/reactivex/Observer;","initSingleScheduler(Ljava/util/concurrent/Callable;)Lio/reactivex/Scheduler;","callRequireNonNull(Ljava/util/concurrent/Callable;)Lio/reactivex/Scheduler;","initComputationScheduler(Ljava/util/concurrent/Callable;)Lio/reactivex/Scheduler;","initIoScheduler(Ljava/util/concurrent/Callable;)Lio/reactivex/Scheduler;","initNewThreadScheduler(Ljava/util/concurrent/Callable;)Lio/reactivex/Scheduler;","onSingleScheduler(Lio/reactivex/Scheduler;)Lio/reactivex/Scheduler;","onSchedule(Ljava/lang/Runnable;)Ljava/lang/Runnable;"],
"com.jakewharton.rxrelay2.PublishRelay$PublishDisposable": ["PublishRelay$PublishDisposable(Lio/reactivex/Observer;Lcom/jakewharton/rxrelay2/PublishRelay;)V","isDisposed()Z","onNext(Ljava/lang/Object;)V"],
"com.jakewharton.rxrelay2.ReplayRelay$UnboundedReplayBuffer": ["ReplayRelay$UnboundedReplayBuffer(I)V","add(Ljava/lang/Object;)V","getValue()Ljava/lang/Object;","size()I","getValues([Ljava/lang/Object;)[Ljava/lang/Object;"],
"io.reactivex.schedulers.Schedulers": ["<clinit>()V","single()Lio/reactivex/Scheduler;"],
"io.reactivex.schedulers.Schedulers$SingleTask": ["Schedulers$SingleTask()V","call()Ljava/lang/Object;","call()Lio/reactivex/Scheduler;"],
"io.reactivex.schedulers.Schedulers$SingleHolder": ["<clinit>()V"],
"io.reactivex.Scheduler": ["<clinit>()V","Scheduler()V","scheduleDirect(Ljava/lang/Runnable;)Lio/reactivex/disposables/Disposable;"],
"io.reactivex.internal.schedulers.SingleScheduler": ["<clinit>()V","SingleScheduler()V","SingleScheduler(Ljava/util/concurrent/ThreadFactory;)V","createExecutor(Ljava/util/concurrent/ThreadFactory;)Ljava/util/concurrent/ScheduledExecutorService;","scheduleDirect(Ljava/lang/Runnable;JLjava/util/concurrent/TimeUnit;)Lio/reactivex/disposables/Disposable;"],
"io.reactivex.internal.schedulers.RxThreadFactory": ["RxThreadFactory(Ljava/lang/String;IZ)V","RxThreadFactory(Ljava/lang/String;)V","newThread(Ljava/lang/Runnable;)Ljava/lang/Thread;","RxThreadFactory(Ljava/lang/String;I)V"],
"io.reactivex.internal.schedulers.SchedulerPoolFactory": ["<clinit>()V","start()V","tryStart(Z)V","create(Ljava/util/concurrent/ThreadFactory;)Ljava/util/concurrent/ScheduledExecutorService;","tryPutIntoPool(ZLjava/util/concurrent/ScheduledExecutorService;)V"],
"io.reactivex.internal.schedulers.SchedulerPoolFactory$PurgeProperties": ["SchedulerPoolFactory$PurgeProperties()V","load(Ljava/util/Properties;)V"],
"io.reactivex.internal.schedulers.SchedulerPoolFactory$ScheduledTask": ["SchedulerPoolFactory$ScheduledTask()V"],
"io.reactivex.schedulers.Schedulers$ComputationTask": ["Schedulers$ComputationTask()V","call()Ljava/lang/Object;","call()Lio/reactivex/Scheduler;"],
"io.reactivex.schedulers.Schedulers$ComputationHolder": ["<clinit>()V"],
"io.reactivex.internal.schedulers.ComputationScheduler": ["<clinit>()V","cap(II)I","ComputationScheduler()V","ComputationScheduler(Ljava/util/concurrent/ThreadFactory;)V","start()V"],
"io.reactivex.internal.schedulers.ComputationScheduler$PoolWorker": ["ComputationScheduler$PoolWorker(Ljava/util/concurrent/ThreadFactory;)V"],
"io.reactivex.internal.schedulers.NewThreadWorker": ["NewThreadWorker(Ljava/util/concurrent/ThreadFactory;)V","dispose()V"],
"io.reactivex.Scheduler$Worker": ["Scheduler$Worker()V"],
"io.reactivex.internal.schedulers.ComputationScheduler$FixedSchedulerPool": ["ComputationScheduler$FixedSchedulerPool(ILjava/util/concurrent/ThreadFactory;)V","shutdown()V"],
"io.reactivex.schedulers.Schedulers$IOTask": ["Schedulers$IOTask()V","call()Ljava/lang/Object;","call()Lio/reactivex/Scheduler;"],
"io.reactivex.schedulers.Schedulers$IoHolder": ["<clinit>()V"],
"io.reactivex.internal.schedulers.IoScheduler": ["<clinit>()V","IoScheduler()V","IoScheduler(Ljava/util/concurrent/ThreadFactory;)V","start()V"],
"io.reactivex.internal.schedulers.IoScheduler$ThreadWorker": ["IoScheduler$ThreadWorker(Ljava/util/concurrent/ThreadFactory;)V"],
"io.reactivex.internal.schedulers.IoScheduler$CachedWorkerPool": ["IoScheduler$CachedWorkerPool(JLjava/util/concurrent/TimeUnit;Ljava/util/concurrent/ThreadFactory;)V","shutdown()V"],
"io.reactivex.disposables.CompositeDisposable": ["CompositeDisposable()V","dispose()V","dispose(Lio/reactivex/internal/util/OpenHashSet;)V"],
"io.reactivex.internal.schedulers.TrampolineScheduler": ["<clinit>()V","TrampolineScheduler()V","instance()Lio/reactivex/internal/schedulers/TrampolineScheduler;"],
"io.reactivex.schedulers.Schedulers$NewThreadTask": ["Schedulers$NewThreadTask()V","call()Ljava/lang/Object;","call()Lio/reactivex/Scheduler;"],
"io.reactivex.schedulers.Schedulers$NewThreadHolder": ["<clinit>()V"],
"io.reactivex.internal.schedulers.NewThreadScheduler": ["<clinit>()V","NewThreadScheduler()V","NewThreadScheduler(Ljava/util/concurrent/ThreadFactory;)V"],
"io.reactivex.internal.schedulers.AbstractDirectTask": ["<clinit>()V","AbstractDirectTask(Ljava/lang/Runnable;)V","setFuture(Ljava/util/concurrent/Future;)V"],
"io.reactivex.internal.functions.Functions": ["<clinit>()V"],
"io.reactivex.internal.functions.Functions$Identity": ["Functions$Identity()V"],
"io.reactivex.internal.functions.Functions$EmptyRunnable": ["Functions$EmptyRunnable()V"],
"io.reactivex.internal.functions.Functions$EmptyAction": ["Functions$EmptyAction()V"],
"io.reactivex.internal.functions.Functions$EmptyConsumer": ["Functions$EmptyConsumer()V"],
"io.reactivex.internal.functions.Functions$ErrorConsumer": ["Functions$ErrorConsumer()V"],
"io.reactivex.internal.functions.Functions$OnErrorMissingConsumer": ["Functions$OnErrorMissingConsumer()V"],
"io.reactivex.internal.functions.Functions$EmptyLongConsumer": ["Functions$EmptyLongConsumer()V"],
"io.reactivex.internal.functions.Functions$TruePredicate": ["Functions$TruePredicate()V"],
"io.reactivex.internal.functions.Functions$FalsePredicate": ["Functions$FalsePredicate()V"],
"io.reactivex.internal.functions.Functions$NullCallable": ["Functions$NullCallable()V"],
"io.reactivex.internal.functions.Functions$NaturalObjectComparator": ["Functions$NaturalObjectComparator()V"],
"io.reactivex.internal.functions.Functions$MaxRequestSubscription": ["Functions$MaxRequestSubscription()V"],
"io.reactivex.internal.schedulers.ScheduledDirectTask": ["ScheduledDirectTask(Ljava/lang/Runnable;)V","call()Ljava/lang/Object;","call()Ljava/lang/Void;"],
"io.reactivex.internal.schedulers.RxThreadFactory$RxCustomThread": ["RxThreadFactory$RxCustomThread(Ljava/lang/Runnable;Ljava/lang/String;)V"],
"com.jakewharton.rxrelay2.AppendOnlyLinkedArrayList": ["AppendOnlyLinkedArrayList(I)V","add(Ljava/lang/Object;)V","accept(Lcom/jakewharton/rxrelay2/Relay;)Z"]
}