JCov,com.github.kevinsawicki.http.HttpRequest$CloseOperation,<init>(Ljava/io/Closeable;Z)V
JCov,com.github.kevinsawicki.http.HttpRequest$CloseOperation,done()V
JCov,com.github.kevinsawicki.http.HttpRequest$Base64,encodeBytesToBytes([BII)[B
JCov,com.github.kevinsawicki.http.HttpRequest$Base64,<clinit>()V
JCov,com.github.kevinsawicki.http.HttpRequest$Base64,encodeBytes([B)Ljava/lang/String;
JCov,com.github.kevinsawicki.http.HttpRequest$Base64,encode(Ljava/lang/String;)Ljava/lang/String;
JCov,com.github.kevinsawicki.http.HttpRequest$Base64,encode3to4([BII[BI)[B
JCov,com.github.kevinsawicki.http.HttpRequest$Base64,encodeBytes([BII)Ljava/lang/String;
JCov,com.github.kevinsawicki.http.HttpRequest$1,<init>()V
JCov,com.github.kevinsawicki.http.HttpRequest$Operation,call()Ljava/lang/Object;
JCov,com.github.kevinsawicki.http.HttpRequest$Operation,<init>()V
JCov,com.github.kevinsawicki.http.HttpRequest$RequestOutputStream,access$500(Lcom/github/kevinsawicki/http/HttpRequest$RequestOutputStream;)Ljava/nio/charset/CharsetEncoder;
JCov,com.github.kevinsawicki.http.HttpRequest$RequestOutputStream,<init>(Ljava/io/OutputStream;Ljava/lang/String;I)V
JCov,com.github.kevinsawicki.http.HttpRequest$RequestOutputStream,write(Ljava/lang/String;)Lcom/github/kevinsawicki/http/HttpRequest$RequestOutputStream;
JCov,com.github.kevinsawicki.http.HttpRequest$2,<init>()V
JCov,com.github.kevinsawicki.http.HttpRequest$2,verify(Ljava/lang/String;Ljavax/net/ssl/SSLSession;)Z
JCov,com.github.kevinsawicki.http.HttpRequest$10,run()Ljava/lang/Object;
JCov,com.github.kevinsawicki.http.HttpRequest$10,run()Lcom/github/kevinsawicki/http/HttpRequest;
JCov,com.github.kevinsawicki.http.HttpRequest$10,<init>(Lcom/github/kevinsawicki/http/HttpRequest;Ljava/io/Flushable;Ljava/io/Reader;Ljava/io/Writer;)V
JCov,com.github.kevinsawicki.http.HttpRequest$5,run()Ljava/lang/Object;
JCov,com.github.kevinsawicki.http.HttpRequest$5,run()Lcom/github/kevinsawicki/http/HttpRequest;
JCov,com.github.kevinsawicki.http.HttpRequest$5,<init>(Lcom/github/kevinsawicki/http/HttpRequest;Ljava/io/Closeable;ZLjava/io/OutputStream;)V
JCov,com.github.kevinsawicki.http.HttpRequest$6,run()Ljava/lang/Object;
JCov,com.github.kevinsawicki.http.HttpRequest$6,<init>(Lcom/github/kevinsawicki/http/HttpRequest;Ljava/io/Closeable;ZLjava/io/BufferedReader;Ljava/lang/Appendable;)V
JCov,com.github.kevinsawicki.http.HttpRequest$6,run()Lcom/github/kevinsawicki/http/HttpRequest;
JCov,com.github.kevinsawicki.http.HttpRequest$ConnectionFactory$1,create(Ljava/net/URL;)Ljava/net/HttpURLConnection;
JCov,com.github.kevinsawicki.http.HttpRequest$ConnectionFactory$1,create(Ljava/net/URL;Ljava/net/Proxy;)Ljava/net/HttpURLConnection;
JCov,com.github.kevinsawicki.http.HttpRequest$ConnectionFactory$1,<init>()V
JCov,com.github.kevinsawicki.http.HttpRequest$9,<init>(Lcom/github/kevinsawicki/http/HttpRequest;Ljava/io/Closeable;ZLjava/io/Reader;Ljava/io/Writer;)V
JCov,com.github.kevinsawicki.http.HttpRequest$9,run()Ljava/lang/Object;
JCov,com.github.kevinsawicki.http.HttpRequest$9,run()Lcom/github/kevinsawicki/http/HttpRequest;
JCov,com.github.kevinsawicki.http.HttpRequest$HttpRequestException,getCause()Ljava/io/IOException;
JCov,com.github.kevinsawicki.http.HttpRequest$HttpRequestException,<init>(Ljava/io/IOException;)V
JCov,com.github.kevinsawicki.http.HttpRequest$UploadProgress,<clinit>()V
JCov,com.github.kevinsawicki.http.HttpRequest$7,<init>(Lcom/github/kevinsawicki/http/HttpRequest;Ljava/io/Closeable;ZLjava/io/BufferedReader;Ljava/io/Writer;)V
JCov,com.github.kevinsawicki.http.HttpRequest$7,run()Ljava/lang/Object;
JCov,com.github.kevinsawicki.http.HttpRequest$7,run()Lcom/github/kevinsawicki/http/HttpRequest;
JCov,com.github.kevinsawicki.http.HttpRequest$ConnectionFactory,<clinit>()V
JCov,com.github.kevinsawicki.http.HttpRequest$FlushOperation,done()V
JCov,com.github.kevinsawicki.http.HttpRequest$FlushOperation,<init>(Ljava/io/Flushable;)V
JCov,com.github.kevinsawicki.http.HttpRequest$8,run()Ljava/lang/Object;
JCov,com.github.kevinsawicki.http.HttpRequest$8,run()Lcom/github/kevinsawicki/http/HttpRequest;
JCov,com.github.kevinsawicki.http.HttpRequest$8,<init>(Lcom/github/kevinsawicki/http/HttpRequest;Ljava/io/Closeable;ZLjava/io/InputStream;Ljava/io/OutputStream;)V
JCov,com.github.kevinsawicki.http.HttpRequest$UploadProgress$1,onUpload(JJ)V
JCov,com.github.kevinsawicki.http.HttpRequest$UploadProgress$1,<init>()V
Yajta,com.github.kevinsawicki.http.HttpRequest$CloseOperation,HttpRequest$CloseOperation(Ljava/io/Closeable;Z)V
Yajta,com.github.kevinsawicki.http.HttpRequest$CloseOperation,done()V
Yajta,com.github.kevinsawicki.http.HttpRequest,HttpRequest(Ljava/net/URL;Ljava/lang/String;)V
Yajta,com.github.kevinsawicki.http.HttpRequest,basic(Ljava/lang/String;Ljava/lang/String;)Lcom/github/kevinsawicki/http/HttpRequest;
Yajta,com.github.kevinsawicki.http.HttpRequest,intHeader(Ljava/lang/String;I)I
Yajta,com.github.kevinsawicki.http.HttpRequest,proxyAuthorization(Ljava/lang/String;)Lcom/github/kevinsawicki/http/HttpRequest;
Yajta,com.github.kevinsawicki.http.HttpRequest,connectTimeout(I)Lcom/github/kevinsawicki/http/HttpRequest;
Yajta,com.github.kevinsawicki.http.HttpRequest,getValidCharset(Ljava/lang/String;)Ljava/lang/String;
Yajta,com.github.kevinsawicki.http.HttpRequest,append(Ljava/lang/CharSequence;Ljava/util/Map;)Ljava/lang/String;
Yajta,com.github.kevinsawicki.http.HttpRequest,delete(Ljava/lang/CharSequence;Z[Ljava/lang/Object;)Lcom/github/kevinsawicki/http/HttpRequest;
Yajta,com.github.kevinsawicki.http.HttpRequest,bufferSize(I)Lcom/github/kevinsawicki/http/HttpRequest;
Yajta,com.github.kevinsawicki.http.HttpRequest,getTrustedFactory()Ljavax/net/ssl/SSLSocketFactory;
Yajta,com.github.kevinsawicki.http.HttpRequest,contentLength(I)Lcom/github/kevinsawicki/http/HttpRequest;
Yajta,com.github.kevinsawicki.http.HttpRequest,headers()Ljava/util/Map;
Yajta,com.github.kevinsawicki.http.HttpRequest,contentLength()I
Yajta,com.github.kevinsawicki.http.HttpRequest,header(Ljava/lang/String;Ljava/lang/String;)Lcom/github/kevinsawicki/http/HttpRequest;
Yajta,com.github.kevinsawicki.http.HttpRequest,headers(Ljava/lang/String;)[Ljava/lang/String;
Yajta,com.github.kevinsawicki.http.HttpRequest,getParam(Ljava/lang/String;Ljava/lang/String;)Ljava/lang/String;
Yajta,com.github.kevinsawicki.http.HttpRequest,access$400(Lcom/github/kevinsawicki/http/HttpRequest;)Lcom/github/kevinsawicki/http/HttpRequest$UploadProgress;
Yajta,com.github.kevinsawicki.http.HttpRequest,noContent()Z
Yajta,com.github.kevinsawicki.http.HttpRequest,parameters(Ljava/lang/String;)Ljava/util/Map;
Yajta,com.github.kevinsawicki.http.HttpRequest,dateHeader(Ljava/lang/String;J)J
Yajta,com.github.kevinsawicki.http.HttpRequest,copy(Ljava/io/InputStream;Ljava/io/OutputStream;)Lcom/github/kevinsawicki/http/HttpRequest;
Yajta,com.github.kevinsawicki.http.HttpRequest,part(Ljava/lang/String;Ljava/lang/String;Ljava/lang/String;)Lcom/github/kevinsawicki/http/HttpRequest;
Yajta,com.github.kevinsawicki.http.HttpRequest,receive(Ljava/io/File;)Lcom/github/kevinsawicki/http/HttpRequest;
Yajta,com.github.kevinsawicki.http.HttpRequest,addPathSeparator(Ljava/lang/String;Ljava/lang/StringBuilder;)Ljava/lang/StringBuilder;
Yajta,com.github.kevinsawicki.http.HttpRequest,uncompress(Z)Lcom/github/kevinsawicki/http/HttpRequest;
Yajta,com.github.kevinsawicki.http.HttpRequest,body()Ljava/lang/String;
Yajta,com.github.kevinsawicki.http.HttpRequest,head(Ljava/lang/CharSequence;Ljava/util/Map;Z)Lcom/github/kevinsawicki/http/HttpRequest;
Yajta,com.github.kevinsawicki.http.HttpRequest,proxyBasic(Ljava/lang/String;Ljava/lang/String;)Lcom/github/kevinsawicki/http/HttpRequest;
Yajta,com.github.kevinsawicki.http.HttpRequest,startPart()Lcom/github/kevinsawicki/http/HttpRequest;
Yajta,com.github.kevinsawicki.http.HttpRequest,body(Ljava/util/concurrent/atomic/AtomicReference;Ljava/lang/String;)Lcom/github/kevinsawicki/http/HttpRequest;
Yajta,com.github.kevinsawicki.http.HttpRequest,cacheControl()Ljava/lang/String;
Yajta,com.github.kevinsawicki.http.HttpRequest,partHeader(Ljava/lang/String;Ljava/lang/String;)Lcom/github/kevinsawicki/http/HttpRequest;
Yajta,com.github.kevinsawicki.http.HttpRequest,post(Ljava/net/URL;)Lcom/github/kevinsawicki/http/HttpRequest;
Yajta,com.github.kevinsawicki.http.HttpRequest,byteStream()Ljava/io/ByteArrayOutputStream;
Yajta,com.github.kevinsawicki.http.HttpRequest,delete(Ljava/lang/CharSequence;)Lcom/github/kevinsawicki/http/HttpRequest;
Yajta,com.github.kevinsawicki.http.HttpRequest,accept(Ljava/lang/String;)Lcom/github/kevinsawicki/http/HttpRequest;
Yajta,com.github.kevinsawicki.http.HttpRequest,form(Ljava/lang/Object;Ljava/lang/Object;Ljava/lang/String;)Lcom/github/kevinsawicki/http/HttpRequest;
Yajta,com.github.kevinsawicki.http.HttpRequest,delete(Ljava/net/URL;)Lcom/github/kevinsawicki/http/HttpRequest;
Yajta,com.github.kevinsawicki.http.HttpRequest,put(Ljava/lang/CharSequence;)Lcom/github/kevinsawicki/http/HttpRequest;
Yajta,com.github.kevinsawicki.http.HttpRequest,created()Z
Yajta,com.github.kevinsawicki.http.HttpRequest,userAgent(Ljava/lang/String;)Lcom/github/kevinsawicki/http/HttpRequest;
Yajta,com.github.kevinsawicki.http.HttpRequest,chunk(I)Lcom/github/kevinsawicki/http/HttpRequest;
Yajta,com.github.kevinsawicki.http.HttpRequest,toString()Ljava/lang/String;
Yajta,com.github.kevinsawicki.http.HttpRequest,put(Ljava/lang/CharSequence;Z[Ljava/lang/Object;)Lcom/github/kevinsawicki/http/HttpRequest;
Yajta,com.github.kevinsawicki.http.HttpRequest,trace(Ljava/net/URL;)Lcom/github/kevinsawicki/http/HttpRequest;
Yajta,com.github.kevinsawicki.http.HttpRequest,message()Ljava/lang/String;
Yajta,com.github.kevinsawicki.http.HttpRequest,header(Ljava/lang/String;)Ljava/lang/String;
Yajta,com.github.kevinsawicki.http.HttpRequest,addParam(Ljava/lang/Object;Ljava/lang/Object;Ljava/lang/StringBuilder;)Ljava/lang/StringBuilder;
Yajta,com.github.kevinsawicki.http.HttpRequest,location()Ljava/lang/String;
Yajta,com.github.kevinsawicki.http.HttpRequest,get(Ljava/net/URL;)Lcom/github/kevinsawicki/http/HttpRequest;
Yajta,com.github.kevinsawicki.http.HttpRequest,useProxy(Ljava/lang/String;I)Lcom/github/kevinsawicki/http/HttpRequest;
Yajta,com.github.kevinsawicki.http.HttpRequest,part(Ljava/lang/String;Ljava/lang/String;Ljava/lang/String;Ljava/io/File;)Lcom/github/kevinsawicki/http/HttpRequest;
Yajta,com.github.kevinsawicki.http.HttpRequest,trace(Ljava/lang/CharSequence;)Lcom/github/kevinsawicki/http/HttpRequest;
Yajta,com.github.kevinsawicki.http.HttpRequest,bytes()[B
Yajta,com.github.kevinsawicki.http.HttpRequest,parameter(Ljava/lang/String;Ljava/lang/String;)Ljava/lang/String;
Yajta,com.github.kevinsawicki.http.HttpRequest,createConnection()Ljava/net/HttpURLConnection;
Yajta,com.github.kevinsawicki.http.HttpRequest,closeOutput()Lcom/github/kevinsawicki/http/HttpRequest;
Yajta,com.github.kevinsawicki.http.HttpRequest,ok()Z
Yajta,com.github.kevinsawicki.http.HttpRequest,contentType()Ljava/lang/String;
Yajta,com.github.kevinsawicki.http.HttpRequest,receive(Ljava/lang/Appendable;)Lcom/github/kevinsawicki/http/HttpRequest;
Yajta,com.github.kevinsawicki.http.HttpRequest,intHeader(Ljava/lang/String;)I
Yajta,com.github.kevinsawicki.http.HttpRequest,access$202(Lcom/github/kevinsawicki/http/HttpRequest;J)J
Yajta,com.github.kevinsawicki.http.HttpRequest,post(Ljava/lang/CharSequence;Z[Ljava/lang/Object;)Lcom/github/kevinsawicki/http/HttpRequest;
Yajta,com.github.kevinsawicki.http.HttpRequest,isBodyEmpty()Z
Yajta,com.github.kevinsawicki.http.HttpRequest,post(Ljava/lang/CharSequence;)Lcom/github/kevinsawicki/http/HttpRequest;
Yajta,com.github.kevinsawicki.http.HttpRequest,receive(Ljava/io/Writer;)Lcom/github/kevinsawicki/http/HttpRequest;
Yajta,com.github.kevinsawicki.http.HttpRequest,head(Ljava/lang/CharSequence;Z[Ljava/lang/Object;)Lcom/github/kevinsawicki/http/HttpRequest;
Yajta,com.github.kevinsawicki.http.HttpRequest,server()Ljava/lang/String;
Yajta,com.github.kevinsawicki.http.HttpRequest,part(Ljava/lang/String;Ljava/lang/String;Ljava/lang/Number;)Lcom/github/kevinsawicki/http/HttpRequest;
Yajta,com.github.kevinsawicki.http.HttpRequest,body(Ljava/lang/String;)Ljava/lang/String;
Yajta,com.github.kevinsawicki.http.HttpRequest,encode(Ljava/lang/CharSequence;)Ljava/lang/String;
Yajta,com.github.kevinsawicki.http.HttpRequest,form(Ljava/util/Map;Ljava/lang/String;)Lcom/github/kevinsawicki/http/HttpRequest;
Yajta,com.github.kevinsawicki.http.HttpRequest,closeOutputQuietly()Lcom/github/kevinsawicki/http/HttpRequest;
Yajta,com.github.kevinsawicki.http.HttpRequest,disconnect()Lcom/github/kevinsawicki/http/HttpRequest;
Yajta,com.github.kevinsawicki.http.HttpRequest,ignoreCloseExceptions(Z)Lcom/github/kevinsawicki/http/HttpRequest;
Yajta,com.github.kevinsawicki.http.HttpRequest,acceptGzipEncoding()Lcom/github/kevinsawicki/http/HttpRequest;
Yajta,com.github.kevinsawicki.http.HttpRequest,receive(Ljava/io/PrintStream;)Lcom/github/kevinsawicki/http/HttpRequest;
Yajta,com.github.kevinsawicki.http.HttpRequest,send(Ljava/io/InputStream;)Lcom/github/kevinsawicki/http/HttpRequest;
Yajta,com.github.kevinsawicki.http.HttpRequest,append(Ljava/lang/CharSequence;[Ljava/lang/Object;)Ljava/lang/String;
Yajta,com.github.kevinsawicki.http.HttpRequest,code()I
Yajta,com.github.kevinsawicki.http.HttpRequest,put(Ljava/net/URL;)Lcom/github/kevinsawicki/http/HttpRequest;
Yajta,com.github.kevinsawicki.http.HttpRequest,contentLength(Ljava/lang/String;)Lcom/github/kevinsawicki/http/HttpRequest;
Yajta,com.github.kevinsawicki.http.HttpRequest,code(Ljava/util/concurrent/atomic/AtomicInteger;)Lcom/github/kevinsawicki/http/HttpRequest;
Yajta,com.github.kevinsawicki.http.HttpRequest,part(Ljava/lang/String;Ljava/lang/String;Ljava/io/File;)Lcom/github/kevinsawicki/http/HttpRequest;
Yajta,com.github.kevinsawicki.http.HttpRequest,bufferedReader(Ljava/lang/String;)Ljava/io/BufferedReader;
Yajta,com.github.kevinsawicki.http.HttpRequest,part(Ljava/lang/String;Ljava/lang/String;Ljava/lang/String;Ljava/lang/String;)Lcom/github/kevinsawicki/http/HttpRequest;
Yajta,com.github.kevinsawicki.http.HttpRequest,buffer()Ljava/io/BufferedInputStream;
Yajta,com.github.kevinsawicki.http.HttpRequest,serverError()Z
Yajta,com.github.kevinsawicki.http.HttpRequest,access$200(Lcom/github/kevinsawicki/http/HttpRequest;)J
Yajta,com.github.kevinsawicki.http.HttpRequest,head(Ljava/lang/CharSequence;)Lcom/github/kevinsawicki/http/HttpRequest;
Yajta,com.github.kevinsawicki.http.HttpRequest,reader()Ljava/io/InputStreamReader;
Yajta,com.github.kevinsawicki.http.HttpRequest,progress(Lcom/github/kevinsawicki/http/HttpRequest$UploadProgress;)Lcom/github/kevinsawicki/http/HttpRequest;
Yajta,com.github.kevinsawicki.http.HttpRequest,authorization(Ljava/lang/String;)Lcom/github/kevinsawicki/http/HttpRequest;
Yajta,com.github.kevinsawicki.http.HttpRequest,referer(Ljava/lang/String;)Lcom/github/kevinsawicki/http/HttpRequest;
Yajta,com.github.kevinsawicki.http.HttpRequest,part(Ljava/lang/String;Ljava/lang/String;Ljava/lang/String;Ljava/io/InputStream;)Lcom/github/kevinsawicki/http/HttpRequest;
Yajta,com.github.kevinsawicki.http.HttpRequest,part(Ljava/lang/String;Ljava/io/File;)Lcom/github/kevinsawicki/http/HttpRequest;
Yajta,com.github.kevinsawicki.http.HttpRequest,access$300(Lcom/github/kevinsawicki/http/HttpRequest;)J
Yajta,com.github.kevinsawicki.http.HttpRequest,dateHeader(Ljava/lang/String;)J
Yajta,com.github.kevinsawicki.http.HttpRequest,receive(Ljava/io/OutputStream;)Lcom/github/kevinsawicki/http/HttpRequest;
Yajta,com.github.kevinsawicki.http.HttpRequest,body(Ljava/util/concurrent/atomic/AtomicReference;)Lcom/github/kevinsawicki/http/HttpRequest;
Yajta,com.github.kevinsawicki.http.HttpRequest,setConnectionFactory(Lcom/github/kevinsawicki/http/HttpRequest$ConnectionFactory;)V
Yajta,com.github.kevinsawicki.http.HttpRequest,access$100(Lcom/github/kevinsawicki/http/HttpRequest;)I
Yajta,com.github.kevinsawicki.http.HttpRequest,post(Ljava/lang/CharSequence;Ljava/util/Map;Z)Lcom/github/kevinsawicki/http/HttpRequest;
Yajta,com.github.kevinsawicki.http.HttpRequest,ignoreCloseExceptions()Z
Yajta,com.github.kevinsawicki.http.HttpRequest,header(Ljava/lang/String;Ljava/lang/Number;)Lcom/github/kevinsawicki/http/HttpRequest;
Yajta,com.github.kevinsawicki.http.HttpRequest,header(Ljava/util/Map$Entry;)Lcom/github/kevinsawicki/http/HttpRequest;
Yajta,com.github.kevinsawicki.http.HttpRequest,eTag()Ljava/lang/String;
Yajta,com.github.kevinsawicki.http.HttpRequest,bufferedReader()Ljava/io/BufferedReader;
Yajta,com.github.kevinsawicki.http.HttpRequest,contentType(Ljava/lang/String;)Lcom/github/kevinsawicki/http/HttpRequest;
Yajta,com.github.kevinsawicki.http.HttpRequest,ifNoneMatch(Ljava/lang/String;)Lcom/github/kevinsawicki/http/HttpRequest;
Yajta,com.github.kevinsawicki.http.HttpRequest,send(Ljava/lang/CharSequence;)Lcom/github/kevinsawicki/http/HttpRequest;
Yajta,com.github.kevinsawicki.http.HttpRequest,readTimeout(I)Lcom/github/kevinsawicki/http/HttpRequest;
Yajta,com.github.kevinsawicki.http.HttpRequest,getConnection()Ljava/net/HttpURLConnection;
Yajta,com.github.kevinsawicki.http.HttpRequest,access$000(Ljava/lang/String;)Ljava/lang/String;
Yajta,com.github.kevinsawicki.http.HttpRequest,form(Ljava/util/Map$Entry;)Lcom/github/kevinsawicki/http/HttpRequest;
Yajta,com.github.kevinsawicki.http.HttpRequest,contentType(Ljava/lang/String;Ljava/lang/String;)Lcom/github/kevinsawicki/http/HttpRequest;
Yajta,com.github.kevinsawicki.http.HttpRequest,send(Ljava/io/File;)Lcom/github/kevinsawicki/http/HttpRequest;
Yajta,com.github.kevinsawicki.http.HttpRequest,openOutput()Lcom/github/kevinsawicki/http/HttpRequest;
Yajta,com.github.kevinsawicki.http.HttpRequest,send(Ljava/io/Reader;)Lcom/github/kevinsawicki/http/HttpRequest;
Yajta,com.github.kevinsawicki.http.HttpRequest,badRequest()Z
Yajta,com.github.kevinsawicki.http.HttpRequest,acceptJson()Lcom/github/kevinsawicki/http/HttpRequest;
Yajta,com.github.kevinsawicki.http.HttpRequest,head(Ljava/net/URL;)Lcom/github/kevinsawicki/http/HttpRequest;
Yajta,com.github.kevinsawicki.http.HttpRequest,createProxy()Ljava/net/Proxy;
Yajta,com.github.kevinsawicki.http.HttpRequest,getTrustedVerifier()Ljavax/net/ssl/HostnameVerifier;
Yajta,com.github.kevinsawicki.http.HttpRequest,notFound()Z
Yajta,com.github.kevinsawicki.http.HttpRequest,notModified()Z
Yajta,com.github.kevinsawicki.http.HttpRequest,url()Ljava/net/URL;
Yajta,com.github.kevinsawicki.http.HttpRequest,get(Ljava/lang/CharSequence;Ljava/util/Map;Z)Lcom/github/kevinsawicki/http/HttpRequest;
Yajta,com.github.kevinsawicki.http.HttpRequest,incrementTotalSize(J)Lcom/github/kevinsawicki/http/HttpRequest;
Yajta,com.github.kevinsawicki.http.HttpRequest,addParamPrefix(Ljava/lang/String;Ljava/lang/StringBuilder;)Ljava/lang/StringBuilder;
Yajta,com.github.kevinsawicki.http.HttpRequest,options(Ljava/lang/CharSequence;)Lcom/github/kevinsawicki/http/HttpRequest;
Yajta,com.github.kevinsawicki.http.HttpRequest,method()Ljava/lang/String;
Yajta,com.github.kevinsawicki.http.HttpRequest,useCaches(Z)Lcom/github/kevinsawicki/http/HttpRequest;
Yajta,com.github.kevinsawicki.http.HttpRequest,arrayToList(Ljava/lang/Object;)Ljava/util/List;
Yajta,com.github.kevinsawicki.http.HttpRequest,part(Ljava/lang/String;Ljava/lang/Number;)Lcom/github/kevinsawicki/http/HttpRequest;
Yajta,com.github.kevinsawicki.http.HttpRequest,options(Ljava/net/URL;)Lcom/github/kevinsawicki/http/HttpRequest;
Yajta,com.github.kevinsawicki.http.HttpRequest,acceptCharset(Ljava/lang/String;)Lcom/github/kevinsawicki/http/HttpRequest;
Yajta,com.github.kevinsawicki.http.HttpRequest,form(Ljava/util/Map$Entry;Ljava/lang/String;)Lcom/github/kevinsawicki/http/HttpRequest;
Yajta,com.github.kevinsawicki.http.HttpRequest,acceptEncoding(Ljava/lang/String;)Lcom/github/kevinsawicki/http/HttpRequest;
Yajta,com.github.kevinsawicki.http.HttpRequest,lastModified()J
Yajta,com.github.kevinsawicki.http.HttpRequest,reader(Ljava/lang/String;)Ljava/io/InputStreamReader;
Yajta,com.github.kevinsawicki.http.HttpRequest,writer()Ljava/io/OutputStreamWriter;
Yajta,com.github.kevinsawicki.http.HttpRequest,HttpRequest(Ljava/lang/CharSequence;Ljava/lang/String;)V
Yajta,com.github.kevinsawicki.http.HttpRequest,charset()Ljava/lang/String;
Yajta,com.github.kevinsawicki.http.HttpRequest,writePartHeader(Ljava/lang/String;Ljava/lang/String;Ljava/lang/String;)Lcom/github/kevinsawicki/http/HttpRequest;
Yajta,com.github.kevinsawicki.http.HttpRequest,bufferSize()I
Yajta,com.github.kevinsawicki.http.HttpRequest,put(Ljava/lang/CharSequence;Ljava/util/Map;Z)Lcom/github/kevinsawicki/http/HttpRequest;
Yajta,com.github.kevinsawicki.http.HttpRequest,ifModifiedSince(J)Lcom/github/kevinsawicki/http/HttpRequest;
Yajta,com.github.kevinsawicki.http.HttpRequest,trustAllCerts()Lcom/github/kevinsawicki/http/HttpRequest;
Yajta,com.github.kevinsawicki.http.HttpRequest,contentEncoding()Ljava/lang/String;
Yajta,com.github.kevinsawicki.http.HttpRequest,form(Ljava/util/Map;)Lcom/github/kevinsawicki/http/HttpRequest;
Yajta,com.github.kevinsawicki.http.HttpRequest,getParams(Ljava/lang/String;)Ljava/util/Map;
Yajta,com.github.kevinsawicki.http.HttpRequest,stream()Ljava/io/InputStream;
Yajta,com.github.kevinsawicki.http.HttpRequest,form(Ljava/lang/Object;Ljava/lang/Object;)Lcom/github/kevinsawicki/http/HttpRequest;
Yajta,com.github.kevinsawicki.http.HttpRequest,part(Ljava/lang/String;Ljava/io/InputStream;)Lcom/github/kevinsawicki/http/HttpRequest;
Yajta,com.github.kevinsawicki.http.HttpRequest,delete(Ljava/lang/CharSequence;Ljava/util/Map;Z)Lcom/github/kevinsawicki/http/HttpRequest;
Yajta,com.github.kevinsawicki.http.HttpRequest,get(Ljava/lang/CharSequence;Z[Ljava/lang/Object;)Lcom/github/kevinsawicki/http/HttpRequest;
Yajta,com.github.kevinsawicki.http.HttpRequest,headers(Ljava/util/Map;)Lcom/github/kevinsawicki/http/HttpRequest;
Yajta,com.github.kevinsawicki.http.HttpRequest,<clinit>()V
Yajta,com.github.kevinsawicki.http.HttpRequest,get(Ljava/lang/CharSequence;)Lcom/github/kevinsawicki/http/HttpRequest;
Yajta,com.github.kevinsawicki.http.HttpRequest,expires()J
Yajta,com.github.kevinsawicki.http.HttpRequest,trustAllHosts()Lcom/github/kevinsawicki/http/HttpRequest;
Yajta,com.github.kevinsawicki.http.HttpRequest,part(Ljava/lang/String;Ljava/lang/String;)Lcom/github/kevinsawicki/http/HttpRequest;
Yajta,com.github.kevinsawicki.http.HttpRequest,date()J
Yajta,com.github.kevinsawicki.http.HttpRequest,copy(Ljava/io/Reader;Ljava/io/Writer;)Lcom/github/kevinsawicki/http/HttpRequest;
Yajta,com.github.kevinsawicki.http.HttpRequest,send([B)Lcom/github/kevinsawicki/http/HttpRequest;
Yajta,com.github.kevinsawicki.http.HttpRequest$Base64,<clinit>()V
Yajta,com.github.kevinsawicki.http.HttpRequest$Base64,encodeBytesToBytes([BII)[B
Yajta,com.github.kevinsawicki.http.HttpRequest$Base64,encodeBytes([B)Ljava/lang/String;
Yajta,com.github.kevinsawicki.http.HttpRequest$Base64,encode(Ljava/lang/String;)Ljava/lang/String;
Yajta,com.github.kevinsawicki.http.HttpRequest$Base64,encode3to4([BII[BI)[B
Yajta,com.github.kevinsawicki.http.HttpRequest$Base64,encodeBytes([BII)Ljava/lang/String;
Yajta,com.github.kevinsawicki.http.HttpRequest$RequestOutputStream,access$500(Lcom/github/kevinsawicki/http/HttpRequest$RequestOutputStream;)Ljava/nio/charset/CharsetEncoder;
Yajta,com.github.kevinsawicki.http.HttpRequest$RequestOutputStream,write(Ljava/lang/String;)Lcom/github/kevinsawicki/http/HttpRequest$RequestOutputStream;
Yajta,com.github.kevinsawicki.http.HttpRequest$RequestOutputStream,HttpRequest$RequestOutputStream(Ljava/io/OutputStream;Ljava/lang/String;I)V
Yajta,com.github.kevinsawicki.http.HttpRequest$Operation,call()Ljava/lang/Object;
Yajta,com.github.kevinsawicki.http.HttpRequest$Operation,HttpRequest$Operation()V
Yajta,com.github.kevinsawicki.http.HttpRequest$1,HttpRequest$1()V
Yajta,com.github.kevinsawicki.http.HttpRequest$2,HttpRequest$2()V
Yajta,com.github.kevinsawicki.http.HttpRequest$2,verify(Ljava/lang/String;Ljavax/net/ssl/SSLSession;)Z
Yajta,com.github.kevinsawicki.http.HttpRequest$10,run()Ljava/lang/Object;
Yajta,com.github.kevinsawicki.http.HttpRequest$10,run()Lcom/github/kevinsawicki/http/HttpRequest;
Yajta,com.github.kevinsawicki.http.HttpRequest$10,HttpRequest$10(Lcom/github/kevinsawicki/http/HttpRequest;Ljava/io/Flushable;Ljava/io/Reader;Ljava/io/Writer;)V
Yajta,com.github.kevinsawicki.http.HttpRequest$5,run()Ljava/lang/Object;
Yajta,com.github.kevinsawicki.http.HttpRequest$5,run()Lcom/github/kevinsawicki/http/HttpRequest;
Yajta,com.github.kevinsawicki.http.HttpRequest$5,HttpRequest$5(Lcom/github/kevinsawicki/http/HttpRequest;Ljava/io/Closeable;ZLjava/io/OutputStream;)V
Yajta,com.github.kevinsawicki.http.HttpRequest$6,HttpRequest$6(Lcom/github/kevinsawicki/http/HttpRequest;Ljava/io/Closeable;ZLjava/io/BufferedReader;Ljava/lang/Appendable;)V
Yajta,com.github.kevinsawicki.http.HttpRequest$6,run()Ljava/lang/Object;
Yajta,com.github.kevinsawicki.http.HttpRequest$6,run()Lcom/github/kevinsawicki/http/HttpRequest;
Yajta,com.github.kevinsawicki.http.HttpRequest$ConnectionFactory$1,create(Ljava/net/URL;)Ljava/net/HttpURLConnection;
Yajta,com.github.kevinsawicki.http.HttpRequest$ConnectionFactory$1,create(Ljava/net/URL;Ljava/net/Proxy;)Ljava/net/HttpURLConnection;
Yajta,com.github.kevinsawicki.http.HttpRequest$ConnectionFactory$1,HttpRequest$ConnectionFactory$1()V
Yajta,com.github.kevinsawicki.http.HttpRequest$HttpRequestException,getCause()Ljava/io/IOException;
Yajta,com.github.kevinsawicki.http.HttpRequest$HttpRequestException,HttpRequest$HttpRequestException(Ljava/io/IOException;)V
Yajta,com.github.kevinsawicki.http.HttpRequest$9,run()Ljava/lang/Object;
Yajta,com.github.kevinsawicki.http.HttpRequest$9,run()Lcom/github/kevinsawicki/http/HttpRequest;
Yajta,com.github.kevinsawicki.http.HttpRequest$9,HttpRequest$9(Lcom/github/kevinsawicki/http/HttpRequest;Ljava/io/Closeable;ZLjava/io/Reader;Ljava/io/Writer;)V
Yajta,com.github.kevinsawicki.http.HttpRequest$UploadProgress,<clinit>()V
Yajta,com.github.kevinsawicki.http.HttpRequest$ConnectionFactory,<clinit>()V
Yajta,com.github.kevinsawicki.http.HttpRequest$FlushOperation,HttpRequest$FlushOperation(Ljava/io/Flushable;)V
Yajta,com.github.kevinsawicki.http.HttpRequest$FlushOperation,done()V
Yajta,com.github.kevinsawicki.http.HttpRequest$7,HttpRequest$7(Lcom/github/kevinsawicki/http/HttpRequest;Ljava/io/Closeable;ZLjava/io/BufferedReader;Ljava/io/Writer;)V
Yajta,com.github.kevinsawicki.http.HttpRequest$7,run()Ljava/lang/Object;
Yajta,com.github.kevinsawicki.http.HttpRequest$7,run()Lcom/github/kevinsawicki/http/HttpRequest;
Yajta,com.github.kevinsawicki.http.HttpRequest$8,run()Ljava/lang/Object;
Yajta,com.github.kevinsawicki.http.HttpRequest$8,HttpRequest$8(Lcom/github/kevinsawicki/http/HttpRequest;Ljava/io/Closeable;ZLjava/io/InputStream;Ljava/io/OutputStream;)V
Yajta,com.github.kevinsawicki.http.HttpRequest$8,run()Lcom/github/kevinsawicki/http/HttpRequest;
Yajta,com.github.kevinsawicki.http.HttpRequest$UploadProgress$1,HttpRequest$UploadProgress$1()V
Yajta,com.github.kevinsawicki.http.HttpRequest$UploadProgress$1,onUpload(JJ)V
JaCoCo,com.github.kevinsawicki.http.HttpRequest$CloseOperation,<init>(Ljava/io/Closeable;Z)V
JaCoCo,com.github.kevinsawicki.http.HttpRequest$CloseOperation,done()V
JaCoCo,com.github.kevinsawicki.http.HttpRequest,basic(Ljava/lang/String;Ljava/lang/String;)Lcom/github/kevinsawicki/http/HttpRequest;
JaCoCo,com.github.kevinsawicki.http.HttpRequest,intHeader(Ljava/lang/String;I)I
JaCoCo,com.github.kevinsawicki.http.HttpRequest,connectTimeout(I)Lcom/github/kevinsawicki/http/HttpRequest;
JaCoCo,com.github.kevinsawicki.http.HttpRequest,getValidCharset(Ljava/lang/String;)Ljava/lang/String;
JaCoCo,com.github.kevinsawicki.http.HttpRequest,append(Ljava/lang/CharSequence;Ljava/util/Map;)Ljava/lang/String;
JaCoCo,com.github.kevinsawicki.http.HttpRequest,delete(Ljava/lang/CharSequence;Z[Ljava/lang/Object;)Lcom/github/kevinsawicki/http/HttpRequest;
JaCoCo,com.github.kevinsawicki.http.HttpRequest,bufferSize(I)Lcom/github/kevinsawicki/http/HttpRequest;
JaCoCo,com.github.kevinsawicki.http.HttpRequest,headers()Ljava/util/Map;
JaCoCo,com.github.kevinsawicki.http.HttpRequest,contentLength(I)Lcom/github/kevinsawicki/http/HttpRequest;
JaCoCo,com.github.kevinsawicki.http.HttpRequest,contentLength()I
JaCoCo,com.github.kevinsawicki.http.HttpRequest,header(Ljava/lang/String;Ljava/lang/String;)Lcom/github/kevinsawicki/http/HttpRequest;
JaCoCo,com.github.kevinsawicki.http.HttpRequest,headers(Ljava/lang/String;)[Ljava/lang/String;
JaCoCo,com.github.kevinsawicki.http.HttpRequest,getParam(Ljava/lang/String;Ljava/lang/String;)Ljava/lang/String;
JaCoCo,com.github.kevinsawicki.http.HttpRequest,noContent()Z
JaCoCo,com.github.kevinsawicki.http.HttpRequest,dateHeader(Ljava/lang/String;J)J
JaCoCo,com.github.kevinsawicki.http.HttpRequest,parameters(Ljava/lang/String;)Ljava/util/Map;
JaCoCo,com.github.kevinsawicki.http.HttpRequest,copy(Ljava/io/InputStream;Ljava/io/OutputStream;)Lcom/github/kevinsawicki/http/HttpRequest;
JaCoCo,com.github.kevinsawicki.http.HttpRequest,receive(Ljava/io/File;)Lcom/github/kevinsawicki/http/HttpRequest;
JaCoCo,com.github.kevinsawicki.http.HttpRequest,part(Ljava/lang/String;Ljava/lang/String;Ljava/lang/String;)Lcom/github/kevinsawicki/http/HttpRequest;
JaCoCo,com.github.kevinsawicki.http.HttpRequest,addPathSeparator(Ljava/lang/String;Ljava/lang/StringBuilder;)Ljava/lang/StringBuilder;
JaCoCo,com.github.kevinsawicki.http.HttpRequest,uncompress(Z)Lcom/github/kevinsawicki/http/HttpRequest;
JaCoCo,com.github.kevinsawicki.http.HttpRequest,body()Ljava/lang/String;
JaCoCo,com.github.kevinsawicki.http.HttpRequest,head(Ljava/lang/CharSequence;Ljava/util/Map;Z)Lcom/github/kevinsawicki/http/HttpRequest;
JaCoCo,com.github.kevinsawicki.http.HttpRequest,startPart()Lcom/github/kevinsawicki/http/HttpRequest;
JaCoCo,com.github.kevinsawicki.http.HttpRequest,body(Ljava/util/concurrent/atomic/AtomicReference;Ljava/lang/String;)Lcom/github/kevinsawicki/http/HttpRequest;
JaCoCo,com.github.kevinsawicki.http.HttpRequest,cacheControl()Ljava/lang/String;
JaCoCo,com.github.kevinsawicki.http.HttpRequest,partHeader(Ljava/lang/String;Ljava/lang/String;)Lcom/github/kevinsawicki/http/HttpRequest;
JaCoCo,com.github.kevinsawicki.http.HttpRequest,post(Ljava/net/URL;)Lcom/github/kevinsawicki/http/HttpRequest;
JaCoCo,com.github.kevinsawicki.http.HttpRequest,byteStream()Ljava/io/ByteArrayOutputStream;
JaCoCo,com.github.kevinsawicki.http.HttpRequest,delete(Ljava/lang/CharSequence;)Lcom/github/kevinsawicki/http/HttpRequest;
JaCoCo,com.github.kevinsawicki.http.HttpRequest,accept(Ljava/lang/String;)Lcom/github/kevinsawicki/http/HttpRequest;
JaCoCo,com.github.kevinsawicki.http.HttpRequest,delete(Ljava/net/URL;)Lcom/github/kevinsawicki/http/HttpRequest;
JaCoCo,com.github.kevinsawicki.http.HttpRequest,form(Ljava/lang/Object;Ljava/lang/Object;Ljava/lang/String;)Lcom/github/kevinsawicki/http/HttpRequest;
JaCoCo,com.github.kevinsawicki.http.HttpRequest,put(Ljava/lang/CharSequence;)Lcom/github/kevinsawicki/http/HttpRequest;
JaCoCo,com.github.kevinsawicki.http.HttpRequest,created()Z
JaCoCo,com.github.kevinsawicki.http.HttpRequest,userAgent(Ljava/lang/String;)Lcom/github/kevinsawicki/http/HttpRequest;
JaCoCo,com.github.kevinsawicki.http.HttpRequest,chunk(I)Lcom/github/kevinsawicki/http/HttpRequest;
JaCoCo,com.github.kevinsawicki.http.HttpRequest,toString()Ljava/lang/String;
JaCoCo,com.github.kevinsawicki.http.HttpRequest,put(Ljava/lang/CharSequence;Z[Ljava/lang/Object;)Lcom/github/kevinsawicki/http/HttpRequest;
JaCoCo,com.github.kevinsawicki.http.HttpRequest,trace(Ljava/net/URL;)Lcom/github/kevinsawicki/http/HttpRequest;
JaCoCo,com.github.kevinsawicki.http.HttpRequest,message()Ljava/lang/String;
JaCoCo,com.github.kevinsawicki.http.HttpRequest,header(Ljava/lang/String;)Ljava/lang/String;
JaCoCo,com.github.kevinsawicki.http.HttpRequest,addParam(Ljava/lang/Object;Ljava/lang/Object;Ljava/lang/StringBuilder;)Ljava/lang/StringBuilder;
JaCoCo,com.github.kevinsawicki.http.HttpRequest,location()Ljava/lang/String;
JaCoCo,com.github.kevinsawicki.http.HttpRequest,get(Ljava/net/URL;)Lcom/github/kevinsawicki/http/HttpRequest;
JaCoCo,com.github.kevinsawicki.http.HttpRequest,part(Ljava/lang/String;Ljava/lang/String;Ljava/lang/String;Ljava/io/File;)Lcom/github/kevinsawicki/http/HttpRequest;
JaCoCo,com.github.kevinsawicki.http.HttpRequest,useProxy(Ljava/lang/String;I)Lcom/github/kevinsawicki/http/HttpRequest;
JaCoCo,com.github.kevinsawicki.http.HttpRequest,trace(Ljava/lang/CharSequence;)Lcom/github/kevinsawicki/http/HttpRequest;
JaCoCo,com.github.kevinsawicki.http.HttpRequest,bytes()[B
JaCoCo,com.github.kevinsawicki.http.HttpRequest,parameter(Ljava/lang/String;Ljava/lang/String;)Ljava/lang/String;
JaCoCo,com.github.kevinsawicki.http.HttpRequest,createConnection()Ljava/net/HttpURLConnection;
JaCoCo,com.github.kevinsawicki.http.HttpRequest,closeOutput()Lcom/github/kevinsawicki/http/HttpRequest;
JaCoCo,com.github.kevinsawicki.http.HttpRequest,ok()Z
JaCoCo,com.github.kevinsawicki.http.HttpRequest,contentType()Ljava/lang/String;
JaCoCo,com.github.kevinsawicki.http.HttpRequest,receive(Ljava/lang/Appendable;)Lcom/github/kevinsawicki/http/HttpRequest;
JaCoCo,com.github.kevinsawicki.http.HttpRequest,intHeader(Ljava/lang/String;)I
JaCoCo,com.github.kevinsawicki.http.HttpRequest,post(Ljava/lang/CharSequence;Z[Ljava/lang/Object;)Lcom/github/kevinsawicki/http/HttpRequest;
JaCoCo,com.github.kevinsawicki.http.HttpRequest,isBodyEmpty()Z
JaCoCo,com.github.kevinsawicki.http.HttpRequest,post(Ljava/lang/CharSequence;)Lcom/github/kevinsawicki/http/HttpRequest;
JaCoCo,com.github.kevinsawicki.http.HttpRequest,receive(Ljava/io/Writer;)Lcom/github/kevinsawicki/http/HttpRequest;
JaCoCo,com.github.kevinsawicki.http.HttpRequest,head(Ljava/lang/CharSequence;Z[Ljava/lang/Object;)Lcom/github/kevinsawicki/http/HttpRequest;
JaCoCo,com.github.kevinsawicki.http.HttpRequest,server()Ljava/lang/String;
JaCoCo,com.github.kevinsawicki.http.HttpRequest,part(Ljava/lang/String;Ljava/lang/String;Ljava/lang/Number;)Lcom/github/kevinsawicki/http/HttpRequest;
JaCoCo,com.github.kevinsawicki.http.HttpRequest,encode(Ljava/lang/CharSequence;)Ljava/lang/String;
JaCoCo,com.github.kevinsawicki.http.HttpRequest,body(Ljava/lang/String;)Ljava/lang/String;
JaCoCo,com.github.kevinsawicki.http.HttpRequest,form(Ljava/util/Map;Ljava/lang/String;)Lcom/github/kevinsawicki/http/HttpRequest;
JaCoCo,com.github.kevinsawicki.http.HttpRequest,closeOutputQuietly()Lcom/github/kevinsawicki/http/HttpRequest;
JaCoCo,com.github.kevinsawicki.http.HttpRequest,disconnect()Lcom/github/kevinsawicki/http/HttpRequest;
JaCoCo,com.github.kevinsawicki.http.HttpRequest,ignoreCloseExceptions(Z)Lcom/github/kevinsawicki/http/HttpRequest;
JaCoCo,com.github.kevinsawicki.http.HttpRequest,acceptGzipEncoding()Lcom/github/kevinsawicki/http/HttpRequest;
JaCoCo,com.github.kevinsawicki.http.HttpRequest,receive(Ljava/io/PrintStream;)Lcom/github/kevinsawicki/http/HttpRequest;
JaCoCo,com.github.kevinsawicki.http.HttpRequest,send(Ljava/io/InputStream;)Lcom/github/kevinsawicki/http/HttpRequest;
JaCoCo,com.github.kevinsawicki.http.HttpRequest,append(Ljava/lang/CharSequence;[Ljava/lang/Object;)Ljava/lang/String;
JaCoCo,com.github.kevinsawicki.http.HttpRequest,put(Ljava/net/URL;)Lcom/github/kevinsawicki/http/HttpRequest;
JaCoCo,com.github.kevinsawicki.http.HttpRequest,code()I
JaCoCo,com.github.kevinsawicki.http.HttpRequest,contentLength(Ljava/lang/String;)Lcom/github/kevinsawicki/http/HttpRequest;
JaCoCo,com.github.kevinsawicki.http.HttpRequest,code(Ljava/util/concurrent/atomic/AtomicInteger;)Lcom/github/kevinsawicki/http/HttpRequest;
JaCoCo,com.github.kevinsawicki.http.HttpRequest,part(Ljava/lang/String;Ljava/lang/String;Ljava/io/File;)Lcom/github/kevinsawicki/http/HttpRequest;
JaCoCo,com.github.kevinsawicki.http.HttpRequest,<init>(Ljava/net/URL;Ljava/lang/String;)V
JaCoCo,com.github.kevinsawicki.http.HttpRequest,<init>(Ljava/lang/CharSequence;Ljava/lang/String;)V
JaCoCo,com.github.kevinsawicki.http.HttpRequest,bufferedReader(Ljava/lang/String;)Ljava/io/BufferedReader;
JaCoCo,com.github.kevinsawicki.http.HttpRequest,part(Ljava/lang/String;Ljava/lang/String;Ljava/lang/String;Ljava/lang/String;)Lcom/github/kevinsawicki/http/HttpRequest;
JaCoCo,com.github.kevinsawicki.http.HttpRequest,buffer()Ljava/io/BufferedInputStream;
JaCoCo,com.github.kevinsawicki.http.HttpRequest,serverError()Z
JaCoCo,com.github.kevinsawicki.http.HttpRequest,head(Ljava/lang/CharSequence;)Lcom/github/kevinsawicki/http/HttpRequest;
JaCoCo,com.github.kevinsawicki.http.HttpRequest,reader()Ljava/io/InputStreamReader;
JaCoCo,com.github.kevinsawicki.http.HttpRequest,authorization(Ljava/lang/String;)Lcom/github/kevinsawicki/http/HttpRequest;
JaCoCo,com.github.kevinsawicki.http.HttpRequest,progress(Lcom/github/kevinsawicki/http/HttpRequest$UploadProgress;)Lcom/github/kevinsawicki/http/HttpRequest;
JaCoCo,com.github.kevinsawicki.http.HttpRequest,referer(Ljava/lang/String;)Lcom/github/kevinsawicki/http/HttpRequest;
JaCoCo,com.github.kevinsawicki.http.HttpRequest,part(Ljava/lang/String;Ljava/lang/String;Ljava/lang/String;Ljava/io/InputStream;)Lcom/github/kevinsawicki/http/HttpRequest;
JaCoCo,com.github.kevinsawicki.http.HttpRequest,part(Ljava/lang/String;Ljava/io/File;)Lcom/github/kevinsawicki/http/HttpRequest;
JaCoCo,com.github.kevinsawicki.http.HttpRequest,dateHeader(Ljava/lang/String;)J
JaCoCo,com.github.kevinsawicki.http.HttpRequest,receive(Ljava/io/OutputStream;)Lcom/github/kevinsawicki/http/HttpRequest;
JaCoCo,com.github.kevinsawicki.http.HttpRequest,setConnectionFactory(Lcom/github/kevinsawicki/http/HttpRequest$ConnectionFactory;)V
JaCoCo,com.github.kevinsawicki.http.HttpRequest,body(Ljava/util/concurrent/atomic/AtomicReference;)Lcom/github/kevinsawicki/http/HttpRequest;
JaCoCo,com.github.kevinsawicki.http.HttpRequest,post(Ljava/lang/CharSequence;Ljava/util/Map;Z)Lcom/github/kevinsawicki/http/HttpRequest;
JaCoCo,com.github.kevinsawicki.http.HttpRequest,ignoreCloseExceptions()Z
JaCoCo,com.github.kevinsawicki.http.HttpRequest,header(Ljava/lang/String;Ljava/lang/Number;)Lcom/github/kevinsawicki/http/HttpRequest;
JaCoCo,com.github.kevinsawicki.http.HttpRequest,header(Ljava/util/Map$Entry;)Lcom/github/kevinsawicki/http/HttpRequest;
JaCoCo,com.github.kevinsawicki.http.HttpRequest,eTag()Ljava/lang/String;
JaCoCo,com.github.kevinsawicki.http.HttpRequest,bufferedReader()Ljava/io/BufferedReader;
JaCoCo,com.github.kevinsawicki.http.HttpRequest,ifNoneMatch(Ljava/lang/String;)Lcom/github/kevinsawicki/http/HttpRequest;
JaCoCo,com.github.kevinsawicki.http.HttpRequest,contentType(Ljava/lang/String;)Lcom/github/kevinsawicki/http/HttpRequest;
JaCoCo,com.github.kevinsawicki.http.HttpRequest,send(Ljava/lang/CharSequence;)Lcom/github/kevinsawicki/http/HttpRequest;
JaCoCo,com.github.kevinsawicki.http.HttpRequest,readTimeout(I)Lcom/github/kevinsawicki/http/HttpRequest;
JaCoCo,com.github.kevinsawicki.http.HttpRequest,getConnection()Ljava/net/HttpURLConnection;
JaCoCo,com.github.kevinsawicki.http.HttpRequest,form(Ljava/util/Map$Entry;)Lcom/github/kevinsawicki/http/HttpRequest;
JaCoCo,com.github.kevinsawicki.http.HttpRequest,contentType(Ljava/lang/String;Ljava/lang/String;)Lcom/github/kevinsawicki/http/HttpRequest;
JaCoCo,com.github.kevinsawicki.http.HttpRequest,send(Ljava/io/File;)Lcom/github/kevinsawicki/http/HttpRequest;
JaCoCo,com.github.kevinsawicki.http.HttpRequest,openOutput()Lcom/github/kevinsawicki/http/HttpRequest;
JaCoCo,com.github.kevinsawicki.http.HttpRequest,send(Ljava/io/Reader;)Lcom/github/kevinsawicki/http/HttpRequest;
JaCoCo,com.github.kevinsawicki.http.HttpRequest,badRequest()Z
JaCoCo,com.github.kevinsawicki.http.HttpRequest,acceptJson()Lcom/github/kevinsawicki/http/HttpRequest;
JaCoCo,com.github.kevinsawicki.http.HttpRequest,head(Ljava/net/URL;)Lcom/github/kevinsawicki/http/HttpRequest;
JaCoCo,com.github.kevinsawicki.http.HttpRequest,createProxy()Ljava/net/Proxy;
JaCoCo,com.github.kevinsawicki.http.HttpRequest,notFound()Z
JaCoCo,com.github.kevinsawicki.http.HttpRequest,notModified()Z
JaCoCo,com.github.kevinsawicki.http.HttpRequest,url()Ljava/net/URL;
JaCoCo,com.github.kevinsawicki.http.HttpRequest,get(Ljava/lang/CharSequence;Ljava/util/Map;Z)Lcom/github/kevinsawicki/http/HttpRequest;
JaCoCo,com.github.kevinsawicki.http.HttpRequest,incrementTotalSize(J)Lcom/github/kevinsawicki/http/HttpRequest;
JaCoCo,com.github.kevinsawicki.http.HttpRequest,addParamPrefix(Ljava/lang/String;Ljava/lang/StringBuilder;)Ljava/lang/StringBuilder;
JaCoCo,com.github.kevinsawicki.http.HttpRequest,options(Ljava/lang/CharSequence;)Lcom/github/kevinsawicki/http/HttpRequest;
JaCoCo,com.github.kevinsawicki.http.HttpRequest,method()Ljava/lang/String;
JaCoCo,com.github.kevinsawicki.http.HttpRequest,arrayToList(Ljava/lang/Object;)Ljava/util/List;
JaCoCo,com.github.kevinsawicki.http.HttpRequest,useCaches(Z)Lcom/github/kevinsawicki/http/HttpRequest;
JaCoCo,com.github.kevinsawicki.http.HttpRequest,part(Ljava/lang/String;Ljava/lang/Number;)Lcom/github/kevinsawicki/http/HttpRequest;
JaCoCo,com.github.kevinsawicki.http.HttpRequest,options(Ljava/net/URL;)Lcom/github/kevinsawicki/http/HttpRequest;
JaCoCo,com.github.kevinsawicki.http.HttpRequest,acceptCharset(Ljava/lang/String;)Lcom/github/kevinsawicki/http/HttpRequest;
JaCoCo,com.github.kevinsawicki.http.HttpRequest,form(Ljava/util/Map$Entry;Ljava/lang/String;)Lcom/github/kevinsawicki/http/HttpRequest;
JaCoCo,com.github.kevinsawicki.http.HttpRequest,acceptEncoding(Ljava/lang/String;)Lcom/github/kevinsawicki/http/HttpRequest;
JaCoCo,com.github.kevinsawicki.http.HttpRequest,lastModified()J
JaCoCo,com.github.kevinsawicki.http.HttpRequest,reader(Ljava/lang/String;)Ljava/io/InputStreamReader;
JaCoCo,com.github.kevinsawicki.http.HttpRequest,writer()Ljava/io/OutputStreamWriter;
JaCoCo,com.github.kevinsawicki.http.HttpRequest,charset()Ljava/lang/String;
JaCoCo,com.github.kevinsawicki.http.HttpRequest,bufferSize()I
JaCoCo,com.github.kevinsawicki.http.HttpRequest,writePartHeader(Ljava/lang/String;Ljava/lang/String;Ljava/lang/String;)Lcom/github/kevinsawicki/http/HttpRequest;
JaCoCo,com.github.kevinsawicki.http.HttpRequest,put(Ljava/lang/CharSequence;Ljava/util/Map;Z)Lcom/github/kevinsawicki/http/HttpRequest;
JaCoCo,com.github.kevinsawicki.http.HttpRequest,ifModifiedSince(J)Lcom/github/kevinsawicki/http/HttpRequest;
JaCoCo,com.github.kevinsawicki.http.HttpRequest,trustAllCerts()Lcom/github/kevinsawicki/http/HttpRequest;
JaCoCo,com.github.kevinsawicki.http.HttpRequest,contentEncoding()Ljava/lang/String;
JaCoCo,com.github.kevinsawicki.http.HttpRequest,form(Ljava/util/Map;)Lcom/github/kevinsawicki/http/HttpRequest;
JaCoCo,com.github.kevinsawicki.http.HttpRequest,getParams(Ljava/lang/String;)Ljava/util/Map;
JaCoCo,com.github.kevinsawicki.http.HttpRequest,stream()Ljava/io/InputStream;
JaCoCo,com.github.kevinsawicki.http.HttpRequest,form(Ljava/lang/Object;Ljava/lang/Object;)Lcom/github/kevinsawicki/http/HttpRequest;
JaCoCo,com.github.kevinsawicki.http.HttpRequest,part(Ljava/lang/String;Ljava/io/InputStream;)Lcom/github/kevinsawicki/http/HttpRequest;
JaCoCo,com.github.kevinsawicki.http.HttpRequest,delete(Ljava/lang/CharSequence;Ljava/util/Map;Z)Lcom/github/kevinsawicki/http/HttpRequest;
JaCoCo,com.github.kevinsawicki.http.HttpRequest,get(Ljava/lang/CharSequence;Z[Ljava/lang/Object;)Lcom/github/kevinsawicki/http/HttpRequest;
JaCoCo,com.github.kevinsawicki.http.HttpRequest,headers(Ljava/util/Map;)Lcom/github/kevinsawicki/http/HttpRequest;
JaCoCo,com.github.kevinsawicki.http.HttpRequest,get(Ljava/lang/CharSequence;)Lcom/github/kevinsawicki/http/HttpRequest;
JaCoCo,com.github.kevinsawicki.http.HttpRequest,<clinit>()V
JaCoCo,com.github.kevinsawicki.http.HttpRequest,expires()J
JaCoCo,com.github.kevinsawicki.http.HttpRequest,trustAllHosts()Lcom/github/kevinsawicki/http/HttpRequest;
JaCoCo,com.github.kevinsawicki.http.HttpRequest,part(Ljava/lang/String;Ljava/lang/String;)Lcom/github/kevinsawicki/http/HttpRequest;
JaCoCo,com.github.kevinsawicki.http.HttpRequest,date()J
JaCoCo,com.github.kevinsawicki.http.HttpRequest,copy(Ljava/io/Reader;Ljava/io/Writer;)Lcom/github/kevinsawicki/http/HttpRequest;
JaCoCo,com.github.kevinsawicki.http.HttpRequest,send([B)Lcom/github/kevinsawicki/http/HttpRequest;
JaCoCo,com.github.kevinsawicki.http.HttpRequest$Base64,encodeBytesToBytes([BII)[B
JaCoCo,com.github.kevinsawicki.http.HttpRequest$Base64,<clinit>()V
JaCoCo,com.github.kevinsawicki.http.HttpRequest$Base64,encodeBytes([B)Ljava/lang/String;
JaCoCo,com.github.kevinsawicki.http.HttpRequest$Base64,encode(Ljava/lang/String;)Ljava/lang/String;
JaCoCo,com.github.kevinsawicki.http.HttpRequest$Base64,encode3to4([BII[BI)[B
JaCoCo,com.github.kevinsawicki.http.HttpRequest$Base64,encodeBytes([BII)Ljava/lang/String;
JaCoCo,com.github.kevinsawicki.http.HttpRequest$Operation,call()Ljava/lang/Object;
JaCoCo,com.github.kevinsawicki.http.HttpRequest$Operation,<init>()V
JaCoCo,com.github.kevinsawicki.http.HttpRequest$RequestOutputStream,<init>(Ljava/io/OutputStream;Ljava/lang/String;I)V
JaCoCo,com.github.kevinsawicki.http.HttpRequest$RequestOutputStream,write(Ljava/lang/String;)Lcom/github/kevinsawicki/http/HttpRequest$RequestOutputStream;
JaCoCo,com.github.kevinsawicki.http.HttpRequest$10,run()Lcom/github/kevinsawicki/http/HttpRequest;
JaCoCo,com.github.kevinsawicki.http.HttpRequest$10,<init>(Lcom/github/kevinsawicki/http/HttpRequest;Ljava/io/Flushable;Ljava/io/Reader;Ljava/io/Writer;)V
JaCoCo,com.github.kevinsawicki.http.HttpRequest$5,run()Lcom/github/kevinsawicki/http/HttpRequest;
JaCoCo,com.github.kevinsawicki.http.HttpRequest$5,<init>(Lcom/github/kevinsawicki/http/HttpRequest;Ljava/io/Closeable;ZLjava/io/OutputStream;)V
JaCoCo,com.github.kevinsawicki.http.HttpRequest$6,<init>(Lcom/github/kevinsawicki/http/HttpRequest;Ljava/io/Closeable;ZLjava/io/BufferedReader;Ljava/lang/Appendable;)V
JaCoCo,com.github.kevinsawicki.http.HttpRequest$6,run()Lcom/github/kevinsawicki/http/HttpRequest;
JaCoCo,com.github.kevinsawicki.http.HttpRequest$ConnectionFactory$1,create(Ljava/net/URL;)Ljava/net/HttpURLConnection;
JaCoCo,com.github.kevinsawicki.http.HttpRequest$ConnectionFactory$1,<init>()V
JaCoCo,com.github.kevinsawicki.http.HttpRequest$9,<init>(Lcom/github/kevinsawicki/http/HttpRequest;Ljava/io/Closeable;ZLjava/io/Reader;Ljava/io/Writer;)V
JaCoCo,com.github.kevinsawicki.http.HttpRequest$9,run()Lcom/github/kevinsawicki/http/HttpRequest;
JaCoCo,com.github.kevinsawicki.http.HttpRequest$HttpRequestException,getCause()Ljava/io/IOException;
JaCoCo,com.github.kevinsawicki.http.HttpRequest$HttpRequestException,<init>(Ljava/io/IOException;)V
JaCoCo,com.github.kevinsawicki.http.HttpRequest$UploadProgress,<clinit>()V
JaCoCo,com.github.kevinsawicki.http.HttpRequest$ConnectionFactory,<clinit>()V
JaCoCo,com.github.kevinsawicki.http.HttpRequest$7,<init>(Lcom/github/kevinsawicki/http/HttpRequest;Ljava/io/Closeable;ZLjava/io/BufferedReader;Ljava/io/Writer;)V
JaCoCo,com.github.kevinsawicki.http.HttpRequest$7,run()Lcom/github/kevinsawicki/http/HttpRequest;
JaCoCo,com.github.kevinsawicki.http.HttpRequest$FlushOperation,done()V
JaCoCo,com.github.kevinsawicki.http.HttpRequest$FlushOperation,<init>(Ljava/io/Flushable;)V
JaCoCo,com.github.kevinsawicki.http.HttpRequest$8,run()Lcom/github/kevinsawicki/http/HttpRequest;
JaCoCo,com.github.kevinsawicki.http.HttpRequest$8,<init>(Lcom/github/kevinsawicki/http/HttpRequest;Ljava/io/Closeable;ZLjava/io/InputStream;Ljava/io/OutputStream;)V
JaCoCo,com.github.kevinsawicki.http.HttpRequest$UploadProgress$1,onUpload(JJ)V
JaCoCo,com.github.kevinsawicki.http.HttpRequest$UploadProgress$1,<init>()V
JVM,com.github.kevinsawicki.http.HttpRequest$Base64,UNKNOWN
JVM,com.github.kevinsawicki.http.HttpRequest$RequestOutputStream,UNKNOWN
JVM,com.github.kevinsawicki.http.HttpRequest$2,UNKNOWN
JVM,com.github.kevinsawicki.http.HttpRequest$CloseOperation,UNKNOWN
JVM,com.github.kevinsawicki.http.HttpRequest$1,UNKNOWN
JVM,com.github.kevinsawicki.http.HttpRequest$ConnectionFactory,UNKNOWN
JVM,com.github.kevinsawicki.http.HttpRequest,UNKNOWN
JVM,com.github.kevinsawicki.http.HttpRequest$FlushOperation,UNKNOWN
JVM,com.github.kevinsawicki.http.HttpRequest$HttpRequestException,UNKNOWN
JVM,com.github.kevinsawicki.http.HttpRequest$10,UNKNOWN
JVM,com.github.kevinsawicki.http.HttpRequest$ConnectionFactory$1,UNKNOWN
JVM,com.github.kevinsawicki.http.HttpRequest$6,UNKNOWN
JVM,com.github.kevinsawicki.http.HttpRequest$UploadProgress,UNKNOWN
JVM,com.github.kevinsawicki.http.HttpRequest$5,UNKNOWN
JVM,com.github.kevinsawicki.http.HttpRequest$8,UNKNOWN
JVM,com.github.kevinsawicki.http.HttpRequest$Operation,UNKNOWN
JVM,com.github.kevinsawicki.http.HttpRequest$7,UNKNOWN
JVM,com.github.kevinsawicki.http.HttpRequest$UploadProgress$1,UNKNOWN
JVM,com.github.kevinsawicki.http.HttpRequest$9,UNKNOWN
