UsedClass,com.github.kevinsawicki.http.HttpRequest$10,SINGLETON
UsedClass,com.github.kevinsawicki.http.HttpRequest$9,SINGLETON
UsedClass,com.github.kevinsawicki.http.HttpRequest$UploadProgress$1,SINGLETON
UsedClass,com.github.kevinsawicki.http.HttpRequest$Operation,CLASS_ABSTRACT
UsedClass,com.github.kevinsawicki.http.HttpRequest$8,SINGLETON
UsedClass,com.github.kevinsawicki.http.HttpRequest$ConnectionFactory,INTERFACE
UsedClass,com.github.kevinsawicki.http.HttpRequest$HttpRequestException,EXCEPTION
UsedClass,com.github.kevinsawicki.http.HttpRequest,CLASS
UsedClass,com.github.kevinsawicki.http.HttpRequest$6,SINGLETON
BloatedClass,com.github.kevinsawicki.http.HttpRequest$4,SINGLETON
UsedClass,com.github.kevinsawicki.http.HttpRequest$CloseOperation,CLASS_ABSTRACT
UsedClass,com.github.kevinsawicki.http.HttpRequest$2,SINGLETON
UsedClass,com.github.kevinsawicki.http.HttpRequest$5,SINGLETON
UsedClass,com.github.kevinsawicki.http.HttpRequest$RequestOutputStream,CLASS
UsedClass,com.github.kevinsawicki.http.HttpRequest$UploadProgress,INTERFACE
UsedClass,com.github.kevinsawicki.http.HttpRequest$Base64,SINGLETON
UsedClass,com.github.kevinsawicki.http.HttpRequest$7,SINGLETON
UsedClass,com.github.kevinsawicki.http.HttpRequest$FlushOperation,CLASS_ABSTRACT
BloatedClass,com.github.kevinsawicki.http.HttpRequest$3,SINGLETON
UsedClass,com.github.kevinsawicki.http.HttpRequest$ConnectionFactory$1,SINGLETON
UsedClass,com.github.kevinsawicki.http.HttpRequest$1,SINGLETON
UsedMethod,com.github.kevinsawicki.http.HttpRequest$CloseOperation:<init>(Ljava/io/Closeable;Z)V,UNKNOWN
UsedMethod,com.github.kevinsawicki.http.HttpRequest$CloseOperation:done()V,UNKNOWN
UsedMethod,com.github.kevinsawicki.http.HttpRequest:getValidCharset(Ljava/lang/String;)Ljava/lang/String;,UNKNOWN
UsedMethod,com.github.kevinsawicki.http.HttpRequest:getTrustedFactory()Ljavax/net/ssl/SSLSocketFactory;,UNKNOWN
UsedMethod,com.github.kevinsawicki.http.HttpRequest:getTrustedVerifier()Ljavax/net/ssl/HostnameVerifier;,UNKNOWN
UsedMethod,com.github.kevinsawicki.http.HttpRequest:addPathSeparator(Ljava/lang/String;Ljava/lang/StringBuilder;)Ljava/lang/StringBuilder;,UNKNOWN
UsedMethod,com.github.kevinsawicki.http.HttpRequest:addParamPrefix(Ljava/lang/String;Ljava/lang/StringBuilder;)Ljava/lang/StringBuilder;,UNKNOWN
UsedMethod,com.github.kevinsawicki.http.HttpRequest:addParam(Ljava/lang/Object;Ljava/lang/Object;Ljava/lang/StringBuilder;)Ljava/lang/StringBuilder;,UNKNOWN
UsedMethod,com.github.kevinsawicki.http.HttpRequest:setConnectionFactory(Lcom/github/kevinsawicki/http/HttpRequest$ConnectionFactory;)V,UNKNOWN
UsedMethod,com.github.kevinsawicki.http.HttpRequest:arrayToList(Ljava/lang/Object;)Ljava/util/List;,UNKNOWN
UsedMethod,com.github.kevinsawicki.http.HttpRequest:encode(Ljava/lang/CharSequence;)Ljava/lang/String;,UNKNOWN
UsedMethod,com.github.kevinsawicki.http.HttpRequest:append(Ljava/lang/CharSequence;Ljava/util/Map;)Ljava/lang/String;,UNKNOWN
UsedMethod,com.github.kevinsawicki.http.HttpRequest:append(Ljava/lang/CharSequence;[Ljava/lang/Object;)Ljava/lang/String;,UNKNOWN
UsedMethod,com.github.kevinsawicki.http.HttpRequest:get(Ljava/lang/CharSequence;)Lcom/github/kevinsawicki/http/HttpRequest;,UNKNOWN
UsedMethod,com.github.kevinsawicki.http.HttpRequest:get(Ljava/net/URL;)Lcom/github/kevinsawicki/http/HttpRequest;,UNKNOWN
UsedMethod,com.github.kevinsawicki.http.HttpRequest:get(Ljava/lang/CharSequence;Ljava/util/Map;Z)Lcom/github/kevinsawicki/http/HttpRequest;,UNKNOWN
UsedMethod,com.github.kevinsawicki.http.HttpRequest:get(Ljava/lang/CharSequence;Z[Ljava/lang/Object;)Lcom/github/kevinsawicki/http/HttpRequest;,UNKNOWN
UsedMethod,com.github.kevinsawicki.http.HttpRequest:post(Ljava/lang/CharSequence;)Lcom/github/kevinsawicki/http/HttpRequest;,UNKNOWN
UsedMethod,com.github.kevinsawicki.http.HttpRequest:post(Ljava/net/URL;)Lcom/github/kevinsawicki/http/HttpRequest;,UNKNOWN
UsedMethod,com.github.kevinsawicki.http.HttpRequest:post(Ljava/lang/CharSequence;Ljava/util/Map;Z)Lcom/github/kevinsawicki/http/HttpRequest;,UNKNOWN
UsedMethod,com.github.kevinsawicki.http.HttpRequest:post(Ljava/lang/CharSequence;Z[Ljava/lang/Object;)Lcom/github/kevinsawicki/http/HttpRequest;,UNKNOWN
UsedMethod,com.github.kevinsawicki.http.HttpRequest:put(Ljava/lang/CharSequence;)Lcom/github/kevinsawicki/http/HttpRequest;,UNKNOWN
UsedMethod,com.github.kevinsawicki.http.HttpRequest:put(Ljava/net/URL;)Lcom/github/kevinsawicki/http/HttpRequest;,UNKNOWN
UsedMethod,com.github.kevinsawicki.http.HttpRequest:put(Ljava/lang/CharSequence;Ljava/util/Map;Z)Lcom/github/kevinsawicki/http/HttpRequest;,UNKNOWN
UsedMethod,com.github.kevinsawicki.http.HttpRequest:put(Ljava/lang/CharSequence;Z[Ljava/lang/Object;)Lcom/github/kevinsawicki/http/HttpRequest;,UNKNOWN
UsedMethod,com.github.kevinsawicki.http.HttpRequest:delete(Ljava/lang/CharSequence;)Lcom/github/kevinsawicki/http/HttpRequest;,UNKNOWN
UsedMethod,com.github.kevinsawicki.http.HttpRequest:delete(Ljava/net/URL;)Lcom/github/kevinsawicki/http/HttpRequest;,UNKNOWN
UsedMethod,com.github.kevinsawicki.http.HttpRequest:delete(Ljava/lang/CharSequence;Ljava/util/Map;Z)Lcom/github/kevinsawicki/http/HttpRequest;,UNKNOWN
UsedMethod,com.github.kevinsawicki.http.HttpRequest:delete(Ljava/lang/CharSequence;Z[Ljava/lang/Object;)Lcom/github/kevinsawicki/http/HttpRequest;,UNKNOWN
UsedMethod,com.github.kevinsawicki.http.HttpRequest:head(Ljava/lang/CharSequence;)Lcom/github/kevinsawicki/http/HttpRequest;,UNKNOWN
UsedMethod,com.github.kevinsawicki.http.HttpRequest:head(Ljava/net/URL;)Lcom/github/kevinsawicki/http/HttpRequest;,UNKNOWN
UsedMethod,com.github.kevinsawicki.http.HttpRequest:head(Ljava/lang/CharSequence;Ljava/util/Map;Z)Lcom/github/kevinsawicki/http/HttpRequest;,UNKNOWN
UsedMethod,com.github.kevinsawicki.http.HttpRequest:head(Ljava/lang/CharSequence;Z[Ljava/lang/Object;)Lcom/github/kevinsawicki/http/HttpRequest;,UNKNOWN
UsedMethod,com.github.kevinsawicki.http.HttpRequest:options(Ljava/lang/CharSequence;)Lcom/github/kevinsawicki/http/HttpRequest;,UNKNOWN
UsedMethod,com.github.kevinsawicki.http.HttpRequest:options(Ljava/net/URL;)Lcom/github/kevinsawicki/http/HttpRequest;,UNKNOWN
UsedMethod,com.github.kevinsawicki.http.HttpRequest:trace(Ljava/lang/CharSequence;)Lcom/github/kevinsawicki/http/HttpRequest;,UNKNOWN
UsedMethod,com.github.kevinsawicki.http.HttpRequest:trace(Ljava/net/URL;)Lcom/github/kevinsawicki/http/HttpRequest;,UNKNOWN
BloatedMethod,com.github.kevinsawicki.http.HttpRequest:keepAlive(Z)V,UNKNOWN
BloatedMethod,com.github.kevinsawicki.http.HttpRequest:maxConnections(I)V,UNKNOWN
BloatedMethod,com.github.kevinsawicki.http.HttpRequest:proxyHost(Ljava/lang/String;)V,UNKNOWN
BloatedMethod,com.github.kevinsawicki.http.HttpRequest:proxyPort(I)V,UNKNOWN
BloatedMethod,com.github.kevinsawicki.http.HttpRequest:nonProxyHosts([Ljava/lang/String;)V,UNKNOWN
BloatedMethod,com.github.kevinsawicki.http.HttpRequest:setProperty(Ljava/lang/String;Ljava/lang/String;)Ljava/lang/String;,UNKNOWN
UsedMethod,com.github.kevinsawicki.http.HttpRequest:<init>(Ljava/lang/CharSequence;Ljava/lang/String;)V,UNKNOWN
UsedMethod,com.github.kevinsawicki.http.HttpRequest:<init>(Ljava/net/URL;Ljava/lang/String;)V,UNKNOWN
UsedMethod,com.github.kevinsawicki.http.HttpRequest:createProxy()Ljava/net/Proxy;,UNKNOWN
UsedMethod,com.github.kevinsawicki.http.HttpRequest:createConnection()Ljava/net/HttpURLConnection;,UNKNOWN
UsedMethod,com.github.kevinsawicki.http.HttpRequest:toString()Ljava/lang/String;,UNKNOWN
UsedMethod,com.github.kevinsawicki.http.HttpRequest:getConnection()Ljava/net/HttpURLConnection;,UNKNOWN
UsedMethod,com.github.kevinsawicki.http.HttpRequest:ignoreCloseExceptions(Z)Lcom/github/kevinsawicki/http/HttpRequest;,UNKNOWN
UsedMethod,com.github.kevinsawicki.http.HttpRequest:ignoreCloseExceptions()Z,UNKNOWN
UsedMethod,com.github.kevinsawicki.http.HttpRequest:code()I,UNKNOWN
UsedMethod,com.github.kevinsawicki.http.HttpRequest:code(Ljava/util/concurrent/atomic/AtomicInteger;)Lcom/github/kevinsawicki/http/HttpRequest;,UNKNOWN
UsedMethod,com.github.kevinsawicki.http.HttpRequest:ok()Z,UNKNOWN
UsedMethod,com.github.kevinsawicki.http.HttpRequest:created()Z,UNKNOWN
UsedMethod,com.github.kevinsawicki.http.HttpRequest:noContent()Z,UNKNOWN
UsedMethod,com.github.kevinsawicki.http.HttpRequest:serverError()Z,UNKNOWN
UsedMethod,com.github.kevinsawicki.http.HttpRequest:badRequest()Z,UNKNOWN
UsedMethod,com.github.kevinsawicki.http.HttpRequest:notFound()Z,UNKNOWN
UsedMethod,com.github.kevinsawicki.http.HttpRequest:notModified()Z,UNKNOWN
UsedMethod,com.github.kevinsawicki.http.HttpRequest:message()Ljava/lang/String;,UNKNOWN
UsedMethod,com.github.kevinsawicki.http.HttpRequest:disconnect()Lcom/github/kevinsawicki/http/HttpRequest;,UNKNOWN
UsedMethod,com.github.kevinsawicki.http.HttpRequest:chunk(I)Lcom/github/kevinsawicki/http/HttpRequest;,UNKNOWN
UsedMethod,com.github.kevinsawicki.http.HttpRequest:bufferSize(I)Lcom/github/kevinsawicki/http/HttpRequest;,UNKNOWN
UsedMethod,com.github.kevinsawicki.http.HttpRequest:bufferSize()I,UNKNOWN
UsedMethod,com.github.kevinsawicki.http.HttpRequest:uncompress(Z)Lcom/github/kevinsawicki/http/HttpRequest;,UNKNOWN
UsedMethod,com.github.kevinsawicki.http.HttpRequest:byteStream()Ljava/io/ByteArrayOutputStream;,UNKNOWN
UsedMethod,com.github.kevinsawicki.http.HttpRequest:body(Ljava/lang/String;)Ljava/lang/String;,UNKNOWN
UsedMethod,com.github.kevinsawicki.http.HttpRequest:body()Ljava/lang/String;,UNKNOWN
UsedMethod,com.github.kevinsawicki.http.HttpRequest:body(Ljava/util/concurrent/atomic/AtomicReference;)Lcom/github/kevinsawicki/http/HttpRequest;,UNKNOWN
UsedMethod,com.github.kevinsawicki.http.HttpRequest:body(Ljava/util/concurrent/atomic/AtomicReference;Ljava/lang/String;)Lcom/github/kevinsawicki/http/HttpRequest;,UNKNOWN
UsedMethod,com.github.kevinsawicki.http.HttpRequest:isBodyEmpty()Z,UNKNOWN
UsedMethod,com.github.kevinsawicki.http.HttpRequest:bytes()[B,UNKNOWN
UsedMethod,com.github.kevinsawicki.http.HttpRequest:buffer()Ljava/io/BufferedInputStream;,UNKNOWN
UsedMethod,com.github.kevinsawicki.http.HttpRequest:stream()Ljava/io/InputStream;,UNKNOWN
UsedMethod,com.github.kevinsawicki.http.HttpRequest:reader(Ljava/lang/String;)Ljava/io/InputStreamReader;,UNKNOWN
UsedMethod,com.github.kevinsawicki.http.HttpRequest:reader()Ljava/io/InputStreamReader;,UNKNOWN
UsedMethod,com.github.kevinsawicki.http.HttpRequest:bufferedReader(Ljava/lang/String;)Ljava/io/BufferedReader;,UNKNOWN
UsedMethod,com.github.kevinsawicki.http.HttpRequest:bufferedReader()Ljava/io/BufferedReader;,UNKNOWN
UsedMethod,com.github.kevinsawicki.http.HttpRequest:receive(Ljava/io/File;)Lcom/github/kevinsawicki/http/HttpRequest;,UNKNOWN
UsedMethod,com.github.kevinsawicki.http.HttpRequest:receive(Ljava/io/OutputStream;)Lcom/github/kevinsawicki/http/HttpRequest;,UNKNOWN
UsedMethod,com.github.kevinsawicki.http.HttpRequest:receive(Ljava/io/PrintStream;)Lcom/github/kevinsawicki/http/HttpRequest;,UNKNOWN
UsedMethod,com.github.kevinsawicki.http.HttpRequest:receive(Ljava/lang/Appendable;)Lcom/github/kevinsawicki/http/HttpRequest;,UNKNOWN
UsedMethod,com.github.kevinsawicki.http.HttpRequest:receive(Ljava/io/Writer;)Lcom/github/kevinsawicki/http/HttpRequest;,UNKNOWN
UsedMethod,com.github.kevinsawicki.http.HttpRequest:readTimeout(I)Lcom/github/kevinsawicki/http/HttpRequest;,UNKNOWN
UsedMethod,com.github.kevinsawicki.http.HttpRequest:connectTimeout(I)Lcom/github/kevinsawicki/http/HttpRequest;,UNKNOWN
UsedMethod,com.github.kevinsawicki.http.HttpRequest:header(Ljava/lang/String;Ljava/lang/String;)Lcom/github/kevinsawicki/http/HttpRequest;,UNKNOWN
UsedMethod,com.github.kevinsawicki.http.HttpRequest:header(Ljava/lang/String;Ljava/lang/Number;)Lcom/github/kevinsawicki/http/HttpRequest;,UNKNOWN
UsedMethod,com.github.kevinsawicki.http.HttpRequest:headers(Ljava/util/Map;)Lcom/github/kevinsawicki/http/HttpRequest;,UNKNOWN
UsedMethod,com.github.kevinsawicki.http.HttpRequest:header(Ljava/util/Map$Entry;)Lcom/github/kevinsawicki/http/HttpRequest;,UNKNOWN
UsedMethod,com.github.kevinsawicki.http.HttpRequest:header(Ljava/lang/String;)Ljava/lang/String;,UNKNOWN
UsedMethod,com.github.kevinsawicki.http.HttpRequest:headers()Ljava/util/Map;,UNKNOWN
UsedMethod,com.github.kevinsawicki.http.HttpRequest:dateHeader(Ljava/lang/String;)J,UNKNOWN
UsedMethod,com.github.kevinsawicki.http.HttpRequest:dateHeader(Ljava/lang/String;J)J,UNKNOWN
UsedMethod,com.github.kevinsawicki.http.HttpRequest:intHeader(Ljava/lang/String;)I,UNKNOWN
UsedMethod,com.github.kevinsawicki.http.HttpRequest:intHeader(Ljava/lang/String;I)I,UNKNOWN
UsedMethod,com.github.kevinsawicki.http.HttpRequest:headers(Ljava/lang/String;)[Ljava/lang/String;,UNKNOWN
UsedMethod,com.github.kevinsawicki.http.HttpRequest:parameter(Ljava/lang/String;Ljava/lang/String;)Ljava/lang/String;,UNKNOWN
UsedMethod,com.github.kevinsawicki.http.HttpRequest:parameters(Ljava/lang/String;)Ljava/util/Map;,UNKNOWN
UsedMethod,com.github.kevinsawicki.http.HttpRequest:getParams(Ljava/lang/String;)Ljava/util/Map;,UNKNOWN
UsedMethod,com.github.kevinsawicki.http.HttpRequest:getParam(Ljava/lang/String;Ljava/lang/String;)Ljava/lang/String;,UNKNOWN
UsedMethod,com.github.kevinsawicki.http.HttpRequest:charset()Ljava/lang/String;,UNKNOWN
UsedMethod,com.github.kevinsawicki.http.HttpRequest:userAgent(Ljava/lang/String;)Lcom/github/kevinsawicki/http/HttpRequest;,UNKNOWN
UsedMethod,com.github.kevinsawicki.http.HttpRequest:referer(Ljava/lang/String;)Lcom/github/kevinsawicki/http/HttpRequest;,UNKNOWN
UsedMethod,com.github.kevinsawicki.http.HttpRequest:useCaches(Z)Lcom/github/kevinsawicki/http/HttpRequest;,UNKNOWN
UsedMethod,com.github.kevinsawicki.http.HttpRequest:acceptEncoding(Ljava/lang/String;)Lcom/github/kevinsawicki/http/HttpRequest;,UNKNOWN
UsedMethod,com.github.kevinsawicki.http.HttpRequest:acceptGzipEncoding()Lcom/github/kevinsawicki/http/HttpRequest;,UNKNOWN
UsedMethod,com.github.kevinsawicki.http.HttpRequest:acceptCharset(Ljava/lang/String;)Lcom/github/kevinsawicki/http/HttpRequest;,UNKNOWN
UsedMethod,com.github.kevinsawicki.http.HttpRequest:contentEncoding()Ljava/lang/String;,UNKNOWN
UsedMethod,com.github.kevinsawicki.http.HttpRequest:server()Ljava/lang/String;,UNKNOWN
UsedMethod,com.github.kevinsawicki.http.HttpRequest:date()J,UNKNOWN
UsedMethod,com.github.kevinsawicki.http.HttpRequest:cacheControl()Ljava/lang/String;,UNKNOWN
UsedMethod,com.github.kevinsawicki.http.HttpRequest:eTag()Ljava/lang/String;,UNKNOWN
UsedMethod,com.github.kevinsawicki.http.HttpRequest:expires()J,UNKNOWN
UsedMethod,com.github.kevinsawicki.http.HttpRequest:lastModified()J,UNKNOWN
UsedMethod,com.github.kevinsawicki.http.HttpRequest:location()Ljava/lang/String;,UNKNOWN
UsedMethod,com.github.kevinsawicki.http.HttpRequest:authorization(Ljava/lang/String;)Lcom/github/kevinsawicki/http/HttpRequest;,UNKNOWN
UsedMethod,com.github.kevinsawicki.http.HttpRequest:proxyAuthorization(Ljava/lang/String;)Lcom/github/kevinsawicki/http/HttpRequest;,UNKNOWN
UsedMethod,com.github.kevinsawicki.http.HttpRequest:basic(Ljava/lang/String;Ljava/lang/String;)Lcom/github/kevinsawicki/http/HttpRequest;,UNKNOWN
UsedMethod,com.github.kevinsawicki.http.HttpRequest:proxyBasic(Ljava/lang/String;Ljava/lang/String;)Lcom/github/kevinsawicki/http/HttpRequest;,UNKNOWN
UsedMethod,com.github.kevinsawicki.http.HttpRequest:ifModifiedSince(J)Lcom/github/kevinsawicki/http/HttpRequest;,UNKNOWN
UsedMethod,com.github.kevinsawicki.http.HttpRequest:ifNoneMatch(Ljava/lang/String;)Lcom/github/kevinsawicki/http/HttpRequest;,UNKNOWN
UsedMethod,com.github.kevinsawicki.http.HttpRequest:contentType(Ljava/lang/String;)Lcom/github/kevinsawicki/http/HttpRequest;,UNKNOWN
UsedMethod,com.github.kevinsawicki.http.HttpRequest:contentType(Ljava/lang/String;Ljava/lang/String;)Lcom/github/kevinsawicki/http/HttpRequest;,UNKNOWN
UsedMethod,com.github.kevinsawicki.http.HttpRequest:contentType()Ljava/lang/String;,UNKNOWN
UsedMethod,com.github.kevinsawicki.http.HttpRequest:contentLength()I,UNKNOWN
UsedMethod,com.github.kevinsawicki.http.HttpRequest:contentLength(Ljava/lang/String;)Lcom/github/kevinsawicki/http/HttpRequest;,UNKNOWN
UsedMethod,com.github.kevinsawicki.http.HttpRequest:contentLength(I)Lcom/github/kevinsawicki/http/HttpRequest;,UNKNOWN
UsedMethod,com.github.kevinsawicki.http.HttpRequest:accept(Ljava/lang/String;)Lcom/github/kevinsawicki/http/HttpRequest;,UNKNOWN
UsedMethod,com.github.kevinsawicki.http.HttpRequest:acceptJson()Lcom/github/kevinsawicki/http/HttpRequest;,UNKNOWN
UsedMethod,com.github.kevinsawicki.http.HttpRequest:copy(Ljava/io/InputStream;Ljava/io/OutputStream;)Lcom/github/kevinsawicki/http/HttpRequest;,UNKNOWN
UsedMethod,com.github.kevinsawicki.http.HttpRequest:copy(Ljava/io/Reader;Ljava/io/Writer;)Lcom/github/kevinsawicki/http/HttpRequest;,UNKNOWN
UsedMethod,com.github.kevinsawicki.http.HttpRequest:progress(Lcom/github/kevinsawicki/http/HttpRequest$UploadProgress;)Lcom/github/kevinsawicki/http/HttpRequest;,UNKNOWN
UsedMethod,com.github.kevinsawicki.http.HttpRequest:incrementTotalSize(J)Lcom/github/kevinsawicki/http/HttpRequest;,UNKNOWN
UsedMethod,com.github.kevinsawicki.http.HttpRequest:closeOutput()Lcom/github/kevinsawicki/http/HttpRequest;,UNKNOWN
UsedMethod,com.github.kevinsawicki.http.HttpRequest:closeOutputQuietly()Lcom/github/kevinsawicki/http/HttpRequest;,UNKNOWN
UsedMethod,com.github.kevinsawicki.http.HttpRequest:openOutput()Lcom/github/kevinsawicki/http/HttpRequest;,UNKNOWN
UsedMethod,com.github.kevinsawicki.http.HttpRequest:startPart()Lcom/github/kevinsawicki/http/HttpRequest;,UNKNOWN
UsedMethod,com.github.kevinsawicki.http.HttpRequest:writePartHeader(Ljava/lang/String;Ljava/lang/String;)Lcom/github/kevinsawicki/http/HttpRequest;,UNKNOWN
UsedMethod,com.github.kevinsawicki.http.HttpRequest:writePartHeader(Ljava/lang/String;Ljava/lang/String;Ljava/lang/String;)Lcom/github/kevinsawicki/http/HttpRequest;,UNKNOWN
UsedMethod,com.github.kevinsawicki.http.HttpRequest:part(Ljava/lang/String;Ljava/lang/String;)Lcom/github/kevinsawicki/http/HttpRequest;,UNKNOWN
UsedMethod,com.github.kevinsawicki.http.HttpRequest:part(Ljava/lang/String;Ljava/lang/String;Ljava/lang/String;)Lcom/github/kevinsawicki/http/HttpRequest;,UNKNOWN
UsedMethod,com.github.kevinsawicki.http.HttpRequest:part(Ljava/lang/String;Ljava/lang/String;Ljava/lang/String;Ljava/lang/String;)Lcom/github/kevinsawicki/http/HttpRequest;,UNKNOWN
UsedMethod,com.github.kevinsawicki.http.HttpRequest:part(Ljava/lang/String;Ljava/lang/Number;)Lcom/github/kevinsawicki/http/HttpRequest;,UNKNOWN
UsedMethod,com.github.kevinsawicki.http.HttpRequest:part(Ljava/lang/String;Ljava/lang/String;Ljava/lang/Number;)Lcom/github/kevinsawicki/http/HttpRequest;,UNKNOWN
UsedMethod,com.github.kevinsawicki.http.HttpRequest:part(Ljava/lang/String;Ljava/io/File;)Lcom/github/kevinsawicki/http/HttpRequest;,UNKNOWN
UsedMethod,com.github.kevinsawicki.http.HttpRequest:part(Ljava/lang/String;Ljava/lang/String;Ljava/io/File;)Lcom/github/kevinsawicki/http/HttpRequest;,UNKNOWN
UsedMethod,com.github.kevinsawicki.http.HttpRequest:part(Ljava/lang/String;Ljava/lang/String;Ljava/lang/String;Ljava/io/File;)Lcom/github/kevinsawicki/http/HttpRequest;,UNKNOWN
UsedMethod,com.github.kevinsawicki.http.HttpRequest:part(Ljava/lang/String;Ljava/io/InputStream;)Lcom/github/kevinsawicki/http/HttpRequest;,UNKNOWN
UsedMethod,com.github.kevinsawicki.http.HttpRequest:part(Ljava/lang/String;Ljava/lang/String;Ljava/lang/String;Ljava/io/InputStream;)Lcom/github/kevinsawicki/http/HttpRequest;,UNKNOWN
UsedMethod,com.github.kevinsawicki.http.HttpRequest:partHeader(Ljava/lang/String;Ljava/lang/String;)Lcom/github/kevinsawicki/http/HttpRequest;,UNKNOWN
UsedMethod,com.github.kevinsawicki.http.HttpRequest:send(Ljava/io/File;)Lcom/github/kevinsawicki/http/HttpRequest;,UNKNOWN
UsedMethod,com.github.kevinsawicki.http.HttpRequest:send([B)Lcom/github/kevinsawicki/http/HttpRequest;,UNKNOWN
UsedMethod,com.github.kevinsawicki.http.HttpRequest:send(Ljava/io/InputStream;)Lcom/github/kevinsawicki/http/HttpRequest;,UNKNOWN
UsedMethod,com.github.kevinsawicki.http.HttpRequest:send(Ljava/io/Reader;)Lcom/github/kevinsawicki/http/HttpRequest;,UNKNOWN
UsedMethod,com.github.kevinsawicki.http.HttpRequest:send(Ljava/lang/CharSequence;)Lcom/github/kevinsawicki/http/HttpRequest;,UNKNOWN
UsedMethod,com.github.kevinsawicki.http.HttpRequest:writer()Ljava/io/OutputStreamWriter;,UNKNOWN
UsedMethod,com.github.kevinsawicki.http.HttpRequest:form(Ljava/util/Map;)Lcom/github/kevinsawicki/http/HttpRequest;,UNKNOWN
UsedMethod,com.github.kevinsawicki.http.HttpRequest:form(Ljava/util/Map$Entry;)Lcom/github/kevinsawicki/http/HttpRequest;,UNKNOWN
UsedMethod,com.github.kevinsawicki.http.HttpRequest:form(Ljava/util/Map$Entry;Ljava/lang/String;)Lcom/github/kevinsawicki/http/HttpRequest;,UNKNOWN
UsedMethod,com.github.kevinsawicki.http.HttpRequest:form(Ljava/lang/Object;Ljava/lang/Object;)Lcom/github/kevinsawicki/http/HttpRequest;,UNKNOWN
UsedMethod,com.github.kevinsawicki.http.HttpRequest:form(Ljava/lang/Object;Ljava/lang/Object;Ljava/lang/String;)Lcom/github/kevinsawicki/http/HttpRequest;,UNKNOWN
UsedMethod,com.github.kevinsawicki.http.HttpRequest:form(Ljava/util/Map;Ljava/lang/String;)Lcom/github/kevinsawicki/http/HttpRequest;,UNKNOWN
UsedMethod,com.github.kevinsawicki.http.HttpRequest:trustAllCerts()Lcom/github/kevinsawicki/http/HttpRequest;,UNKNOWN
UsedMethod,com.github.kevinsawicki.http.HttpRequest:trustAllHosts()Lcom/github/kevinsawicki/http/HttpRequest;,UNKNOWN
UsedMethod,com.github.kevinsawicki.http.HttpRequest:url()Ljava/net/URL;,UNKNOWN
UsedMethod,com.github.kevinsawicki.http.HttpRequest:method()Ljava/lang/String;,UNKNOWN
UsedMethod,com.github.kevinsawicki.http.HttpRequest:useProxy(Ljava/lang/String;I)Lcom/github/kevinsawicki/http/HttpRequest;,UNKNOWN
BloatedMethod,com.github.kevinsawicki.http.HttpRequest:followRedirects(Z)Lcom/github/kevinsawicki/http/HttpRequest;,UNKNOWN
UsedMethod,com.github.kevinsawicki.http.HttpRequest:access$000(Ljava/lang/String;)Ljava/lang/String;,UNKNOWN
UsedMethod,com.github.kevinsawicki.http.HttpRequest:access$100(Lcom/github/kevinsawicki/http/HttpRequest;)I,UNKNOWN
UsedMethod,com.github.kevinsawicki.http.HttpRequest:access$200(Lcom/github/kevinsawicki/http/HttpRequest;)J,UNKNOWN
UsedMethod,com.github.kevinsawicki.http.HttpRequest:access$202(Lcom/github/kevinsawicki/http/HttpRequest;J)J,UNKNOWN
UsedMethod,com.github.kevinsawicki.http.HttpRequest:access$300(Lcom/github/kevinsawicki/http/HttpRequest;)J,UNKNOWN
UsedMethod,com.github.kevinsawicki.http.HttpRequest:access$400(Lcom/github/kevinsawicki/http/HttpRequest;)Lcom/github/kevinsawicki/http/HttpRequest$UploadProgress;,UNKNOWN
UsedMethod,com.github.kevinsawicki.http.HttpRequest:<clinit>()V,UNKNOWN
UsedMethod,com.github.kevinsawicki.http.HttpRequest$Base64:<init>()V,UNKNOWN
UsedMethod,com.github.kevinsawicki.http.HttpRequest$Base64:encode3to4([BII[BI)[B,UNKNOWN
UsedMethod,com.github.kevinsawicki.http.HttpRequest$Base64:encode(Ljava/lang/String;)Ljava/lang/String;,UNKNOWN
UsedMethod,com.github.kevinsawicki.http.HttpRequest$Base64:encodeBytes([B)Ljava/lang/String;,UNKNOWN
UsedMethod,com.github.kevinsawicki.http.HttpRequest$Base64:encodeBytes([BII)Ljava/lang/String;,UNKNOWN
UsedMethod,com.github.kevinsawicki.http.HttpRequest$Base64:encodeBytesToBytes([BII)[B,UNKNOWN
UsedMethod,com.github.kevinsawicki.http.HttpRequest$Base64:<clinit>()V,UNKNOWN
UsedMethod,com.github.kevinsawicki.http.HttpRequest$RequestOutputStream:<init>(Ljava/io/OutputStream;Ljava/lang/String;I)V,UNKNOWN
UsedMethod,com.github.kevinsawicki.http.HttpRequest$RequestOutputStream:write(Ljava/lang/String;)Lcom/github/kevinsawicki/http/HttpRequest$RequestOutputStream;,UNKNOWN
UsedMethod,com.github.kevinsawicki.http.HttpRequest$RequestOutputStream:access$500(Lcom/github/kevinsawicki/http/HttpRequest$RequestOutputStream;)Ljava/nio/charset/CharsetEncoder;,UNKNOWN
UsedMethod,com.github.kevinsawicki.http.HttpRequest$Operation:<init>()V,UNKNOWN
UsedMethod,com.github.kevinsawicki.http.HttpRequest$Operation:run()Ljava/lang/Object;,UNKNOWN
UsedMethod,com.github.kevinsawicki.http.HttpRequest$Operation:done()V,UNKNOWN
UsedMethod,com.github.kevinsawicki.http.HttpRequest$Operation:call()Ljava/lang/Object;,UNKNOWN
UsedMethod,com.github.kevinsawicki.http.HttpRequest$1:<init>()V,UNKNOWN
UsedMethod,com.github.kevinsawicki.http.HttpRequest$1:getAcceptedIssuers()[Ljava/security/cert/X509Certificate;,UNKNOWN
UsedMethod,com.github.kevinsawicki.http.HttpRequest$1:checkClientTrusted([Ljava/security/cert/X509Certificate;Ljava/lang/String;)V,UNKNOWN
UsedMethod,com.github.kevinsawicki.http.HttpRequest$1:checkServerTrusted([Ljava/security/cert/X509Certificate;Ljava/lang/String;)V,UNKNOWN
UsedMethod,com.github.kevinsawicki.http.HttpRequest$2:<init>()V,UNKNOWN
UsedMethod,com.github.kevinsawicki.http.HttpRequest$2:verify(Ljava/lang/String;Ljavax/net/ssl/SSLSession;)Z,UNKNOWN
UsedMethod,com.github.kevinsawicki.http.HttpRequest$10:<init>(Lcom/github/kevinsawicki/http/HttpRequest;Ljava/io/Flushable;Ljava/io/Reader;Ljava/io/Writer;)V,UNKNOWN
UsedMethod,com.github.kevinsawicki.http.HttpRequest$10:run()Lcom/github/kevinsawicki/http/HttpRequest;,UNKNOWN
UsedMethod,com.github.kevinsawicki.http.HttpRequest$10:run()Ljava/lang/Object;,UNKNOWN
UsedMethod,com.github.kevinsawicki.http.HttpRequest$5:<init>(Lcom/github/kevinsawicki/http/HttpRequest;Ljava/io/Closeable;ZLjava/io/OutputStream;)V,UNKNOWN
UsedMethod,com.github.kevinsawicki.http.HttpRequest$5:run()Lcom/github/kevinsawicki/http/HttpRequest;,UNKNOWN
UsedMethod,com.github.kevinsawicki.http.HttpRequest$5:run()Ljava/lang/Object;,UNKNOWN
UsedMethod,com.github.kevinsawicki.http.HttpRequest$6:<init>(Lcom/github/kevinsawicki/http/HttpRequest;Ljava/io/Closeable;ZLjava/io/BufferedReader;Ljava/lang/Appendable;)V,UNKNOWN
UsedMethod,com.github.kevinsawicki.http.HttpRequest$6:run()Lcom/github/kevinsawicki/http/HttpRequest;,UNKNOWN
UsedMethod,com.github.kevinsawicki.http.HttpRequest$6:run()Ljava/lang/Object;,UNKNOWN
UsedMethod,com.github.kevinsawicki.http.HttpRequest$ConnectionFactory$1:<init>()V,UNKNOWN
UsedMethod,com.github.kevinsawicki.http.HttpRequest$ConnectionFactory$1:create(Ljava/net/URL;)Ljava/net/HttpURLConnection;,UNKNOWN
UsedMethod,com.github.kevinsawicki.http.HttpRequest$ConnectionFactory$1:create(Ljava/net/URL;Ljava/net/Proxy;)Ljava/net/HttpURLConnection;,UNKNOWN
UsedMethod,com.github.kevinsawicki.http.HttpRequest$HttpRequestException:<init>(Ljava/io/IOException;)V,UNKNOWN
UsedMethod,com.github.kevinsawicki.http.HttpRequest$HttpRequestException:getCause()Ljava/io/IOException;,UNKNOWN
UsedMethod,com.github.kevinsawicki.http.HttpRequest$HttpRequestException:getCause()Ljava/lang/Throwable;,UNKNOWN
UsedMethod,com.github.kevinsawicki.http.HttpRequest$9:<init>(Lcom/github/kevinsawicki/http/HttpRequest;Ljava/io/Closeable;ZLjava/io/Reader;Ljava/io/Writer;)V,UNKNOWN
UsedMethod,com.github.kevinsawicki.http.HttpRequest$9:run()Lcom/github/kevinsawicki/http/HttpRequest;,UNKNOWN
UsedMethod,com.github.kevinsawicki.http.HttpRequest$9:run()Ljava/lang/Object;,UNKNOWN
UsedMethod,com.github.kevinsawicki.http.HttpRequest$UploadProgress:onUpload(JJ)V,UNKNOWN
UsedMethod,com.github.kevinsawicki.http.HttpRequest$UploadProgress:<clinit>()V,UNKNOWN
UsedMethod,com.github.kevinsawicki.http.HttpRequest$ConnectionFactory:create(Ljava/net/URL;)Ljava/net/HttpURLConnection;,UNKNOWN
UsedMethod,com.github.kevinsawicki.http.HttpRequest$ConnectionFactory:create(Ljava/net/URL;Ljava/net/Proxy;)Ljava/net/HttpURLConnection;,UNKNOWN
UsedMethod,com.github.kevinsawicki.http.HttpRequest$ConnectionFactory:<clinit>()V,UNKNOWN
UsedMethod,com.github.kevinsawicki.http.HttpRequest$FlushOperation:<init>(Ljava/io/Flushable;)V,UNKNOWN
UsedMethod,com.github.kevinsawicki.http.HttpRequest$FlushOperation:done()V,UNKNOWN
UsedMethod,com.github.kevinsawicki.http.HttpRequest$7:<init>(Lcom/github/kevinsawicki/http/HttpRequest;Ljava/io/Closeable;ZLjava/io/BufferedReader;Ljava/io/Writer;)V,UNKNOWN
UsedMethod,com.github.kevinsawicki.http.HttpRequest$7:run()Lcom/github/kevinsawicki/http/HttpRequest;,UNKNOWN
UsedMethod,com.github.kevinsawicki.http.HttpRequest$7:run()Ljava/lang/Object;,UNKNOWN
UsedMethod,com.github.kevinsawicki.http.HttpRequest$8:<init>(Lcom/github/kevinsawicki/http/HttpRequest;Ljava/io/Closeable;ZLjava/io/InputStream;Ljava/io/OutputStream;)V,UNKNOWN
UsedMethod,com.github.kevinsawicki.http.HttpRequest$8:run()Lcom/github/kevinsawicki/http/HttpRequest;,UNKNOWN
UsedMethod,com.github.kevinsawicki.http.HttpRequest$8:run()Ljava/lang/Object;,UNKNOWN
UsedMethod,com.github.kevinsawicki.http.HttpRequest$UploadProgress$1:<init>()V,UNKNOWN
UsedMethod,com.github.kevinsawicki.http.HttpRequest$UploadProgress$1:onUpload(JJ)V,UNKNOWN
