jsqlparser-1.2,UsedClass,net.sf.jsqlparser.statement.create.table.NamedConstraint
jsqlparser-1.2,BloatedClass,net.sf.jsqlparser.statement.drop.Drop
jsqlparser-1.2,BloatedClass,net.sf.jsqlparser.expression.WindowElement$Type
jsqlparser-1.2,BloatedClass,net.sf.jsqlparser.statement.select.First
jsqlparser-1.2,BloatedClass,net.sf.jsqlparser.util.cnfexpression.MultiOrExpression
jsqlparser-1.2,BloatedClass,net.sf.jsqlparser.expression.operators.relational.RegExpMatchOperatorType
jsqlparser-1.2,BloatedClass,net.sf.jsqlparser.statement.merge.MergeUpdate
jsqlparser-1.2,BloatedClass,net.sf.jsqlparser.util.AddAliasesVisitor
jsqlparser-1.2,BloatedClass,net.sf.jsqlparser.expression.CaseExpression
jsqlparser-1.2,BloatedClass,net.sf.jsqlparser.expression.NotExpression
jsqlparser-1.2,UsedClass,net.sf.jsqlparser.parser.SimpleCharStream
jsqlparser-1.2,UsedClass,net.sf.jsqlparser.statement.select.SetOperation
jsqlparser-1.2,BloatedClass,net.sf.jsqlparser.expression.WindowOffset$1
jsqlparser-1.2,BloatedClass,net.sf.jsqlparser.expression.CastExpression
jsqlparser-1.2,BloatedClass,net.sf.jsqlparser.statement.select.ExceptOp
jsqlparser-1.2,BloatedClass,net.sf.jsqlparser.statement.upsert.Upsert
jsqlparser-1.2,BloatedClass,net.sf.jsqlparser.expression.operators.arithmetic.Modulo
jsqlparser-1.2,UsedClass,net.sf.jsqlparser.statement.select.SetOperationList$SetOperationType
jsqlparser-1.2,BloatedClass,net.sf.jsqlparser.statement.select.Fetch
jsqlparser-1.2,BloatedClass,net.sf.jsqlparser.expression.NullValue
jsqlparser-1.2,BloatedClass,net.sf.jsqlparser.statement.create.table.CreateTable
jsqlparser-1.2,UsedClass,net.sf.jsqlparser.expression.operators.relational.MinorThanEquals
jsqlparser-1.2,UsedClass,net.sf.jsqlparser.expression.operators.conditional.OrExpression
jsqlparser-1.2,BloatedClass,net.sf.jsqlparser.expression.AnyType
jsqlparser-1.2,BloatedClass,net.sf.jsqlparser.util.cnfexpression.MultipleExpression
jsqlparser-1.2,BloatedClass,net.sf.jsqlparser.expression.TimeKeyExpression
jsqlparser-1.2,BloatedClass,net.sf.jsqlparser.expression.operators.relational.ItemsListVisitor
jsqlparser-1.2,BloatedClass,net.sf.jsqlparser.statement.select.First$Keyword
jsqlparser-1.2,UsedClass,net.sf.jsqlparser.expression.operators.relational.ItemsList
jsqlparser-1.2,BloatedClass,net.sf.jsqlparser.util.deparser.AlterViewDeParser
jsqlparser-1.2,BloatedClass,net.sf.jsqlparser.statement.UseStatement
jsqlparser-1.2,BloatedClass,net.sf.jsqlparser.expression.JsonExpression
jsqlparser-1.2,BloatedClass,net.sf.jsqlparser.util.cnfexpression.CloneHelper
jsqlparser-1.2,BloatedClass,net.sf.jsqlparser.expression.HexValue
jsqlparser-1.2,UsedClass,net.sf.jsqlparser.parser.CCJSqlParserConstants
jsqlparser-1.2,UsedClass,net.sf.jsqlparser.statement.select.PlainSelect
jsqlparser-1.2,UsedClass,net.sf.jsqlparser.expression.operators.relational.InExpression
jsqlparser-1.2,BloatedClass,net.sf.jsqlparser.util.deparser.SelectDeParser
jsqlparser-1.2,BloatedClass,net.sf.jsqlparser.util.deparser.SetStatementDeParser
jsqlparser-1.2,UsedClass,net.sf.jsqlparser.statement.select.UnionOp
jsqlparser-1.2,UsedClass,net.sf.jsqlparser.expression.Function
jsqlparser-1.2,BloatedClass,net.sf.jsqlparser.expression.DoubleValue
jsqlparser-1.2,BloatedClass,net.sf.jsqlparser.expression.WindowElement
jsqlparser-1.2,UsedClass,net.sf.jsqlparser.statement.select.LateralSubSelect
jsqlparser-1.2,BloatedClass,net.sf.jsqlparser.expression.ExpressionVisitorAdapter
jsqlparser-1.2,BloatedClass,net.sf.jsqlparser.statement.select.PivotVisitorAdapter
jsqlparser-1.2,BloatedClass,net.sf.jsqlparser.statement.select.IntersectOp
jsqlparser-1.2,BloatedClass,net.sf.jsqlparser.util.deparser.ReplaceDeParser
jsqlparser-1.2,UsedClass,net.sf.jsqlparser.statement.select.OrderByElement
jsqlparser-1.2,UsedClass,net.sf.jsqlparser.expression.operators.relational.OldOracleJoinBinaryExpression
jsqlparser-1.2,BloatedClass,net.sf.jsqlparser.statement.create.view.CreateView$1
jsqlparser-1.2,BloatedClass,net.sf.jsqlparser.expression.operators.relational.RegExpMatchOperator
jsqlparser-1.2,UsedClass,net.sf.jsqlparser.parser.Node
jsqlparser-1.2,BloatedClass,net.sf.jsqlparser.statement.execute.Execute
jsqlparser-1.2,BloatedClass,net.sf.jsqlparser.util.deparser.InsertDeParser
jsqlparser-1.2,BloatedClass,net.sf.jsqlparser.expression.TimestampValue
jsqlparser-1.2,UsedClass,net.sf.jsqlparser.parser.CCJSqlParserTokenManager
jsqlparser-1.2,BloatedClass,net.sf.jsqlparser.util.cnfexpression.MultiAndExpression
jsqlparser-1.2,BloatedClass,net.sf.jsqlparser.util.deparser.ExecuteDeParser
jsqlparser-1.2,BloatedClass,net.sf.jsqlparser.expression.MySQLIndexHint
jsqlparser-1.2,UsedClass,net.sf.jsqlparser.statement.Statement
jsqlparser-1.2,BloatedClass,net.sf.jsqlparser.expression.operators.relational.Between
jsqlparser-1.2,UsedClass,net.sf.jsqlparser.statement.create.table.ForeignKeyIndex
jsqlparser-1.2,UsedClass,net.sf.jsqlparser.expression.Parenthesis
jsqlparser-1.2,BloatedClass,net.sf.jsqlparser.parser.CCJSqlParserManager
jsqlparser-1.2,BloatedClass,net.sf.jsqlparser.util.TablesNamesFinder
jsqlparser-1.2,BloatedClass,net.sf.jsqlparser.expression.DateTimeLiteralExpression
jsqlparser-1.2,BloatedClass,net.sf.jsqlparser.expression.operators.relational.ItemsListVisitorAdapter
jsqlparser-1.2,BloatedClass,net.sf.jsqlparser.util.deparser.UpdateDeParser
jsqlparser-1.2,UsedClass,net.sf.jsqlparser.expression.operators.arithmetic.Multiplication
jsqlparser-1.2,BloatedClass,net.sf.jsqlparser.util.deparser.UpsertDeParser
jsqlparser-1.2,BloatedClass,net.sf.jsqlparser.parser.JSqlParser
jsqlparser-1.2,UsedClass,net.sf.jsqlparser.parser.Token
jsqlparser-1.2,BloatedClass,net.sf.jsqlparser.statement.create.table.ExcludeConstraint
jsqlparser-1.2,BloatedClass,net.sf.jsqlparser.statement.create.view.TemporaryOption
jsqlparser-1.2,BloatedClass,net.sf.jsqlparser.expression.NumericBind
jsqlparser-1.2,BloatedClass,net.sf.jsqlparser.expression.operators.arithmetic.BitwiseOr
jsqlparser-1.2,BloatedClass,net.sf.jsqlparser.statement.alter.AlterExpression
jsqlparser-1.2,BloatedClass,net.sf.jsqlparser.util.deparser.OrderByDeParser
jsqlparser-1.2,BloatedClass,net.sf.jsqlparser.expression.operators.relational.GreaterThanEquals
jsqlparser-1.2,BloatedClass,net.sf.jsqlparser.statement.select.OrderByVisitorAdapter
jsqlparser-1.2,UsedClass,net.sf.jsqlparser.statement.select.PivotXml
jsqlparser-1.2,UsedClass,net.sf.jsqlparser.statement.select.ValuesList
jsqlparser-1.2,UsedClass,net.sf.jsqlparser.statement.select.SelectItem
jsqlparser-1.2,UsedClass,net.sf.jsqlparser.schema.MultiPartName
jsqlparser-1.2,BloatedClass,net.sf.jsqlparser.util.deparser.DeleteDeParser
jsqlparser-1.2,UsedClass,net.sf.jsqlparser.parser.BaseToken
jsqlparser-1.2,UsedClass,net.sf.jsqlparser.schema.Table
jsqlparser-1.2,BloatedClass,net.sf.jsqlparser.expression.OracleHierarchicalExpression
jsqlparser-1.2,BloatedClass,net.sf.jsqlparser.statement.select.SelectItemVisitor
jsqlparser-1.2,BloatedClass,net.sf.jsqlparser.statement.select.SelectItemVisitorAdapter
jsqlparser-1.2,BloatedClass,net.sf.jsqlparser.statement.select.ExpressionListItem
jsqlparser-1.2,UsedClass,net.sf.jsqlparser.statement.select.SubSelect
jsqlparser-1.2,BloatedClass,net.sf.jsqlparser.statement.StatementVisitorAdapter
jsqlparser-1.2,BloatedClass,net.sf.jsqlparser.expression.TimeValue
jsqlparser-1.2,UsedClass,net.sf.jsqlparser.statement.select.Select
jsqlparser-1.2,BloatedClass,net.sf.jsqlparser.statement.select.OrderByVisitor
jsqlparser-1.2,BloatedClass,net.sf.jsqlparser.statement.create.view.AlterView
jsqlparser-1.2,BloatedClass,net.sf.jsqlparser.util.cnfexpression.CNFConverter
jsqlparser-1.2,BloatedClass,net.sf.jsqlparser.statement.select.ParenthesisFromItem
jsqlparser-1.2,UsedClass,net.sf.jsqlparser.parser.ASTNodeAccessImpl
jsqlparser-1.2,BloatedClass,net.sf.jsqlparser.statement.Statements
jsqlparser-1.2,BloatedClass,net.sf.jsqlparser.expression.DateTimeLiteralExpression$DateTime
jsqlparser-1.2,BloatedClass,net.sf.jsqlparser.expression.WindowRange
jsqlparser-1.2,UsedClass,net.sf.jsqlparser.parser.TokenMgrException
jsqlparser-1.2,UsedClass,net.sf.jsqlparser.expression.BinaryExpression
jsqlparser-1.2,UsedClass,net.sf.jsqlparser.statement.create.table.Index
jsqlparser-1.2,BloatedClass,net.sf.jsqlparser.statement.alter.DeferrableConstraint
jsqlparser-1.2,BloatedClass,net.sf.jsqlparser.util.SelectUtils
jsqlparser-1.2,BloatedClass,net.sf.jsqlparser.statement.alter.ValidateConstraint
jsqlparser-1.2,BloatedClass,net.sf.jsqlparser.util.deparser.LimitDeparser
jsqlparser-1.2,BloatedClass,net.sf.jsqlparser.expression.AnalyticType
jsqlparser-1.2,BloatedClass,net.sf.jsqlparser.statement.merge.Merge
jsqlparser-1.2,BloatedClass,net.sf.jsqlparser.util.SelectUtils$2
jsqlparser-1.2,BloatedClass,net.sf.jsqlparser.statement.alter.AlterExpression$ColumnDataType
jsqlparser-1.2,UsedClass,net.sf.jsqlparser.schema.Column
jsqlparser-1.2,BloatedClass,net.sf.jsqlparser.util.SelectUtils$1
jsqlparser-1.2,BloatedClass,net.sf.jsqlparser.expression.UserVariable
jsqlparser-1.2,BloatedClass,net.sf.jsqlparser.parser.CCJSqlParser$1
jsqlparser-1.2,BloatedClass,net.sf.jsqlparser.expression.ExtractExpression
jsqlparser-1.2,UsedClass,net.sf.jsqlparser.statement.select.Join
jsqlparser-1.2,BloatedClass,net.sf.jsqlparser.util.deparser.ExpressionDeParser
jsqlparser-1.2,BloatedClass,net.sf.jsqlparser.statement.StatementVisitor
jsqlparser-1.2,UsedClass,net.sf.jsqlparser.statement.select.WithItem
jsqlparser-1.2,BloatedClass,net.sf.jsqlparser.util.deparser.StatementDeParser
jsqlparser-1.2,BloatedClass,net.sf.jsqlparser.parser.StreamProvider
jsqlparser-1.2,UsedClass,net.sf.jsqlparser.statement.create.table.CheckConstraint
jsqlparser-1.2,BloatedClass,net.sf.jsqlparser.expression.operators.relational.JsonOperator
jsqlparser-1.2,UsedClass,net.sf.jsqlparser.expression.Alias
jsqlparser-1.2,UsedClass,net.sf.jsqlparser.parser.ParseException
jsqlparser-1.2,UsedClass,net.sf.jsqlparser.statement.select.SelectBody
jsqlparser-1.2,BloatedClass,net.sf.jsqlparser.statement.execute.Execute$EXEC_TYPE
jsqlparser-1.2,BloatedClass,net.sf.jsqlparser.expression.KeepExpression
jsqlparser-1.2,BloatedClass,net.sf.jsqlparser.statement.SetStatement
jsqlparser-1.2,UsedClass,net.sf.jsqlparser.parser.Provider
jsqlparser-1.2,BloatedClass,net.sf.jsqlparser.expression.ValueListExpression
jsqlparser-1.2,BloatedClass,net.sf.jsqlparser.statement.update.Update
jsqlparser-1.2,BloatedClass,net.sf.jsqlparser.statement.create.index.CreateIndex
jsqlparser-1.2,BloatedClass,net.sf.jsqlparser.expression.operators.relational.RegExpMySQLOperator
jsqlparser-1.2,UsedClass,net.sf.jsqlparser.statement.select.SubJoin
jsqlparser-1.2,BloatedClass,net.sf.jsqlparser.statement.insert.InsertModifierPriority
jsqlparser-1.2,BloatedClass,net.sf.jsqlparser.expression.operators.relational.IsNullExpression
jsqlparser-1.2,BloatedClass,net.sf.jsqlparser.parser.CCJSqlParserDefaultVisitor
jsqlparser-1.2,BloatedClass,net.sf.jsqlparser.expression.WindowOffset
jsqlparser-1.2,UsedClass,net.sf.jsqlparser.expression.Expression
jsqlparser-1.2,UsedClass,net.sf.jsqlparser.statement.select.Pivot
jsqlparser-1.2,UsedClass,net.sf.jsqlparser.statement.select.AllColumns
jsqlparser-1.2,BloatedClass,net.sf.jsqlparser.expression.IntervalExpression
jsqlparser-1.2,BloatedClass,net.sf.jsqlparser.expression.operators.arithmetic.Subtraction
jsqlparser-1.2,BloatedClass,net.sf.jsqlparser.parser.CCJSqlParserVisitor
jsqlparser-1.2,UsedClass,net.sf.jsqlparser.schema.Server
jsqlparser-1.2,BloatedClass,net.sf.jsqlparser.expression.operators.arithmetic.BitwiseLeftShift
jsqlparser-1.2,BloatedClass,net.sf.jsqlparser.statement.select.IntoTableVisitorAdapter
jsqlparser-1.2,BloatedClass,net.sf.jsqlparser.statement.replace.Replace
jsqlparser-1.2,UsedClass,net.sf.jsqlparser.parser.CCJSqlParser$JJCalls
jsqlparser-1.2,BloatedClass,net.sf.jsqlparser.util.cnfexpression.CNFConverter$Mule
jsqlparser-1.2,UsedClass,net.sf.jsqlparser.statement.select.Limit
jsqlparser-1.2,UsedClass,net.sf.jsqlparser.expression.operators.relational.MinorThan
jsqlparser-1.2,BloatedClass,net.sf.jsqlparser.statement.select.Skip
jsqlparser-1.2,BloatedClass,net.sf.jsqlparser.statement.alter.Alter
jsqlparser-1.2,UsedClass,net.sf.jsqlparser.parser.JJTCCJSqlParserState
jsqlparser-1.2,BloatedClass,net.sf.jsqlparser.statement.alter.EnableConstraint
jsqlparser-1.2,BloatedClass,net.sf.jsqlparser.expression.AnalyticExpression
jsqlparser-1.2,BloatedClass,net.sf.jsqlparser.expression.WindowOffset$Type
jsqlparser-1.2,BloatedClass,net.sf.jsqlparser.expression.operators.arithmetic.BitwiseRightShift
jsqlparser-1.2,BloatedClass,net.sf.jsqlparser.expression.RowConstructor
jsqlparser-1.2,UsedClass,net.sf.jsqlparser.expression.operators.relational.ExpressionList
jsqlparser-1.2,BloatedClass,net.sf.jsqlparser.statement.alter.AlterOperation
jsqlparser-1.2,BloatedClass,net.sf.jsqlparser.expression.MySQLGroupConcat
jsqlparser-1.2,BloatedClass,net.sf.jsqlparser.expression.operators.relational.RegExpMatchOperator$1
jsqlparser-1.2,UsedClass,net.sf.jsqlparser.expression.operators.relational.EqualsTo
jsqlparser-1.2,BloatedClass,net.sf.jsqlparser.expression.AnyComparisonExpression
jsqlparser-1.2,BloatedClass,net.sf.jsqlparser.statement.select.MinusOp
jsqlparser-1.2,BloatedClass,net.sf.jsqlparser.statement.select.Wait
jsqlparser-1.2,BloatedClass,net.sf.jsqlparser.statement.select.SelectVisitor
jsqlparser-1.2,BloatedClass,net.sf.jsqlparser.expression.operators.arithmetic.BitwiseAnd
jsqlparser-1.2,BloatedClass,net.sf.jsqlparser.statement.create.view.CreateView
jsqlparser-1.2,BloatedClass,net.sf.jsqlparser.expression.WhenClause
jsqlparser-1.2,UsedClass,net.sf.jsqlparser.expression.LongValue
jsqlparser-1.2,BloatedClass,net.sf.jsqlparser.statement.select.IntoTableVisitor
jsqlparser-1.2,BloatedClass,net.sf.jsqlparser.util.deparser.DropDeParser
jsqlparser-1.2,BloatedClass,net.sf.jsqlparser.statement.insert.Insert
jsqlparser-1.2,UsedClass,net.sf.jsqlparser.expression.StringValue
jsqlparser-1.2,BloatedClass,net.sf.jsqlparser.statement.delete.Delete
jsqlparser-1.2,BloatedClass,net.sf.jsqlparser.util.deparser.CreateViewDeParser
jsqlparser-1.2,BloatedClass,net.sf.jsqlparser.expression.ExpressionVisitor
jsqlparser-1.2,BloatedClass,net.sf.jsqlparser.statement.truncate.Truncate
jsqlparser-1.2,UsedClass,net.sf.jsqlparser.parser.CCJSqlParser$LookaheadSuccess
jsqlparser-1.2,BloatedClass,net.sf.jsqlparser.expression.operators.arithmetic.Addition
jsqlparser-1.2,BloatedClass,net.sf.jsqlparser.statement.create.table.ColDataType
jsqlparser-1.2,BloatedClass,net.sf.jsqlparser.util.deparser.CreateTableDeParser
jsqlparser-1.2,UsedClass,net.sf.jsqlparser.expression.operators.relational.SupportsOldOracleJoinSyntax
jsqlparser-1.2,BloatedClass,net.sf.jsqlparser.util.deparser.CreateViewDeParser$1
jsqlparser-1.2,UsedClass,net.sf.jsqlparser.parser.CCJSqlParser
jsqlparser-1.2,BloatedClass,net.sf.jsqlparser.expression.operators.relational.MultiExpressionList
jsqlparser-1.2,UsedClass,net.sf.jsqlparser.parser.CCJSqlParserUtil
jsqlparser-1.2,BloatedClass,net.sf.jsqlparser.statement.create.view.ForceOption
jsqlparser-1.2,BloatedClass,net.sf.jsqlparser.statement.create.table.ColumnDefinition
jsqlparser-1.2,BloatedClass,net.sf.jsqlparser.expression.operators.arithmetic.Concat
jsqlparser-1.2,UsedClass,net.sf.jsqlparser.statement.select.FromItem
jsqlparser-1.2,BloatedClass,net.sf.jsqlparser.statement.select.FunctionItem
jsqlparser-1.2,UsedClass,net.sf.jsqlparser.expression.operators.relational.GreaterThan
jsqlparser-1.2,UsedClass,net.sf.jsqlparser.parser.StringProvider
jsqlparser-1.2,BloatedClass,net.sf.jsqlparser.expression.JdbcNamedParameter
jsqlparser-1.2,BloatedClass,net.sf.jsqlparser.statement.select.PivotVisitor
jsqlparser-1.2,BloatedClass,net.sf.jsqlparser.statement.select.TableFunction
jsqlparser-1.2,UsedClass,net.sf.jsqlparser.expression.JdbcParameter
jsqlparser-1.2,UsedClass,net.sf.jsqlparser.parser.SimpleNode
jsqlparser-1.2,BloatedClass,net.sf.jsqlparser.expression.operators.relational.Matches
jsqlparser-1.2,UsedClass,net.sf.jsqlparser.statement.select.AllTableColumns
jsqlparser-1.2,BloatedClass,net.sf.jsqlparser.statement.select.SelectVisitorAdapter
jsqlparser-1.2,BloatedClass,net.sf.jsqlparser.statement.select.FromItemVisitorAdapter
jsqlparser-1.2,UsedClass,net.sf.jsqlparser.statement.select.Top
jsqlparser-1.2,UsedClass,net.sf.jsqlparser.statement.select.Distinct
jsqlparser-1.2,BloatedClass,net.sf.jsqlparser.util.deparser.UseStatementDeParser
jsqlparser-1.2,UsedClass,net.sf.jsqlparser.expression.operators.relational.LikeExpression
jsqlparser-1.2,BloatedClass,net.sf.jsqlparser.util.cnfexpression.CNFConverter$1
jsqlparser-1.2,BloatedClass,net.sf.jsqlparser.util.deparser.CreateIndexDeParser
jsqlparser-1.2,BloatedClass,net.sf.jsqlparser.expression.operators.arithmetic.Division
jsqlparser-1.2,UsedClass,net.sf.jsqlparser.JSQLParserException
jsqlparser-1.2,UsedClass,net.sf.jsqlparser.expression.operators.relational.ExistsExpression
jsqlparser-1.2,BloatedClass,net.sf.jsqlparser.statement.select.Offset
jsqlparser-1.2,UsedClass,net.sf.jsqlparser.expression.operators.conditional.AndExpression
jsqlparser-1.2,BloatedClass,net.sf.jsqlparser.statement.alter.ConstraintState
jsqlparser-1.2,BloatedClass,net.sf.jsqlparser.util.ConnectExpressionsVisitor
jsqlparser-1.2,BloatedClass,net.sf.jsqlparser.expression.OracleHint
jsqlparser-1.2,UsedClass,net.sf.jsqlparser.parser.CCJSqlParserTreeConstants
jsqlparser-1.2,BloatedClass,net.sf.jsqlparser.statement.select.OrderByElement$NullOrdering
jsqlparser-1.2,UsedClass,net.sf.jsqlparser.parser.ASTNodeAccess
jsqlparser-1.2,BloatedClass,net.sf.jsqlparser.statement.select.FromItemVisitor
jsqlparser-1.2,BloatedClass,net.sf.jsqlparser.statement.Commit
jsqlparser-1.2,BloatedClass,net.sf.jsqlparser.expression.operators.arithmetic.BitwiseXor
jsqlparser-1.2,BloatedClass,net.sf.jsqlparser.expression.AllComparisonExpression
jsqlparser-1.2,BloatedClass,net.sf.jsqlparser.expression.SignedExpression
jsqlparser-1.2,UsedClass,net.sf.jsqlparser.schema.Database
jsqlparser-1.2,BloatedClass,net.sf.jsqlparser.util.deparser.AlterDeParser
jsqlparser-1.2,UsedClass,net.sf.jsqlparser.statement.select.SetOperationList
jsqlparser-1.2,UsedClass,net.sf.jsqlparser.statement.select.SelectExpressionItem
jsqlparser-1.2,BloatedClass,net.sf.jsqlparser.expression.AnalyticExpression$1
jsqlparser-1.2,BloatedClass,net.sf.jsqlparser.statement.merge.MergeInsert
jsqlparser-1.2,BloatedClass,net.sf.jsqlparser.expression.DateValue
jsqlparser-1.2,UsedClass,net.sf.jsqlparser.expression.operators.relational.NotEqualsTo
jsqlparser-1.2,UsedClass,net.sf.jsqlparser.expression.operators.relational.ComparisonOperator
jsqlparser-1.2,BloatedClass,net.sf.jsqlparser.util.deparser.ExpressionDeParser$1
jcov-file-saver-1.0,BloatedClass,com.sun.tdk.jcov.tools.JcovVersion
jcov-file-saver-1.0,BloatedClass,com.sun.tdk.jcov.runtime.TemplateFileSaver
jcov-file-saver-1.0,BloatedClass,com.sun.tdk.jcov.runtime.CollectDetect$ThreadInfo
jcov-file-saver-1.0,BloatedClass,com.sun.tdk.jcov.runtime.Collect
jcov-file-saver-1.0,BloatedClass,com.sun.tdk.jcov.constants.MiscConstants
jcov-file-saver-1.0,BloatedClass,com.sun.tdk.jcov.runtime.SaverDecorator
jcov-file-saver-1.0,BloatedClass,com.sun.tdk.jcov.runtime.CollectDetect
jcov-file-saver-1.0,BloatedClass,com.sun.tdk.jcov.runtime.JCovSaver
jcov-file-saver-1.0,BloatedClass,com.sun.tdk.jcov.runtime.PropertyFinder$1
jcov-file-saver-1.0,BloatedClass,com.sun.tdk.jcov.runtime.PropertyFinder
jcov-file-saver-1.0,BloatedClass,com.sun.tdk.jcov.util.MapHelper
jcov-file-saver-1.0,BloatedClass,com.sun.tdk.jcov.util.RuntimeUtils
jsqlparser-1.2,UsedClass,net.sf.jsqlparser.statement.create.table.NamedConstraint
jsqlparser-1.2,BloatedClass,net.sf.jsqlparser.statement.drop.Drop
jsqlparser-1.2,BloatedClass,net.sf.jsqlparser.expression.WindowElement$Type
jsqlparser-1.2,BloatedClass,net.sf.jsqlparser.statement.select.First
jsqlparser-1.2,BloatedClass,net.sf.jsqlparser.util.cnfexpression.MultiOrExpression
jsqlparser-1.2,BloatedClass,net.sf.jsqlparser.expression.operators.relational.RegExpMatchOperatorType
jsqlparser-1.2,BloatedClass,net.sf.jsqlparser.statement.merge.MergeUpdate
jsqlparser-1.2,BloatedClass,net.sf.jsqlparser.util.AddAliasesVisitor
jsqlparser-1.2,BloatedClass,net.sf.jsqlparser.expression.CaseExpression
jsqlparser-1.2,BloatedClass,net.sf.jsqlparser.expression.NotExpression
jsqlparser-1.2,UsedClass,net.sf.jsqlparser.parser.SimpleCharStream
jsqlparser-1.2,UsedClass,net.sf.jsqlparser.statement.select.SetOperation
jsqlparser-1.2,BloatedClass,net.sf.jsqlparser.expression.WindowOffset$1
jsqlparser-1.2,BloatedClass,net.sf.jsqlparser.expression.CastExpression
jsqlparser-1.2,BloatedClass,net.sf.jsqlparser.statement.select.ExceptOp
jsqlparser-1.2,BloatedClass,net.sf.jsqlparser.statement.upsert.Upsert
jsqlparser-1.2,BloatedClass,net.sf.jsqlparser.expression.operators.arithmetic.Modulo
jsqlparser-1.2,UsedClass,net.sf.jsqlparser.statement.select.SetOperationList$SetOperationType
jsqlparser-1.2,BloatedClass,net.sf.jsqlparser.statement.select.Fetch
jsqlparser-1.2,BloatedClass,net.sf.jsqlparser.expression.NullValue
jsqlparser-1.2,BloatedClass,net.sf.jsqlparser.statement.create.table.CreateTable
jsqlparser-1.2,UsedClass,net.sf.jsqlparser.expression.operators.relational.MinorThanEquals
jsqlparser-1.2,UsedClass,net.sf.jsqlparser.expression.operators.conditional.OrExpression
jsqlparser-1.2,BloatedClass,net.sf.jsqlparser.expression.AnyType
jsqlparser-1.2,BloatedClass,net.sf.jsqlparser.util.cnfexpression.MultipleExpression
jsqlparser-1.2,BloatedClass,net.sf.jsqlparser.expression.TimeKeyExpression
jsqlparser-1.2,BloatedClass,net.sf.jsqlparser.expression.operators.relational.ItemsListVisitor
jsqlparser-1.2,BloatedClass,net.sf.jsqlparser.statement.select.First$Keyword
jsqlparser-1.2,UsedClass,net.sf.jsqlparser.expression.operators.relational.ItemsList
jsqlparser-1.2,BloatedClass,net.sf.jsqlparser.util.deparser.AlterViewDeParser
jsqlparser-1.2,BloatedClass,net.sf.jsqlparser.statement.UseStatement
jsqlparser-1.2,BloatedClass,net.sf.jsqlparser.expression.JsonExpression
jsqlparser-1.2,BloatedClass,net.sf.jsqlparser.util.cnfexpression.CloneHelper
jsqlparser-1.2,BloatedClass,net.sf.jsqlparser.expression.HexValue
jsqlparser-1.2,UsedClass,net.sf.jsqlparser.parser.CCJSqlParserConstants
jsqlparser-1.2,UsedClass,net.sf.jsqlparser.statement.select.PlainSelect
jsqlparser-1.2,UsedClass,net.sf.jsqlparser.expression.operators.relational.InExpression
jsqlparser-1.2,BloatedClass,net.sf.jsqlparser.util.deparser.SelectDeParser
jsqlparser-1.2,BloatedClass,net.sf.jsqlparser.util.deparser.SetStatementDeParser
jsqlparser-1.2,UsedClass,net.sf.jsqlparser.statement.select.UnionOp
jsqlparser-1.2,UsedClass,net.sf.jsqlparser.expression.Function
jsqlparser-1.2,BloatedClass,net.sf.jsqlparser.expression.DoubleValue
jsqlparser-1.2,BloatedClass,net.sf.jsqlparser.expression.WindowElement
jsqlparser-1.2,UsedClass,net.sf.jsqlparser.statement.select.LateralSubSelect
jsqlparser-1.2,BloatedClass,net.sf.jsqlparser.expression.ExpressionVisitorAdapter
jsqlparser-1.2,BloatedClass,net.sf.jsqlparser.statement.select.PivotVisitorAdapter
jsqlparser-1.2,BloatedClass,net.sf.jsqlparser.statement.select.IntersectOp
jsqlparser-1.2,BloatedClass,net.sf.jsqlparser.util.deparser.ReplaceDeParser
jsqlparser-1.2,UsedClass,net.sf.jsqlparser.statement.select.OrderByElement
jsqlparser-1.2,UsedClass,net.sf.jsqlparser.expression.operators.relational.OldOracleJoinBinaryExpression
jsqlparser-1.2,BloatedClass,net.sf.jsqlparser.statement.create.view.CreateView$1
jsqlparser-1.2,BloatedClass,net.sf.jsqlparser.expression.operators.relational.RegExpMatchOperator
jsqlparser-1.2,UsedClass,net.sf.jsqlparser.parser.Node
jsqlparser-1.2,BloatedClass,net.sf.jsqlparser.statement.execute.Execute
jsqlparser-1.2,BloatedClass,net.sf.jsqlparser.util.deparser.InsertDeParser
jsqlparser-1.2,BloatedClass,net.sf.jsqlparser.expression.TimestampValue
jsqlparser-1.2,UsedClass,net.sf.jsqlparser.parser.CCJSqlParserTokenManager
jsqlparser-1.2,BloatedClass,net.sf.jsqlparser.util.cnfexpression.MultiAndExpression
jsqlparser-1.2,BloatedClass,net.sf.jsqlparser.util.deparser.ExecuteDeParser
jsqlparser-1.2,BloatedClass,net.sf.jsqlparser.expression.MySQLIndexHint
jsqlparser-1.2,UsedClass,net.sf.jsqlparser.statement.Statement
jsqlparser-1.2,BloatedClass,net.sf.jsqlparser.expression.operators.relational.Between
jsqlparser-1.2,UsedClass,net.sf.jsqlparser.statement.create.table.ForeignKeyIndex
jsqlparser-1.2,UsedClass,net.sf.jsqlparser.expression.Parenthesis
jsqlparser-1.2,BloatedClass,net.sf.jsqlparser.parser.CCJSqlParserManager
jsqlparser-1.2,BloatedClass,net.sf.jsqlparser.util.TablesNamesFinder
jsqlparser-1.2,BloatedClass,net.sf.jsqlparser.expression.DateTimeLiteralExpression
jsqlparser-1.2,BloatedClass,net.sf.jsqlparser.expression.operators.relational.ItemsListVisitorAdapter
jsqlparser-1.2,BloatedClass,net.sf.jsqlparser.util.deparser.UpdateDeParser
jsqlparser-1.2,UsedClass,net.sf.jsqlparser.expression.operators.arithmetic.Multiplication
jsqlparser-1.2,BloatedClass,net.sf.jsqlparser.util.deparser.UpsertDeParser
jsqlparser-1.2,BloatedClass,net.sf.jsqlparser.parser.JSqlParser
jsqlparser-1.2,UsedClass,net.sf.jsqlparser.parser.Token
jsqlparser-1.2,BloatedClass,net.sf.jsqlparser.statement.create.table.ExcludeConstraint
jsqlparser-1.2,BloatedClass,net.sf.jsqlparser.statement.create.view.TemporaryOption
jsqlparser-1.2,BloatedClass,net.sf.jsqlparser.expression.NumericBind
jsqlparser-1.2,BloatedClass,net.sf.jsqlparser.expression.operators.arithmetic.BitwiseOr
jsqlparser-1.2,BloatedClass,net.sf.jsqlparser.statement.alter.AlterExpression
jsqlparser-1.2,BloatedClass,net.sf.jsqlparser.util.deparser.OrderByDeParser
jsqlparser-1.2,BloatedClass,net.sf.jsqlparser.expression.operators.relational.GreaterThanEquals
jsqlparser-1.2,BloatedClass,net.sf.jsqlparser.statement.select.OrderByVisitorAdapter
jsqlparser-1.2,UsedClass,net.sf.jsqlparser.statement.select.PivotXml
jsqlparser-1.2,UsedClass,net.sf.jsqlparser.statement.select.ValuesList
jsqlparser-1.2,UsedClass,net.sf.jsqlparser.statement.select.SelectItem
jsqlparser-1.2,UsedClass,net.sf.jsqlparser.schema.MultiPartName
jsqlparser-1.2,BloatedClass,net.sf.jsqlparser.util.deparser.DeleteDeParser
jsqlparser-1.2,UsedClass,net.sf.jsqlparser.parser.BaseToken
jsqlparser-1.2,UsedClass,net.sf.jsqlparser.schema.Table
jsqlparser-1.2,BloatedClass,net.sf.jsqlparser.expression.OracleHierarchicalExpression
jsqlparser-1.2,BloatedClass,net.sf.jsqlparser.statement.select.SelectItemVisitor
jsqlparser-1.2,BloatedClass,net.sf.jsqlparser.statement.select.SelectItemVisitorAdapter
jsqlparser-1.2,BloatedClass,net.sf.jsqlparser.statement.select.ExpressionListItem
jsqlparser-1.2,UsedClass,net.sf.jsqlparser.statement.select.SubSelect
jsqlparser-1.2,BloatedClass,net.sf.jsqlparser.statement.StatementVisitorAdapter
jsqlparser-1.2,BloatedClass,net.sf.jsqlparser.expression.TimeValue
jsqlparser-1.2,UsedClass,net.sf.jsqlparser.statement.select.Select
jsqlparser-1.2,BloatedClass,net.sf.jsqlparser.statement.select.OrderByVisitor
jsqlparser-1.2,BloatedClass,net.sf.jsqlparser.statement.create.view.AlterView
jsqlparser-1.2,BloatedClass,net.sf.jsqlparser.util.cnfexpression.CNFConverter
jsqlparser-1.2,BloatedClass,net.sf.jsqlparser.statement.select.ParenthesisFromItem
jsqlparser-1.2,UsedClass,net.sf.jsqlparser.parser.ASTNodeAccessImpl
jsqlparser-1.2,BloatedClass,net.sf.jsqlparser.statement.Statements
jsqlparser-1.2,BloatedClass,net.sf.jsqlparser.expression.DateTimeLiteralExpression$DateTime
jsqlparser-1.2,BloatedClass,net.sf.jsqlparser.expression.WindowRange
jsqlparser-1.2,UsedClass,net.sf.jsqlparser.parser.TokenMgrException
jsqlparser-1.2,UsedClass,net.sf.jsqlparser.expression.BinaryExpression
jsqlparser-1.2,UsedClass,net.sf.jsqlparser.statement.create.table.Index
jsqlparser-1.2,BloatedClass,net.sf.jsqlparser.statement.alter.DeferrableConstraint
jsqlparser-1.2,BloatedClass,net.sf.jsqlparser.util.SelectUtils
jsqlparser-1.2,BloatedClass,net.sf.jsqlparser.statement.alter.ValidateConstraint
jsqlparser-1.2,BloatedClass,net.sf.jsqlparser.util.deparser.LimitDeparser
jsqlparser-1.2,BloatedClass,net.sf.jsqlparser.expression.AnalyticType
jsqlparser-1.2,BloatedClass,net.sf.jsqlparser.statement.merge.Merge
jsqlparser-1.2,BloatedClass,net.sf.jsqlparser.util.SelectUtils$2
jsqlparser-1.2,BloatedClass,net.sf.jsqlparser.statement.alter.AlterExpression$ColumnDataType
jsqlparser-1.2,UsedClass,net.sf.jsqlparser.schema.Column
jsqlparser-1.2,BloatedClass,net.sf.jsqlparser.util.SelectUtils$1
jsqlparser-1.2,BloatedClass,net.sf.jsqlparser.expression.UserVariable
jsqlparser-1.2,BloatedClass,net.sf.jsqlparser.parser.CCJSqlParser$1
jsqlparser-1.2,BloatedClass,net.sf.jsqlparser.expression.ExtractExpression
jsqlparser-1.2,UsedClass,net.sf.jsqlparser.statement.select.Join
jsqlparser-1.2,BloatedClass,net.sf.jsqlparser.util.deparser.ExpressionDeParser
jsqlparser-1.2,BloatedClass,net.sf.jsqlparser.statement.StatementVisitor
jsqlparser-1.2,UsedClass,net.sf.jsqlparser.statement.select.WithItem
jsqlparser-1.2,BloatedClass,net.sf.jsqlparser.util.deparser.StatementDeParser
jsqlparser-1.2,BloatedClass,net.sf.jsqlparser.parser.StreamProvider
jsqlparser-1.2,UsedClass,net.sf.jsqlparser.statement.create.table.CheckConstraint
jsqlparser-1.2,BloatedClass,net.sf.jsqlparser.expression.operators.relational.JsonOperator
jsqlparser-1.2,UsedClass,net.sf.jsqlparser.expression.Alias
jsqlparser-1.2,UsedClass,net.sf.jsqlparser.parser.ParseException
jsqlparser-1.2,UsedClass,net.sf.jsqlparser.statement.select.SelectBody
jsqlparser-1.2,BloatedClass,net.sf.jsqlparser.statement.execute.Execute$EXEC_TYPE
jsqlparser-1.2,BloatedClass,net.sf.jsqlparser.expression.KeepExpression
jsqlparser-1.2,BloatedClass,net.sf.jsqlparser.statement.SetStatement
jsqlparser-1.2,UsedClass,net.sf.jsqlparser.parser.Provider
jsqlparser-1.2,BloatedClass,net.sf.jsqlparser.expression.ValueListExpression
jsqlparser-1.2,BloatedClass,net.sf.jsqlparser.statement.update.Update
jsqlparser-1.2,BloatedClass,net.sf.jsqlparser.statement.create.index.CreateIndex
jsqlparser-1.2,BloatedClass,net.sf.jsqlparser.expression.operators.relational.RegExpMySQLOperator
jsqlparser-1.2,UsedClass,net.sf.jsqlparser.statement.select.SubJoin
jsqlparser-1.2,BloatedClass,net.sf.jsqlparser.statement.insert.InsertModifierPriority
jsqlparser-1.2,BloatedClass,net.sf.jsqlparser.expression.operators.relational.IsNullExpression
jsqlparser-1.2,BloatedClass,net.sf.jsqlparser.parser.CCJSqlParserDefaultVisitor
jsqlparser-1.2,BloatedClass,net.sf.jsqlparser.expression.WindowOffset
jsqlparser-1.2,UsedClass,net.sf.jsqlparser.expression.Expression
jsqlparser-1.2,UsedClass,net.sf.jsqlparser.statement.select.Pivot
jsqlparser-1.2,UsedClass,net.sf.jsqlparser.statement.select.AllColumns
jsqlparser-1.2,BloatedClass,net.sf.jsqlparser.expression.IntervalExpression
jsqlparser-1.2,BloatedClass,net.sf.jsqlparser.expression.operators.arithmetic.Subtraction
jsqlparser-1.2,BloatedClass,net.sf.jsqlparser.parser.CCJSqlParserVisitor
jsqlparser-1.2,UsedClass,net.sf.jsqlparser.schema.Server
jsqlparser-1.2,BloatedClass,net.sf.jsqlparser.expression.operators.arithmetic.BitwiseLeftShift
jsqlparser-1.2,BloatedClass,net.sf.jsqlparser.statement.select.IntoTableVisitorAdapter
jsqlparser-1.2,BloatedClass,net.sf.jsqlparser.statement.replace.Replace
jsqlparser-1.2,UsedClass,net.sf.jsqlparser.parser.CCJSqlParser$JJCalls
jsqlparser-1.2,BloatedClass,net.sf.jsqlparser.util.cnfexpression.CNFConverter$Mule
jsqlparser-1.2,UsedClass,net.sf.jsqlparser.statement.select.Limit
jsqlparser-1.2,UsedClass,net.sf.jsqlparser.expression.operators.relational.MinorThan
jsqlparser-1.2,BloatedClass,net.sf.jsqlparser.statement.select.Skip
jsqlparser-1.2,BloatedClass,net.sf.jsqlparser.statement.alter.Alter
jsqlparser-1.2,UsedClass,net.sf.jsqlparser.parser.JJTCCJSqlParserState
jsqlparser-1.2,BloatedClass,net.sf.jsqlparser.statement.alter.EnableConstraint
jsqlparser-1.2,BloatedClass,net.sf.jsqlparser.expression.AnalyticExpression
jsqlparser-1.2,BloatedClass,net.sf.jsqlparser.expression.WindowOffset$Type
jsqlparser-1.2,BloatedClass,net.sf.jsqlparser.expression.operators.arithmetic.BitwiseRightShift
jsqlparser-1.2,BloatedClass,net.sf.jsqlparser.expression.RowConstructor
jsqlparser-1.2,UsedClass,net.sf.jsqlparser.expression.operators.relational.ExpressionList
jsqlparser-1.2,BloatedClass,net.sf.jsqlparser.statement.alter.AlterOperation
jsqlparser-1.2,BloatedClass,net.sf.jsqlparser.expression.MySQLGroupConcat
jsqlparser-1.2,BloatedClass,net.sf.jsqlparser.expression.operators.relational.RegExpMatchOperator$1
jsqlparser-1.2,UsedClass,net.sf.jsqlparser.expression.operators.relational.EqualsTo
jsqlparser-1.2,BloatedClass,net.sf.jsqlparser.expression.AnyComparisonExpression
jsqlparser-1.2,BloatedClass,net.sf.jsqlparser.statement.select.MinusOp
jsqlparser-1.2,BloatedClass,net.sf.jsqlparser.statement.select.Wait
jsqlparser-1.2,BloatedClass,net.sf.jsqlparser.statement.select.SelectVisitor
jsqlparser-1.2,BloatedClass,net.sf.jsqlparser.expression.operators.arithmetic.BitwiseAnd
jsqlparser-1.2,BloatedClass,net.sf.jsqlparser.statement.create.view.CreateView
jsqlparser-1.2,BloatedClass,net.sf.jsqlparser.expression.WhenClause
jsqlparser-1.2,UsedClass,net.sf.jsqlparser.expression.LongValue
jsqlparser-1.2,BloatedClass,net.sf.jsqlparser.statement.select.IntoTableVisitor
jsqlparser-1.2,BloatedClass,net.sf.jsqlparser.util.deparser.DropDeParser
jsqlparser-1.2,BloatedClass,net.sf.jsqlparser.statement.insert.Insert
jsqlparser-1.2,UsedClass,net.sf.jsqlparser.expression.StringValue
jsqlparser-1.2,BloatedClass,net.sf.jsqlparser.statement.delete.Delete
jsqlparser-1.2,BloatedClass,net.sf.jsqlparser.util.deparser.CreateViewDeParser
jsqlparser-1.2,BloatedClass,net.sf.jsqlparser.expression.ExpressionVisitor
jsqlparser-1.2,BloatedClass,net.sf.jsqlparser.statement.truncate.Truncate
jsqlparser-1.2,UsedClass,net.sf.jsqlparser.parser.CCJSqlParser$LookaheadSuccess
jsqlparser-1.2,BloatedClass,net.sf.jsqlparser.expression.operators.arithmetic.Addition
jsqlparser-1.2,BloatedClass,net.sf.jsqlparser.statement.create.table.ColDataType
jsqlparser-1.2,BloatedClass,net.sf.jsqlparser.util.deparser.CreateTableDeParser
jsqlparser-1.2,UsedClass,net.sf.jsqlparser.expression.operators.relational.SupportsOldOracleJoinSyntax
jsqlparser-1.2,BloatedClass,net.sf.jsqlparser.util.deparser.CreateViewDeParser$1
jsqlparser-1.2,UsedClass,net.sf.jsqlparser.parser.CCJSqlParser
jsqlparser-1.2,BloatedClass,net.sf.jsqlparser.expression.operators.relational.MultiExpressionList
jsqlparser-1.2,UsedClass,net.sf.jsqlparser.parser.CCJSqlParserUtil
jsqlparser-1.2,BloatedClass,net.sf.jsqlparser.statement.create.view.ForceOption
jsqlparser-1.2,BloatedClass,net.sf.jsqlparser.statement.create.table.ColumnDefinition
jsqlparser-1.2,BloatedClass,net.sf.jsqlparser.expression.operators.arithmetic.Concat
jsqlparser-1.2,UsedClass,net.sf.jsqlparser.statement.select.FromItem
jsqlparser-1.2,BloatedClass,net.sf.jsqlparser.statement.select.FunctionItem
jsqlparser-1.2,UsedClass,net.sf.jsqlparser.expression.operators.relational.GreaterThan
jsqlparser-1.2,UsedClass,net.sf.jsqlparser.parser.StringProvider
jsqlparser-1.2,BloatedClass,net.sf.jsqlparser.expression.JdbcNamedParameter
jsqlparser-1.2,BloatedClass,net.sf.jsqlparser.statement.select.PivotVisitor
jsqlparser-1.2,BloatedClass,net.sf.jsqlparser.statement.select.TableFunction
jsqlparser-1.2,UsedClass,net.sf.jsqlparser.expression.JdbcParameter
jsqlparser-1.2,UsedClass,net.sf.jsqlparser.parser.SimpleNode
jsqlparser-1.2,BloatedClass,net.sf.jsqlparser.expression.operators.relational.Matches
jsqlparser-1.2,UsedClass,net.sf.jsqlparser.statement.select.AllTableColumns
jsqlparser-1.2,BloatedClass,net.sf.jsqlparser.statement.select.SelectVisitorAdapter
jsqlparser-1.2,BloatedClass,net.sf.jsqlparser.statement.select.FromItemVisitorAdapter
jsqlparser-1.2,UsedClass,net.sf.jsqlparser.statement.select.Top
jsqlparser-1.2,UsedClass,net.sf.jsqlparser.statement.select.Distinct
jsqlparser-1.2,BloatedClass,net.sf.jsqlparser.util.deparser.UseStatementDeParser
jsqlparser-1.2,UsedClass,net.sf.jsqlparser.expression.operators.relational.LikeExpression
jsqlparser-1.2,BloatedClass,net.sf.jsqlparser.util.cnfexpression.CNFConverter$1
jsqlparser-1.2,BloatedClass,net.sf.jsqlparser.util.deparser.CreateIndexDeParser
jsqlparser-1.2,BloatedClass,net.sf.jsqlparser.expression.operators.arithmetic.Division
jsqlparser-1.2,UsedClass,net.sf.jsqlparser.JSQLParserException
jsqlparser-1.2,UsedClass,net.sf.jsqlparser.expression.operators.relational.ExistsExpression
jsqlparser-1.2,BloatedClass,net.sf.jsqlparser.statement.select.Offset
jsqlparser-1.2,UsedClass,net.sf.jsqlparser.expression.operators.conditional.AndExpression
jsqlparser-1.2,BloatedClass,net.sf.jsqlparser.statement.alter.ConstraintState
jsqlparser-1.2,BloatedClass,net.sf.jsqlparser.util.ConnectExpressionsVisitor
jsqlparser-1.2,BloatedClass,net.sf.jsqlparser.expression.OracleHint
jsqlparser-1.2,UsedClass,net.sf.jsqlparser.parser.CCJSqlParserTreeConstants
jsqlparser-1.2,BloatedClass,net.sf.jsqlparser.statement.select.OrderByElement$NullOrdering
jsqlparser-1.2,UsedClass,net.sf.jsqlparser.parser.ASTNodeAccess
jsqlparser-1.2,BloatedClass,net.sf.jsqlparser.statement.select.FromItemVisitor
jsqlparser-1.2,BloatedClass,net.sf.jsqlparser.statement.Commit
jsqlparser-1.2,BloatedClass,net.sf.jsqlparser.expression.operators.arithmetic.BitwiseXor
jsqlparser-1.2,BloatedClass,net.sf.jsqlparser.expression.AllComparisonExpression
jsqlparser-1.2,BloatedClass,net.sf.jsqlparser.expression.SignedExpression
jsqlparser-1.2,UsedClass,net.sf.jsqlparser.schema.Database
jsqlparser-1.2,BloatedClass,net.sf.jsqlparser.util.deparser.AlterDeParser
jsqlparser-1.2,UsedClass,net.sf.jsqlparser.statement.select.SetOperationList
jsqlparser-1.2,UsedClass,net.sf.jsqlparser.statement.select.SelectExpressionItem
jsqlparser-1.2,BloatedClass,net.sf.jsqlparser.expression.AnalyticExpression$1
jsqlparser-1.2,BloatedClass,net.sf.jsqlparser.statement.merge.MergeInsert
jsqlparser-1.2,BloatedClass,net.sf.jsqlparser.expression.DateValue
jsqlparser-1.2,UsedClass,net.sf.jsqlparser.expression.operators.relational.NotEqualsTo
jsqlparser-1.2,UsedClass,net.sf.jsqlparser.expression.operators.relational.ComparisonOperator
jsqlparser-1.2,BloatedClass,net.sf.jsqlparser.util.deparser.ExpressionDeParser$1
jsqlparser-1.2,UsedClass,net.sf.jsqlparser.statement.create.table.NamedConstraint
jsqlparser-1.2,BloatedClass,net.sf.jsqlparser.statement.drop.Drop
jsqlparser-1.2,BloatedClass,net.sf.jsqlparser.expression.WindowElement$Type
jsqlparser-1.2,BloatedClass,net.sf.jsqlparser.statement.select.First
jsqlparser-1.2,BloatedClass,net.sf.jsqlparser.util.cnfexpression.MultiOrExpression
jsqlparser-1.2,BloatedClass,net.sf.jsqlparser.expression.operators.relational.RegExpMatchOperatorType
jsqlparser-1.2,BloatedClass,net.sf.jsqlparser.statement.merge.MergeUpdate
jsqlparser-1.2,BloatedClass,net.sf.jsqlparser.util.AddAliasesVisitor
jsqlparser-1.2,BloatedClass,net.sf.jsqlparser.expression.CaseExpression
jsqlparser-1.2,BloatedClass,net.sf.jsqlparser.expression.NotExpression
jsqlparser-1.2,UsedClass,net.sf.jsqlparser.parser.SimpleCharStream
jsqlparser-1.2,UsedClass,net.sf.jsqlparser.statement.select.SetOperation
jsqlparser-1.2,BloatedClass,net.sf.jsqlparser.expression.WindowOffset$1
jsqlparser-1.2,BloatedClass,net.sf.jsqlparser.expression.CastExpression
jsqlparser-1.2,BloatedClass,net.sf.jsqlparser.statement.select.ExceptOp
jsqlparser-1.2,BloatedClass,net.sf.jsqlparser.statement.upsert.Upsert
jsqlparser-1.2,BloatedClass,net.sf.jsqlparser.expression.operators.arithmetic.Modulo
jsqlparser-1.2,UsedClass,net.sf.jsqlparser.statement.select.SetOperationList$SetOperationType
jsqlparser-1.2,BloatedClass,net.sf.jsqlparser.statement.select.Fetch
jsqlparser-1.2,BloatedClass,net.sf.jsqlparser.expression.NullValue
jsqlparser-1.2,BloatedClass,net.sf.jsqlparser.statement.create.table.CreateTable
jsqlparser-1.2,UsedClass,net.sf.jsqlparser.expression.operators.relational.MinorThanEquals
jsqlparser-1.2,UsedClass,net.sf.jsqlparser.expression.operators.conditional.OrExpression
jsqlparser-1.2,BloatedClass,net.sf.jsqlparser.expression.AnyType
jsqlparser-1.2,BloatedClass,net.sf.jsqlparser.util.cnfexpression.MultipleExpression
jsqlparser-1.2,BloatedClass,net.sf.jsqlparser.expression.TimeKeyExpression
jsqlparser-1.2,BloatedClass,net.sf.jsqlparser.expression.operators.relational.ItemsListVisitor
jsqlparser-1.2,BloatedClass,net.sf.jsqlparser.statement.select.First$Keyword
jsqlparser-1.2,UsedClass,net.sf.jsqlparser.expression.operators.relational.ItemsList
jsqlparser-1.2,BloatedClass,net.sf.jsqlparser.util.deparser.AlterViewDeParser
jsqlparser-1.2,BloatedClass,net.sf.jsqlparser.statement.UseStatement
jsqlparser-1.2,BloatedClass,net.sf.jsqlparser.expression.JsonExpression
jsqlparser-1.2,BloatedClass,net.sf.jsqlparser.util.cnfexpression.CloneHelper
jsqlparser-1.2,BloatedClass,net.sf.jsqlparser.expression.HexValue
jsqlparser-1.2,UsedClass,net.sf.jsqlparser.parser.CCJSqlParserConstants
jsqlparser-1.2,UsedClass,net.sf.jsqlparser.statement.select.PlainSelect
jsqlparser-1.2,UsedClass,net.sf.jsqlparser.expression.operators.relational.InExpression
jsqlparser-1.2,BloatedClass,net.sf.jsqlparser.util.deparser.SelectDeParser
jsqlparser-1.2,BloatedClass,net.sf.jsqlparser.util.deparser.SetStatementDeParser
jsqlparser-1.2,UsedClass,net.sf.jsqlparser.statement.select.UnionOp
jsqlparser-1.2,UsedClass,net.sf.jsqlparser.expression.Function
jsqlparser-1.2,BloatedClass,net.sf.jsqlparser.expression.DoubleValue
jsqlparser-1.2,BloatedClass,net.sf.jsqlparser.expression.WindowElement
jsqlparser-1.2,UsedClass,net.sf.jsqlparser.statement.select.LateralSubSelect
jsqlparser-1.2,BloatedClass,net.sf.jsqlparser.expression.ExpressionVisitorAdapter
jsqlparser-1.2,BloatedClass,net.sf.jsqlparser.statement.select.PivotVisitorAdapter
jsqlparser-1.2,BloatedClass,net.sf.jsqlparser.statement.select.IntersectOp
jsqlparser-1.2,BloatedClass,net.sf.jsqlparser.util.deparser.ReplaceDeParser
jsqlparser-1.2,UsedClass,net.sf.jsqlparser.statement.select.OrderByElement
jsqlparser-1.2,UsedClass,net.sf.jsqlparser.expression.operators.relational.OldOracleJoinBinaryExpression
jsqlparser-1.2,BloatedClass,net.sf.jsqlparser.statement.create.view.CreateView$1
jsqlparser-1.2,BloatedClass,net.sf.jsqlparser.expression.operators.relational.RegExpMatchOperator
jsqlparser-1.2,UsedClass,net.sf.jsqlparser.parser.Node
jsqlparser-1.2,BloatedClass,net.sf.jsqlparser.statement.execute.Execute
jsqlparser-1.2,BloatedClass,net.sf.jsqlparser.util.deparser.InsertDeParser
jsqlparser-1.2,BloatedClass,net.sf.jsqlparser.expression.TimestampValue
jsqlparser-1.2,UsedClass,net.sf.jsqlparser.parser.CCJSqlParserTokenManager
jsqlparser-1.2,BloatedClass,net.sf.jsqlparser.util.cnfexpression.MultiAndExpression
jsqlparser-1.2,BloatedClass,net.sf.jsqlparser.util.deparser.ExecuteDeParser
jsqlparser-1.2,BloatedClass,net.sf.jsqlparser.expression.MySQLIndexHint
jsqlparser-1.2,UsedClass,net.sf.jsqlparser.statement.Statement
jsqlparser-1.2,BloatedClass,net.sf.jsqlparser.expression.operators.relational.Between
jsqlparser-1.2,UsedClass,net.sf.jsqlparser.statement.create.table.ForeignKeyIndex
jsqlparser-1.2,UsedClass,net.sf.jsqlparser.expression.Parenthesis
jsqlparser-1.2,BloatedClass,net.sf.jsqlparser.parser.CCJSqlParserManager
jsqlparser-1.2,BloatedClass,net.sf.jsqlparser.util.TablesNamesFinder
jsqlparser-1.2,BloatedClass,net.sf.jsqlparser.expression.DateTimeLiteralExpression
jsqlparser-1.2,BloatedClass,net.sf.jsqlparser.expression.operators.relational.ItemsListVisitorAdapter
jsqlparser-1.2,BloatedClass,net.sf.jsqlparser.util.deparser.UpdateDeParser
jsqlparser-1.2,UsedClass,net.sf.jsqlparser.expression.operators.arithmetic.Multiplication
jsqlparser-1.2,BloatedClass,net.sf.jsqlparser.util.deparser.UpsertDeParser
jsqlparser-1.2,BloatedClass,net.sf.jsqlparser.parser.JSqlParser
jsqlparser-1.2,UsedClass,net.sf.jsqlparser.parser.Token
jsqlparser-1.2,BloatedClass,net.sf.jsqlparser.statement.create.table.ExcludeConstraint
jsqlparser-1.2,BloatedClass,net.sf.jsqlparser.statement.create.view.TemporaryOption
jsqlparser-1.2,BloatedClass,net.sf.jsqlparser.expression.NumericBind
jsqlparser-1.2,BloatedClass,net.sf.jsqlparser.expression.operators.arithmetic.BitwiseOr
jsqlparser-1.2,BloatedClass,net.sf.jsqlparser.statement.alter.AlterExpression
jsqlparser-1.2,BloatedClass,net.sf.jsqlparser.util.deparser.OrderByDeParser
jsqlparser-1.2,BloatedClass,net.sf.jsqlparser.expression.operators.relational.GreaterThanEquals
jsqlparser-1.2,BloatedClass,net.sf.jsqlparser.statement.select.OrderByVisitorAdapter
jsqlparser-1.2,UsedClass,net.sf.jsqlparser.statement.select.PivotXml
jsqlparser-1.2,UsedClass,net.sf.jsqlparser.statement.select.ValuesList
jsqlparser-1.2,UsedClass,net.sf.jsqlparser.statement.select.SelectItem
jsqlparser-1.2,UsedClass,net.sf.jsqlparser.schema.MultiPartName
jsqlparser-1.2,BloatedClass,net.sf.jsqlparser.util.deparser.DeleteDeParser
jsqlparser-1.2,UsedClass,net.sf.jsqlparser.parser.BaseToken
jsqlparser-1.2,UsedClass,net.sf.jsqlparser.schema.Table
jsqlparser-1.2,BloatedClass,net.sf.jsqlparser.expression.OracleHierarchicalExpression
jsqlparser-1.2,BloatedClass,net.sf.jsqlparser.statement.select.SelectItemVisitor
jsqlparser-1.2,BloatedClass,net.sf.jsqlparser.statement.select.SelectItemVisitorAdapter
jsqlparser-1.2,BloatedClass,net.sf.jsqlparser.statement.select.ExpressionListItem
jsqlparser-1.2,UsedClass,net.sf.jsqlparser.statement.select.SubSelect
jsqlparser-1.2,BloatedClass,net.sf.jsqlparser.statement.StatementVisitorAdapter
jsqlparser-1.2,BloatedClass,net.sf.jsqlparser.expression.TimeValue
jsqlparser-1.2,UsedClass,net.sf.jsqlparser.statement.select.Select
jsqlparser-1.2,BloatedClass,net.sf.jsqlparser.statement.select.OrderByVisitor
jsqlparser-1.2,BloatedClass,net.sf.jsqlparser.statement.create.view.AlterView
jsqlparser-1.2,BloatedClass,net.sf.jsqlparser.util.cnfexpression.CNFConverter
jsqlparser-1.2,BloatedClass,net.sf.jsqlparser.statement.select.ParenthesisFromItem
jsqlparser-1.2,UsedClass,net.sf.jsqlparser.parser.ASTNodeAccessImpl
jsqlparser-1.2,BloatedClass,net.sf.jsqlparser.statement.Statements
jsqlparser-1.2,BloatedClass,net.sf.jsqlparser.expression.DateTimeLiteralExpression$DateTime
jsqlparser-1.2,BloatedClass,net.sf.jsqlparser.expression.WindowRange
jsqlparser-1.2,UsedClass,net.sf.jsqlparser.parser.TokenMgrException
jsqlparser-1.2,UsedClass,net.sf.jsqlparser.expression.BinaryExpression
jsqlparser-1.2,UsedClass,net.sf.jsqlparser.statement.create.table.Index
jsqlparser-1.2,BloatedClass,net.sf.jsqlparser.statement.alter.DeferrableConstraint
jsqlparser-1.2,BloatedClass,net.sf.jsqlparser.util.SelectUtils
jsqlparser-1.2,BloatedClass,net.sf.jsqlparser.statement.alter.ValidateConstraint
jsqlparser-1.2,BloatedClass,net.sf.jsqlparser.util.deparser.LimitDeparser
jsqlparser-1.2,BloatedClass,net.sf.jsqlparser.expression.AnalyticType
jsqlparser-1.2,BloatedClass,net.sf.jsqlparser.statement.merge.Merge
jsqlparser-1.2,BloatedClass,net.sf.jsqlparser.util.SelectUtils$2
jsqlparser-1.2,BloatedClass,net.sf.jsqlparser.statement.alter.AlterExpression$ColumnDataType
jsqlparser-1.2,UsedClass,net.sf.jsqlparser.schema.Column
jsqlparser-1.2,BloatedClass,net.sf.jsqlparser.util.SelectUtils$1
jsqlparser-1.2,BloatedClass,net.sf.jsqlparser.expression.UserVariable
jsqlparser-1.2,BloatedClass,net.sf.jsqlparser.parser.CCJSqlParser$1
jsqlparser-1.2,BloatedClass,net.sf.jsqlparser.expression.ExtractExpression
jsqlparser-1.2,UsedClass,net.sf.jsqlparser.statement.select.Join
jsqlparser-1.2,BloatedClass,net.sf.jsqlparser.util.deparser.ExpressionDeParser
jsqlparser-1.2,BloatedClass,net.sf.jsqlparser.statement.StatementVisitor
jsqlparser-1.2,UsedClass,net.sf.jsqlparser.statement.select.WithItem
jsqlparser-1.2,BloatedClass,net.sf.jsqlparser.util.deparser.StatementDeParser
jsqlparser-1.2,BloatedClass,net.sf.jsqlparser.parser.StreamProvider
jsqlparser-1.2,UsedClass,net.sf.jsqlparser.statement.create.table.CheckConstraint
jsqlparser-1.2,BloatedClass,net.sf.jsqlparser.expression.operators.relational.JsonOperator
jsqlparser-1.2,UsedClass,net.sf.jsqlparser.expression.Alias
jsqlparser-1.2,UsedClass,net.sf.jsqlparser.parser.ParseException
jsqlparser-1.2,UsedClass,net.sf.jsqlparser.statement.select.SelectBody
jsqlparser-1.2,BloatedClass,net.sf.jsqlparser.statement.execute.Execute$EXEC_TYPE
jsqlparser-1.2,BloatedClass,net.sf.jsqlparser.expression.KeepExpression
jsqlparser-1.2,BloatedClass,net.sf.jsqlparser.statement.SetStatement
jsqlparser-1.2,UsedClass,net.sf.jsqlparser.parser.Provider
jsqlparser-1.2,BloatedClass,net.sf.jsqlparser.expression.ValueListExpression
jsqlparser-1.2,BloatedClass,net.sf.jsqlparser.statement.update.Update
jsqlparser-1.2,BloatedClass,net.sf.jsqlparser.statement.create.index.CreateIndex
jsqlparser-1.2,BloatedClass,net.sf.jsqlparser.expression.operators.relational.RegExpMySQLOperator
jsqlparser-1.2,UsedClass,net.sf.jsqlparser.statement.select.SubJoin
jsqlparser-1.2,BloatedClass,net.sf.jsqlparser.statement.insert.InsertModifierPriority
jsqlparser-1.2,BloatedClass,net.sf.jsqlparser.expression.operators.relational.IsNullExpression
jsqlparser-1.2,BloatedClass,net.sf.jsqlparser.parser.CCJSqlParserDefaultVisitor
jsqlparser-1.2,BloatedClass,net.sf.jsqlparser.expression.WindowOffset
jsqlparser-1.2,UsedClass,net.sf.jsqlparser.expression.Expression
jsqlparser-1.2,UsedClass,net.sf.jsqlparser.statement.select.Pivot
jsqlparser-1.2,UsedClass,net.sf.jsqlparser.statement.select.AllColumns
jsqlparser-1.2,BloatedClass,net.sf.jsqlparser.expression.IntervalExpression
jsqlparser-1.2,BloatedClass,net.sf.jsqlparser.expression.operators.arithmetic.Subtraction
jsqlparser-1.2,BloatedClass,net.sf.jsqlparser.parser.CCJSqlParserVisitor
jsqlparser-1.2,UsedClass,net.sf.jsqlparser.schema.Server
jsqlparser-1.2,BloatedClass,net.sf.jsqlparser.expression.operators.arithmetic.BitwiseLeftShift
jsqlparser-1.2,BloatedClass,net.sf.jsqlparser.statement.select.IntoTableVisitorAdapter
jsqlparser-1.2,BloatedClass,net.sf.jsqlparser.statement.replace.Replace
jsqlparser-1.2,UsedClass,net.sf.jsqlparser.parser.CCJSqlParser$JJCalls
jsqlparser-1.2,BloatedClass,net.sf.jsqlparser.util.cnfexpression.CNFConverter$Mule
jsqlparser-1.2,UsedClass,net.sf.jsqlparser.statement.select.Limit
jsqlparser-1.2,UsedClass,net.sf.jsqlparser.expression.operators.relational.MinorThan
jsqlparser-1.2,BloatedClass,net.sf.jsqlparser.statement.select.Skip
jsqlparser-1.2,BloatedClass,net.sf.jsqlparser.statement.alter.Alter
jsqlparser-1.2,UsedClass,net.sf.jsqlparser.parser.JJTCCJSqlParserState
jsqlparser-1.2,BloatedClass,net.sf.jsqlparser.statement.alter.EnableConstraint
jsqlparser-1.2,BloatedClass,net.sf.jsqlparser.expression.AnalyticExpression
jsqlparser-1.2,BloatedClass,net.sf.jsqlparser.expression.WindowOffset$Type
jsqlparser-1.2,BloatedClass,net.sf.jsqlparser.expression.operators.arithmetic.BitwiseRightShift
jsqlparser-1.2,BloatedClass,net.sf.jsqlparser.expression.RowConstructor
jsqlparser-1.2,UsedClass,net.sf.jsqlparser.expression.operators.relational.ExpressionList
jsqlparser-1.2,BloatedClass,net.sf.jsqlparser.statement.alter.AlterOperation
jsqlparser-1.2,BloatedClass,net.sf.jsqlparser.expression.MySQLGroupConcat
jsqlparser-1.2,BloatedClass,net.sf.jsqlparser.expression.operators.relational.RegExpMatchOperator$1
jsqlparser-1.2,UsedClass,net.sf.jsqlparser.expression.operators.relational.EqualsTo
jsqlparser-1.2,BloatedClass,net.sf.jsqlparser.expression.AnyComparisonExpression
jsqlparser-1.2,BloatedClass,net.sf.jsqlparser.statement.select.MinusOp
jsqlparser-1.2,BloatedClass,net.sf.jsqlparser.statement.select.Wait
jsqlparser-1.2,BloatedClass,net.sf.jsqlparser.statement.select.SelectVisitor
jsqlparser-1.2,BloatedClass,net.sf.jsqlparser.expression.operators.arithmetic.BitwiseAnd
jsqlparser-1.2,BloatedClass,net.sf.jsqlparser.statement.create.view.CreateView
jsqlparser-1.2,BloatedClass,net.sf.jsqlparser.expression.WhenClause
jsqlparser-1.2,UsedClass,net.sf.jsqlparser.expression.LongValue
jsqlparser-1.2,BloatedClass,net.sf.jsqlparser.statement.select.IntoTableVisitor
jsqlparser-1.2,BloatedClass,net.sf.jsqlparser.util.deparser.DropDeParser
jsqlparser-1.2,BloatedClass,net.sf.jsqlparser.statement.insert.Insert
jsqlparser-1.2,UsedClass,net.sf.jsqlparser.expression.StringValue
jsqlparser-1.2,BloatedClass,net.sf.jsqlparser.statement.delete.Delete
jsqlparser-1.2,BloatedClass,net.sf.jsqlparser.util.deparser.CreateViewDeParser
jsqlparser-1.2,BloatedClass,net.sf.jsqlparser.expression.ExpressionVisitor
jsqlparser-1.2,BloatedClass,net.sf.jsqlparser.statement.truncate.Truncate
jsqlparser-1.2,UsedClass,net.sf.jsqlparser.parser.CCJSqlParser$LookaheadSuccess
jsqlparser-1.2,BloatedClass,net.sf.jsqlparser.expression.operators.arithmetic.Addition
jsqlparser-1.2,BloatedClass,net.sf.jsqlparser.statement.create.table.ColDataType
jsqlparser-1.2,BloatedClass,net.sf.jsqlparser.util.deparser.CreateTableDeParser
jsqlparser-1.2,UsedClass,net.sf.jsqlparser.expression.operators.relational.SupportsOldOracleJoinSyntax
jsqlparser-1.2,BloatedClass,net.sf.jsqlparser.util.deparser.CreateViewDeParser$1
jsqlparser-1.2,UsedClass,net.sf.jsqlparser.parser.CCJSqlParser
jsqlparser-1.2,BloatedClass,net.sf.jsqlparser.expression.operators.relational.MultiExpressionList
jsqlparser-1.2,UsedClass,net.sf.jsqlparser.parser.CCJSqlParserUtil
jsqlparser-1.2,BloatedClass,net.sf.jsqlparser.statement.create.view.ForceOption
jsqlparser-1.2,BloatedClass,net.sf.jsqlparser.statement.create.table.ColumnDefinition
jsqlparser-1.2,BloatedClass,net.sf.jsqlparser.expression.operators.arithmetic.Concat
jsqlparser-1.2,UsedClass,net.sf.jsqlparser.statement.select.FromItem
jsqlparser-1.2,BloatedClass,net.sf.jsqlparser.statement.select.FunctionItem
jsqlparser-1.2,UsedClass,net.sf.jsqlparser.expression.operators.relational.GreaterThan
jsqlparser-1.2,UsedClass,net.sf.jsqlparser.parser.StringProvider
jsqlparser-1.2,BloatedClass,net.sf.jsqlparser.expression.JdbcNamedParameter
jsqlparser-1.2,BloatedClass,net.sf.jsqlparser.statement.select.PivotVisitor
jsqlparser-1.2,BloatedClass,net.sf.jsqlparser.statement.select.TableFunction
jsqlparser-1.2,UsedClass,net.sf.jsqlparser.expression.JdbcParameter
jsqlparser-1.2,UsedClass,net.sf.jsqlparser.parser.SimpleNode
jsqlparser-1.2,BloatedClass,net.sf.jsqlparser.expression.operators.relational.Matches
jsqlparser-1.2,UsedClass,net.sf.jsqlparser.statement.select.AllTableColumns
jsqlparser-1.2,BloatedClass,net.sf.jsqlparser.statement.select.SelectVisitorAdapter
jsqlparser-1.2,BloatedClass,net.sf.jsqlparser.statement.select.FromItemVisitorAdapter
jsqlparser-1.2,UsedClass,net.sf.jsqlparser.statement.select.Top
jsqlparser-1.2,UsedClass,net.sf.jsqlparser.statement.select.Distinct
jsqlparser-1.2,BloatedClass,net.sf.jsqlparser.util.deparser.UseStatementDeParser
jsqlparser-1.2,UsedClass,net.sf.jsqlparser.expression.operators.relational.LikeExpression
jsqlparser-1.2,BloatedClass,net.sf.jsqlparser.util.cnfexpression.CNFConverter$1
jsqlparser-1.2,BloatedClass,net.sf.jsqlparser.util.deparser.CreateIndexDeParser
jsqlparser-1.2,BloatedClass,net.sf.jsqlparser.expression.operators.arithmetic.Division
jsqlparser-1.2,UsedClass,net.sf.jsqlparser.JSQLParserException
jsqlparser-1.2,UsedClass,net.sf.jsqlparser.expression.operators.relational.ExistsExpression
jsqlparser-1.2,BloatedClass,net.sf.jsqlparser.statement.select.Offset
jsqlparser-1.2,UsedClass,net.sf.jsqlparser.expression.operators.conditional.AndExpression
jsqlparser-1.2,BloatedClass,net.sf.jsqlparser.statement.alter.ConstraintState
jsqlparser-1.2,BloatedClass,net.sf.jsqlparser.util.ConnectExpressionsVisitor
jsqlparser-1.2,BloatedClass,net.sf.jsqlparser.expression.OracleHint
jsqlparser-1.2,UsedClass,net.sf.jsqlparser.parser.CCJSqlParserTreeConstants
jsqlparser-1.2,BloatedClass,net.sf.jsqlparser.statement.select.OrderByElement$NullOrdering
jsqlparser-1.2,UsedClass,net.sf.jsqlparser.parser.ASTNodeAccess
jsqlparser-1.2,BloatedClass,net.sf.jsqlparser.statement.select.FromItemVisitor
jsqlparser-1.2,BloatedClass,net.sf.jsqlparser.statement.Commit
jsqlparser-1.2,BloatedClass,net.sf.jsqlparser.expression.operators.arithmetic.BitwiseXor
jsqlparser-1.2,BloatedClass,net.sf.jsqlparser.expression.AllComparisonExpression
jsqlparser-1.2,BloatedClass,net.sf.jsqlparser.expression.SignedExpression
jsqlparser-1.2,UsedClass,net.sf.jsqlparser.schema.Database
jsqlparser-1.2,BloatedClass,net.sf.jsqlparser.util.deparser.AlterDeParser
jsqlparser-1.2,UsedClass,net.sf.jsqlparser.statement.select.SetOperationList
jsqlparser-1.2,UsedClass,net.sf.jsqlparser.statement.select.SelectExpressionItem
jsqlparser-1.2,BloatedClass,net.sf.jsqlparser.expression.AnalyticExpression$1
jsqlparser-1.2,BloatedClass,net.sf.jsqlparser.statement.merge.MergeInsert
jsqlparser-1.2,BloatedClass,net.sf.jsqlparser.expression.DateValue
jsqlparser-1.2,UsedClass,net.sf.jsqlparser.expression.operators.relational.NotEqualsTo
jsqlparser-1.2,UsedClass,net.sf.jsqlparser.expression.operators.relational.ComparisonOperator
jsqlparser-1.2,BloatedClass,net.sf.jsqlparser.util.deparser.ExpressionDeParser$1
