net.sf.jsqlparser.util.SelectUtils,CONSTANT
net.sf.jsqlparser.util.cnfexpression.MultiOrExpression,CONSTANT
net.sf.jsqlparser.util.cnfexpression.MultiAndExpression,CONSTANT
net.sf.jsqlparser.statement.insert.InsertModifierPriority,ENUM
net.sf.jsqlparser.statement.StatementVisitor,INTERFACE
net.sf.jsqlparser.statement.alter.AlterOperation,ENUM
net.sf.jsqlparser.statement.alter.ConstraintState,INTERFACE
net.sf.jsqlparser.statement.select.OrderByVisitor,INTERFACE
net.sf.jsqlparser.statement.select.IntoTableVisitor,INTERFACE
net.sf.jsqlparser.statement.select.First$Keyword,ENUM
net.sf.jsqlparser.statement.select.FromItemVisitor,INTERFACE
net.sf.jsqlparser.statement.select.SelectVisitor,INTERFACE
net.sf.jsqlparser.statement.select.SelectItemVisitor,INTERFACE
net.sf.jsqlparser.statement.select.OrderByElement$NullOrdering,ENUM
net.sf.jsqlparser.statement.select.PivotVisitor,INTERFACE
net.sf.jsqlparser.statement.execute.Execute$EXEC_TYPE,ENUM
net.sf.jsqlparser.statement.create.view.ForceOption,ENUM
net.sf.jsqlparser.statement.create.view.TemporaryOption,ENUM
net.sf.jsqlparser.parser.JSqlParser,INTERFACE
net.sf.jsqlparser.parser.CCJSqlParserVisitor,INTERFACE
net.sf.jsqlparser.expression.WindowOffset$Type,ENUM
net.sf.jsqlparser.expression.operators.relational.RegExpMatchOperatorType,ENUM
net.sf.jsqlparser.expression.operators.relational.ItemsListVisitor,INTERFACE
net.sf.jsqlparser.expression.AnalyticType,ENUM
net.sf.jsqlparser.expression.WindowElement$Type,ENUM
net.sf.jsqlparser.expression.AnyType,ENUM
net.sf.jsqlparser.expression.ExpressionVisitor,INTERFACE
net.sf.jsqlparser.expression.DateTimeLiteralExpression$DateTime,ENUM
org.apache.ibatis.mapping.Environment,CONSTANT
org.apache.ibatis.mapping.ResultSetType,ENUM
org.apache.ibatis.mapping.MappedStatement,CONSTANT
org.apache.ibatis.mapping.DatabaseIdProvider,INTERFACE
org.apache.ibatis.mapping.ParameterMode,ENUM
org.apache.ibatis.mapping.FetchType,ENUM
org.apache.ibatis.mapping.ResultFlag,ENUM
org.apache.ibatis.mapping.SqlCommandType,ENUM
org.apache.ibatis.mapping.StatementType,ENUM
org.apache.ibatis.mapping.SqlSource,INTERFACE
org.apache.ibatis.javassist.CtArray,CONSTANT
org.apache.ibatis.javassist.tools.web.BadHttpRequest,EXCEPTION
org.apache.ibatis.javassist.tools.reflect.CannotReflectException,EXCEPTION
org.apache.ibatis.javassist.tools.reflect.Metalevel,INTERFACE
org.apache.ibatis.javassist.tools.reflect.CannotInvokeException,EXCEPTION
org.apache.ibatis.javassist.tools.reflect.CannotCreateException,EXCEPTION
org.apache.ibatis.javassist.tools.rmi.Proxy,INTERFACE
org.apache.ibatis.javassist.tools.rmi.RemoteException,EXCEPTION
org.apache.ibatis.javassist.tools.rmi.ObjectNotFoundException,EXCEPTION
org.apache.ibatis.javassist.CodeConverter$ArrayAccessReplacementMethodNames,INTERFACE
org.apache.ibatis.javassist.JarDirClassPath,CONSTANT
org.apache.ibatis.javassist.CtPrimitiveType,CONSTANT
org.apache.ibatis.javassist.util.proxy.Proxy,INTERFACE
org.apache.ibatis.javassist.util.proxy.MethodHandler,INTERFACE
org.apache.ibatis.javassist.util.proxy.ProxyFactory$ClassLoaderProvider,INTERFACE
org.apache.ibatis.javassist.util.proxy.ProxyObject,INTERFACE
org.apache.ibatis.javassist.util.proxy.MethodFilter,INTERFACE
org.apache.ibatis.javassist.util.proxy.ProxyFactory$UniqueName,INTERFACE
org.apache.ibatis.javassist.ClassPathList,CONSTANT
org.apache.ibatis.javassist.ClassPoolTail,CONSTANT
org.apache.ibatis.javassist.Translator,INTERFACE
org.apache.ibatis.javassist.CtConstructor,CONSTANT
org.apache.ibatis.javassist.expr.ExprEditor$NewOp,CONSTANT
org.apache.ibatis.javassist.expr.ExprEditor$LoopContext,CONSTANT
org.apache.ibatis.javassist.CannotCompileException,EXCEPTION
org.apache.ibatis.javassist.JarClassPath,CONSTANT
org.apache.ibatis.javassist.ClassPath,INTERFACE
org.apache.ibatis.javassist.bytecode.ClassFileWriter$MethodWriter,CONSTANT
org.apache.ibatis.javassist.bytecode.StackMapTable$RuntimeCopyException,EXCEPTION
org.apache.ibatis.javassist.bytecode.analysis.FramePrinter,CONSTANT
org.apache.ibatis.javassist.bytecode.ConstPool,CONSTANT
org.apache.ibatis.javassist.bytecode.CodeAttribute$RuntimeCopyException,EXCEPTION
org.apache.ibatis.javassist.bytecode.Opcode,INTERFACE
org.apache.ibatis.javassist.bytecode.stackmap.TypeTag,INTERFACE
org.apache.ibatis.javassist.bytecode.annotation.MemberValueVisitor,INTERFACE
org.apache.ibatis.javassist.bytecode.ByteStream,CONSTANT
org.apache.ibatis.javassist.bytecode.Mnemonic,INTERFACE
org.apache.ibatis.javassist.bytecode.DuplicateMemberException,EXCEPTION
org.apache.ibatis.javassist.bytecode.ClassFileWriter$ConstPoolWriter,CONSTANT
org.apache.ibatis.javassist.bytecode.BadBytecode,EXCEPTION
org.apache.ibatis.javassist.bytecode.CodeIterator$AlignmentException,EXCEPTION
org.apache.ibatis.javassist.bytecode.ClassFileWriter$AttributeWriter,INTERFACE
org.apache.ibatis.javassist.bytecode.ClassFile,CONSTANT
org.apache.ibatis.javassist.bytecode.FieldInfo,CONSTANT
org.apache.ibatis.javassist.bytecode.ClassFileWriter$FieldWriter,CONSTANT
org.apache.ibatis.javassist.bytecode.LongVector,CONSTANT
org.apache.ibatis.javassist.CtMethod,CONSTANT
org.apache.ibatis.javassist.DirClassPath,CONSTANT
org.apache.ibatis.javassist.scopedpool.ScopedClassPoolFactory,INTERFACE
org.apache.ibatis.javassist.scopedpool.ScopedClassPoolRepository,INTERFACE
org.apache.ibatis.javassist.compiler.TokenId,INTERFACE
org.apache.ibatis.javassist.compiler.CompileError,EXCEPTION
org.apache.ibatis.javassist.compiler.SymbolTable,CONSTANT
org.apache.ibatis.javassist.compiler.Parser,CONSTANT
org.apache.ibatis.javassist.compiler.ProceedHandler,INTERFACE
org.apache.ibatis.javassist.compiler.KeywordTable,CONSTANT
org.apache.ibatis.javassist.NotFoundException,EXCEPTION
org.apache.ibatis.javassist.convert.TransformNew,CONSTANT
org.apache.ibatis.javassist.convert.TransformNewClass,CONSTANT
org.apache.ibatis.javassist.convert.TransformFieldAccess,CONSTANT
org.apache.ibatis.javassist.convert.TransformWriteField,CONSTANT
org.apache.ibatis.javassist.convert.TransformAccessArrayField,CONSTANT
org.apache.ibatis.datasource.DataSourceException,EXCEPTION
org.apache.ibatis.datasource.DataSourceFactory,INTERFACE
org.apache.ibatis.transaction.TransactionException,EXCEPTION
org.apache.ibatis.transaction.TransactionFactory,INTERFACE
org.apache.ibatis.transaction.Transaction,INTERFACE
org.apache.ibatis.scripting.LanguageDriver,INTERFACE
org.apache.ibatis.scripting.xmltags.XMLScriptBuilder$NodeHandler,INTERFACE
org.apache.ibatis.scripting.xmltags.OgnlCache,CONSTANT
org.apache.ibatis.scripting.xmltags.SqlNode,INTERFACE
org.apache.ibatis.scripting.ScriptingException,EXCEPTION
org.apache.ibatis.cache.NullCacheKey,CONSTANT
org.apache.ibatis.cache.CacheException,EXCEPTION
org.apache.ibatis.cache.Cache,INTERFACE
org.apache.ibatis.cursor.defaults.DefaultCursor$CursorStatus,ENUM
org.apache.ibatis.cursor.Cursor,INTERFACE
org.apache.ibatis.io.ResolverUtil$Test,INTERFACE
org.apache.ibatis.plugin.Signature,ANNOTATION
org.apache.ibatis.plugin.Interceptor,INTERFACE
org.apache.ibatis.plugin.Intercepts,ANNOTATION
org.apache.ibatis.plugin.PluginException,EXCEPTION
org.apache.ibatis.ognl.ElementsAccessor,INTERFACE
org.apache.ibatis.ognl.ExpressionSyntaxException,EXCEPTION
org.apache.ibatis.ognl.ClassResolver,INTERFACE
org.apache.ibatis.ognl.MemberAccess,INTERFACE
org.apache.ibatis.ognl.OgnlException,EXCEPTION
org.apache.ibatis.ognl.NumericTypes,INTERFACE
org.apache.ibatis.ognl.InappropriateExpressionException,EXCEPTION
org.apache.ibatis.ognl.NoSuchPropertyException,EXCEPTION
org.apache.ibatis.ognl.MethodFailedException,EXCEPTION
org.apache.ibatis.ognl.OgnlParserConstants,INTERFACE
org.apache.ibatis.ognl.EvaluationPool,CONSTANT
org.apache.ibatis.ognl.internal.ClassCache,INTERFACE
org.apache.ibatis.ognl.JavaSource,INTERFACE
org.apache.ibatis.ognl.MethodAccessor,INTERFACE
org.apache.ibatis.ognl.TypeConverter,INTERFACE
org.apache.ibatis.ognl.OgnlParserTreeConstants,INTERFACE
org.apache.ibatis.ognl.NodeType,INTERFACE
org.apache.ibatis.ognl.NullHandler,INTERFACE
org.apache.ibatis.ognl.ClassCacheInspector,INTERFACE
org.apache.ibatis.ognl.enhance.OgnlExpressionCompiler,INTERFACE
org.apache.ibatis.ognl.enhance.OrderedReturn,INTERFACE
org.apache.ibatis.ognl.enhance.LocalReference,INTERFACE
org.apache.ibatis.ognl.enhance.UnsupportedCompilationException,EXCEPTION
org.apache.ibatis.ognl.enhance.ExpressionAccessor,INTERFACE
org.apache.ibatis.ognl.OgnlParser$LookaheadSuccess,CONSTANT
org.apache.ibatis.ognl.ObjectArrayPool,CONSTANT
org.apache.ibatis.ognl.PropertyAccessor,INTERFACE
org.apache.ibatis.ognl.OgnlParser$JJCalls,CONSTANT
org.apache.ibatis.ognl.ParseException,EXCEPTION
org.apache.ibatis.ognl.Node,INTERFACE
org.apache.ibatis.ognl.OgnlRuntime$ClassPropertyMethodCache,CONSTANT
org.apache.ibatis.exceptions.TooManyResultsException,EXCEPTION
org.apache.ibatis.exceptions.IbatisException,EXCEPTION
org.apache.ibatis.exceptions.PersistenceException,EXCEPTION
org.apache.ibatis.binding.BindingException,EXCEPTION
org.apache.ibatis.jdbc.AbstractSQL$SQLStatement$StatementType,ENUM
org.apache.ibatis.jdbc.Null,ENUM
org.apache.ibatis.jdbc.RuntimeSqlException,EXCEPTION
org.apache.ibatis.lang.UsesJava7,ANNOTATION
org.apache.ibatis.lang.UsesJava8,ANNOTATION
org.apache.ibatis.annotations.Arg,ANNOTATION
org.apache.ibatis.annotations.SelectKey,ANNOTATION
org.apache.ibatis.annotations.Options,ANNOTATION
org.apache.ibatis.annotations.Property,ANNOTATION
org.apache.ibatis.annotations.ResultType,ANNOTATION
org.apache.ibatis.annotations.Update,ANNOTATION
org.apache.ibatis.annotations.Result,ANNOTATION
org.apache.ibatis.annotations.SelectProvider,ANNOTATION
org.apache.ibatis.annotations.Param,ANNOTATION
org.apache.ibatis.annotations.InsertProvider,ANNOTATION
org.apache.ibatis.annotations.UpdateProvider,ANNOTATION
org.apache.ibatis.annotations.Delete,ANNOTATION
org.apache.ibatis.annotations.Flush,ANNOTATION
org.apache.ibatis.annotations.Select,ANNOTATION
org.apache.ibatis.annotations.CacheNamespace,ANNOTATION
org.apache.ibatis.annotations.Options$FlushCachePolicy,ENUM
org.apache.ibatis.annotations.Results,ANNOTATION
org.apache.ibatis.annotations.Lang,ANNOTATION
org.apache.ibatis.annotations.AutomapConstructor,ANNOTATION
org.apache.ibatis.annotations.ConstructorArgs,ANNOTATION
org.apache.ibatis.annotations.Case,ANNOTATION
org.apache.ibatis.annotations.ResultMap,ANNOTATION
org.apache.ibatis.annotations.CacheNamespaceRef,ANNOTATION
org.apache.ibatis.annotations.Mapper,ANNOTATION
org.apache.ibatis.annotations.MapKey,ANNOTATION
org.apache.ibatis.annotations.Insert,ANNOTATION
org.apache.ibatis.annotations.Many,ANNOTATION
org.apache.ibatis.annotations.DeleteProvider,ANNOTATION
org.apache.ibatis.annotations.TypeDiscriminator,ANNOTATION
org.apache.ibatis.annotations.One,ANNOTATION
org.apache.ibatis.type.TypeHandler,INTERFACE
org.apache.ibatis.type.Alias,ANNOTATION
org.apache.ibatis.type.JdbcType,ENUM
org.apache.ibatis.type.MappedTypes,ANNOTATION
org.apache.ibatis.type.TypeHandlerRegistry,CONSTANT
org.apache.ibatis.type.TypeException,EXCEPTION
org.apache.ibatis.type.MappedJdbcTypes,ANNOTATION
org.apache.ibatis.executor.Executor,INTERFACE
org.apache.ibatis.executor.ExecutionPlaceholder,ENUM
org.apache.ibatis.executor.result.ResultMapException,EXCEPTION
org.apache.ibatis.executor.resultset.ResultSetHandler,INTERFACE
org.apache.ibatis.executor.keygen.KeyGenerator,INTERFACE
org.apache.ibatis.executor.ExecutorException,EXCEPTION
org.apache.ibatis.executor.statement.StatementHandler,INTERFACE
org.apache.ibatis.executor.loader.ProxyFactory,INTERFACE
org.apache.ibatis.executor.loader.WriteReplaceInterface,INTERFACE
org.apache.ibatis.executor.loader.ResultLoaderMap$ClosedExecutor,CONSTANT
org.apache.ibatis.executor.parameter.ParameterHandler,INTERFACE
org.apache.ibatis.executor.BatchExecutorException,EXCEPTION
org.apache.ibatis.parsing.TokenHandler,INTERFACE
org.apache.ibatis.parsing.ParsingException,EXCEPTION
org.apache.ibatis.builder.IncompleteElementException,EXCEPTION
org.apache.ibatis.builder.annotation.ProviderContext,CONSTANT
org.apache.ibatis.builder.BuilderException,EXCEPTION
org.apache.ibatis.builder.InitializingObject,INTERFACE
org.apache.ibatis.logging.Log,INTERFACE
org.apache.ibatis.logging.LogFactory,CONSTANT
org.apache.ibatis.logging.LogException,EXCEPTION
org.apache.ibatis.logging.jdbc.PreparedStatementLogger,CONSTANT
org.apache.ibatis.logging.jdbc.StatementLogger,CONSTANT
org.apache.ibatis.logging.jdbc.ConnectionLogger,CONSTANT
org.apache.ibatis.logging.jdbc.ResultSetLogger,CONSTANT
org.apache.ibatis.reflection.ReflectorFactory,INTERFACE
org.apache.ibatis.reflection.wrapper.ObjectWrapperFactory,INTERFACE
org.apache.ibatis.reflection.wrapper.ObjectWrapper,INTERFACE
org.apache.ibatis.reflection.property.PropertyNamer,CONSTANT
org.apache.ibatis.reflection.property.PropertyCopier,CONSTANT
org.apache.ibatis.reflection.SystemMetaObject,CONSTANT
org.apache.ibatis.reflection.invoker.Invoker,INTERFACE
org.apache.ibatis.reflection.factory.ObjectFactory,INTERFACE
org.apache.ibatis.reflection.ReflectionException,EXCEPTION
org.apache.ibatis.session.ExecutorType,ENUM
org.apache.ibatis.session.ResultContext,INTERFACE
org.apache.ibatis.session.ResultHandler,INTERFACE
org.apache.ibatis.session.SqlSessionException,EXCEPTION
org.apache.ibatis.session.SqlSessionFactory,INTERFACE
org.apache.ibatis.session.TransactionIsolationLevel,ENUM
org.apache.ibatis.session.SqlSession,INTERFACE
org.apache.ibatis.session.AutoMappingBehavior,ENUM
org.apache.ibatis.session.LocalCacheScope,ENUM
org.apache.ibatis.session.AutoMappingUnknownColumnBehavior,ENUM
com.google.common.escape.Escapers,CONSTANT
com.google.common.escape.CharEscaperBuilder,CONSTANT
com.google.common.escape.package-info,INTERFACE
com.google.common.escape.Platform,CONSTANT
com.google.common.escape.Escapers$Builder,CONSTANT
com.google.common.escape.ArrayBasedEscaperMap,CONSTANT
com.google.common.collect.RowSortedTable,INTERFACE
com.google.common.collect.SortedMultisetBridge,INTERFACE
com.google.common.collect.SortedMultisets,CONSTANT
com.google.common.collect.ImmutableSortedSet$Builder,CONSTANT
com.google.common.collect.Tables$UnmodifiableRowSortedMap,CONSTANT
com.google.common.collect.Multisets$FilteredMultiset,CONSTANT
com.google.common.collect.MapMakerInternalMap$WeakValueReference,CONSTANT
com.google.common.collect.ReverseNaturalOrdering,CONSTANT
com.google.common.collect.SortedIterables,CONSTANT
com.google.common.collect.SortedMapDifference,INTERFACE
com.google.common.collect.ImmutableMapKeySet,CONSTANT
com.google.common.collect.PeekingIterator,INTERFACE
com.google.common.collect.Iterables$UnmodifiableIterable,CONSTANT
com.google.common.collect.ImmutableRangeSet$SerializedForm,CONSTANT
com.google.common.collect.MapMakerInternalMap$EvictionQueue,CONSTANT
com.google.common.collect.ComparisonChain$InactiveComparisonChain,CONSTANT
com.google.common.collect.ImmutableTable$Builder,CONSTANT
com.google.common.collect.RegularImmutableMultiset$ElementSet,CONSTANT
com.google.common.collect.MapMakerInternalMap$WeakEvictableEntry,CONSTANT
com.google.common.collect.ImmutableRangeMap$Builder,CONSTANT
com.google.common.collect.LinkedHashMultimap$ValueSet,CONSTANT
com.google.common.collect.ByFunctionOrdering,CONSTANT
com.google.common.collect.ObjectArrays,CONSTANT
com.google.common.collect.Synchronized$SynchronizedDeque,CONSTANT
com.google.common.collect.CompoundOrdering,CONSTANT
com.google.common.collect.DenseImmutableTable$Row,CONSTANT
com.google.common.collect.AllEqualOrdering,CONSTANT
com.google.common.collect.MapMakerInternalMap$SoftExpirableEntry,CONSTANT
com.google.common.collect.ImmutableListMultimap$Builder,CONSTANT
com.google.common.collect.Maps$EntryTransformer,INTERFACE
com.google.common.collect.RegularImmutableSortedSet,CONSTANT
com.google.common.collect.FilteredEntrySetMultimap,CONSTANT
com.google.common.collect.MapMakerInternalMap$CleanupMapTask,CONSTANT
com.google.common.collect.Tables$ImmutableCell,CONSTANT
com.google.common.collect.ComputationException,EXCEPTION
com.google.common.collect.HashBiMap$Inverse,CONSTANT
com.google.common.collect.SortedLists$KeyPresentBehavior,ENUM
com.google.common.collect.EnumHashBiMap,CONSTANT
com.google.common.collect.FilteredKeyListMultimap,CONSTANT
com.google.common.collect.RegularImmutableMultiset$NonTerminalEntry,CONSTANT
com.google.common.collect.BinaryTreeTraverser$PostOrderIterator,CONSTANT
com.google.common.collect.HashBiMap,CONSTANT
com.google.common.collect.CollectPreconditions,CONSTANT
com.google.common.collect.TreeRangeMap$AsMapOfRanges,CONSTANT
com.google.common.collect.Cut$BelowValue,CONSTANT
com.google.common.collect.Sets$PowerSet,CONSTANT
com.google.common.collect.EmptyContiguousSet$SerializedForm,CONSTANT
com.google.common.collect.Constraints,CONSTANT
com.google.common.collect.ImmutableClassToInstanceMap$Builder,CONSTANT
com.google.common.collect.Ordering$IncomparableValueException,EXCEPTION
com.google.common.collect.SetMultimap,INTERFACE
com.google.common.collect.RegularContiguousSet,CONSTANT
com.google.common.collect.FilteredMultimap,INTERFACE
com.google.common.collect.Maps$FilteredEntryBiMap,CONSTANT
com.google.common.collect.MinMaxPriorityQueue,CONSTANT
com.google.common.collect.Serialization$FieldSetter,CONSTANT
com.google.common.collect.Sets$CartesianSet,CONSTANT
com.google.common.collect.MapMakerInternalMap$ReferenceEntry,INTERFACE
com.google.common.collect.ComputingConcurrentHashMap$ComputingSerializationProxy,CONSTANT
com.google.common.collect.AbstractIterator$State,ENUM
com.google.common.collect.MapMaker$NullComputingConcurrentMap,CONSTANT
com.google.common.collect.TreeRangeSet$AsRanges,CONSTANT
com.google.common.collect.ImmutableEnumMap,CONSTANT
com.google.common.collect.MultimapBuilder$TreeSetSupplier,CONSTANT
com.google.common.collect.MapMakerInternalMap$Strength,ENUM
com.google.common.collect.ComputingConcurrentHashMap$ComputingValueReference,CONSTANT
com.google.common.collect.ComputingConcurrentHashMap$ComputedReference,CONSTANT
com.google.common.collect.TreeTraverser$BreadthFirstIterator,CONSTANT
com.google.common.collect.MapMakerInternalMap$StrongEvictableEntry,CONSTANT
com.google.common.collect.SingletonImmutableSet,CONSTANT
com.google.common.collect.Multimap,INTERFACE
com.google.common.collect.ImmutableMapEntry$NonTerminalImmutableBiMapEntry,CONSTANT
com.google.common.collect.MultimapBuilder$LinkedHashSetSupplier,CONSTANT
com.google.common.collect.MapMakerInternalMap$StrongValueReference,CONSTANT
com.google.common.collect.Queues,CONSTANT
com.google.common.collect.FilteredEntryMultimap$ValuePredicate,CONSTANT
com.google.common.collect.MultimapBuilder$EnumSetSupplier,CONSTANT
com.google.common.collect.DescendingImmutableSortedMultiset,CONSTANT
com.google.common.collect.LexicographicalOrdering,CONSTANT
com.google.common.collect.MapMakerInternalMap$SoftExpirableEvictableEntry,CONSTANT
com.google.common.collect.Cut$BelowAll,CONSTANT
com.google.common.collect.RegularImmutableMap,CONSTANT
com.google.common.collect.RegularImmutableSortedMultiset,CONSTANT
com.google.common.collect.Multimaps$AsMap,CONSTANT
com.google.common.collect.LinkedHashMultiset,CONSTANT
com.google.common.collect.ImmutableRangeSet,CONSTANT
com.google.common.collect.MapMaker$RemovalCause,ENUM
com.google.common.collect.Table$Cell,INTERFACE
com.google.common.collect.TreeMultiset$AvlNode,CONSTANT
com.google.common.collect.WellBehavedMap$EntrySet,CONSTANT
com.google.common.collect.ImmutableBiMap$Builder,CONSTANT
com.google.common.collect.DiscreteDomain$IntegerDomain,CONSTANT
com.google.common.collect.AbstractNavigableMap$DescendingMap,CONSTANT
com.google.common.collect.SortedSetMultimap,INTERFACE
com.google.common.collect.HashBiMap$InverseSerializedForm,CONSTANT
com.google.common.collect.GwtTransient,ANNOTATION
com.google.common.collect.DiscreteDomain$BigIntegerDomain,CONSTANT
com.google.common.collect.MapMakerInternalMap$KeyIterator,CONSTANT
com.google.common.collect.Collections2$PermutationCollection,CONSTANT
com.google.common.collect.ComputingConcurrentHashMap$ComputationExceptionReference,CONSTANT
com.google.common.collect.Range,CONSTANT
com.google.common.collect.Table,INTERFACE
com.google.common.collect.ImmutableList$Builder,CONSTANT
com.google.common.collect.Maps$NavigableAsMapView,CONSTANT
com.google.common.collect.SortedIterable,INTERFACE
com.google.common.collect.ImmutableEnumSet,CONSTANT
com.google.common.collect.GeneralRange,CONSTANT
com.google.common.collect.SortedLists,CONSTANT
com.google.common.collect.FilteredMultimapValues,CONSTANT
com.google.common.collect.TreeRangeSet$Complement,CONSTANT
com.google.common.collect.MinMaxPriorityQueue$Builder,CONSTANT
com.google.common.collect.Multiset,INTERFACE
com.google.common.collect.CartesianList,CONSTANT
com.google.common.collect.BinaryTreeTraverser$InOrderIterator,CONSTANT
com.google.common.collect.TreeRangeMap,CONSTANT
com.google.common.collect.ImmutableClassToInstanceMap,CONSTANT
com.google.common.collect.Multimaps,CONSTANT
com.google.common.collect.MapMakerInternalMap$Values,CONSTANT
com.google.common.collect.ImmutableRangeSet$AsSet,CONSTANT
com.google.common.collect.Cut$AboveValue,CONSTANT
com.google.common.collect.RegularImmutableSet,CONSTANT
com.google.common.collect.MultimapBuilder$ArrayListSupplier,CONSTANT
com.google.common.collect.MapMakerInternalMap$NullEntry,ENUM
com.google.common.collect.LinkedHashMultimap$ValueSetLink,INTERFACE
com.google.common.collect.LinkedHashMultimap,CONSTANT
com.google.common.collect.RegularContiguousSet$SerializedForm,CONSTANT
com.google.common.collect.EmptyContiguousSet,CONSTANT
com.google.common.collect.NullsFirstOrdering,CONSTANT
com.google.common.collect.DiscreteDomain$LongDomain,CONSTANT
com.google.common.collect.Maps,CONSTANT
com.google.common.collect.MapMakerInternalMap$EntryFactory,ENUM
com.google.common.collect.RegularImmutableTable$Values,CONSTANT
com.google.common.collect.Synchronized,CONSTANT
com.google.common.collect.MapConstraints$NotNullMapConstraint,ENUM
com.google.common.collect.MapMakerInternalMap$StrongExpirableEvictableEntry,CONSTANT
com.google.common.collect.TreeTraverser$PostOrderNode,CONSTANT
com.google.common.collect.TreeMultiset,CONSTANT
com.google.common.collect.LinkedListMultimap$Node,CONSTANT
com.google.common.collect.Collections2$OrderedPermutationCollection,CONSTANT
com.google.common.collect.SparseImmutableTable,CONSTANT
com.google.common.collect.MapDifference$ValueDifference,INTERFACE
com.google.common.collect.Iterators,CONSTANT
com.google.common.collect.MapMakerInternalMap$WriteThroughEntry,CONSTANT
com.google.common.collect.ReverseOrdering,CONSTANT
com.google.common.collect.ImmutableSetMultimap$Builder,CONSTANT
com.google.common.collect.EvictingQueue,CONSTANT
com.google.common.collect.ComparatorOrdering,CONSTANT
com.google.common.collect.MapConstraints,CONSTANT
com.google.common.collect.ImmutableSetMultimap$EntrySet,CONSTANT
com.google.common.collect.EnumBiMap,CONSTANT
com.google.common.collect.ImmutableMapEntrySet$RegularEntrySet,CONSTANT
com.google.common.collect.MapMakerInternalMap$WeakExpirableEvictableEntry,CONSTANT
com.google.common.collect.Interners,CONSTANT
com.google.common.collect.Cut$AboveAll,CONSTANT
com.google.common.collect.package-info,INTERFACE
com.google.common.collect.MutableClassToInstanceMap,CONSTANT
com.google.common.collect.RegularImmutableTable$CellSet,CONSTANT
com.google.common.collect.ComputingConcurrentHashMap$ComputingSegment,CONSTANT
com.google.common.collect.MapMakerInternalMap$StrongExpirableEntry,CONSTANT
com.google.common.collect.RangeMap,INTERFACE
com.google.common.collect.UnmodifiableSortedMultiset,CONSTANT
com.google.common.collect.MapDifference,INTERFACE
com.google.common.collect.DenseImmutableTable,CONSTANT
com.google.common.collect.ImmutableMultimap$Values,CONSTANT
com.google.common.collect.LinkedHashMultimap$ValueEntry,CONSTANT
com.google.common.collect.Tables,CONSTANT
com.google.common.collect.Multisets$MultisetIteratorImpl,CONSTANT
com.google.common.collect.RegularImmutableBiMap$Inverse,CONSTANT
com.google.common.collect.Platform,CONSTANT
com.google.common.collect.MapMakerInternalMap$ExpirationQueue,CONSTANT
com.google.common.collect.SingletonImmutableList,CONSTANT
com.google.common.collect.Multimaps$TransformedEntriesListMultimap,CONSTANT
com.google.common.collect.HashBiMap$Inverse$InverseKeySet,CONSTANT
com.google.common.collect.MapMakerInternalMap$EntrySet,CONSTANT
com.google.common.collect.Count,CONSTANT
com.google.common.collect.RegularImmutableBiMap$Inverse$InverseEntrySet,CONSTANT
com.google.common.collect.Lists$StringAsImmutableList,CONSTANT
com.google.common.collect.SingletonImmutableBiMap,CONSTANT
com.google.common.collect.ImmutableMultiset$EntrySet,CONSTANT
com.google.common.collect.Lists,CONSTANT
com.google.common.collect.Interners$WeakInterner$Dummy,ENUM
com.google.common.collect.NaturalOrdering,CONSTANT
com.google.common.collect.EnumMultiset,CONSTANT
com.google.common.collect.Interner,INTERFACE
com.google.common.collect.Maps$EntryFunction,ENUM
com.google.common.collect.GenericMapMaker$NullListener,ENUM
com.google.common.collect.MapMakerInternalMap$EntryIterator,CONSTANT
com.google.common.collect.ImmutableSortedAsList,CONSTANT
com.google.common.collect.ImmutableMapValues,CONSTANT
com.google.common.collect.RangeSet,INTERFACE
com.google.common.collect.HashBiMap$KeySet,CONSTANT
com.google.common.collect.ListMultimap,INTERFACE
com.google.common.collect.NullsLastOrdering,CONSTANT
com.google.common.collect.BiMap,INTERFACE
com.google.common.collect.TreeRangeSet$SubRangeSet,CONSTANT
com.google.common.collect.TreeRangeSet$SubRangeSetRangesByLowerBound,CONSTANT
com.google.common.collect.MapMakerInternalMap$KeySet,CONSTANT
com.google.common.collect.Sets$SubSet,CONSTANT
com.google.common.collect.MapMakerInternalMap$SoftEvictableEntry,CONSTANT
com.google.common.collect.Hashing,CONSTANT
com.google.common.collect.SortedLists$KeyAbsentBehavior,ENUM
com.google.common.collect.Constraint,INTERFACE
com.google.common.collect.Collections2$OrderedPermutationIterator,CONSTANT
com.google.common.collect.MapMakerInternalMap$WeakExpirableEntry,CONSTANT
com.google.common.collect.MapMakerInternalMap$ValueIterator,CONSTANT
com.google.common.collect.Collections2,CONSTANT
com.google.common.collect.MapMakerInternalMap$ValueReference,INTERFACE
com.google.common.collect.Maps$FilteredMapValues,CONSTANT
com.google.common.collect.Maps$BiMapConverter,CONSTANT
com.google.common.collect.MapMakerInternalMap$SoftValueReference,CONSTANT
com.google.common.collect.ConcurrentHashMultiset,CONSTANT
com.google.common.collect.ImmutableRangeSet$ComplementRanges,CONSTANT
com.google.common.collect.HashMultiset,CONSTANT
com.google.common.collect.TreeRangeSet$RangesByUpperBound,CONSTANT
com.google.common.collect.BinaryTreeTraverser$PreOrderIterator,CONSTANT
com.google.common.collect.ClassToInstanceMap,INTERFACE
com.google.common.collect.ArrayListMultimap,CONSTANT
com.google.common.collect.TreeTraverser$PreOrderIterator,CONSTANT
com.google.common.collect.TreeMultiset$Reference,CONSTANT
com.google.common.collect.ImmutableMap$MapViewOfValuesAsSingletonSets,CONSTANT
com.google.common.collect.MapMakerInternalMap$SerializationProxy,CONSTANT
com.google.common.collect.ExplicitOrdering,CONSTANT
com.google.common.collect.Sets,CONSTANT
com.google.common.collect.UsingToStringOrdering,CONSTANT
com.google.common.collect.ImmutableSortedMultiset$SerializedForm,CONSTANT
com.google.common.collect.TreeTraverser$PostOrderIterator,CONSTANT
com.google.common.collect.MapMaker$RemovalListener,INTERFACE
com.google.common.collect.Iterables,CONSTANT
com.google.common.collect.TreeMultiset$Aggregate,ENUM
com.google.common.collect.WellBehavedMap,CONSTANT
com.google.common.collect.Serialization,CONSTANT
com.google.common.collect.MapMaker$RemovalNotification,CONSTANT
com.google.common.collect.DenseImmutableTable$ColumnMap,CONSTANT
com.google.common.collect.Lists$CharSequenceAsList,CONSTANT
com.google.common.collect.ArrayTable,CONSTANT
com.google.common.collect.Sets$UnmodifiableNavigableSet,CONSTANT
com.google.common.collect.FilteredSetMultimap,INTERFACE
com.google.common.collect.Multisets,CONSTANT
com.google.common.collect.TreeRangeMap$RangeMapEntry,CONSTANT
com.google.common.collect.MapMaker,CONSTANT
com.google.common.collect.DenseImmutableTable$RowMap,CONSTANT
com.google.common.collect.TreeRangeSet$ComplementRangesByLowerBound,CONSTANT
com.google.common.collect.HashMultimap,CONSTANT
com.google.common.collect.ImmutableSortedMap,CONSTANT
com.google.common.collect.FilteredKeySetMultimap,CONSTANT
com.google.common.collect.DenseImmutableTable$Column,CONSTANT
com.google.common.collect.BoundType,ENUM
com.google.common.collect.MapMaker$ComputingMapAdapter,CONSTANT
com.google.common.collect.SortedMultiset,INTERFACE
com.google.common.collect.Multiset$Entry,INTERFACE
com.google.common.collect.MultimapBuilder$LinkedListSupplier,ENUM
com.google.common.collect.MultimapBuilder$HashSetSupplier,CONSTANT
com.google.common.collect.HashBiMap$BiEntry,CONSTANT
com.google.common.collect.MapConstraint,INTERFACE
com.google.common.eventbus.SubscriberRegistry$MethodIdentifier,CONSTANT
com.google.common.eventbus.Subscriber$SynchronizedSubscriber,CONSTANT
com.google.common.eventbus.Dispatcher$PerThreadQueuedDispatcher$Event,CONSTANT
com.google.common.eventbus.Dispatcher$LegacyAsyncDispatcher$EventWithSubscriber,CONSTANT
com.google.common.eventbus.Dispatcher$PerThreadQueuedDispatcher,CONSTANT
com.google.common.eventbus.Dispatcher$ImmediateDispatcher,CONSTANT
com.google.common.eventbus.SubscriberExceptionHandler,INTERFACE
com.google.common.eventbus.AllowConcurrentEvents,ANNOTATION
com.google.common.eventbus.EventBus$LoggingHandler,CONSTANT
com.google.common.eventbus.Dispatcher$LegacyAsyncDispatcher,CONSTANT
com.google.common.eventbus.SubscriberRegistry,CONSTANT
com.google.common.eventbus.Subscribe,ANNOTATION
com.google.common.net.HostSpecifier,CONSTANT
com.google.common.net.MediaType,CONSTANT
com.google.common.net.InternetDomainName,CONSTANT
com.google.common.net.InetAddresses$TeredoInfo,CONSTANT
com.google.common.net.HostAndPort,CONSTANT
com.google.common.net.package-info,INTERFACE
com.google.common.net.MediaType$Tokenizer,CONSTANT
com.google.common.net.HttpHeaders,CONSTANT
com.google.common.net.InetAddresses,CONSTANT
com.google.common.net.UrlEscapers,CONSTANT
com.google.common.cache.LocalCache$KeySet,CONSTANT
com.google.common.cache.Weigher,INTERFACE
com.google.common.cache.CacheLoader$UnsupportedLoadingOperationException,CONSTANT
com.google.common.cache.CacheStats,CONSTANT
com.google.common.cache.LongAddables$PureJavaLongAddable,CONSTANT
com.google.common.cache.CacheLoader$InvalidCacheLoadException,CONSTANT
com.google.common.cache.LocalCache$WeakWriteEntry,CONSTANT
com.google.common.cache.CacheLoader$SupplierToCacheLoader,CONSTANT
com.google.common.cache.LongAddable,INTERFACE
com.google.common.cache.CacheBuilder$OneWeigher,ENUM
com.google.common.cache.LocalCache$WeightedSoftValueReference,CONSTANT
com.google.common.cache.CacheBuilder,CONSTANT
com.google.common.cache.LocalCache$WeakAccessEntry,CONSTANT
com.google.common.cache.LocalCache$StrongAccessWriteEntry,CONSTANT
com.google.common.cache.CacheBuilderSpec$ValueParser,INTERFACE
com.google.common.cache.AbstractCache$SimpleStatsCounter,CONSTANT
com.google.common.cache.LocalCache$StrongWriteEntry,CONSTANT
com.google.common.cache.LocalCache$Strength,ENUM
com.google.common.cache.LocalCache$ValueReference,INTERFACE
com.google.common.cache.LongAddables,CONSTANT
com.google.common.cache.RemovalListener,INTERFACE
com.google.common.cache.RemovalListeners,CONSTANT
com.google.common.cache.LocalCache$WriteQueue,CONSTANT
com.google.common.cache.LocalCache$AccessQueue,CONSTANT
com.google.common.cache.LocalCache$EntrySet,CONSTANT
com.google.common.cache.package-info,INTERFACE
com.google.common.cache.LocalCache$EntryIterator,CONSTANT
com.google.common.cache.AbstractCache$StatsCounter,INTERFACE
com.google.common.cache.LocalCache$KeyIterator,CONSTANT
com.google.common.cache.Striped64$Cell,CONSTANT
com.google.common.cache.LocalCache$WriteThroughEntry,CONSTANT
com.google.common.cache.LocalCache$Values,CONSTANT
com.google.common.cache.Cache,INTERFACE
com.google.common.cache.RemovalNotification,CONSTANT
com.google.common.cache.LocalCache$NullEntry,ENUM
com.google.common.cache.LongAdder,CONSTANT
com.google.common.cache.LocalCache$WeightedWeakValueReference,CONSTANT
com.google.common.cache.LocalCache$EntryFactory,ENUM
com.google.common.cache.CacheBuilderSpec,CONSTANT
com.google.common.cache.CacheBuilder$NullListener,ENUM
com.google.common.cache.LocalCache$WeightedStrongValueReference,CONSTANT
com.google.common.cache.LocalCache$ValueIterator,CONSTANT
com.google.common.cache.LocalCache$StrongAccessEntry,CONSTANT
com.google.common.cache.LocalCache$WeakAccessWriteEntry,CONSTANT
com.google.common.cache.LocalCache$ReferenceEntry,INTERFACE
com.google.common.cache.CacheLoader$FunctionToCacheLoader,CONSTANT
com.google.common.cache.RemovalCause,ENUM
com.google.common.cache.LoadingCache,INTERFACE
com.google.common.util.concurrent.Futures$CatchingFuture,CONSTANT
com.google.common.util.concurrent.ServiceManager$EmptyServiceManagerWarning,CONSTANT
com.google.common.util.concurrent.ServiceManager$ServiceListener,CONSTANT
com.google.common.util.concurrent.ServiceManager$ServiceManagerState,CONSTANT
com.google.common.util.concurrent.AbstractScheduledService$ServiceDelegate,CONSTANT
com.google.common.util.concurrent.SimpleTimeLimiter,CONSTANT
com.google.common.util.concurrent.FuturesGetChecked$GetCheckedTypeValidatorHolder$WeakSetValidator,ENUM
com.google.common.util.concurrent.FutureCallback,INTERFACE
com.google.common.util.concurrent.AbstractFuture$SynchronizedHelper,CONSTANT
com.google.common.util.concurrent.AbstractFuture$Listener,CONSTANT
com.google.common.util.concurrent.Service,INTERFACE
com.google.common.util.concurrent.FuturesGetChecked,CONSTANT
com.google.common.util.concurrent.Futures$AsyncCatchingFuture,CONSTANT
com.google.common.util.concurrent.AbstractFuture$UnsafeAtomicHelper,CONSTANT
com.google.common.util.concurrent.Service$State,ENUM
com.google.common.util.concurrent.ThreadFactoryBuilder,CONSTANT
com.google.common.util.concurrent.Runnables,CONSTANT
com.google.common.util.concurrent.SmoothRateLimiter$SmoothBursty,CONSTANT
com.google.common.util.concurrent.CycleDetectingLockFactory$Policies,ENUM
com.google.common.util.concurrent.AsyncFunction,INTERFACE
com.google.common.util.concurrent.ServiceManager$NoOpService,CONSTANT
com.google.common.util.concurrent.UncaughtExceptionHandlers,CONSTANT
com.google.common.util.concurrent.UncaughtExceptionHandlers$Exiter,CONSTANT
com.google.common.util.concurrent.AbstractService$IsStoppedGuard,CONSTANT
com.google.common.util.concurrent.SettableFuture,CONSTANT
com.google.common.util.concurrent.Futures,CONSTANT
com.google.common.util.concurrent.MoreExecutors$DirectExecutor,ENUM
com.google.common.util.concurrent.FuturesGetChecked$GetCheckedTypeValidator,INTERFACE
com.google.common.util.concurrent.AbstractService$IsStoppableGuard,CONSTANT
com.google.common.util.concurrent.Futures$AsyncChainingFuture,CONSTANT
com.google.common.util.concurrent.Atomics,CONSTANT
com.google.common.util.concurrent.ServiceManager$ServiceManagerState$StoppedGuard,CONSTANT
com.google.common.util.concurrent.AbstractFuture$Cancellation,CONSTANT
com.google.common.util.concurrent.JdkFutureAdapters,CONSTANT
com.google.common.util.concurrent.CycleDetectingLockFactory$CycleDetectingLock,INTERFACE
com.google.common.util.concurrent.TrustedListenableFutureTask$TrustedFutureInterruptibleTask,CONSTANT
com.google.common.util.concurrent.SerializingExecutor,CONSTANT
com.google.common.util.concurrent.MoreExecutors$DirectExecutorService,CONSTANT
com.google.common.util.concurrent.CheckedFuture,INTERFACE
com.google.common.util.concurrent.ListeningExecutorService,INTERFACE
com.google.common.util.concurrent.Futures$ChainingFuture,CONSTANT
com.google.common.util.concurrent.ExecutionList$RunnableExecutorPair,CONSTANT
com.google.common.util.concurrent.CycleDetectingLockFactory$WithExplicitOrdering,CONSTANT
com.google.common.util.concurrent.FakeTimeLimiter,CONSTANT
com.google.common.util.concurrent.AbstractIdleService$ThreadNameSupplier,CONSTANT
com.google.common.util.concurrent.AtomicLongMap,CONSTANT
com.google.common.util.concurrent.MoreExecutors$ScheduledListeningDecorator$NeverSuccessfulListenableFutureTask,CONSTANT
com.google.common.util.concurrent.ListenableFuture,INTERFACE
com.google.common.util.concurrent.AbstractScheduledService$CustomScheduler$Schedule,CONSTANT
com.google.common.util.concurrent.AbstractFuture$SafeAtomicHelper,CONSTANT
com.google.common.util.concurrent.package-info,INTERFACE
com.google.common.util.concurrent.AbstractService$HasReachedRunningGuard,CONSTANT
com.google.common.util.concurrent.ServiceManager,CONSTANT
com.google.common.util.concurrent.Monitor,CONSTANT
com.google.common.util.concurrent.Platform,CONSTANT
com.google.common.util.concurrent.SmoothRateLimiter$SmoothWarmingUp,CONSTANT
com.google.common.util.concurrent.Futures$TimeoutFuture$Fire,CONSTANT
com.google.common.util.concurrent.CycleDetectingLockFactory$PotentialDeadlockException,CONSTANT
com.google.common.util.concurrent.Futures$NonCancellationPropagatingFuture,CONSTANT
com.google.common.util.concurrent.CycleDetectingLockFactory$ExampleStackTrace,EXCEPTION
com.google.common.util.concurrent.AbstractService$IsStartableGuard,CONSTANT
com.google.common.util.concurrent.ServiceManager$ServiceManagerState$AwaitHealthGuard,CONSTANT
com.google.common.util.concurrent.FuturesGetChecked$GetCheckedTypeValidatorHolder$ClassValueValidator,ENUM
com.google.common.util.concurrent.SerializingExecutor$QueueWorker,CONSTANT
com.google.common.util.concurrent.CycleDetectingLockFactory$Policy,INTERFACE
com.google.common.util.concurrent.AbstractFuture$SetFuture,CONSTANT
com.google.common.util.concurrent.MoreExecutors$ScheduledListeningDecorator,CONSTANT
com.google.common.util.concurrent.ListeningScheduledExecutorService,INTERFACE
com.google.common.util.concurrent.TimeLimiter,INTERFACE
com.google.common.util.concurrent.MoreExecutors,CONSTANT
com.google.common.util.concurrent.ListenerCallQueue,CONSTANT
com.google.common.util.concurrent.CycleDetectingLockFactory$CycleDetectingReentrantReadWriteLock,CONSTANT
com.google.common.util.concurrent.AbstractIdleService$DelegateService,CONSTANT
com.google.common.util.concurrent.ExecutionList,CONSTANT
com.google.common.util.concurrent.Uninterruptibles,CONSTANT
com.google.common.util.concurrent.Futures$ListFuture,CONSTANT
com.google.common.util.concurrent.UncheckedExecutionException,EXCEPTION
com.google.common.util.concurrent.Striped$SmallLazyStriped$ArrayReference,CONSTANT
com.google.common.util.concurrent.CycleDetectingLockFactory$CycleDetectingReentrantLock,CONSTANT
com.google.common.util.concurrent.ListenableScheduledFuture,INTERFACE
com.google.common.util.concurrent.AbstractFuture$Failure,CONSTANT
com.google.common.util.concurrent.Callables,CONSTANT
com.google.common.util.concurrent.Futures$TimeoutFuture,CONSTANT
com.google.common.util.concurrent.AbstractFuture$Waiter,CONSTANT
com.google.common.util.concurrent.Futures$ListFuture$ListFutureRunningState,CONSTANT
com.google.common.util.concurrent.AbstractService$StateSnapshot,CONSTANT
com.google.common.util.concurrent.FutureFallback,INTERFACE
com.google.common.util.concurrent.UncheckedTimeoutException,EXCEPTION
com.google.common.hash.ChecksumHashFunction,CONSTANT
com.google.common.hash.BloomFilterStrategies$BitArray,CONSTANT
com.google.common.hash.BloomFilterStrategies,ENUM
com.google.common.hash.Hashing$ChecksumType,ENUM
com.google.common.hash.HashCode$LongHashCode,CONSTANT
com.google.common.hash.Hashing$LinearCongruentialGenerator,CONSTANT
com.google.common.hash.BloomFilter,CONSTANT
com.google.common.hash.PrimitiveSink,INTERFACE
com.google.common.hash.ChecksumHashFunction$ChecksumHasher,CONSTANT
com.google.common.hash.Hashing$Crc32cHolder,CONSTANT
com.google.common.hash.Funnels$ByteArrayFunnel,ENUM
com.google.common.hash.Hashing$ConcatenatedHashFunction,CONSTANT
com.google.common.hash.HashCode$IntHashCode,CONSTANT
com.google.common.hash.BloomFilter$Strategy,INTERFACE
com.google.common.hash.Funnels$LongFunnel,ENUM
com.google.common.hash.HashFunction,INTERFACE
com.google.common.hash.Murmur3_128HashFunction$Murmur3_128Hasher,CONSTANT
com.google.common.hash.Funnel,INTERFACE
com.google.common.hash.Hasher,INTERFACE
com.google.common.hash.HashingInputStream,CONSTANT
com.google.common.hash.package-info,INTERFACE
com.google.common.hash.MessageDigestHashFunction$MessageDigestHasher,CONSTANT
com.google.common.hash.HashingOutputStream,CONSTANT
com.google.common.hash.Murmur3_32HashFunction,CONSTANT
com.google.common.hash.AbstractNonStreamingHashFunction$BufferingHasher,CONSTANT
com.google.common.hash.MessageDigestHashFunction,CONSTANT
com.google.common.hash.Funnels$IntegerFunnel,ENUM
com.google.common.hash.Murmur3_128HashFunction,CONSTANT
com.google.common.hash.MessageDigestHashFunction$SerializedForm,CONSTANT
com.google.common.hash.Funnels,CONSTANT
com.google.common.hash.Hashing,CONSTANT
com.google.common.hash.Murmur3_32HashFunction$Murmur3_32Hasher,CONSTANT
com.google.common.hash.SipHashFunction,CONSTANT
com.google.common.hash.Crc32cHashFunction$Crc32cHasher,CONSTANT
com.google.common.hash.HashCode$BytesHashCode,CONSTANT
com.google.common.hash.AbstractNonStreamingHashFunction$ExposedByteArrayOutputStream,CONSTANT
com.google.common.hash.Crc32cHashFunction,CONSTANT
com.google.common.hash.SipHashFunction$SipHasher,CONSTANT
com.google.common.hash.Funnels$UnencodedCharsFunnel,ENUM
com.google.common.reflect.TypeResolver$TypeVariableKey,CONSTANT
com.google.common.reflect.Types$NativeTypeVariableEquals,CONSTANT
com.google.common.reflect.Parameter,CONSTANT
com.google.common.reflect.TypeResolver$WildcardCapturer,CONSTANT
com.google.common.reflect.ClassPath$DefaultScanner,CONSTANT
com.google.common.reflect.Types$ClassOwnership,ENUM
com.google.common.reflect.Types$WildcardTypeImpl,CONSTANT
com.google.common.reflect.Types$TypeVariableImpl,CONSTANT
com.google.common.reflect.Types$ParameterizedTypeImpl,CONSTANT
com.google.common.reflect.TypeResolver$TypeMappingIntrospector,CONSTANT
com.google.common.reflect.ImmutableTypeToInstanceMap$Builder,CONSTANT
com.google.common.reflect.Types$GenericArrayTypeImpl,CONSTANT
com.google.common.reflect.package-info,INTERFACE
com.google.common.reflect.ClassPath,CONSTANT
com.google.common.reflect.Reflection,CONSTANT
com.google.common.reflect.ClassPath$ClassInfo,CONSTANT
com.google.common.reflect.TypeToken$TypeFilter,ENUM
com.google.common.reflect.TypeToInstanceMap,INTERFACE
com.google.common.reflect.Types$TypeVariableInvocationHandler,CONSTANT
com.google.common.reflect.TypeToken$SimpleTypeToken,CONSTANT
com.google.common.reflect.Types$JavaVersion,ENUM
com.google.common.reflect.TypeResolver,CONSTANT
com.google.common.reflect.Types,CONSTANT
com.google.common.io.LittleEndianDataInputStream,CONSTANT
com.google.common.io.CharSource$EmptyCharSource,CONSTANT
com.google.common.io.BaseEncoding$Alphabet,CONSTANT
com.google.common.io.Closer$Suppressor,INTERFACE
com.google.common.io.InputSupplier,INTERFACE
com.google.common.io.CharSequenceReader,CONSTANT
com.google.common.io.LineProcessor,INTERFACE
com.google.common.io.Files$FilePredicate,ENUM
com.google.common.io.OutputSupplier,INTERFACE
com.google.common.io.ByteArrayDataOutput,INTERFACE
com.google.common.io.CountingInputStream,CONSTANT
com.google.common.io.Closeables,CONSTANT
com.google.common.io.Closer,CONSTANT
com.google.common.io.BaseEncoding$Base16Encoding,CONSTANT
com.google.common.io.Files,CONSTANT
com.google.common.io.Closer$SuppressingSuppressor,CONSTANT
com.google.common.io.Resources$UrlByteSource,CONSTANT
com.google.common.io.LineReader,CONSTANT
com.google.common.io.ByteArrayDataInput,INTERFACE
com.google.common.io.ByteSource$SlicedByteSource,CONSTANT
com.google.common.io.FileWriteMode,ENUM
com.google.common.io.BaseEncoding$DecodingException,CONSTANT
com.google.common.io.ByteSource$EmptyByteSource,CONSTANT
com.google.common.io.package-info,INTERFACE
com.google.common.io.Files$FileByteSource,CONSTANT
com.google.common.io.CharStreams$NullWriter,CONSTANT
com.google.common.io.ByteStreams,CONSTANT
com.google.common.io.ByteSource$AsCharSource,CONSTANT
com.google.common.io.PatternFilenameFilter,CONSTANT
com.google.common.io.BaseEncoding$Base64Encoding,CONSTANT
com.google.common.io.ByteProcessor,INTERFACE
com.google.common.io.Closer$LoggingSuppressor,CONSTANT
com.google.common.io.CharSource$ConcatenatedCharSource,CONSTANT
com.google.common.io.CharStreams,CONSTANT
com.google.common.io.ByteSource$ConcatenatedByteSource,CONSTANT
com.google.common.io.BaseEncoding$SeparatedBaseEncoding,CONSTANT
com.google.common.io.MultiInputStream,CONSTANT
com.google.common.io.Files$FileByteSink,CONSTANT
com.google.common.io.Flushables,CONSTANT
com.google.common.io.Resources,CONSTANT
com.google.common.io.ByteStreams$LimitedInputStream,CONSTANT
com.google.common.io.ByteSink$AsCharSink,CONSTANT
com.google.common.io.FileBackedOutputStream,CONSTANT
com.google.common.io.CountingOutputStream,CONSTANT
com.google.common.io.ByteStreams$FastByteArrayOutputStream,CONSTANT
com.google.common.html.HtmlEscapers,CONSTANT
com.google.common.html.package-info,INTERFACE
com.google.common.math.IntMath,CONSTANT
com.google.common.math.BigIntegerMath,CONSTANT
com.google.common.math.LongMath$MillerRabinTester,ENUM
com.google.common.math.package-info,INTERFACE
com.google.common.math.DoubleMath,CONSTANT
com.google.common.math.MathPreconditions,CONSTANT
com.google.common.math.LongMath,CONSTANT
com.google.common.math.DoubleUtils,CONSTANT
com.google.common.xml.package-info,INTERFACE
com.google.common.primitives.Doubles$LexicographicalComparator,ENUM
com.google.common.primitives.UnsignedBytes,CONSTANT
com.google.common.primitives.UnsignedInts$LexicographicalComparator,ENUM
com.google.common.primitives.Shorts$ShortConverter,CONSTANT
com.google.common.primitives.Longs,CONSTANT
com.google.common.primitives.Longs$LongConverter,CONSTANT
com.google.common.primitives.Floats,CONSTANT
com.google.common.primitives.Booleans,CONSTANT
com.google.common.primitives.Doubles$DoubleConverter,CONSTANT
com.google.common.primitives.Chars$LexicographicalComparator,ENUM
com.google.common.primitives.Ints,CONSTANT
com.google.common.primitives.Ints$IntConverter,CONSTANT
com.google.common.primitives.Shorts,CONSTANT
com.google.common.primitives.UnsignedInts,CONSTANT
com.google.common.primitives.package-info,INTERFACE
com.google.common.primitives.ParseRequest,CONSTANT
com.google.common.primitives.Floats$LexicographicalComparator,ENUM
com.google.common.primitives.Doubles,CONSTANT
com.google.common.primitives.Booleans$LexicographicalComparator,ENUM
com.google.common.primitives.UnsignedLongs$LexicographicalComparator,ENUM
com.google.common.primitives.Primitives,CONSTANT
com.google.common.primitives.UnsignedInteger,CONSTANT
com.google.common.primitives.Floats$FloatConverter,CONSTANT
com.google.common.primitives.UnsignedBytes$LexicographicalComparatorHolder$PureJavaComparator,ENUM
com.google.common.primitives.UnsignedLongs,CONSTANT
com.google.common.primitives.UnsignedBytes$LexicographicalComparatorHolder$UnsafeComparator,ENUM
com.google.common.primitives.SignedBytes$LexicographicalComparator,ENUM
com.google.common.primitives.SignedBytes,CONSTANT
com.google.common.primitives.Chars,CONSTANT
com.google.common.primitives.Shorts$LexicographicalComparator,ENUM
com.google.common.primitives.Ints$LexicographicalComparator,ENUM
com.google.common.primitives.Longs$LexicographicalComparator,ENUM
com.google.common.primitives.Bytes,CONSTANT
com.google.common.primitives.UnsignedLong,CONSTANT
com.google.common.annotations.GwtCompatible,ANNOTATION
com.google.common.annotations.VisibleForTesting,ANNOTATION
com.google.common.annotations.Beta,ANNOTATION
com.google.common.annotations.GwtIncompatible,ANNOTATION
com.google.common.base.Converter$ConverterComposition,CONSTANT
com.google.common.base.Predicates$ObjectPredicate,ENUM
com.google.common.base.CharMatcher$InRange,CONSTANT
com.google.common.base.Splitter$Strategy,INTERFACE
com.google.common.base.StandardSystemProperty,ENUM
com.google.common.base.Equivalence$Wrapper,CONSTANT
com.google.common.base.Splitter$MapSplitter,CONSTANT
com.google.common.base.CharMatcher$Invisible,CONSTANT
com.google.common.base.Strings,CONSTANT
com.google.common.base.Suppliers$SupplierFunction,INTERFACE
com.google.common.base.Functions$ToStringFunction,ENUM
com.google.common.base.Ascii,CONSTANT
com.google.common.base.CharMatcher$And,CONSTANT
com.google.common.base.Charsets,CONSTANT
com.google.common.base.Converter$ReverseConverter,CONSTANT
com.google.common.base.Converter$IdentityConverter,CONSTANT
com.google.common.base.Predicate,INTERFACE
com.google.common.base.Present,CONSTANT
com.google.common.base.Objects,CONSTANT
com.google.common.base.CharMatcher$JavaLowerCase,CONSTANT
com.google.common.base.CharMatcher$Any,CONSTANT
com.google.common.base.Verify,CONSTANT
com.google.common.base.CaseFormat,ENUM
com.google.common.base.PairwiseEquivalence,CONSTANT
com.google.common.base.MoreObjects$ToStringHelper,CONSTANT
com.google.common.base.AbstractIterator$State,ENUM
com.google.common.base.MoreObjects$ToStringHelper$ValueHolder,CONSTANT
com.google.common.base.Enums$StringConverter,CONSTANT
com.google.common.base.CharMatcher$AnyOf,CONSTANT
com.google.common.base.Functions,CONSTANT
com.google.common.base.Enums,CONSTANT
com.google.common.base.MoreObjects,CONSTANT
com.google.common.base.Preconditions,CONSTANT
com.google.common.base.CharMatcher$JavaUpperCase,CONSTANT
com.google.common.base.Converter$FunctionBasedConverter,CONSTANT
com.google.common.base.CharMatcher$Digit,CONSTANT
com.google.common.base.CharMatcher$Or,CONSTANT
com.google.common.base.Objects$ToStringHelper,CONSTANT
com.google.common.base.CharMatcher$Is,CONSTANT
com.google.common.base.FunctionalEquivalence,CONSTANT
com.google.common.base.CharMatcher$JavaLetter,CONSTANT
com.google.common.base.CharMatcher$Ascii,CONSTANT
com.google.common.base.Objects$ToStringHelper$ValueHolder,CONSTANT
com.google.common.base.CharMatcher$ForPredicate,CONSTANT
com.google.common.base.package-info,INTERFACE
com.google.common.base.CharMatcher$BreakingWhitespace,CONSTANT
com.google.common.base.CharMatcher$SingleWidth,CONSTANT
com.google.common.base.Platform,CONSTANT
com.google.common.base.Joiner$MapJoiner,CONSTANT
com.google.common.base.Defaults,CONSTANT
com.google.common.base.Splitter,CONSTANT
com.google.common.base.Utf8,CONSTANT
com.google.common.base.FinalizableReference,INTERFACE
com.google.common.base.Stopwatch,CONSTANT
com.google.common.base.CharMatcher$Whitespace,CONSTANT
com.google.common.base.Functions$IdentityFunction,ENUM
com.google.common.base.CharMatcher$JavaIsoControl,CONSTANT
com.google.common.base.CharMatcher$IsEither,CONSTANT
com.google.common.base.Predicates,CONSTANT
com.google.common.base.Function,INTERFACE
com.google.common.base.CharMatcher$JavaDigit,CONSTANT
com.google.common.base.Suppliers,CONSTANT
com.google.common.base.Throwables,CONSTANT
com.google.common.base.CharMatcher$JavaLetterOrDigit,CONSTANT
com.google.common.base.VerifyException,EXCEPTION
com.google.common.base.CharMatcher$None,CONSTANT
com.google.common.base.CharMatcher$IsNot,CONSTANT
com.google.common.base.Equivalence$EquivalentToPredicate,CONSTANT
com.google.common.base.Suppliers$SupplierFunctionImpl,ENUM
com.google.common.base.SmallCharMatcher,CONSTANT
com.google.common.base.Absent,CONSTANT
com.google.common.base.CaseFormat$StringConverter,CONSTANT
com.google.common.base.CharMatcher$BitSetMatcher,CONSTANT
com.google.common.base.Equivalence$Identity,CONSTANT
com.google.common.base.Equivalence$Equals,CONSTANT
com.google.common.base.Supplier,INTERFACE
com.google.common.base.FinalizableReferenceQueue$FinalizerLoader,INTERFACE
com.google.thirdparty.publicsuffix.PublicSuffixPatterns,CONSTANT
com.google.thirdparty.publicsuffix.PublicSuffixType,ENUM
com.github.pagehelper.dialect.ReplaceSql,INTERFACE
