{
"com.github.pagehelper.PageInterceptor": ["PageInterceptor()V","setProperties(Ljava/util/Properties;)V","plugin(Ljava/lang/Object;)Ljava/lang/Object;","checkDialectExists()V"],
"com.github.pagehelper.cache.CacheFactory": ["createCache(Ljava/lang/String;Ljava/lang/String;Ljava/util/Properties;)Lcom/github/pagehelper/cache/Cache;"],
"com.github.pagehelper.util.StringUtil": ["isEmpty(Ljava/lang/String;)Z","isNotEmpty(Ljava/lang/String;)Z"],
"com.github.pagehelper.cache.GuavaCache": ["GuavaCache(Ljava/util/Properties;Ljava/lang/String;)V","get(Ljava/lang/Object;)Ljava/lang/Object;","put(Ljava/lang/Object;Ljava/lang/Object;)V"],
"com.github.pagehelper.page.PageMethod": ["<clinit>()V","PageMethod()V","setStaticProperties(Ljava/util/Properties;)V","startPage(II)Lcom/github/pagehelper/Page;","startPage(IIZ)Lcom/github/pagehelper/Page;","startPage(IIZLjava/lang/Boolean;Ljava/lang/Boolean;)Lcom/github/pagehelper/Page;","getLocalPage()Lcom/github/pagehelper/Page;","setLocalPage(Lcom/github/pagehelper/Page;)V","clearPage()V","offsetPage(II)Lcom/github/pagehelper/Page;","offsetPage(IIZ)Lcom/github/pagehelper/Page;","startPage(Ljava/lang/Object;)Lcom/github/pagehelper/Page;","startPage(IILjava/lang/String;)Lcom/github/pagehelper/Page;","orderBy(Ljava/lang/String;)V","count(Lcom/github/pagehelper/ISelect;)J"],
"com.github.pagehelper.PageHelper": ["PageHelper()V","setProperties(Ljava/util/Properties;)V","afterAll()V"],
"com.github.pagehelper.page.PageParams": ["PageParams()V","setProperties(Ljava/util/Properties;)V","getCountColumn()Ljava/lang/String;"],
"com.github.pagehelper.page.PageAutoDialect": ["<clinit>()V","registerDialectAlias(Ljava/lang/String;Ljava/lang/Class;)V","PageAutoDialect()V","setProperties(Ljava/util/Properties;)V","getUrl(Ljavax/sql/DataSource;)Ljava/lang/String;","fromJdbcUrl(Ljava/lang/String;)Ljava/lang/String;","initDialect(Ljava/lang/String;Ljava/util/Properties;)Lcom/github/pagehelper/dialect/AbstractHelperDialect;","resloveDialectClass(Ljava/lang/String;)Ljava/lang/Class;","getDelegate()Lcom/github/pagehelper/dialect/AbstractHelperDialect;","clearDelegate()V"],
"com.github.pagehelper.util.PageObjectUtil": ["<clinit>()V","setParams(Ljava/lang/String;)V","getPageFromObject(Ljava/lang/Object;Z)Lcom/github/pagehelper/Page;"],
"com.github.pagehelper.parser.CountSqlParser": ["<clinit>()V","addAggregateFunctions(Ljava/lang/String;)V","CountSqlParser()V","getSmartCountSql(Ljava/lang/String;Ljava/lang/String;)Ljava/lang/String;","processSelectBody(Lnet/sf/jsqlparser/statement/select/SelectBody;)V","processPlainSelect(Lnet/sf/jsqlparser/statement/select/PlainSelect;)V","orderByHashParameters(Ljava/util/List;)Z","processFromItem(Lnet/sf/jsqlparser/statement/select/FromItem;)V","processWithItemsList(Ljava/util/List;)V","sqlToCount(Lnet/sf/jsqlparser/statement/select/Select;Ljava/lang/String;)V","isSimpleCount(Lnet/sf/jsqlparser/statement/select/PlainSelect;)Z","getSimpleCountSql(Ljava/lang/String;)Ljava/lang/String;","getSimpleCountSql(Ljava/lang/String;Ljava/lang/String;)Ljava/lang/String;","getSmartCountSql(Ljava/lang/String;)Ljava/lang/String;"],
"net.sf.jsqlparser.expression.Alias": ["Alias(Ljava/lang/String;)V","setUseAs(Z)V","toString()Ljava/lang/String;","Alias(Ljava/lang/String;Z)V","getName()Ljava/lang/String;"],
"com.github.pagehelper.Page": ["Page(IIZ)V","Page(IIZLjava/lang/Boolean;)V","calculateStartAndEndRow()V","setReasonable(Ljava/lang/Boolean;)Lcom/github/pagehelper/Page;","setPageSizeZero(Ljava/lang/Boolean;)Lcom/github/pagehelper/Page;","getReasonable()Ljava/lang/Boolean;","getPageSizeZero()Ljava/lang/Boolean;","getCountColumn()Ljava/lang/String;","setCountColumn(Ljava/lang/String;)V","isOrderByOnly()Z","isCount()Z","setTotal(J)V","getPageSize()I","getStartRow()I","getOrderBy()Ljava/lang/String;","getTotal()J","getPageNum()I","getPages()I","Page([IZ)V","Page(II)V","setOrderBy(Ljava/lang/String;)Lcom/github/pagehelper/Page;","Page()V","setOrderByOnly(Z)V","toString()Ljava/lang/String;","toPageInfo()Lcom/github/pagehelper/PageInfo;","doSelectPage(Lcom/github/pagehelper/ISelect;)Lcom/github/pagehelper/Page;","doSelectPageInfo(Lcom/github/pagehelper/ISelect;)Lcom/github/pagehelper/PageInfo;","countColumn(Ljava/lang/String;)Lcom/github/pagehelper/Page;"],
"com.github.pagehelper.dialect.helper.HsqldbDialect": ["HsqldbDialect()V"],
"com.github.pagehelper.dialect.AbstractHelperDialect": ["AbstractHelperDialect()V","setProperties(Ljava/util/Properties;)V","getLocalPage()Lcom/github/pagehelper/Page;","afterAll()V"],
"com.github.pagehelper.dialect.AbstractDialect": ["AbstractDialect()V"],
"com.github.pagehelper.util.ExecutorUtil": ["<clinit>()V"],
"com.github.pagehelper.util.MSUtils": ["<clinit>()V"],
"net.sf.jsqlparser.parser.CCJSqlParserUtil": ["parse(Ljava/lang/String;)Lnet/sf/jsqlparser/statement/Statement;"],
"net.sf.jsqlparser.parser.CCJSqlParser": ["<clinit>()V","jj_la1_init_0()V","jj_la1_init_1()V","jj_la1_init_2()V","jj_la1_init_3()V","jj_la1_init_4()V","jj_la1_init_5()V","jj_la1_init_6()V","CCJSqlParser(Lnet/sf/jsqlparser/parser/Provider;)V","Statement()Lnet/sf/jsqlparser/statement/Statement;","getToken(I)Lnet/sf/jsqlparser/parser/Token;","SingleStatement()Lnet/sf/jsqlparser/statement/Statement;","jj_ntk_f()I","Select()Lnet/sf/jsqlparser/statement/select/Select;","SelectBody()Lnet/sf/jsqlparser/statement/select/SelectBody;","SetOperationList()Lnet/sf/jsqlparser/statement/select/SelectBody;","PlainSelect()Lnet/sf/jsqlparser/statement/select/PlainSelect;","jj_consume_token(I)Lnet/sf/jsqlparser/parser/Token;","getOracleHint()Lnet/sf/jsqlparser/expression/OracleHint;","jj_2_20(I)Z","jj_3_20()Z","jj_3R_99()Z","jj_3R_199()Z","jj_scan_token(I)Z","jj_3R_200()Z","jj_save(II)V","SelectItemsList()Ljava/util/List;","SelectItem()Lnet/sf/jsqlparser/statement/select/SelectItem;","linkAST(Lnet/sf/jsqlparser/parser/ASTNodeAccess;Lnet/sf/jsqlparser/parser/SimpleNode;)V","FromItem()Lnet/sf/jsqlparser/statement/select/FromItem;","jj_2_39(I)Z","jj_3_39()Z","jj_3R_107()Z","jj_2_36(I)Z","jj_3_36()Z","jj_3R_104()Z","jj_3R_120()Z","jj_3R_248()Z","jj_3R_249()Z","jj_3R_312()Z","jj_3R_95()Z","jj_3R_198()Z","jj_3R_301()Z","jj_3R_250()Z","Table()Lnet/sf/jsqlparser/schema/Table;","jj_2_17(I)Z","jj_3_17()Z","jj_2_18(I)Z","jj_3_18()Z","jj_2_19(I)Z","jj_3_19()Z","RelObjectName()Ljava/lang/String;","RelObjectNameWithoutValue()Ljava/lang/String;","jj_2_38(I)Z","jj_3_38()Z","jj_3R_106()Z","JoinsList()Ljava/util/List;","jj_2_21(I)Z","jj_3_21()Z","jj_2_22(I)Z","jj_3_22()Z","OrderByElements()Ljava/util/List;","OrderByElement()Lnet/sf/jsqlparser/statement/select/OrderByElement;","SimpleExpression()Lnet/sf/jsqlparser/expression/Expression;","ConcatExpression()Lnet/sf/jsqlparser/expression/Expression;","BitwiseAndOr()Lnet/sf/jsqlparser/expression/Expression;","AdditiveExpression()Lnet/sf/jsqlparser/expression/Expression;","MultiplicativeExpression()Lnet/sf/jsqlparser/expression/Expression;","BitwiseXor()Lnet/sf/jsqlparser/expression/Expression;","PrimaryExpression()Lnet/sf/jsqlparser/expression/Expression;","jj_2_72(I)Z","jj_3_72()Z","jj_3R_141()Z","jj_2_73(I)Z","jj_3_73()Z","jj_3R_142()Z","jj_2_74(I)Z","jj_3_74()Z","jj_3R_143()Z","jj_2_75(I)Z","jj_3_75()Z","jj_3R_144()Z","jj_2_76(I)Z","jj_3_76()Z","jj_3R_145()Z","jj_3R_86()Z","jj_3R_173()Z","jj_3R_278()Z","jj_3R_336()Z","jj_3R_337()Z","jj_3R_338()Z","jj_3R_339()Z","jj_2_77(I)Z","jj_3_77()Z","jj_2_78(I)Z","jj_3_78()Z","jj_3R_146()Z","jj_2_79(I)Z","jj_3_79()Z","jj_3R_147()Z","Column()Lnet/sf/jsqlparser/schema/Column;","jj_2_71(I)Z","jj_3_71()Z","jj_3R_137()Z","jj_3R_138()Z","jj_3R_139()Z","jj_2_70(I)Z","jj_3_70()Z","jj_3R_134()Z","jj_3R_135()Z","jj_2_69(I)Z","jj_3_69()Z","jj_2_23(I)Z","jj_3_23()Z","jj_2_24(I)Z","jj_3_24()Z","jj_2_25(I)Z","jj_3_25()Z","jj_2_27(I)Z","jj_3_27()Z","jj_2_28(I)Z","jj_3_28()Z","jj_2_29(I)Z","jj_3_29()Z","WhereClause()Lnet/sf/jsqlparser/expression/Expression;","Expression()Lnet/sf/jsqlparser/expression/Expression;","OrExpression()Lnet/sf/jsqlparser/expression/Expression;","AndExpression()Lnet/sf/jsqlparser/expression/Expression;","jj_2_50(I)Z","jj_3_50()Z","jj_3R_117()Z","jj_3R_212()Z","jj_3R_118()Z","jj_3R_218()Z","jj_3R_122()Z","jj_3_63()Z","jj_3R_257()Z","jj_3R_87()Z","jj_3R_174()Z","jj_3R_133()Z","jj_3R_269()Z","jj_3R_136()Z","jj_3R_140()Z","jj_3R_89()Z","jj_3R_175()Z","jj_3R_176()Z","jj_3R_177()Z","jj_3R_295()Z","jj_3R_178()Z","jj_3R_211()Z","jj_3R_179()Z","jj_3R_296()Z","jj_3R_385()Z","jj_3R_180()Z","jj_3R_181()Z","jj_3R_297()Z","jj_3R_182()Z","jj_3R_183()Z","jj_3R_184()Z","jj_3R_185()Z","jj_3R_186()Z","jj_3R_187()Z","jj_3R_188()Z","jj_3R_498()Z","jj_3R_446()Z","jj_3R_270()Z","jj_3R_326()Z","jj_3R_327()Z","jj_3R_328()Z","jj_3R_329()Z","jj_3R_320()Z","jj_3R_258()Z","jj_3_64()Z","jj_3R_103()Z","jj_3R_208()Z","jj_3R_299()Z","jj_3R_172()Z","jj_3R_293()Z","jj_3R_378()Z","jj_3R_379()Z","jj_3R_424()Z","jj_3R_259()Z","jj_3R_126()Z","jj_3_42()Z","jj_3R_264()Z","Condition()Lnet/sf/jsqlparser/expression/Expression;","jj_2_52(I)Z","jj_3_52()Z","SQLCondition()Lnet/sf/jsqlparser/expression/Expression;","jj_2_58(I)Z","jj_3_58()Z","InExpression()Lnet/sf/jsqlparser/expression/Expression;","jj_2_63(I)Z","jj_2_64(I)Z","SimpleExpressionList()Lnet/sf/jsqlparser/expression/operators/relational/ExpressionList;","SimpleJdbcParameter()Lnet/sf/jsqlparser/expression/JdbcParameter;","jj_2_42(I)Z","jj_2_51(I)Z","jj_3_51()Z","jj_2_49(I)Z","jj_3_49()Z","jj_3R_219()Z","jj_3R_123()Z","jj_3R_260()Z","jj_3R_220()Z","jj_3R_124()Z","jj_3R_261()Z","jj_3R_262()Z","jj_3R_323()Z","jj_3R_324()Z","jj_3R_221()Z","jj_3R_125()Z","jj_3R_263()Z","jj_3R_222()Z","jj_3R_309()Z","jj_3_65()Z","jj_3R_129()Z","jj_3R_130()Z","jj_3R_396()Z","jj_3R_443()Z","jj_3R_444()Z","jj_3R_213()Z","jj_3R_119()Z","jj_3_55()Z","jj_3R_223()Z","jj_3R_121()Z","jj_3R_254()Z","jj_3R_318()Z","jj_3_66()Z","jj_3R_131()Z","jj_3R_266()Z","jj_3R_267()Z","jj_3R_255()Z","jj_3R_132()Z","jj_3_68()Z","jj_3R_224()Z","jj_3_56()Z","jj_3R_225()Z","jj_3R_226()Z","jj_3_57()Z","jj_3R_246()Z","jj_3R_247()Z","jj_2_53(I)Z","jj_3_53()Z","RegularCondition()Lnet/sf/jsqlparser/expression/Expression;","jj_2_55(I)Z","ComparisonItem()Lnet/sf/jsqlparser/expression/Expression;","jj_2_66(I)Z","jj_2_67(I)Z","jj_3_67()Z","jj_2_68(I)Z","jj_2_56(I)Z","jj_2_57(I)Z","jj_3R_227()Z","jj_3R_228()Z","jj_3R_229()Z","jj_2_30(I)Z","jj_3_30()Z","jj_3R_100()Z","jj_3R_159()Z","jj_3R_96()Z","jj_3R_98()Z","jj_3R_284()Z","AllTableColumns()Lnet/sf/jsqlparser/statement/select/AllTableColumns;","Alias()Lnet/sf/jsqlparser/expression/Alias;","JoinerExpression()Lnet/sf/jsqlparser/statement/select/Join;","jj_2_41(I)Z","jj_3_41()Z","jj_3R_109()Z","jj_3R_148()Z","jj_3R_279()Z","jj_3R_340()Z","jj_3R_407()Z","jj_3_16()Z","jj_3R_294()Z","jj_3R_313()Z","jj_2_16(I)Z","jj_3R_272()Z","jj_3R_331()Z","jj_3R_332()Z","jj_3R_403()Z","jj_3R_273()Z","jj_3R_317()Z","jj_3R_274()Z","jj_3R_275()Z","jj_3R_251()Z","jj_3R_314()Z","jj_3R_397()Z","jj_3R_398()Z","jj_3_85()Z","jj_3R_252()Z","jj_3R_253()Z","jj_3R_189()Z","jj_3_81()Z","jj_3R_190()Z","jj_3R_442()Z","jj_2_59(I)Z","jj_3_59()Z","jj_2_60(I)Z","jj_3_60()Z","jj_2_61(I)Z","jj_3_61()Z","LikeExpression()Lnet/sf/jsqlparser/expression/Expression;","jj_2_65(I)Z","Function()Lnet/sf/jsqlparser/expression/Function;","RelObjectNameExt()Ljava/lang/String;","jj_2_85(I)Z","jj_2_80(I)Z","jj_3_80()Z","jj_2_81(I)Z","SelectExpressionItem()Lnet/sf/jsqlparser/statement/select/SelectExpressionItem;","jj_3R_127()Z","jj_3R_191()Z","jj_3R_192()Z","jj_3R_193()Z","jj_3R_194()Z","jj_3R_298()Z","jj_3R_268()Z","jj_3R_325()Z","jj_3R_256()Z","jj_3R_319()Z","jj_3R_401()Z","jj_3R_214()Z","jj_3R_215()Z","jj_3R_216()Z","jj_3R_447()Z","jj_3R_465()Z","jj_3R_510()Z","jj_3R_466()Z","jj_3R_511()Z","jj_3R_512()Z","jj_3R_513()Z","jj_3R_467()Z","jj_3R_514()Z","jj_3R_468()Z","jj_3R_515()Z","jj_3R_556()Z","jj_3R_557()Z","jj_3R_558()Z","jj_3R_204()Z","jj_3R_302()Z","jj_3R_149()Z","jj_3R_280()Z","jj_3R_281()Z","jj_3R_282()Z","jj_3R_516()Z","jj_3R_469()Z","jj_3R_517()Z","jj_3R_470()Z","jj_3R_206()Z","jj_3R_303()Z","jj_3R_304()Z","jj_3R_386()Z","jj_3R_387()Z","jj_3R_388()Z","jj_3R_390()Z","jj_3R_391()Z","jj_3_37()Z","jj_3R_105()Z","jj_3R_437()Z","jj_3R_490()Z","jj_3R_518()Z","jj_3R_560()Z","jj_3R_392()Z","jj_3R_438()Z","jj_3R_493()Z","jj_3R_494()Z","jj_3R_537()Z","jj_3R_538()Z","jj_3R_495()Z","jj_3R_496()Z","jj_3R_497()Z","jj_3R_439()Z","jj_3R_471()Z","jj_3R_519()Z","jj_3R_409()Z","jj_3R_456()Z","jj_3R_341()Z","jj_3R_472()Z","jj_3R_520()Z","jj_3R_561()Z","jj_3R_562()Z","jj_3R_473()Z","jj_3R_521()Z","jj_3R_474()Z","jj_3R_522()Z","jj_3R_475()Z","jj_3R_334()Z","jj_3R_476()Z","jj_3R_477()Z","jj_3R_431()Z","jj_3_45()Z","jj_3R_482()Z","jj_3R_527()Z","jj_3R_478()Z","jj_3R_432()Z","jj_3R_479()Z","jj_3R_433()Z","jj_3R_480()Z","jj_3R_380()Z","jj_3R_425()Z","jj_3R_426()Z","jj_3R_427()Z","jj_3R_428()Z","jj_3R_381()Z","jj_3R_382()Z","jj_3R_383()Z","jj_3R_384()Z","ExistsExpression()Lnet/sf/jsqlparser/expression/Expression;","SubSelect()Lnet/sf/jsqlparser/statement/select/SubSelect;","GroupByColumnReferences()Ljava/util/List;","jj_3R_230()Z","jj_3R_231()Z","jj_3R_232()Z","jj_3R_233()Z","jj_3R_234()Z","jj_3R_235()Z","jj_3R_236()Z","jj_3R_237()Z","jj_3R_238()Z","jj_3R_239()Z","jj_3R_240()Z","jj_3R_241()Z","jj_3R_242()Z","jj_3R_243()Z","jj_3R_244()Z","jj_3R_245()Z","jj_2_54(I)Z","jj_3_54()Z","generateParseException()Lnet/sf/jsqlparser/parser/ParseException;","jj_rescan_token()V","jj_add_error_token(II)V","LimitWithOffset()Lnet/sf/jsqlparser/statement/select/Limit;","jj_2_45(I)Z","jj_3R_111()Z","jj_3R_112()Z","PlainLimit()Lnet/sf/jsqlparser/statement/select/Limit;","WithList()Ljava/util/List;","WithItem()Lnet/sf/jsqlparser/statement/select/WithItem;","jj_2_34(I)Z","jj_3_34()Z","jj_3R_102()Z","jj_3R_389()Z","jj_3R_436()Z","jj_2_35(I)Z","jj_3_35()Z","jj_3R_551()Z","jj_3R_333()Z","jj_3R_315()Z","jj_3R_316()Z"],
"net.sf.jsqlparser.parser.StringProvider": ["StringProvider(Ljava/lang/String;)V","read([CII)I","close()V"],
"net.sf.jsqlparser.parser.JJTCCJSqlParserState": ["JJTCCJSqlParserState()V","openNodeScope(Lnet/sf/jsqlparser/parser/Node;)V","closeNodeScope(Lnet/sf/jsqlparser/parser/Node;Z)V","nodeArity()I","pushNode(Lnet/sf/jsqlparser/parser/Node;)V","popNode()Lnet/sf/jsqlparser/parser/Node;","clearNodeScope(Lnet/sf/jsqlparser/parser/Node;)V"],
"net.sf.jsqlparser.parser.CCJSqlParser$LookaheadSuccess": ["CCJSqlParser$LookaheadSuccess(Lnet/sf/jsqlparser/parser/CCJSqlParser$1;)V","CCJSqlParser$LookaheadSuccess()V"],
"net.sf.jsqlparser.parser.SimpleCharStream": ["SimpleCharStream(Lnet/sf/jsqlparser/parser/Provider;II)V","SimpleCharStream(Lnet/sf/jsqlparser/parser/Provider;III)V","BeginToken()C","readChar()C","FillBuff()V","UpdateLineColumn(C)V","backup(I)V","GetImage()Ljava/lang/String;","getBeginLine()I","getBeginColumn()I","getEndLine()I","getEndColumn()I","getAbsoluteTokenBegin()I"],
"net.sf.jsqlparser.parser.CCJSqlParserTokenManager": ["<clinit>()V","CCJSqlParserTokenManager(Lnet/sf/jsqlparser/parser/SimpleCharStream;)V","getNextToken()Lnet/sf/jsqlparser/parser/Token;","jjMoveStringLiteralDfa0_0()I","jjMoveStringLiteralDfa1_0(JJJJ)I","jjMoveStringLiteralDfa2_0(JJJJJJJJ)I","jjMoveStringLiteralDfa3_0(JJJJJJJJ)I","jjMoveStringLiteralDfa4_0(JJJJJJ)I","jjMoveStringLiteralDfa5_0(JJJJJJ)I","jjStartNfaWithStates_0(III)I","jjMoveNfa_0(II)I","jjFillToken()Lnet/sf/jsqlparser/parser/Token;","CommonTokenAction(Lnet/sf/jsqlparser/parser/Token;)V","getCurrentTokenAbsolutePosition()I","jjStopAtPos(II)I","jjStartNfa_0(IJJJJ)I","jjStopStringLiteralDfa_0(IJJJJ)I","jjCheckNAdd(I)V","jjCheckNAddTwoStates(II)V","jjCheckNAddStates(II)V","jjMoveStringLiteralDfa6_0(JJJJJJ)I","jjMoveStringLiteralDfa7_0(JJJJJJ)I"],
"net.sf.jsqlparser.parser.Token": ["Token()V","newToken(I)Lnet/sf/jsqlparser/parser/Token;","newToken(ILjava/lang/String;)Lnet/sf/jsqlparser/parser/Token;","Token(ILjava/lang/String;)V"],
"net.sf.jsqlparser.parser.BaseToken": ["BaseToken()V"],
"net.sf.jsqlparser.parser.CCJSqlParser$JJCalls": ["CCJSqlParser$JJCalls()V"],
"net.sf.jsqlparser.parser.SimpleNode": ["SimpleNode(I)V","jjtOpen()V","jjtSetFirstToken(Lnet/sf/jsqlparser/parser/Token;)V","jjtClose()V","jjtSetLastToken(Lnet/sf/jsqlparser/parser/Token;)V","jjtSetValue(Ljava/lang/Object;)V","jjtSetParent(Lnet/sf/jsqlparser/parser/Node;)V","jjtAddChild(Lnet/sf/jsqlparser/parser/Node;I)V"],
"net.sf.jsqlparser.statement.select.Select": ["Select()V","setWithItemsList(Ljava/util/List;)V","setSelectBody(Lnet/sf/jsqlparser/statement/select/SelectBody;)V","getSelectBody()Lnet/sf/jsqlparser/statement/select/SelectBody;","getWithItemsList()Ljava/util/List;","toString()Ljava/lang/String;"],
"net.sf.jsqlparser.statement.select.SetOperationList": ["SetOperationList()V","setBracketsOpsAndSelects(Ljava/util/List;Ljava/util/List;Ljava/util/List;)V","getSelects()Ljava/util/List;","getOrderByElements()Ljava/util/List;","setOrderByElements(Ljava/util/List;)V","toString()Ljava/lang/String;"],
"net.sf.jsqlparser.statement.select.PlainSelect": ["PlainSelect()V","setOracleHint(Lnet/sf/jsqlparser/expression/OracleHint;)V","setOrderByElements(Ljava/util/List;)V","setSelectItems(Ljava/util/List;)V","setFromItem(Lnet/sf/jsqlparser/statement/select/FromItem;)V","getOrderByElements()Ljava/util/List;","getFromItem()Lnet/sf/jsqlparser/statement/select/FromItem;","getJoins()Ljava/util/List;","getGroupByColumnReferences()Ljava/util/List;","getDistinct()Lnet/sf/jsqlparser/statement/select/Distinct;","getSelectItems()Ljava/util/List;","toString()Ljava/lang/String;","getStringList(Ljava/util/List;)Ljava/lang/String;","getStringList(Ljava/util/List;ZZ)Ljava/lang/String;","getFormatedList(Ljava/util/List;Ljava/lang/String;)Ljava/lang/String;","getFormatedList(Ljava/util/List;Ljava/lang/String;ZZ)Ljava/lang/String;","orderByToString(ZLjava/util/List;)Ljava/lang/String;","isForUpdate()Z","orderByToString(Ljava/util/List;)Ljava/lang/String;","setWhere(Lnet/sf/jsqlparser/expression/Expression;)V","setJoins(Ljava/util/List;)V","setDistinct(Lnet/sf/jsqlparser/statement/select/Distinct;)V","setGroupByColumnReferences(Ljava/util/List;)V","setLimit(Lnet/sf/jsqlparser/statement/select/Limit;)V","getTop()Lnet/sf/jsqlparser/statement/select/Top;","addSelectItems([Lnet/sf/jsqlparser/statement/select/SelectItem;)V","setTop(Lnet/sf/jsqlparser/statement/select/Top;)V"],
"net.sf.jsqlparser.parser.ASTNodeAccessImpl": ["ASTNodeAccessImpl()V","setASTNode(Lnet/sf/jsqlparser/parser/SimpleNode;)V"],
"net.sf.jsqlparser.statement.select.AllColumns": ["AllColumns()V","toString()Ljava/lang/String;"],
"net.sf.jsqlparser.schema.Server": ["<clinit>()V","Server(Ljava/lang/String;)V","getFullyQualifiedName()Ljava/lang/String;"],
"net.sf.jsqlparser.schema.Database": ["Database(Lnet/sf/jsqlparser/schema/Server;Ljava/lang/String;)V","setServer(Lnet/sf/jsqlparser/schema/Server;)V","setDatabaseName(Ljava/lang/String;)V","Database(Ljava/lang/String;)V","getFullyQualifiedName()Ljava/lang/String;"],
"net.sf.jsqlparser.schema.Table": ["Table(Lnet/sf/jsqlparser/schema/Database;Ljava/lang/String;Ljava/lang/String;)V","getAlias()Lnet/sf/jsqlparser/expression/Alias;","getFullyQualifiedName()Ljava/lang/String;","toString()Ljava/lang/String;","setAlias(Lnet/sf/jsqlparser/expression/Alias;)V","getName()Ljava/lang/String;"],
"net.sf.jsqlparser.statement.select.OrderByElement": ["OrderByElement()V","setExpression(Lnet/sf/jsqlparser/expression/Expression;)V","toString()Ljava/lang/String;","setAsc(Z)V","setAscDescPresent(Z)V","getExpression()Lnet/sf/jsqlparser/expression/Expression;","isAsc()Z","isAscDescPresent()Z","getNullOrdering()Lnet/sf/jsqlparser/statement/select/OrderByElement$NullOrdering;","setNullOrdering(Lnet/sf/jsqlparser/statement/select/OrderByElement$NullOrdering;)V"],
"net.sf.jsqlparser.schema.Column": ["Column(Lnet/sf/jsqlparser/schema/Table;Ljava/lang/String;)V","setTable(Lnet/sf/jsqlparser/schema/Table;)V","setColumnName(Ljava/lang/String;)V","toString()Ljava/lang/String;","getName(Z)Ljava/lang/String;","Column(Ljava/lang/String;)V","getTable()Lnet/sf/jsqlparser/schema/Table;","getColumnName()Ljava/lang/String;"],
"net.sf.jsqlparser.statement.select.SelectExpressionItem": ["SelectExpressionItem(Lnet/sf/jsqlparser/expression/Expression;)V","toString()Ljava/lang/String;","SelectExpressionItem()V","setExpression(Lnet/sf/jsqlparser/expression/Expression;)V","getExpression()Lnet/sf/jsqlparser/expression/Expression;","setAlias(Lnet/sf/jsqlparser/expression/Alias;)V","getAlias()Lnet/sf/jsqlparser/expression/Alias;"],
"com.github.pagehelper.util.MetaObjectUtil": ["<clinit>()V"],
"com.github.pagehelper.util.MetaObjectWithReflectCache": ["<clinit>()V"],
"com.github.pagehelper.PageInfo": ["PageInfo(Ljava/util/List;)V","PageInfo(Ljava/util/List;I)V","calcNavigatepageNums()V","calcPage()V","judgePageBoudary()V","getStartRow()I","getPageNum()I","toString()Ljava/lang/String;","getPageSize()I","getEndRow()I","getPages()I","isIsFirstPage()Z","isIsLastPage()Z","isHasPreviousPage()Z","isHasNextPage()Z"],
"com.github.pagehelper.PageSerializable": ["PageSerializable(Ljava/util/List;)V","getTotal()J","of(Ljava/util/List;)Lcom/github/pagehelper/PageSerializable;"],
"com.github.pagehelper.parser.OrderByParser": ["converToOrderBySql(Ljava/lang/String;Ljava/lang/String;)Ljava/lang/String;","extraOrderBy(Lnet/sf/jsqlparser/statement/select/SelectBody;)Ljava/util/List;"],
"net.sf.jsqlparser.expression.operators.relational.InExpression": ["InExpression()V","setLeftExpression(Lnet/sf/jsqlparser/expression/Expression;)V","setNot(Z)V","setRightItemsList(Lnet/sf/jsqlparser/expression/operators/relational/ItemsList;)V","toString()Ljava/lang/String;","getLeftExpressionString()Ljava/lang/String;"],
"net.sf.jsqlparser.expression.operators.relational.ExpressionList": ["ExpressionList()V","setExpressions(Ljava/util/List;)V","toString()Ljava/lang/String;"],
"net.sf.jsqlparser.expression.JdbcParameter": ["JdbcParameter(Ljava/lang/Integer;Z)V","toString()Ljava/lang/String;"],
"net.sf.jsqlparser.expression.operators.conditional.AndExpression": ["AndExpression(Lnet/sf/jsqlparser/expression/Expression;Lnet/sf/jsqlparser/expression/Expression;)V","getStringExpression()Ljava/lang/String;"],
"net.sf.jsqlparser.expression.BinaryExpression": ["BinaryExpression()V","setLeftExpression(Lnet/sf/jsqlparser/expression/Expression;)V","setRightExpression(Lnet/sf/jsqlparser/expression/Expression;)V","toString()Ljava/lang/String;","getLeftExpression()Lnet/sf/jsqlparser/expression/Expression;","getRightExpression()Lnet/sf/jsqlparser/expression/Expression;","isNot()Z"],
"net.sf.jsqlparser.expression.operators.relational.EqualsTo": ["EqualsTo()V"],
"net.sf.jsqlparser.expression.operators.relational.ComparisonOperator": ["ComparisonOperator(Ljava/lang/String;)V","getStringExpression()Ljava/lang/String;"],
"net.sf.jsqlparser.expression.operators.relational.OldOracleJoinBinaryExpression": ["OldOracleJoinBinaryExpression()V","toString()Ljava/lang/String;"],
"net.sf.jsqlparser.expression.operators.relational.GreaterThan": ["GreaterThan()V"],
"net.sf.jsqlparser.expression.operators.relational.NotEqualsTo": ["NotEqualsTo(Ljava/lang/String;)V"],
"net.sf.jsqlparser.statement.select.UnionOp": ["UnionOp()V","setAll(Z)V","toString()Ljava/lang/String;","isAll()Z","isDistinct()Z"],
"net.sf.jsqlparser.statement.select.SetOperationList$SetOperationType": ["<clinit>()V","SetOperationList$SetOperationType(Ljava/lang/String;I)V"],
"net.sf.jsqlparser.statement.select.SetOperation": ["SetOperation(Lnet/sf/jsqlparser/statement/select/SetOperationList$SetOperationType;)V","toString()Ljava/lang/String;"],
"net.sf.jsqlparser.statement.select.SubSelect": ["SubSelect()V","setSelectBody(Lnet/sf/jsqlparser/statement/select/SelectBody;)V","setAlias(Lnet/sf/jsqlparser/expression/Alias;)V","toString()Ljava/lang/String;","getSelectBody()Lnet/sf/jsqlparser/statement/select/SelectBody;"],
"com.github.pagehelper.PageException": ["PageException(Ljava/lang/String;)V"],
"net.sf.jsqlparser.statement.select.AllTableColumns": ["AllTableColumns(Lnet/sf/jsqlparser/schema/Table;)V","toString()Ljava/lang/String;","getTable()Lnet/sf/jsqlparser/schema/Table;"],
"net.sf.jsqlparser.statement.select.Join": ["Join()V","setLeft(Z)V","setOnExpression(Lnet/sf/jsqlparser/expression/Expression;)V","setRightItem(Lnet/sf/jsqlparser/statement/select/FromItem;)V","getRightItem()Lnet/sf/jsqlparser/statement/select/FromItem;","isSimple()Z","toString()Ljava/lang/String;","isRight()Z","isNatural()Z","isFull()Z","isLeft()Z","isOuter()Z","isInner()Z","isSemi()Z","setInner(Z)V","isCross()Z"],
"net.sf.jsqlparser.expression.LongValue": ["LongValue(Ljava/lang/String;)V","toString()Ljava/lang/String;","getStringValue()Ljava/lang/String;","LongValue(J)V"],
"net.sf.jsqlparser.expression.operators.relational.LikeExpression": ["LikeExpression()V","toString()Ljava/lang/String;","getStringExpression()Ljava/lang/String;"],
"net.sf.jsqlparser.expression.Function": ["Function()V","setParameters(Lnet/sf/jsqlparser/expression/operators/relational/ExpressionList;)V","setName(Ljava/lang/String;)V","setKeep(Lnet/sf/jsqlparser/expression/KeepExpression;)V","toString()Ljava/lang/String;","isDistinct()Z","isAllColumns()Z","getName()Ljava/lang/String;"],
"net.sf.jsqlparser.expression.StringValue": ["<clinit>()V","StringValue(Ljava/lang/String;)V","toString()Ljava/lang/String;"],
"net.sf.jsqlparser.expression.Parenthesis": ["Parenthesis(Lnet/sf/jsqlparser/expression/Expression;)V","setExpression(Lnet/sf/jsqlparser/expression/Expression;)V","toString()Ljava/lang/String;"],
"net.sf.jsqlparser.expression.operators.arithmetic.Multiplication": ["Multiplication()V","getStringExpression()Ljava/lang/String;"],
"net.sf.jsqlparser.statement.select.Distinct": ["Distinct()V","toString()Ljava/lang/String;"],
"net.sf.jsqlparser.expression.operators.relational.ExistsExpression": ["ExistsExpression()V","setRightExpression(Lnet/sf/jsqlparser/expression/Expression;)V","toString()Ljava/lang/String;","getStringExpression()Ljava/lang/String;"],
"net.sf.jsqlparser.expression.operators.relational.MinorThanEquals": ["MinorThanEquals(Ljava/lang/String;)V"],
"com.github.pagehelper.dialect.rowbounds.HsqldbRowBoundsDialect": ["HsqldbRowBoundsDialect()V"],
"com.github.pagehelper.dialect.AbstractRowBoundsDialect": ["AbstractRowBoundsDialect()V","setProperties(Ljava/util/Properties;)V","afterAll()V"],
"com.github.pagehelper.PageRowBounds": ["PageRowBounds(II)V","getCount()Ljava/lang/Boolean;","setTotal(Ljava/lang/Long;)V","getTotal()Ljava/lang/Long;"],
"net.sf.jsqlparser.parser.ParseException": ["<clinit>()V","ParseException(Lnet/sf/jsqlparser/parser/Token;[[I[Ljava/lang/String;Ljava/lang/String;)V","initialise(Lnet/sf/jsqlparser/parser/Token;[[I[Ljava/lang/String;Ljava/lang/String;)Ljava/lang/String;","add_escapes(Ljava/lang/String;)Ljava/lang/String;"],
"net.sf.jsqlparser.parser.CCJSqlParserConstants": ["<clinit>()V"],
"net.sf.jsqlparser.JSQLParserException": ["JSQLParserException(Ljava/lang/Throwable;)V"],
"net.sf.jsqlparser.expression.operators.conditional.OrExpression": ["OrExpression(Lnet/sf/jsqlparser/expression/Expression;Lnet/sf/jsqlparser/expression/Expression;)V","getStringExpression()Ljava/lang/String;"],
"net.sf.jsqlparser.statement.select.Limit": ["Limit()V","setRowCount(Lnet/sf/jsqlparser/expression/Expression;)V","toString()Ljava/lang/String;"],
"net.sf.jsqlparser.statement.select.WithItem": ["WithItem()V","setName(Ljava/lang/String;)V","setSelectBody(Lnet/sf/jsqlparser/statement/select/SelectBody;)V","getSelectBody()Lnet/sf/jsqlparser/statement/select/SelectBody;","toString()Ljava/lang/String;"],
"com.github.pagehelper.parser.SqlServerParser": ["<clinit>()V","SqlServerParser()V","convertToPageSql(Ljava/lang/String;Ljava/lang/Integer;Ljava/lang/Integer;)Ljava/lang/String;","getPageSelect(Lnet/sf/jsqlparser/statement/select/Select;)Lnet/sf/jsqlparser/statement/select/Select;","getSelectItems(Lnet/sf/jsqlparser/statement/select/PlainSelect;)Ljava/util/List;","addRowNumber(Lnet/sf/jsqlparser/statement/select/PlainSelect;Ljava/util/List;)Lnet/sf/jsqlparser/statement/select/SelectItem;","isNotEmptyList(Ljava/util/List;)Z","getOrderByElements(Lnet/sf/jsqlparser/statement/select/PlainSelect;Ljava/util/List;)Ljava/util/List;","processSelectBody(Lnet/sf/jsqlparser/statement/select/SelectBody;I)V","processPlainSelect(Lnet/sf/jsqlparser/statement/select/PlainSelect;I)V","processFromItem(Lnet/sf/jsqlparser/statement/select/FromItem;I)V","cloneOrderByElement(Lnet/sf/jsqlparser/statement/select/OrderByElement;Ljava/lang/String;)Lnet/sf/jsqlparser/statement/select/OrderByElement;","cloneOrderByElement(Lnet/sf/jsqlparser/statement/select/OrderByElement;Lnet/sf/jsqlparser/expression/Expression;)Lnet/sf/jsqlparser/statement/select/OrderByElement;","wrapSetOperationList(Lnet/sf/jsqlparser/statement/select/SetOperationList;)Lnet/sf/jsqlparser/statement/select/SelectBody;"],
"net.sf.jsqlparser.statement.select.Top": ["Top()V","setExpression(Lnet/sf/jsqlparser/expression/Expression;)V","setPercentage(Z)V","toString()Ljava/lang/String;"],
"net.sf.jsqlparser.expression.operators.relational.MinorThan": ["MinorThan()V"]
}