hamcrest-core-1.3,BloatedClass,org.hamcrest.Condition$1
hamcrest-core-1.3,UsedClass,org.hamcrest.core.IsNull
hamcrest-core-1.3,UsedClass,org.hamcrest.BaseDescription
hamcrest-core-1.3,UsedClass,org.hamcrest.CoreMatchers
hamcrest-core-1.3,UsedClass,org.hamcrest.core.IsNot
hamcrest-core-1.3,UsedClass,org.hamcrest.StringDescription
hamcrest-core-1.3,BloatedClass,org.hamcrest.internal.SelfDescribingValue
hamcrest-core-1.3,UsedClass,org.hamcrest.internal.ReflectiveTypeFinder
hamcrest-core-1.3,BloatedClass,org.hamcrest.Condition$Step
hamcrest-core-1.3,BloatedClass,org.hamcrest.CustomTypeSafeMatcher
hamcrest-core-1.3,UsedClass,org.hamcrest.core.CombinableMatcher
hamcrest-core-1.3,UsedClass,org.hamcrest.core.AllOf
hamcrest-core-1.3,UsedClass,org.hamcrest.core.Every
hamcrest-core-1.3,UsedClass,org.hamcrest.core.Is
hamcrest-core-1.3,UsedClass,org.hamcrest.TypeSafeDiagnosingMatcher
hamcrest-core-1.3,UsedClass,org.hamcrest.BaseMatcher
hamcrest-core-1.3,UsedClass,org.hamcrest.core.AnyOf
hamcrest-core-1.3,UsedClass,org.hamcrest.core.StringContains
hamcrest-core-1.3,UsedClass,org.hamcrest.core.CombinableMatcher$CombinableBothMatcher
hamcrest-core-1.3,BloatedClass,org.hamcrest.core.IsAnything
hamcrest-core-1.3,UsedClass,org.hamcrest.core.IsEqual
hamcrest-core-1.3,UsedClass,org.hamcrest.core.ShortcutCombination
hamcrest-core-1.3,BloatedClass,org.hamcrest.internal.SelfDescribingValueIterator
hamcrest-core-1.3,BloatedClass,org.hamcrest.Factory
hamcrest-core-1.3,BloatedClass,org.hamcrest.core.StringEndsWith
hamcrest-core-1.3,UsedClass,org.hamcrest.core.IsInstanceOf
hamcrest-core-1.3,UsedClass,org.hamcrest.core.IsSame
hamcrest-core-1.3,BloatedClass,org.hamcrest.Condition$Matched
hamcrest-core-1.3,UsedClass,org.hamcrest.core.StringStartsWith
hamcrest-core-1.3,UsedClass,org.hamcrest.Description
hamcrest-core-1.3,UsedClass,org.hamcrest.core.SubstringMatcher
hamcrest-core-1.3,BloatedClass,org.hamcrest.Condition
hamcrest-core-1.3,BloatedClass,org.hamcrest.CustomMatcher
hamcrest-core-1.3,UsedClass,org.hamcrest.TypeSafeMatcher
hamcrest-core-1.3,BloatedClass,org.hamcrest.core.DescribedAs
hamcrest-core-1.3,UsedClass,org.hamcrest.core.IsCollectionContaining
hamcrest-core-1.3,UsedClass,org.hamcrest.core.CombinableMatcher$CombinableEitherMatcher
hamcrest-core-1.3,BloatedClass,org.hamcrest.internal.ArrayIterator
hamcrest-core-1.3,BloatedClass,org.hamcrest.FeatureMatcher
hamcrest-core-1.3,UsedClass,org.hamcrest.MatcherAssert
hamcrest-core-1.3,UsedClass,org.hamcrest.Matcher
hamcrest-core-1.3,BloatedClass,org.hamcrest.Condition$NotMatched
hamcrest-core-1.3,UsedClass,org.hamcrest.Description$NullDescription
hamcrest-core-1.3,UsedClass,org.hamcrest.SelfDescribing
hamcrest-core-1.3,UsedClass,org.hamcrest.DiagnosingMatcher
hamcrest-core-1.3,BloatedClass,org.hamcrest.Condition$1
hamcrest-core-1.3,UsedClass,org.hamcrest.core.IsNull
hamcrest-core-1.3,UsedClass,org.hamcrest.BaseDescription
hamcrest-core-1.3,UsedClass,org.hamcrest.CoreMatchers
hamcrest-core-1.3,UsedClass,org.hamcrest.core.IsNot
hamcrest-core-1.3,UsedClass,org.hamcrest.StringDescription
hamcrest-core-1.3,BloatedClass,org.hamcrest.internal.SelfDescribingValue
hamcrest-core-1.3,UsedClass,org.hamcrest.internal.ReflectiveTypeFinder
hamcrest-core-1.3,BloatedClass,org.hamcrest.Condition$Step
hamcrest-core-1.3,BloatedClass,org.hamcrest.CustomTypeSafeMatcher
hamcrest-core-1.3,UsedClass,org.hamcrest.core.CombinableMatcher
hamcrest-core-1.3,UsedClass,org.hamcrest.core.AllOf
hamcrest-core-1.3,UsedClass,org.hamcrest.core.Every
hamcrest-core-1.3,UsedClass,org.hamcrest.core.Is
hamcrest-core-1.3,UsedClass,org.hamcrest.TypeSafeDiagnosingMatcher
hamcrest-core-1.3,UsedClass,org.hamcrest.BaseMatcher
hamcrest-core-1.3,UsedClass,org.hamcrest.core.AnyOf
hamcrest-core-1.3,UsedClass,org.hamcrest.core.StringContains
hamcrest-core-1.3,UsedClass,org.hamcrest.core.CombinableMatcher$CombinableBothMatcher
hamcrest-core-1.3,BloatedClass,org.hamcrest.core.IsAnything
hamcrest-core-1.3,UsedClass,org.hamcrest.core.IsEqual
hamcrest-core-1.3,UsedClass,org.hamcrest.core.ShortcutCombination
hamcrest-core-1.3,BloatedClass,org.hamcrest.internal.SelfDescribingValueIterator
hamcrest-core-1.3,BloatedClass,org.hamcrest.Factory
hamcrest-core-1.3,BloatedClass,org.hamcrest.core.StringEndsWith
hamcrest-core-1.3,UsedClass,org.hamcrest.core.IsInstanceOf
hamcrest-core-1.3,UsedClass,org.hamcrest.core.IsSame
hamcrest-core-1.3,BloatedClass,org.hamcrest.Condition$Matched
hamcrest-core-1.3,UsedClass,org.hamcrest.core.StringStartsWith
hamcrest-core-1.3,UsedClass,org.hamcrest.Description
hamcrest-core-1.3,UsedClass,org.hamcrest.core.SubstringMatcher
hamcrest-core-1.3,BloatedClass,org.hamcrest.Condition
hamcrest-core-1.3,BloatedClass,org.hamcrest.CustomMatcher
hamcrest-core-1.3,UsedClass,org.hamcrest.TypeSafeMatcher
hamcrest-core-1.3,BloatedClass,org.hamcrest.core.DescribedAs
hamcrest-core-1.3,UsedClass,org.hamcrest.core.IsCollectionContaining
hamcrest-core-1.3,UsedClass,org.hamcrest.core.CombinableMatcher$CombinableEitherMatcher
hamcrest-core-1.3,BloatedClass,org.hamcrest.internal.ArrayIterator
hamcrest-core-1.3,BloatedClass,org.hamcrest.FeatureMatcher
hamcrest-core-1.3,UsedClass,org.hamcrest.MatcherAssert
hamcrest-core-1.3,UsedClass,org.hamcrest.Matcher
hamcrest-core-1.3,BloatedClass,org.hamcrest.Condition$NotMatched
hamcrest-core-1.3,UsedClass,org.hamcrest.Description$NullDescription
hamcrest-core-1.3,UsedClass,org.hamcrest.SelfDescribing
hamcrest-core-1.3,UsedClass,org.hamcrest.DiagnosingMatcher
hamcrest-core-1.3,BloatedClass,org.hamcrest.Condition$1
hamcrest-core-1.3,UsedClass,org.hamcrest.core.IsNull
hamcrest-core-1.3,UsedClass,org.hamcrest.BaseDescription
hamcrest-core-1.3,UsedClass,org.hamcrest.CoreMatchers
hamcrest-core-1.3,UsedClass,org.hamcrest.core.IsNot
hamcrest-core-1.3,UsedClass,org.hamcrest.StringDescription
hamcrest-core-1.3,BloatedClass,org.hamcrest.internal.SelfDescribingValue
hamcrest-core-1.3,UsedClass,org.hamcrest.internal.ReflectiveTypeFinder
hamcrest-core-1.3,BloatedClass,org.hamcrest.Condition$Step
hamcrest-core-1.3,BloatedClass,org.hamcrest.CustomTypeSafeMatcher
hamcrest-core-1.3,UsedClass,org.hamcrest.core.CombinableMatcher
hamcrest-core-1.3,UsedClass,org.hamcrest.core.AllOf
hamcrest-core-1.3,UsedClass,org.hamcrest.core.Every
hamcrest-core-1.3,UsedClass,org.hamcrest.core.Is
hamcrest-core-1.3,UsedClass,org.hamcrest.TypeSafeDiagnosingMatcher
hamcrest-core-1.3,UsedClass,org.hamcrest.BaseMatcher
hamcrest-core-1.3,UsedClass,org.hamcrest.core.AnyOf
hamcrest-core-1.3,UsedClass,org.hamcrest.core.StringContains
hamcrest-core-1.3,UsedClass,org.hamcrest.core.CombinableMatcher$CombinableBothMatcher
hamcrest-core-1.3,BloatedClass,org.hamcrest.core.IsAnything
hamcrest-core-1.3,UsedClass,org.hamcrest.core.IsEqual
hamcrest-core-1.3,UsedClass,org.hamcrest.core.ShortcutCombination
hamcrest-core-1.3,BloatedClass,org.hamcrest.internal.SelfDescribingValueIterator
hamcrest-core-1.3,BloatedClass,org.hamcrest.Factory
hamcrest-core-1.3,BloatedClass,org.hamcrest.core.StringEndsWith
hamcrest-core-1.3,UsedClass,org.hamcrest.core.IsInstanceOf
hamcrest-core-1.3,UsedClass,org.hamcrest.core.IsSame
hamcrest-core-1.3,BloatedClass,org.hamcrest.Condition$Matched
hamcrest-core-1.3,UsedClass,org.hamcrest.core.StringStartsWith
hamcrest-core-1.3,UsedClass,org.hamcrest.Description
hamcrest-core-1.3,UsedClass,org.hamcrest.core.SubstringMatcher
hamcrest-core-1.3,BloatedClass,org.hamcrest.Condition
hamcrest-core-1.3,BloatedClass,org.hamcrest.CustomMatcher
hamcrest-core-1.3,UsedClass,org.hamcrest.TypeSafeMatcher
hamcrest-core-1.3,BloatedClass,org.hamcrest.core.DescribedAs
hamcrest-core-1.3,UsedClass,org.hamcrest.core.IsCollectionContaining
hamcrest-core-1.3,UsedClass,org.hamcrest.core.CombinableMatcher$CombinableEitherMatcher
hamcrest-core-1.3,BloatedClass,org.hamcrest.internal.ArrayIterator
hamcrest-core-1.3,BloatedClass,org.hamcrest.FeatureMatcher
hamcrest-core-1.3,UsedClass,org.hamcrest.MatcherAssert
hamcrest-core-1.3,UsedClass,org.hamcrest.Matcher
hamcrest-core-1.3,BloatedClass,org.hamcrest.Condition$NotMatched
hamcrest-core-1.3,UsedClass,org.hamcrest.Description$NullDescription
hamcrest-core-1.3,UsedClass,org.hamcrest.SelfDescribing
hamcrest-core-1.3,UsedClass,org.hamcrest.DiagnosingMatcher
jcov-file-saver-1.0,BloatedClass,com.sun.tdk.jcov.tools.JcovVersion
jcov-file-saver-1.0,BloatedClass,com.sun.tdk.jcov.runtime.TemplateFileSaver
jcov-file-saver-1.0,BloatedClass,com.sun.tdk.jcov.runtime.CollectDetect$ThreadInfo
jcov-file-saver-1.0,BloatedClass,com.sun.tdk.jcov.runtime.Collect
jcov-file-saver-1.0,BloatedClass,com.sun.tdk.jcov.constants.MiscConstants
jcov-file-saver-1.0,BloatedClass,com.sun.tdk.jcov.runtime.SaverDecorator
jcov-file-saver-1.0,BloatedClass,com.sun.tdk.jcov.runtime.CollectDetect
jcov-file-saver-1.0,BloatedClass,com.sun.tdk.jcov.runtime.JCovSaver
jcov-file-saver-1.0,BloatedClass,com.sun.tdk.jcov.runtime.PropertyFinder$1
jcov-file-saver-1.0,BloatedClass,com.sun.tdk.jcov.runtime.PropertyFinder
jcov-file-saver-1.0,BloatedClass,com.sun.tdk.jcov.util.MapHelper
jcov-file-saver-1.0,BloatedClass,com.sun.tdk.jcov.util.RuntimeUtils
