JCov,com.github.pedrovgs.pair.Pair,equals(Ljava/lang/Object;)Z
JCov,com.github.pedrovgs.pair.Pair,<init>(Ljava/lang/Object;Ljava/lang/Object;)V
JCov,com.github.pedrovgs.problem3.SumBinaryNumbers,sumBinaryNumbersBasedOnPowersOfTwo(Ljava/lang/String;Ljava/lang/String;)Ljava/lang/String;
JCov,com.github.pedrovgs.problem3.SumBinaryNumbers,sumBinaryNumbersBasedOnCount(Ljava/lang/String;Ljava/lang/String;)Ljava/lang/String;
JCov,com.github.pedrovgs.problem3.SumBinaryNumbers,sumBinaryNumbersCheating(Ljava/lang/String;Ljava/lang/String;)Ljava/lang/String;
JCov,com.github.pedrovgs.problem3.SumBinaryNumbers,validateInput(Ljava/lang/String;Ljava/lang/String;)V
JCov,com.github.pedrovgs.problem3.SumBinaryNumbers,getValueAt(Ljava/lang/String;I)I
JCov,com.github.pedrovgs.problem3.SumBinaryNumbers,<init>()V
JCov,com.github.pedrovgs.problem8.SplitArray,splitSwappingPartition([I)V
JCov,com.github.pedrovgs.problem8.SplitArray,splitSorting([I)V
JCov,com.github.pedrovgs.problem8.SplitArray,splitSwappingIterative([I)V
JCov,com.github.pedrovgs.problem8.SplitArray,splitSwappingRecursiveInner([III)V
JCov,com.github.pedrovgs.problem8.SplitArray,swap([III)V
JCov,com.github.pedrovgs.problem8.SplitArray,<init>()V
JCov,com.github.pedrovgs.problem8.SplitArray,splitSwappingRecursive([I)V
JCov,com.github.pedrovgs.problem50.UniqueChars,evaluate(Ljava/lang/String;)Z
JCov,com.github.pedrovgs.problem50.UniqueChars,evaluate2(Ljava/lang/String;)Z
JCov,com.github.pedrovgs.problem50.UniqueChars,validateInput(Ljava/lang/String;)V
JCov,com.github.pedrovgs.problem50.UniqueChars,<init>()V
JCov,com.github.pedrovgs.problem63.ConstantComplexityOrderStack$MinValue,<init>(II)V
JCov,com.github.pedrovgs.problem65.IsTreeBalanced,getRootHeight(Lcom/github/pedrovgs/binarytree/BinaryNode;)I
JCov,com.github.pedrovgs.problem65.IsTreeBalanced,check(Lcom/github/pedrovgs/binarytree/BinaryNode;)Z
JCov,com.github.pedrovgs.problem65.IsTreeBalanced,<init>()V
JCov,com.github.pedrovgs.problem31.FindLongestConsecutiveSequence,findIterative([I)I
JCov,com.github.pedrovgs.problem31.FindLongestConsecutiveSequence,validateInput([I)V
JCov,com.github.pedrovgs.problem31.FindLongestConsecutiveSequence,findRecursive([I)I
JCov,com.github.pedrovgs.problem31.FindLongestConsecutiveSequence,findRecursiveInner([IIII)I
JCov,com.github.pedrovgs.problem31.FindLongestConsecutiveSequence,<init>()V
JCov,com.github.pedrovgs.problem4.SquareRoot,calculateSquareRootRecursive(I)F
JCov,com.github.pedrovgs.problem4.SquareRoot,isGoodResultForSqrt(FF)Z
JCov,com.github.pedrovgs.problem4.SquareRoot,<init>()V
JCov,com.github.pedrovgs.problem4.SquareRoot,calculateSquareRootIterative(I)F
JCov,com.github.pedrovgs.problem4.SquareRoot,sqrtRecursiveInner(FFF)F
JCov,com.github.pedrovgs.problem47.ReturnChange,calculate([II)Ljava/util/List;
JCov,com.github.pedrovgs.problem47.ReturnChange,validateInputData([II)V
JCov,com.github.pedrovgs.problem47.ReturnChange,<init>()V
JCov,com.github.pedrovgs.problem1.BitsCounter,countBitsToOneBasedOnBinaryOperators(I)I
JCov,com.github.pedrovgs.problem1.BitsCounter,<init>()V
JCov,com.github.pedrovgs.problem1.BitsCounter,countBitsToOneBasedOnString(I)I
JCov,com.github.pedrovgs.problem12.MoveZerosInArray,swap([III)V
JCov,com.github.pedrovgs.problem12.MoveZerosInArray,<init>()V
JCov,com.github.pedrovgs.problem12.MoveZerosInArray,moveUsingTwoPointers([I)V
JCov,com.github.pedrovgs.problem12.MoveZerosInArray,moveSorting([I)V
JCov,com.github.pedrovgs.problem12.MoveZerosInArray,validateArray([I)V
JCov,com.github.pedrovgs.problem28.FindSums,validateInput([I)V
JCov,com.github.pedrovgs.problem28.FindSums,findLinearComplexityOrder([II)Ljava/util/List;
JCov,com.github.pedrovgs.problem28.FindSums,find([II)Ljava/util/List;
JCov,com.github.pedrovgs.problem28.FindSums,<init>()V
JCov,com.github.pedrovgs.problem41.GoThroughMatrixInSpiral,<init>()V
JCov,com.github.pedrovgs.problem41.GoThroughMatrixInSpiral,go([[I)[I
JCov,com.github.pedrovgs.problem26.Palindromes,evaluate(Ljava/lang/String;)Z
JCov,com.github.pedrovgs.problem26.Palindromes,<init>()V
JCov,com.github.pedrovgs.problem80.QuickSort,sort([I)V
JCov,com.github.pedrovgs.problem80.QuickSort,partition([III)I
JCov,com.github.pedrovgs.problem80.QuickSort,<init>()V
JCov,com.github.pedrovgs.problem80.QuickSort,quickSort([III)V
JCov,com.github.pedrovgs.problem63.ConstantComplexityOrderStack$Stack2,pop()Ljava/lang/Integer;
JCov,com.github.pedrovgs.problem63.ConstantComplexityOrderStack$Stack2,<init>()V
JCov,com.github.pedrovgs.problem63.ConstantComplexityOrderStack$Stack2,getMin()I
JCov,com.github.pedrovgs.problem63.ConstantComplexityOrderStack$Stack2,push(I)V
JCov,com.github.pedrovgs.problem30.ScientificNotation,calculate(Ljava/lang/String;)J
JCov,com.github.pedrovgs.problem30.ScientificNotation,getNumberSign(Ljava/lang/String;)I
JCov,com.github.pedrovgs.problem30.ScientificNotation,getPow(Ljava/lang/String;)I
JCov,com.github.pedrovgs.problem30.ScientificNotation,splitScientificNumber(Ljava/lang/String;)[Ljava/lang/String;
JCov,com.github.pedrovgs.problem30.ScientificNotation,getLeftPart(Ljava/lang/String;)D
JCov,com.github.pedrovgs.problem30.ScientificNotation,<init>()V
JCov,com.github.pedrovgs.problem20.MultiplicationWithoutMultiply,calculate(II)I
JCov,com.github.pedrovgs.problem20.MultiplicationWithoutMultiply,<init>()V
JCov,com.github.pedrovgs.problem63.ConstantComplexityOrderStack$Stack1,<init>()V
JCov,com.github.pedrovgs.problem63.ConstantComplexityOrderStack$Stack1,getMin()I
JCov,com.github.pedrovgs.problem63.ConstantComplexityOrderStack$Stack1,push(I)V
JCov,com.github.pedrovgs.problem76.InsertionSort,sort([I)V
JCov,com.github.pedrovgs.problem76.InsertionSort,<init>()V
JCov,com.github.pedrovgs.problem14.BinaryTreePreOrder,validateBinaryNode(Lcom/github/pedrovgs/binarytree/BinaryNode;)V
JCov,com.github.pedrovgs.problem14.BinaryTreePreOrder,getIterative(Lcom/github/pedrovgs/binarytree/BinaryNode;)Ljava/util/List;
JCov,com.github.pedrovgs.problem14.BinaryTreePreOrder,getInner(Lcom/github/pedrovgs/binarytree/BinaryNode;)Ljava/util/List;
JCov,com.github.pedrovgs.problem14.BinaryTreePreOrder,<init>()V
JCov,com.github.pedrovgs.problem14.BinaryTreePreOrder,getRecursive(Lcom/github/pedrovgs/binarytree/BinaryNode;)Ljava/util/List;
JCov,com.github.pedrovgs.problem45.FindNthMostRepeatedElement,find([II)I
JCov,com.github.pedrovgs.problem45.FindNthMostRepeatedElement,<init>()V
JCov,com.github.pedrovgs.problem45.FindNthMostRepeatedElement,validateInput([II)V
JCov,com.github.pedrovgs.problem45.FindNthMostRepeatedElement,validateResult(Ljava/lang/Integer;)V
JCov,com.github.pedrovgs.problem18.IsBST,validateInput(Lcom/github/pedrovgs/binarytree/BinaryNode;)V
JCov,com.github.pedrovgs.problem18.IsBST,checkIterative(Lcom/github/pedrovgs/binarytree/BinaryNode;)Z
JCov,com.github.pedrovgs.problem18.IsBST,checkRecursive(Lcom/github/pedrovgs/binarytree/BinaryNode;)Z
JCov,com.github.pedrovgs.problem18.IsBST,checkRecursiveInner(Lcom/github/pedrovgs/binarytree/BinaryNode;)Z
JCov,com.github.pedrovgs.problem18.IsBST,isListOrdered(Ljava/util/List;)Z
JCov,com.github.pedrovgs.problem18.IsBST,<init>()V
JCov,com.github.pedrovgs.problem79.MergeSort,sort([I)V
JCov,com.github.pedrovgs.problem79.MergeSort,mergeSort(II)V
JCov,com.github.pedrovgs.problem79.MergeSort,<init>()V
JCov,com.github.pedrovgs.problem79.MergeSort,merge(III)V
JCov,com.github.pedrovgs.problem21.LowestCommonAncestor,getPathTo(Lcom/github/pedrovgs/binarytree/BinaryNode;Lcom/github/pedrovgs/binarytree/BinaryNode;)Ljava/util/List;
JCov,com.github.pedrovgs.problem21.LowestCommonAncestor,validateInput(Lcom/github/pedrovgs/binarytree/BinaryNode;Lcom/github/pedrovgs/binarytree/BinaryNode;Lcom/github/pedrovgs/binarytree/BinaryNode;)V
JCov,com.github.pedrovgs.problem21.LowestCommonAncestor,getRecursiveInner(Lcom/github/pedrovgs/binarytree/BinaryNode;Lcom/github/pedrovgs/binarytree/BinaryNode;Lcom/github/pedrovgs/binarytree/BinaryNode;)Lcom/github/pedrovgs/binarytree/BinaryNode;
JCov,com.github.pedrovgs.problem21.LowestCommonAncestor,getRecursive(Lcom/github/pedrovgs/binarytree/BinaryNode;Lcom/github/pedrovgs/binarytree/BinaryNode;Lcom/github/pedrovgs/binarytree/BinaryNode;)Lcom/github/pedrovgs/binarytree/BinaryNode;
JCov,com.github.pedrovgs.problem21.LowestCommonAncestor,getIterative(Lcom/github/pedrovgs/binarytree/BinaryNode;Lcom/github/pedrovgs/binarytree/BinaryNode;Lcom/github/pedrovgs/binarytree/BinaryNode;)Lcom/github/pedrovgs/binarytree/BinaryNode;
JCov,com.github.pedrovgs.problem21.LowestCommonAncestor,<init>()V
JCov,com.github.pedrovgs.problem53.CompressString,appendLastCharIfNeeded(Ljava/lang/StringBuilder;IC)V
JCov,com.github.pedrovgs.problem53.CompressString,compressAlternativeApproach(Ljava/lang/String;)Ljava/lang/String;
JCov,com.github.pedrovgs.problem53.CompressString,validateInput(Ljava/lang/String;)V
JCov,com.github.pedrovgs.problem53.CompressString,addChar(Ljava/lang/StringBuilder;C)V
JCov,com.github.pedrovgs.problem53.CompressString,compressRecursiveInner(Ljava/lang/String;Ljava/lang/StringBuilder;ICI)Ljava/lang/String;
JCov,com.github.pedrovgs.problem53.CompressString,addCharCounterIfNeeded(Ljava/lang/StringBuilder;I)V
JCov,com.github.pedrovgs.problem53.CompressString,<init>()V
JCov,com.github.pedrovgs.problem53.CompressString,isCharRepeated(CC)Z
JCov,com.github.pedrovgs.problem53.CompressString,compress(Ljava/lang/String;)Ljava/lang/String;
JCov,com.github.pedrovgs.problem53.CompressString,compressRecursive(Ljava/lang/String;)Ljava/lang/String;
JCov,com.github.pedrovgs.linkedlist.ListNode,getData()Ljava/lang/Object;
JCov,com.github.pedrovgs.linkedlist.ListNode,equals(Ljava/lang/Object;)Z
JCov,com.github.pedrovgs.linkedlist.ListNode,<init>(Ljava/lang/Object;)V
JCov,com.github.pedrovgs.linkedlist.ListNode,setData(Ljava/lang/Object;)V
JCov,com.github.pedrovgs.linkedlist.ListNode,setNext(Lcom/github/pedrovgs/linkedlist/ListNode;)V
JCov,com.github.pedrovgs.linkedlist.ListNode,getNext()Lcom/github/pedrovgs/linkedlist/ListNode;
JCov,com.github.pedrovgs.problem39.MultiplyArrayElements,<init>()V
JCov,com.github.pedrovgs.problem39.MultiplyArrayElements,multiply([I)[I
JCov,com.github.pedrovgs.problem69.BitsToTransform,calculate(II)I
JCov,com.github.pedrovgs.problem69.BitsToTransform,<init>()V
JCov,com.github.pedrovgs.problem17.BinaryTreeEquals,areEqualsInner(Lcom/github/pedrovgs/binarytree/BinaryNode;Lcom/github/pedrovgs/binarytree/BinaryNode;)Z
JCov,com.github.pedrovgs.problem17.BinaryTreeEquals,areEqualsRecursive(Lcom/github/pedrovgs/binarytree/BinaryNode;Lcom/github/pedrovgs/binarytree/BinaryNode;)Z
JCov,com.github.pedrovgs.problem17.BinaryTreeEquals,areEqualsIterative(Lcom/github/pedrovgs/binarytree/BinaryNode;Lcom/github/pedrovgs/binarytree/BinaryNode;)Z
JCov,com.github.pedrovgs.problem17.BinaryTreeEquals,validateInput(Lcom/github/pedrovgs/binarytree/BinaryNode;Lcom/github/pedrovgs/binarytree/BinaryNode;)V
JCov,com.github.pedrovgs.problem17.BinaryTreeEquals,<init>()V
JCov,com.github.pedrovgs.problem17.BinaryTreeEquals,addNodeToStack(Ljava/util/Stack;Lcom/github/pedrovgs/binarytree/BinaryNode;)V
JCov,com.github.pedrovgs.problem64.GetTheElementInTheMiddleOfTheList,validateInput(Lcom/github/pedrovgs/linkedlist/ListNode;)V
JCov,com.github.pedrovgs.problem64.GetTheElementInTheMiddleOfTheList,get(Lcom/github/pedrovgs/linkedlist/ListNode;)Lcom/github/pedrovgs/linkedlist/ListNode;
JCov,com.github.pedrovgs.problem64.GetTheElementInTheMiddleOfTheList,getListSize(Lcom/github/pedrovgs/linkedlist/ListNode;)I
JCov,com.github.pedrovgs.problem64.GetTheElementInTheMiddleOfTheList,get2(Lcom/github/pedrovgs/linkedlist/ListNode;)Lcom/github/pedrovgs/linkedlist/ListNode;
JCov,com.github.pedrovgs.problem64.GetTheElementInTheMiddleOfTheList,<init>()V
JCov,com.github.pedrovgs.binarytree.BinaryNode,getData()Ljava/lang/Object;
JCov,com.github.pedrovgs.binarytree.BinaryNode,setRight(Lcom/github/pedrovgs/binarytree/BinaryNode;)V
JCov,com.github.pedrovgs.binarytree.BinaryNode,equals(Ljava/lang/Object;)Z
JCov,com.github.pedrovgs.binarytree.BinaryNode,getLeft()Lcom/github/pedrovgs/binarytree/BinaryNode;
JCov,com.github.pedrovgs.binarytree.BinaryNode,hasLeft()Z
JCov,com.github.pedrovgs.binarytree.BinaryNode,<init>(Ljava/lang/Object;)V
JCov,com.github.pedrovgs.binarytree.BinaryNode,setLeft(Lcom/github/pedrovgs/binarytree/BinaryNode;)V
JCov,com.github.pedrovgs.binarytree.BinaryNode,getRight()Lcom/github/pedrovgs/binarytree/BinaryNode;
JCov,com.github.pedrovgs.binarytree.BinaryNode,hasRight()Z
JCov,com.github.pedrovgs.problem16.BinaryTreePostOrder,getIterative(Lcom/github/pedrovgs/binarytree/BinaryNode;)Ljava/util/List;
JCov,com.github.pedrovgs.problem16.BinaryTreePostOrder,getInner(Lcom/github/pedrovgs/binarytree/BinaryNode;)Ljava/util/List;
JCov,com.github.pedrovgs.problem16.BinaryTreePostOrder,<init>()V
JCov,com.github.pedrovgs.problem16.BinaryTreePostOrder,getRecursive(Lcom/github/pedrovgs/binarytree/BinaryNode;)Ljava/util/List;
JCov,com.github.pedrovgs.problem16.BinaryTreePostOrder,validateTree(Lcom/github/pedrovgs/binarytree/BinaryNode;)V
JCov,com.github.pedrovgs.problem59.DeleteListNode,<init>()V
JCov,com.github.pedrovgs.problem59.DeleteListNode,delete(Lcom/github/pedrovgs/linkedlist/ListNode;)V
JCov,com.github.pedrovgs.problem59.DeleteListNode,validateInputData(Lcom/github/pedrovgs/linkedlist/ListNode;)V
JCov,com.github.pedrovgs.problem11.IntToString,transform(I)Ljava/lang/String;
JCov,com.github.pedrovgs.problem11.IntToString,<init>()V
JCov,com.github.pedrovgs.problem46.BinaryTreeSerialization,deserialize(Ljava/lang/String;)Lcom/github/pedrovgs/binarytree/BinaryNode;
JCov,com.github.pedrovgs.problem46.BinaryTreeSerialization,serializeInner(Lcom/github/pedrovgs/binarytree/BinaryNode;)Ljava/lang/String;
JCov,com.github.pedrovgs.problem46.BinaryTreeSerialization,serialize(Lcom/github/pedrovgs/binarytree/BinaryNode;)Ljava/lang/String;
JCov,com.github.pedrovgs.problem46.BinaryTreeSerialization,<clinit>()V
JCov,com.github.pedrovgs.problem46.BinaryTreeSerialization,validateInput(Ljava/lang/String;)V
JCov,com.github.pedrovgs.problem46.BinaryTreeSerialization,<init>()V
JCov,com.github.pedrovgs.problem46.BinaryTreeSerialization,validateInputTree(Lcom/github/pedrovgs/binarytree/BinaryNode;)V
JCov,com.github.pedrovgs.problem58.FindKthElement,find3(Lcom/github/pedrovgs/linkedlist/ListNode;I)Lcom/github/pedrovgs/linkedlist/ListNode;
JCov,com.github.pedrovgs.problem58.FindKthElement,calculateListSize(Lcom/github/pedrovgs/linkedlist/ListNode;)I
JCov,com.github.pedrovgs.problem58.FindKthElement,validateInput(Lcom/github/pedrovgs/linkedlist/ListNode;I)V
JCov,com.github.pedrovgs.problem58.FindKthElement,find(Lcom/github/pedrovgs/linkedlist/ListNode;I)Lcom/github/pedrovgs/linkedlist/ListNode;
JCov,com.github.pedrovgs.problem58.FindKthElement,find2(Lcom/github/pedrovgs/linkedlist/ListNode;I)Lcom/github/pedrovgs/linkedlist/ListNode;
JCov,com.github.pedrovgs.problem58.FindKthElement,<init>()V
JCov,com.github.pedrovgs.problem40.MoveElementsToPositions,validateInput([I)V
JCov,com.github.pedrovgs.problem40.MoveElementsToPositions,swapElements([III)V
JCov,com.github.pedrovgs.problem40.MoveElementsToPositions,<init>()V
JCov,com.github.pedrovgs.problem40.MoveElementsToPositions,move([I)V
JCov,com.github.pedrovgs.problem40.MoveElementsToPositions,checkIfElementIsInsideTheValidInterval(II)V
JCov,com.github.pedrovgs.problem44.FindMinNumberAtPosition,getOrderedElements(Lcom/github/pedrovgs/binarytree/BinaryNode;)Ljava/util/List;
JCov,com.github.pedrovgs.problem44.FindMinNumberAtPosition,find(Lcom/github/pedrovgs/binarytree/BinaryNode;I)Ljava/lang/Integer;
JCov,com.github.pedrovgs.problem44.FindMinNumberAtPosition,validatePosition(ILjava/util/List;)V
JCov,com.github.pedrovgs.problem44.FindMinNumberAtPosition,validateInputData(Lcom/github/pedrovgs/binarytree/BinaryNode;I)V
JCov,com.github.pedrovgs.problem44.FindMinNumberAtPosition,<init>()V
JCov,com.github.pedrovgs.problem7.FibonacciNumbers,getRecursive(J)J
JCov,com.github.pedrovgs.problem7.FibonacciNumbers,getRecursiveWithCaching(I)J
JCov,com.github.pedrovgs.problem7.FibonacciNumbers,getIterative(J)J
JCov,com.github.pedrovgs.problem7.FibonacciNumbers,<clinit>()V
JCov,com.github.pedrovgs.problem7.FibonacciNumbers,<init>()V
JCov,com.github.pedrovgs.problem7.FibonacciNumbers,validateInput(J)V
JCov,com.github.pedrovgs.problem57.RemoveListDuplicatedElements,validateInput(Lcom/github/pedrovgs/linkedlist/ListNode;)V
JCov,com.github.pedrovgs.problem57.RemoveListDuplicatedElements,<init>()V
JCov,com.github.pedrovgs.problem57.RemoveListDuplicatedElements,removeNextNodesWithValue(Lcom/github/pedrovgs/linkedlist/ListNode;)V
JCov,com.github.pedrovgs.problem57.RemoveListDuplicatedElements,remove2(Lcom/github/pedrovgs/linkedlist/ListNode;)V
JCov,com.github.pedrovgs.problem57.RemoveListDuplicatedElements,remove(Lcom/github/pedrovgs/linkedlist/ListNode;)V
JCov,com.github.pedrovgs.problem68.IsEven,check(I)Z
JCov,com.github.pedrovgs.problem68.IsEven,<init>()V
JCov,com.github.pedrovgs.problem5.DivideUsingSubtraction,divideIterative(II)F
JCov,com.github.pedrovgs.problem5.DivideUsingSubtraction,<init>()V
JCov,com.github.pedrovgs.problem5.DivideUsingSubtraction,divideRecursive(II)F
JCov,com.github.pedrovgs.problem5.DivideUsingSubtraction,validateInput(I)V
JCov,com.github.pedrovgs.problem70.ReverseOrderOfBinaryNumber,reverse(I)I
JCov,com.github.pedrovgs.problem70.ReverseOrderOfBinaryNumber,<init>()V
JCov,com.github.pedrovgs.problem13.BinaryTreeByLevel,getUsingQueue(Lcom/github/pedrovgs/binarytree/BinaryNode;)Ljava/util/List;
JCov,com.github.pedrovgs.problem13.BinaryTreeByLevel,getNodesForLevel(Lcom/github/pedrovgs/binarytree/BinaryNode;I)Ljava/util/List;
JCov,com.github.pedrovgs.problem13.BinaryTreeByLevel,validateBinaryNode(Lcom/github/pedrovgs/binarytree/BinaryNode;)V
JCov,com.github.pedrovgs.problem13.BinaryTreeByLevel,getWithoutAdditionalDataStructures(Lcom/github/pedrovgs/binarytree/BinaryNode;)Ljava/util/List;
JCov,com.github.pedrovgs.problem13.BinaryTreeByLevel,getDepth(Lcom/github/pedrovgs/binarytree/BinaryNode;)I
JCov,com.github.pedrovgs.problem13.BinaryTreeByLevel,<init>()V
JCov,com.github.pedrovgs.problem62.PalindromeList,validateInput(Lcom/github/pedrovgs/linkedlist/ListNode;)V
JCov,com.github.pedrovgs.problem62.PalindromeList,checkReversing(Lcom/github/pedrovgs/linkedlist/ListNode;)Z
JCov,com.github.pedrovgs.problem62.PalindromeList,<init>()V
JCov,com.github.pedrovgs.problem62.PalindromeList,checkIterative(Lcom/github/pedrovgs/linkedlist/ListNode;)Z
JCov,com.github.pedrovgs.problem73.SubtractAdding,subtract(II)I
JCov,com.github.pedrovgs.problem73.SubtractAdding,negate(I)I
JCov,com.github.pedrovgs.problem73.SubtractAdding,<init>()V
JCov,com.github.pedrovgs.problem51.ReverseString,reverseIterative(Ljava/lang/String;)Ljava/lang/String;
JCov,com.github.pedrovgs.problem51.ReverseString,reverseRecursive(Ljava/lang/String;)Ljava/lang/String;
JCov,com.github.pedrovgs.problem51.ReverseString,validateInput(Ljava/lang/String;)V
JCov,com.github.pedrovgs.problem51.ReverseString,<init>()V
JCov,com.github.pedrovgs.problem51.ReverseString,reverseRecursiveInner(Ljava/lang/String;ILjava/lang/StringBuilder;)Ljava/lang/String;
JCov,com.github.pedrovgs.problem37.PathCalculator,calculatePath([[Ljava/lang/String;)[Ljava/lang/String;
JCov,com.github.pedrovgs.problem37.PathCalculator,calculate(Ljava/lang/String;Ljava/lang/String;Ljava/lang/String;)Ljava/lang/String;
JCov,com.github.pedrovgs.problem37.PathCalculator,<init>()V
JCov,com.github.pedrovgs.problem22.ReverseLinkedList,reverseRecursive(Lcom/github/pedrovgs/linkedlist/ListNode;)Lcom/github/pedrovgs/linkedlist/ListNode;
JCov,com.github.pedrovgs.problem22.ReverseLinkedList,validateInput(Lcom/github/pedrovgs/linkedlist/ListNode;)V
JCov,com.github.pedrovgs.problem22.ReverseLinkedList,reverseIterative(Lcom/github/pedrovgs/linkedlist/ListNode;)Lcom/github/pedrovgs/linkedlist/ListNode;
JCov,com.github.pedrovgs.problem22.ReverseLinkedList,reverseRecursiveInner(Lcom/github/pedrovgs/linkedlist/ListNode;)Lcom/github/pedrovgs/linkedlist/ListNode;
JCov,com.github.pedrovgs.problem22.ReverseLinkedList,<init>()V
JCov,com.github.pedrovgs.problem71.ReverseBinaryNumber,reverse(I)I
JCov,com.github.pedrovgs.problem71.ReverseBinaryNumber,reverseBitsOrder(I)I
JCov,com.github.pedrovgs.problem71.ReverseBinaryNumber,<init>()V
JCov,com.github.pedrovgs.problem71.ReverseBinaryNumber,removeFirstOne(I)I
JCov,com.github.pedrovgs.problem38.PathToEveryLeaf,calculate(Lcom/github/pedrovgs/binarytree/BinaryNode;)Ljava/util/List;
JCov,com.github.pedrovgs.problem38.PathToEveryLeaf,calculatePathToLeafs(Lcom/github/pedrovgs/binarytree/BinaryNode;Ljava/util/List;)Ljava/util/List;
JCov,com.github.pedrovgs.problem38.PathToEveryLeaf,<init>()V
JCov,com.github.pedrovgs.problem33.SimpleRegularExpression,evaluate(Ljava/lang/String;Ljava/lang/String;)Z
JCov,com.github.pedrovgs.problem33.SimpleRegularExpression,<init>()V
JCov,com.github.pedrovgs.problem78.AutoBoxingTrick,<init>()V
JCov,com.github.pedrovgs.problem78.AutoBoxingTrick,compare(Ljava/lang/Integer;Ljava/lang/Integer;)Z
JCov,com.github.pedrovgs.problem72.FindTheMissingNumber,find([I)I
JCov,com.github.pedrovgs.problem72.FindTheMissingNumber,validateInput([I)V
JCov,com.github.pedrovgs.problem72.FindTheMissingNumber,calculateSum([I)I
JCov,com.github.pedrovgs.problem72.FindTheMissingNumber,<init>()V
JCov,com.github.pedrovgs.problem43.CombinationOfIntegers,calculate(Ljava/util/Set;)Ljava/util/Set;
JCov,com.github.pedrovgs.problem43.CombinationOfIntegers,validateInputSet(Ljava/util/Set;)V
JCov,com.github.pedrovgs.problem43.CombinationOfIntegers,<init>()V
JCov,com.github.pedrovgs.problem6.MergeSortedArrays,validateArrays([I[I)V
JCov,com.github.pedrovgs.problem6.MergeSortedArrays,merge([I[I)[I
JCov,com.github.pedrovgs.problem6.MergeSortedArrays,<init>()V
JCov,com.github.pedrovgs.problem75.SelectionSort,sort([I)V
JCov,com.github.pedrovgs.problem75.SelectionSort,<init>()V
JCov,com.github.pedrovgs.problem56.IsRotationUsingIsSubstring,validateInput(Ljava/lang/String;Ljava/lang/String;)V
JCov,com.github.pedrovgs.problem56.IsRotationUsingIsSubstring,isSubstring(Ljava/lang/String;Ljava/lang/String;)Z
JCov,com.github.pedrovgs.problem56.IsRotationUsingIsSubstring,haveSameLength(Ljava/lang/String;Ljava/lang/String;)Z
JCov,com.github.pedrovgs.problem56.IsRotationUsingIsSubstring,<init>()V
JCov,com.github.pedrovgs.problem56.IsRotationUsingIsSubstring,check(Ljava/lang/String;Ljava/lang/String;)Z
JCov,com.github.pedrovgs.problem36.AvlTreeMedian,find(Lcom/github/pedrovgs/binarytree/BinaryNode;)D
JCov,com.github.pedrovgs.problem36.AvlTreeMedian,<init>()V
JCov,com.github.pedrovgs.problem24.SortedArrayToBST,transform([Ljava/lang/Integer;)Lcom/github/pedrovgs/binarytree/BinaryNode;
JCov,com.github.pedrovgs.problem24.SortedArrayToBST,<init>()V
JCov,com.github.pedrovgs.problem24.SortedArrayToBST,transformToBST([Ljava/lang/Integer;II)Lcom/github/pedrovgs/binarytree/BinaryNode;
JCov,com.github.pedrovgs.problem49.CombinationsOfChange,get([II)Ljava/util/List;
JCov,com.github.pedrovgs.problem49.CombinationsOfChange,validateInputData([II)V
JCov,com.github.pedrovgs.problem49.CombinationsOfChange,<init>()V
JCov,com.github.pedrovgs.problem49.CombinationsOfChange,getChange([II)Ljava/util/List;
JCov,com.github.pedrovgs.problem54.RotateMatrix,validateInput([[I)V
JCov,com.github.pedrovgs.problem54.RotateMatrix,moveLeftToTop([[IIIII)V
JCov,com.github.pedrovgs.problem54.RotateMatrix,moveTopToRight([[IIII)V
JCov,com.github.pedrovgs.problem54.RotateMatrix,moveRithToBottom([[IIII)V
JCov,com.github.pedrovgs.problem54.RotateMatrix,moveBottomToLeft([[IIII)V
JCov,com.github.pedrovgs.problem54.RotateMatrix,<init>()V
JCov,com.github.pedrovgs.problem54.RotateMatrix,rotate([[I)V
JCov,com.github.pedrovgs.problem48.WordSearch,validateInputData([[CLjava/lang/String;)V
JCov,com.github.pedrovgs.problem48.WordSearch,contains([[CLjava/lang/String;)Z
JCov,com.github.pedrovgs.problem48.WordSearch,matches([[CIIC)Z
JCov,com.github.pedrovgs.problem48.WordSearch,isWordInWordSearchInner([[CLjava/lang/String;II)Z
JCov,com.github.pedrovgs.problem48.WordSearch,<init>()V
JCov,com.github.pedrovgs.problem2.VectorScalarProduct,calculateScalarProduct(Lcom/github/pedrovgs/problem2/Vector;Lcom/github/pedrovgs/problem2/Vector;)I
JCov,com.github.pedrovgs.problem2.VectorScalarProduct,validateInput(Lcom/github/pedrovgs/problem2/Vector;Lcom/github/pedrovgs/problem2/Vector;)V
JCov,com.github.pedrovgs.problem2.VectorScalarProduct,<init>()V
JCov,com.github.pedrovgs.problem2.Vector,<init>([I)V
JCov,com.github.pedrovgs.problem2.Vector,size()I
JCov,com.github.pedrovgs.problem2.Vector,getAt(I)I
JCov,com.github.pedrovgs.problem9.Factorial,getRecursive(I)I
JCov,com.github.pedrovgs.problem9.Factorial,getTailRecursive(I)I
JCov,com.github.pedrovgs.problem9.Factorial,getIterative(I)I
JCov,com.github.pedrovgs.problem9.Factorial,getTailRecursiveInner(II)I
JCov,com.github.pedrovgs.problem9.Factorial,<init>()V
JCov,com.github.pedrovgs.problem9.Factorial,validateInput(I)V
JCov,com.github.pedrovgs.problem34.DotRegularExpression,evaluate([Ljava/lang/String;Ljava/lang/String;)[Ljava/lang/String;
JCov,com.github.pedrovgs.problem34.DotRegularExpression,matchDotRegularExpression(Ljava/lang/String;Ljava/lang/String;)Z
JCov,com.github.pedrovgs.problem34.DotRegularExpression,<init>()V
JCov,com.github.pedrovgs.problem10.RemoveDuplicates,validateArray([Ljava/lang/Integer;)V
JCov,com.github.pedrovgs.problem10.RemoveDuplicates,removeUsingSet([Ljava/lang/Integer;)[Ljava/lang/Integer;
JCov,com.github.pedrovgs.problem10.RemoveDuplicates,<init>()V
JCov,com.github.pedrovgs.problem10.RemoveDuplicates,removeUsingSorting([Ljava/lang/Integer;)[Ljava/lang/Integer;
JCov,com.github.pedrovgs.problem23.FakeFile,<init>([Ljava/lang/String;)V
JCov,com.github.pedrovgs.problem23.FakeFile,getLine()Ljava/lang/String;
JCov,com.github.pedrovgs.problem27.ReverseSentence,reverse(Ljava/lang/String;)Ljava/lang/String;
JCov,com.github.pedrovgs.problem27.ReverseSentence,<init>()V
JCov,com.github.pedrovgs.problem52.ReplaceSpaces,replace([C)V
JCov,com.github.pedrovgs.problem52.ReplaceSpaces,validateInput([C)V
JCov,com.github.pedrovgs.problem52.ReplaceSpaces,copyArray([C[C)V
JCov,com.github.pedrovgs.problem52.ReplaceSpaces,getLastCharPosition([C)I
JCov,com.github.pedrovgs.problem52.ReplaceSpaces,<init>()V
JCov,com.github.pedrovgs.problem52.ReplaceSpaces,replace2([C)V
JCov,com.github.pedrovgs.problem29.AreAnagrams,<init>()V
JCov,com.github.pedrovgs.problem29.AreAnagrams,check(Ljava/lang/String;Ljava/lang/String;)Z
JCov,com.github.pedrovgs.problem32.Contains,evaluate(Ljava/lang/String;Ljava/lang/String;)Z
JCov,com.github.pedrovgs.problem32.Contains,<init>()V
JCov,com.github.pedrovgs.problem23.RemoveComments,remove(Lcom/github/pedrovgs/problem23/FakeFile;)Ljava/lang/String;
JCov,com.github.pedrovgs.problem23.RemoveComments,<init>()V
JCov,com.github.pedrovgs.problem55.RewriteRowAndColumnsWithZeros,validateInput([[I)V
JCov,com.github.pedrovgs.problem55.RewriteRowAndColumnsWithZeros,rewriteColumn([[IILjava/util/Set;)V
JCov,com.github.pedrovgs.problem55.RewriteRowAndColumnsWithZeros,rewriteRow([[IILjava/util/Set;)V
JCov,com.github.pedrovgs.problem55.RewriteRowAndColumnsWithZeros,rewrite([[I)V
JCov,com.github.pedrovgs.problem55.RewriteRowAndColumnsWithZeros,<init>()V
JCov,com.github.pedrovgs.problem55.RewriteRowAndColumnsWithZeros,shouldPaintRowAndColumn([[IIILjava/util/Set;Ljava/util/Set;)Z
JCov,com.github.pedrovgs.problem25.Anagrams,getAnagramsInner(Ljava/lang/String;Ljava/lang/String;)Ljava/util/List;
JCov,com.github.pedrovgs.problem25.Anagrams,get(Ljava/lang/String;)Ljava/util/List;
JCov,com.github.pedrovgs.problem25.Anagrams,<init>()V
JCov,com.github.pedrovgs.sortingalgorithm.SortingAlgorithm,validateInput([I)V
JCov,com.github.pedrovgs.sortingalgorithm.SortingAlgorithm,swap([III)V
JCov,com.github.pedrovgs.sortingalgorithm.SortingAlgorithm,<init>()V
JCov,com.github.pedrovgs.problem67.MergeBinaryNumbers,merge(IIII)I
JCov,com.github.pedrovgs.problem67.MergeBinaryNumbers,<init>()V
JCov,com.github.pedrovgs.problem19.BinaryTreeDepth,getInner(Lcom/github/pedrovgs/binarytree/BinaryNode;)I
JCov,com.github.pedrovgs.problem19.BinaryTreeDepth,<init>()V
JCov,com.github.pedrovgs.problem19.BinaryTreeDepth,get(Lcom/github/pedrovgs/binarytree/BinaryNode;)I
JCov,com.github.pedrovgs.problem35.AsteriskRegularExpression,evaluate([Ljava/lang/String;Ljava/lang/String;)[Ljava/lang/String;
JCov,com.github.pedrovgs.problem35.AsteriskRegularExpression,<init>()V
JCov,com.github.pedrovgs.problem35.AsteriskRegularExpression,matchAsteriskRegularExpression(Ljava/lang/String;Ljava/lang/String;)Z
JCov,com.github.pedrovgs.problem66.TreeToListByLevel,transform(Lcom/github/pedrovgs/binarytree/BinaryNode;)Ljava/util/List;
JCov,com.github.pedrovgs.problem66.TreeToListByLevel,<init>()V
JCov,com.github.pedrovgs.problem74.BubbleSort,sort([I)V
JCov,com.github.pedrovgs.problem74.BubbleSort,<init>()V
JCov,com.github.pedrovgs.problem15.BinaryTreeInOrder,validateBinaryNode(Lcom/github/pedrovgs/binarytree/BinaryNode;)V
JCov,com.github.pedrovgs.problem15.BinaryTreeInOrder,getIterative(Lcom/github/pedrovgs/binarytree/BinaryNode;)Ljava/util/List;
JCov,com.github.pedrovgs.problem15.BinaryTreeInOrder,getInner(Lcom/github/pedrovgs/binarytree/BinaryNode;)Ljava/util/List;
JCov,com.github.pedrovgs.problem15.BinaryTreeInOrder,<init>()V
JCov,com.github.pedrovgs.problem15.BinaryTreeInOrder,getRecursive(Lcom/github/pedrovgs/binarytree/BinaryNode;)Ljava/util/List;
JCov,com.github.pedrovgs.problem42.FloodFill,getValueAt([[III)I
JCov,com.github.pedrovgs.problem42.FloodFill,validatePicture([[I)V
JCov,com.github.pedrovgs.problem42.FloodFill,<init>()V
JCov,com.github.pedrovgs.problem42.FloodFill,apply([[IIIII)V
JCov,com.github.pedrovgs.problem60.PartitionList,split(Lcom/github/pedrovgs/linkedlist/ListNode;I)Lcom/github/pedrovgs/linkedlist/ListNode;
JCov,com.github.pedrovgs.problem60.PartitionList,validateInput(Lcom/github/pedrovgs/linkedlist/ListNode;)V
JCov,com.github.pedrovgs.problem60.PartitionList,mergeLists(Lcom/github/pedrovgs/linkedlist/ListNode;Lcom/github/pedrovgs/linkedlist/ListNode;)Lcom/github/pedrovgs/linkedlist/ListNode;
JCov,com.github.pedrovgs.problem60.PartitionList,<init>()V
JCov,com.github.pedrovgs.problem61.SumLists,calculateNumber(Lcom/github/pedrovgs/linkedlist/ListNode;)I
JCov,com.github.pedrovgs.problem61.SumLists,calculateReverseNumber(Lcom/github/pedrovgs/linkedlist/ListNode;)I
JCov,com.github.pedrovgs.problem61.SumLists,validateInput(Lcom/github/pedrovgs/linkedlist/ListNode;Lcom/github/pedrovgs/linkedlist/ListNode;)V
JCov,com.github.pedrovgs.problem61.SumLists,sum(Lcom/github/pedrovgs/linkedlist/ListNode;Lcom/github/pedrovgs/linkedlist/ListNode;)I
JCov,com.github.pedrovgs.problem61.SumLists,getListSize(Lcom/github/pedrovgs/linkedlist/ListNode;)I
JCov,com.github.pedrovgs.problem61.SumLists,sumReverse(Lcom/github/pedrovgs/linkedlist/ListNode;Lcom/github/pedrovgs/linkedlist/ListNode;)I
JCov,com.github.pedrovgs.problem61.SumLists,<init>()V
Yajta,com.github.pedrovgs.pair.Pair,equals(Ljava/lang/Object;)Z
Yajta,com.github.pedrovgs.pair.Pair,Pair(Ljava/lang/Object;Ljava/lang/Object;)V
Yajta,com.github.pedrovgs.problem3.SumBinaryNumbers,sumBinaryNumbersBasedOnPowersOfTwo(Ljava/lang/String;Ljava/lang/String;)Ljava/lang/String;
Yajta,com.github.pedrovgs.problem3.SumBinaryNumbers,sumBinaryNumbersBasedOnCount(Ljava/lang/String;Ljava/lang/String;)Ljava/lang/String;
Yajta,com.github.pedrovgs.problem3.SumBinaryNumbers,validateInput(Ljava/lang/String;Ljava/lang/String;)V
Yajta,com.github.pedrovgs.problem3.SumBinaryNumbers,sumBinaryNumbersCheating(Ljava/lang/String;Ljava/lang/String;)Ljava/lang/String;
Yajta,com.github.pedrovgs.problem3.SumBinaryNumbers,getValueAt(Ljava/lang/String;I)I
Yajta,com.github.pedrovgs.problem3.SumBinaryNumbers,SumBinaryNumbers()V
Yajta,com.github.pedrovgs.problem8.SplitArray,splitSwappingPartition([I)V
Yajta,com.github.pedrovgs.problem8.SplitArray,splitSorting([I)V
Yajta,com.github.pedrovgs.problem8.SplitArray,splitSwappingIterative([I)V
Yajta,com.github.pedrovgs.problem8.SplitArray,splitSwappingRecursiveInner([III)V
Yajta,com.github.pedrovgs.problem8.SplitArray,swap([III)V
Yajta,com.github.pedrovgs.problem8.SplitArray,SplitArray()V
Yajta,com.github.pedrovgs.problem8.SplitArray,splitSwappingRecursive([I)V
Yajta,com.github.pedrovgs.problem50.UniqueChars,UniqueChars()V
Yajta,com.github.pedrovgs.problem50.UniqueChars,evaluate(Ljava/lang/String;)Z
Yajta,com.github.pedrovgs.problem50.UniqueChars,evaluate2(Ljava/lang/String;)Z
Yajta,com.github.pedrovgs.problem50.UniqueChars,validateInput(Ljava/lang/String;)V
Yajta,com.github.pedrovgs.problem63.ConstantComplexityOrderStack$MinValue,ConstantComplexityOrderStack$MinValue(II)V
Yajta,com.github.pedrovgs.problem65.IsTreeBalanced,getRootHeight(Lcom/github/pedrovgs/binarytree/BinaryNode;)I
Yajta,com.github.pedrovgs.problem65.IsTreeBalanced,IsTreeBalanced()V
Yajta,com.github.pedrovgs.problem65.IsTreeBalanced,check(Lcom/github/pedrovgs/binarytree/BinaryNode;)Z
Yajta,com.github.pedrovgs.problem31.FindLongestConsecutiveSequence,findIterative([I)I
Yajta,com.github.pedrovgs.problem31.FindLongestConsecutiveSequence,validateInput([I)V
Yajta,com.github.pedrovgs.problem31.FindLongestConsecutiveSequence,findRecursive([I)I
Yajta,com.github.pedrovgs.problem31.FindLongestConsecutiveSequence,findRecursiveInner([IIII)I
Yajta,com.github.pedrovgs.problem31.FindLongestConsecutiveSequence,FindLongestConsecutiveSequence()V
Yajta,com.github.pedrovgs.problem4.SquareRoot,calculateSquareRootRecursive(I)F
Yajta,com.github.pedrovgs.problem4.SquareRoot,isGoodResultForSqrt(FF)Z
Yajta,com.github.pedrovgs.problem4.SquareRoot,calculateSquareRootIterative(I)F
Yajta,com.github.pedrovgs.problem4.SquareRoot,SquareRoot()V
Yajta,com.github.pedrovgs.problem4.SquareRoot,sqrtRecursiveInner(FFF)F
Yajta,com.github.pedrovgs.problem47.ReturnChange,calculate([II)Ljava/util/List;
Yajta,com.github.pedrovgs.problem47.ReturnChange,validateInputData([II)V
Yajta,com.github.pedrovgs.problem47.ReturnChange,ReturnChange()V
Yajta,com.github.pedrovgs.problem1.BitsCounter,countBitsToOneBasedOnBinaryOperators(I)I
Yajta,com.github.pedrovgs.problem1.BitsCounter,BitsCounter()V
Yajta,com.github.pedrovgs.problem1.BitsCounter,countBitsToOneBasedOnString(I)I
Yajta,com.github.pedrovgs.problem12.MoveZerosInArray,MoveZerosInArray()V
Yajta,com.github.pedrovgs.problem12.MoveZerosInArray,swap([III)V
Yajta,com.github.pedrovgs.problem12.MoveZerosInArray,moveUsingTwoPointers([I)V
Yajta,com.github.pedrovgs.problem12.MoveZerosInArray,moveSorting([I)V
Yajta,com.github.pedrovgs.problem12.MoveZerosInArray,validateArray([I)V
Yajta,com.github.pedrovgs.problem41.GoThroughMatrixInSpiral,GoThroughMatrixInSpiral()V
Yajta,com.github.pedrovgs.problem41.GoThroughMatrixInSpiral,go([[I)[I
Yajta,com.github.pedrovgs.problem28.FindSums,FindSums()V
Yajta,com.github.pedrovgs.problem28.FindSums,validateInput([I)V
Yajta,com.github.pedrovgs.problem28.FindSums,findLinearComplexityOrder([II)Ljava/util/List;
Yajta,com.github.pedrovgs.problem28.FindSums,find([II)Ljava/util/List;
Yajta,com.github.pedrovgs.problem26.Palindromes,Palindromes()V
Yajta,com.github.pedrovgs.problem26.Palindromes,evaluate(Ljava/lang/String;)Z
Yajta,com.github.pedrovgs.problem80.QuickSort,QuickSort()V
Yajta,com.github.pedrovgs.problem80.QuickSort,sort([I)V
Yajta,com.github.pedrovgs.problem80.QuickSort,partition([III)I
Yajta,com.github.pedrovgs.problem80.QuickSort,quickSort([III)V
Yajta,com.github.pedrovgs.problem63.ConstantComplexityOrderStack$Stack2,ConstantComplexityOrderStack$Stack2()V
Yajta,com.github.pedrovgs.problem63.ConstantComplexityOrderStack$Stack2,pop()Ljava/lang/Integer;
Yajta,com.github.pedrovgs.problem63.ConstantComplexityOrderStack$Stack2,getMin()I
Yajta,com.github.pedrovgs.problem63.ConstantComplexityOrderStack$Stack2,push(I)V
Yajta,com.github.pedrovgs.problem30.ScientificNotation,ScientificNotation()V
Yajta,com.github.pedrovgs.problem30.ScientificNotation,calculate(Ljava/lang/String;)J
Yajta,com.github.pedrovgs.problem30.ScientificNotation,getNumberSign(Ljava/lang/String;)I
Yajta,com.github.pedrovgs.problem30.ScientificNotation,splitScientificNumber(Ljava/lang/String;)[Ljava/lang/String;
Yajta,com.github.pedrovgs.problem30.ScientificNotation,getPow(Ljava/lang/String;)I
Yajta,com.github.pedrovgs.problem30.ScientificNotation,getLeftPart(Ljava/lang/String;)D
Yajta,com.github.pedrovgs.problem20.MultiplicationWithoutMultiply,calculate(II)I
Yajta,com.github.pedrovgs.problem20.MultiplicationWithoutMultiply,MultiplicationWithoutMultiply()V
Yajta,com.github.pedrovgs.problem63.ConstantComplexityOrderStack$Stack1,ConstantComplexityOrderStack$Stack1()V
Yajta,com.github.pedrovgs.problem63.ConstantComplexityOrderStack$Stack1,getMin()I
Yajta,com.github.pedrovgs.problem63.ConstantComplexityOrderStack$Stack1,push(I)V
Yajta,com.github.pedrovgs.problem76.InsertionSort,sort([I)V
Yajta,com.github.pedrovgs.problem76.InsertionSort,InsertionSort()V
Yajta,com.github.pedrovgs.problem14.BinaryTreePreOrder,validateBinaryNode(Lcom/github/pedrovgs/binarytree/BinaryNode;)V
Yajta,com.github.pedrovgs.problem14.BinaryTreePreOrder,getIterative(Lcom/github/pedrovgs/binarytree/BinaryNode;)Ljava/util/List;
Yajta,com.github.pedrovgs.problem14.BinaryTreePreOrder,getInner(Lcom/github/pedrovgs/binarytree/BinaryNode;)Ljava/util/List;
Yajta,com.github.pedrovgs.problem14.BinaryTreePreOrder,getRecursive(Lcom/github/pedrovgs/binarytree/BinaryNode;)Ljava/util/List;
Yajta,com.github.pedrovgs.problem14.BinaryTreePreOrder,BinaryTreePreOrder()V
Yajta,com.github.pedrovgs.problem45.FindNthMostRepeatedElement,FindNthMostRepeatedElement()V
Yajta,com.github.pedrovgs.problem45.FindNthMostRepeatedElement,find([II)I
Yajta,com.github.pedrovgs.problem45.FindNthMostRepeatedElement,validateInput([II)V
Yajta,com.github.pedrovgs.problem45.FindNthMostRepeatedElement,validateResult(Ljava/lang/Integer;)V
Yajta,com.github.pedrovgs.problem79.MergeSort,sort([I)V
Yajta,com.github.pedrovgs.problem79.MergeSort,mergeSort(II)V
Yajta,com.github.pedrovgs.problem79.MergeSort,MergeSort()V
Yajta,com.github.pedrovgs.problem79.MergeSort,merge(III)V
Yajta,com.github.pedrovgs.problem18.IsBST,validateInput(Lcom/github/pedrovgs/binarytree/BinaryNode;)V
Yajta,com.github.pedrovgs.problem18.IsBST,checkIterative(Lcom/github/pedrovgs/binarytree/BinaryNode;)Z
Yajta,com.github.pedrovgs.problem18.IsBST,IsBST()V
Yajta,com.github.pedrovgs.problem18.IsBST,checkRecursive(Lcom/github/pedrovgs/binarytree/BinaryNode;)Z
Yajta,com.github.pedrovgs.problem18.IsBST,checkRecursiveInner(Lcom/github/pedrovgs/binarytree/BinaryNode;)Z
Yajta,com.github.pedrovgs.problem18.IsBST,isListOrdered(Ljava/util/List;)Z
Yajta,com.github.pedrovgs.problem21.LowestCommonAncestor,getPathTo(Lcom/github/pedrovgs/binarytree/BinaryNode;Lcom/github/pedrovgs/binarytree/BinaryNode;)Ljava/util/List;
Yajta,com.github.pedrovgs.problem21.LowestCommonAncestor,validateInput(Lcom/github/pedrovgs/binarytree/BinaryNode;Lcom/github/pedrovgs/binarytree/BinaryNode;Lcom/github/pedrovgs/binarytree/BinaryNode;)V
Yajta,com.github.pedrovgs.problem21.LowestCommonAncestor,getRecursiveInner(Lcom/github/pedrovgs/binarytree/BinaryNode;Lcom/github/pedrovgs/binarytree/BinaryNode;Lcom/github/pedrovgs/binarytree/BinaryNode;)Lcom/github/pedrovgs/binarytree/BinaryNode;
Yajta,com.github.pedrovgs.problem21.LowestCommonAncestor,getRecursive(Lcom/github/pedrovgs/binarytree/BinaryNode;Lcom/github/pedrovgs/binarytree/BinaryNode;Lcom/github/pedrovgs/binarytree/BinaryNode;)Lcom/github/pedrovgs/binarytree/BinaryNode;
Yajta,com.github.pedrovgs.problem21.LowestCommonAncestor,LowestCommonAncestor()V
Yajta,com.github.pedrovgs.problem21.LowestCommonAncestor,getIterative(Lcom/github/pedrovgs/binarytree/BinaryNode;Lcom/github/pedrovgs/binarytree/BinaryNode;Lcom/github/pedrovgs/binarytree/BinaryNode;)Lcom/github/pedrovgs/binarytree/BinaryNode;
Yajta,com.github.pedrovgs.problem53.CompressString,appendLastCharIfNeeded(Ljava/lang/StringBuilder;IC)V
Yajta,com.github.pedrovgs.problem53.CompressString,compressAlternativeApproach(Ljava/lang/String;)Ljava/lang/String;
Yajta,com.github.pedrovgs.problem53.CompressString,CompressString()V
Yajta,com.github.pedrovgs.problem53.CompressString,validateInput(Ljava/lang/String;)V
Yajta,com.github.pedrovgs.problem53.CompressString,addChar(Ljava/lang/StringBuilder;C)V
Yajta,com.github.pedrovgs.problem53.CompressString,compressRecursiveInner(Ljava/lang/String;Ljava/lang/StringBuilder;ICI)Ljava/lang/String;
Yajta,com.github.pedrovgs.problem53.CompressString,addCharCounterIfNeeded(Ljava/lang/StringBuilder;I)V
Yajta,com.github.pedrovgs.problem53.CompressString,isCharRepeated(CC)Z
Yajta,com.github.pedrovgs.problem53.CompressString,compressRecursive(Ljava/lang/String;)Ljava/lang/String;
Yajta,com.github.pedrovgs.problem53.CompressString,compress(Ljava/lang/String;)Ljava/lang/String;
Yajta,com.github.pedrovgs.linkedlist.ListNode,ListNode(Ljava/lang/Object;)V
Yajta,com.github.pedrovgs.linkedlist.ListNode,getData()Ljava/lang/Object;
Yajta,com.github.pedrovgs.linkedlist.ListNode,equals(Ljava/lang/Object;)Z
Yajta,com.github.pedrovgs.linkedlist.ListNode,setData(Ljava/lang/Object;)V
Yajta,com.github.pedrovgs.linkedlist.ListNode,setNext(Lcom/github/pedrovgs/linkedlist/ListNode;)V
Yajta,com.github.pedrovgs.linkedlist.ListNode,getNext()Lcom/github/pedrovgs/linkedlist/ListNode;
Yajta,com.github.pedrovgs.problem39.MultiplyArrayElements,MultiplyArrayElements()V
Yajta,com.github.pedrovgs.problem39.MultiplyArrayElements,multiply([I)[I
Yajta,com.github.pedrovgs.problem69.BitsToTransform,BitsToTransform()V
Yajta,com.github.pedrovgs.problem69.BitsToTransform,calculate(II)I
Yajta,com.github.pedrovgs.problem17.BinaryTreeEquals,areEqualsInner(Lcom/github/pedrovgs/binarytree/BinaryNode;Lcom/github/pedrovgs/binarytree/BinaryNode;)Z
Yajta,com.github.pedrovgs.problem17.BinaryTreeEquals,areEqualsRecursive(Lcom/github/pedrovgs/binarytree/BinaryNode;Lcom/github/pedrovgs/binarytree/BinaryNode;)Z
Yajta,com.github.pedrovgs.problem17.BinaryTreeEquals,areEqualsIterative(Lcom/github/pedrovgs/binarytree/BinaryNode;Lcom/github/pedrovgs/binarytree/BinaryNode;)Z
Yajta,com.github.pedrovgs.problem17.BinaryTreeEquals,validateInput(Lcom/github/pedrovgs/binarytree/BinaryNode;Lcom/github/pedrovgs/binarytree/BinaryNode;)V
Yajta,com.github.pedrovgs.problem17.BinaryTreeEquals,addNodeToStack(Ljava/util/Stack;Lcom/github/pedrovgs/binarytree/BinaryNode;)V
Yajta,com.github.pedrovgs.problem17.BinaryTreeEquals,BinaryTreeEquals()V
Yajta,com.github.pedrovgs.problem64.GetTheElementInTheMiddleOfTheList,validateInput(Lcom/github/pedrovgs/linkedlist/ListNode;)V
Yajta,com.github.pedrovgs.problem64.GetTheElementInTheMiddleOfTheList,GetTheElementInTheMiddleOfTheList()V
Yajta,com.github.pedrovgs.problem64.GetTheElementInTheMiddleOfTheList,get(Lcom/github/pedrovgs/linkedlist/ListNode;)Lcom/github/pedrovgs/linkedlist/ListNode;
Yajta,com.github.pedrovgs.problem64.GetTheElementInTheMiddleOfTheList,getListSize(Lcom/github/pedrovgs/linkedlist/ListNode;)I
Yajta,com.github.pedrovgs.problem64.GetTheElementInTheMiddleOfTheList,get2(Lcom/github/pedrovgs/linkedlist/ListNode;)Lcom/github/pedrovgs/linkedlist/ListNode;
Yajta,com.github.pedrovgs.binarytree.BinaryNode,getData()Ljava/lang/Object;
Yajta,com.github.pedrovgs.binarytree.BinaryNode,setRight(Lcom/github/pedrovgs/binarytree/BinaryNode;)V
Yajta,com.github.pedrovgs.binarytree.BinaryNode,equals(Ljava/lang/Object;)Z
Yajta,com.github.pedrovgs.binarytree.BinaryNode,BinaryNode(Ljava/lang/Object;)V
Yajta,com.github.pedrovgs.binarytree.BinaryNode,getLeft()Lcom/github/pedrovgs/binarytree/BinaryNode;
Yajta,com.github.pedrovgs.binarytree.BinaryNode,hasLeft()Z
Yajta,com.github.pedrovgs.binarytree.BinaryNode,setLeft(Lcom/github/pedrovgs/binarytree/BinaryNode;)V
Yajta,com.github.pedrovgs.binarytree.BinaryNode,getRight()Lcom/github/pedrovgs/binarytree/BinaryNode;
Yajta,com.github.pedrovgs.binarytree.BinaryNode,hasRight()Z
Yajta,com.github.pedrovgs.problem16.BinaryTreePostOrder,getIterative(Lcom/github/pedrovgs/binarytree/BinaryNode;)Ljava/util/List;
Yajta,com.github.pedrovgs.problem16.BinaryTreePostOrder,BinaryTreePostOrder()V
Yajta,com.github.pedrovgs.problem16.BinaryTreePostOrder,getInner(Lcom/github/pedrovgs/binarytree/BinaryNode;)Ljava/util/List;
Yajta,com.github.pedrovgs.problem16.BinaryTreePostOrder,getRecursive(Lcom/github/pedrovgs/binarytree/BinaryNode;)Ljava/util/List;
Yajta,com.github.pedrovgs.problem16.BinaryTreePostOrder,validateTree(Lcom/github/pedrovgs/binarytree/BinaryNode;)V
Yajta,com.github.pedrovgs.problem59.DeleteListNode,DeleteListNode()V
Yajta,com.github.pedrovgs.problem59.DeleteListNode,delete(Lcom/github/pedrovgs/linkedlist/ListNode;)V
Yajta,com.github.pedrovgs.problem59.DeleteListNode,validateInputData(Lcom/github/pedrovgs/linkedlist/ListNode;)V
Yajta,com.github.pedrovgs.problem46.BinaryTreeSerialization,deserialize(Ljava/lang/String;)Lcom/github/pedrovgs/binarytree/BinaryNode;
Yajta,com.github.pedrovgs.problem46.BinaryTreeSerialization,serializeInner(Lcom/github/pedrovgs/binarytree/BinaryNode;)Ljava/lang/String;
Yajta,com.github.pedrovgs.problem46.BinaryTreeSerialization,serialize(Lcom/github/pedrovgs/binarytree/BinaryNode;)Ljava/lang/String;
Yajta,com.github.pedrovgs.problem46.BinaryTreeSerialization,<clinit>()V
Yajta,com.github.pedrovgs.problem46.BinaryTreeSerialization,validateInput(Ljava/lang/String;)V
Yajta,com.github.pedrovgs.problem46.BinaryTreeSerialization,BinaryTreeSerialization()V
Yajta,com.github.pedrovgs.problem46.BinaryTreeSerialization,validateInputTree(Lcom/github/pedrovgs/binarytree/BinaryNode;)V
Yajta,com.github.pedrovgs.problem58.FindKthElement,find3(Lcom/github/pedrovgs/linkedlist/ListNode;I)Lcom/github/pedrovgs/linkedlist/ListNode;
Yajta,com.github.pedrovgs.problem58.FindKthElement,validateInput(Lcom/github/pedrovgs/linkedlist/ListNode;I)V
Yajta,com.github.pedrovgs.problem58.FindKthElement,calculateListSize(Lcom/github/pedrovgs/linkedlist/ListNode;)I
Yajta,com.github.pedrovgs.problem58.FindKthElement,find2(Lcom/github/pedrovgs/linkedlist/ListNode;I)Lcom/github/pedrovgs/linkedlist/ListNode;
Yajta,com.github.pedrovgs.problem58.FindKthElement,find(Lcom/github/pedrovgs/linkedlist/ListNode;I)Lcom/github/pedrovgs/linkedlist/ListNode;
Yajta,com.github.pedrovgs.problem58.FindKthElement,FindKthElement()V
Yajta,com.github.pedrovgs.problem11.IntToString,transform(I)Ljava/lang/String;
Yajta,com.github.pedrovgs.problem11.IntToString,IntToString()V
Yajta,com.github.pedrovgs.problem40.MoveElementsToPositions,validateInput([I)V
Yajta,com.github.pedrovgs.problem40.MoveElementsToPositions,swapElements([III)V
Yajta,com.github.pedrovgs.problem40.MoveElementsToPositions,MoveElementsToPositions()V
Yajta,com.github.pedrovgs.problem40.MoveElementsToPositions,move([I)V
Yajta,com.github.pedrovgs.problem40.MoveElementsToPositions,checkIfElementIsInsideTheValidInterval(II)V
Yajta,com.github.pedrovgs.problem44.FindMinNumberAtPosition,getOrderedElements(Lcom/github/pedrovgs/binarytree/BinaryNode;)Ljava/util/List;
Yajta,com.github.pedrovgs.problem44.FindMinNumberAtPosition,find(Lcom/github/pedrovgs/binarytree/BinaryNode;I)Ljava/lang/Integer;
Yajta,com.github.pedrovgs.problem44.FindMinNumberAtPosition,validatePosition(ILjava/util/List;)V
Yajta,com.github.pedrovgs.problem44.FindMinNumberAtPosition,validateInputData(Lcom/github/pedrovgs/binarytree/BinaryNode;I)V
Yajta,com.github.pedrovgs.problem44.FindMinNumberAtPosition,FindMinNumberAtPosition()V
Yajta,com.github.pedrovgs.problem7.FibonacciNumbers,getRecursive(J)J
Yajta,com.github.pedrovgs.problem7.FibonacciNumbers,getRecursiveWithCaching(I)J
Yajta,com.github.pedrovgs.problem7.FibonacciNumbers,getIterative(J)J
Yajta,com.github.pedrovgs.problem7.FibonacciNumbers,<clinit>()V
Yajta,com.github.pedrovgs.problem7.FibonacciNumbers,validateInput(J)V
Yajta,com.github.pedrovgs.problem7.FibonacciNumbers,FibonacciNumbers()V
Yajta,com.github.pedrovgs.problem57.RemoveListDuplicatedElements,validateInput(Lcom/github/pedrovgs/linkedlist/ListNode;)V
Yajta,com.github.pedrovgs.problem57.RemoveListDuplicatedElements,RemoveListDuplicatedElements()V
Yajta,com.github.pedrovgs.problem57.RemoveListDuplicatedElements,removeNextNodesWithValue(Lcom/github/pedrovgs/linkedlist/ListNode;)V
Yajta,com.github.pedrovgs.problem57.RemoveListDuplicatedElements,remove2(Lcom/github/pedrovgs/linkedlist/ListNode;)V
Yajta,com.github.pedrovgs.problem57.RemoveListDuplicatedElements,remove(Lcom/github/pedrovgs/linkedlist/ListNode;)V
Yajta,com.github.pedrovgs.problem68.IsEven,IsEven()V
Yajta,com.github.pedrovgs.problem68.IsEven,check(I)Z
Yajta,com.github.pedrovgs.problem70.ReverseOrderOfBinaryNumber,ReverseOrderOfBinaryNumber()V
Yajta,com.github.pedrovgs.problem70.ReverseOrderOfBinaryNumber,reverse(I)I
Yajta,com.github.pedrovgs.problem5.DivideUsingSubtraction,DivideUsingSubtraction()V
Yajta,com.github.pedrovgs.problem5.DivideUsingSubtraction,divideIterative(II)F
Yajta,com.github.pedrovgs.problem5.DivideUsingSubtraction,validateInput(I)V
Yajta,com.github.pedrovgs.problem5.DivideUsingSubtraction,divideRecursive(II)F
Yajta,com.github.pedrovgs.problem13.BinaryTreeByLevel,getNodesForLevel(Lcom/github/pedrovgs/binarytree/BinaryNode;I)Ljava/util/List;
Yajta,com.github.pedrovgs.problem13.BinaryTreeByLevel,getUsingQueue(Lcom/github/pedrovgs/binarytree/BinaryNode;)Ljava/util/List;
Yajta,com.github.pedrovgs.problem13.BinaryTreeByLevel,validateBinaryNode(Lcom/github/pedrovgs/binarytree/BinaryNode;)V
Yajta,com.github.pedrovgs.problem13.BinaryTreeByLevel,BinaryTreeByLevel()V
Yajta,com.github.pedrovgs.problem13.BinaryTreeByLevel,getWithoutAdditionalDataStructures(Lcom/github/pedrovgs/binarytree/BinaryNode;)Ljava/util/List;
Yajta,com.github.pedrovgs.problem13.BinaryTreeByLevel,getDepth(Lcom/github/pedrovgs/binarytree/BinaryNode;)I
Yajta,com.github.pedrovgs.problem62.PalindromeList,PalindromeList()V
Yajta,com.github.pedrovgs.problem62.PalindromeList,validateInput(Lcom/github/pedrovgs/linkedlist/ListNode;)V
Yajta,com.github.pedrovgs.problem62.PalindromeList,checkReversing(Lcom/github/pedrovgs/linkedlist/ListNode;)Z
Yajta,com.github.pedrovgs.problem62.PalindromeList,checkIterative(Lcom/github/pedrovgs/linkedlist/ListNode;)Z
Yajta,com.github.pedrovgs.problem73.SubtractAdding,subtract(II)I
Yajta,com.github.pedrovgs.problem73.SubtractAdding,SubtractAdding()V
Yajta,com.github.pedrovgs.problem73.SubtractAdding,negate(I)I
Yajta,com.github.pedrovgs.problem51.ReverseString,ReverseString()V
Yajta,com.github.pedrovgs.problem51.ReverseString,reverseIterative(Ljava/lang/String;)Ljava/lang/String;
Yajta,com.github.pedrovgs.problem51.ReverseString,reverseRecursive(Ljava/lang/String;)Ljava/lang/String;
Yajta,com.github.pedrovgs.problem51.ReverseString,validateInput(Ljava/lang/String;)V
Yajta,com.github.pedrovgs.problem51.ReverseString,reverseRecursiveInner(Ljava/lang/String;ILjava/lang/StringBuilder;)Ljava/lang/String;
Yajta,com.github.pedrovgs.problem37.PathCalculator,calculatePath([[Ljava/lang/String;)[Ljava/lang/String;
Yajta,com.github.pedrovgs.problem37.PathCalculator,calculate(Ljava/lang/String;Ljava/lang/String;Ljava/lang/String;)Ljava/lang/String;
Yajta,com.github.pedrovgs.problem37.PathCalculator,PathCalculator()V
Yajta,com.github.pedrovgs.problem22.ReverseLinkedList,reverseRecursive(Lcom/github/pedrovgs/linkedlist/ListNode;)Lcom/github/pedrovgs/linkedlist/ListNode;
Yajta,com.github.pedrovgs.problem22.ReverseLinkedList,validateInput(Lcom/github/pedrovgs/linkedlist/ListNode;)V
Yajta,com.github.pedrovgs.problem22.ReverseLinkedList,reverseIterative(Lcom/github/pedrovgs/linkedlist/ListNode;)Lcom/github/pedrovgs/linkedlist/ListNode;
Yajta,com.github.pedrovgs.problem22.ReverseLinkedList,reverseRecursiveInner(Lcom/github/pedrovgs/linkedlist/ListNode;)Lcom/github/pedrovgs/linkedlist/ListNode;
Yajta,com.github.pedrovgs.problem22.ReverseLinkedList,ReverseLinkedList()V
Yajta,com.github.pedrovgs.problem71.ReverseBinaryNumber,ReverseBinaryNumber()V
Yajta,com.github.pedrovgs.problem71.ReverseBinaryNumber,reverse(I)I
Yajta,com.github.pedrovgs.problem71.ReverseBinaryNumber,reverseBitsOrder(I)I
Yajta,com.github.pedrovgs.problem71.ReverseBinaryNumber,removeFirstOne(I)I
Yajta,com.github.pedrovgs.problem38.PathToEveryLeaf,calculate(Lcom/github/pedrovgs/binarytree/BinaryNode;)Ljava/util/List;
Yajta,com.github.pedrovgs.problem38.PathToEveryLeaf,PathToEveryLeaf()V
Yajta,com.github.pedrovgs.problem38.PathToEveryLeaf,calculatePathToLeafs(Lcom/github/pedrovgs/binarytree/BinaryNode;Ljava/util/List;)Ljava/util/List;
Yajta,com.github.pedrovgs.problem78.AutoBoxingTrick,AutoBoxingTrick()V
Yajta,com.github.pedrovgs.problem78.AutoBoxingTrick,compare(Ljava/lang/Integer;Ljava/lang/Integer;)Z
Yajta,com.github.pedrovgs.problem33.SimpleRegularExpression,SimpleRegularExpression()V
Yajta,com.github.pedrovgs.problem33.SimpleRegularExpression,evaluate(Ljava/lang/String;Ljava/lang/String;)Z
Yajta,com.github.pedrovgs.problem72.FindTheMissingNumber,FindTheMissingNumber()V
Yajta,com.github.pedrovgs.problem72.FindTheMissingNumber,find([I)I
Yajta,com.github.pedrovgs.problem72.FindTheMissingNumber,validateInput([I)V
Yajta,com.github.pedrovgs.problem72.FindTheMissingNumber,calculateSum([I)I
Yajta,com.github.pedrovgs.problem43.CombinationOfIntegers,calculate(Ljava/util/Set;)Ljava/util/Set;
Yajta,com.github.pedrovgs.problem43.CombinationOfIntegers,CombinationOfIntegers()V
Yajta,com.github.pedrovgs.problem43.CombinationOfIntegers,validateInputSet(Ljava/util/Set;)V
Yajta,com.github.pedrovgs.problem6.MergeSortedArrays,validateArrays([I[I)V
Yajta,com.github.pedrovgs.problem6.MergeSortedArrays,MergeSortedArrays()V
Yajta,com.github.pedrovgs.problem6.MergeSortedArrays,merge([I[I)[I
Yajta,com.github.pedrovgs.problem75.SelectionSort,SelectionSort()V
Yajta,com.github.pedrovgs.problem75.SelectionSort,sort([I)V
Yajta,com.github.pedrovgs.problem56.IsRotationUsingIsSubstring,validateInput(Ljava/lang/String;Ljava/lang/String;)V
Yajta,com.github.pedrovgs.problem56.IsRotationUsingIsSubstring,isSubstring(Ljava/lang/String;Ljava/lang/String;)Z
Yajta,com.github.pedrovgs.problem56.IsRotationUsingIsSubstring,IsRotationUsingIsSubstring()V
Yajta,com.github.pedrovgs.problem56.IsRotationUsingIsSubstring,haveSameLength(Ljava/lang/String;Ljava/lang/String;)Z
Yajta,com.github.pedrovgs.problem56.IsRotationUsingIsSubstring,check(Ljava/lang/String;Ljava/lang/String;)Z
Yajta,com.github.pedrovgs.problem36.AvlTreeMedian,find(Lcom/github/pedrovgs/binarytree/BinaryNode;)D
Yajta,com.github.pedrovgs.problem36.AvlTreeMedian,AvlTreeMedian()V
Yajta,com.github.pedrovgs.problem24.SortedArrayToBST,transform([Ljava/lang/Integer;)Lcom/github/pedrovgs/binarytree/BinaryNode;
Yajta,com.github.pedrovgs.problem24.SortedArrayToBST,SortedArrayToBST()V
Yajta,com.github.pedrovgs.problem24.SortedArrayToBST,transformToBST([Ljava/lang/Integer;II)Lcom/github/pedrovgs/binarytree/BinaryNode;
Yajta,com.github.pedrovgs.problem49.CombinationsOfChange,CombinationsOfChange()V
Yajta,com.github.pedrovgs.problem49.CombinationsOfChange,get([II)Ljava/util/List;
Yajta,com.github.pedrovgs.problem49.CombinationsOfChange,validateInputData([II)V
Yajta,com.github.pedrovgs.problem49.CombinationsOfChange,getChange([II)Ljava/util/List;
Yajta,com.github.pedrovgs.problem54.RotateMatrix,validateInput([[I)V
Yajta,com.github.pedrovgs.problem54.RotateMatrix,moveLeftToTop([[IIIII)V
Yajta,com.github.pedrovgs.problem54.RotateMatrix,RotateMatrix()V
Yajta,com.github.pedrovgs.problem54.RotateMatrix,moveTopToRight([[IIII)V
Yajta,com.github.pedrovgs.problem54.RotateMatrix,moveBottomToLeft([[IIII)V
Yajta,com.github.pedrovgs.problem54.RotateMatrix,moveRithToBottom([[IIII)V
Yajta,com.github.pedrovgs.problem54.RotateMatrix,rotate([[I)V
Yajta,com.github.pedrovgs.problem48.WordSearch,validateInputData([[CLjava/lang/String;)V
Yajta,com.github.pedrovgs.problem48.WordSearch,contains([[CLjava/lang/String;)Z
Yajta,com.github.pedrovgs.problem48.WordSearch,WordSearch()V
Yajta,com.github.pedrovgs.problem48.WordSearch,matches([[CIIC)Z
Yajta,com.github.pedrovgs.problem48.WordSearch,isWordInWordSearchInner([[CLjava/lang/String;II)Z
Yajta,com.github.pedrovgs.problem2.VectorScalarProduct,calculateScalarProduct(Lcom/github/pedrovgs/problem2/Vector;Lcom/github/pedrovgs/problem2/Vector;)I
Yajta,com.github.pedrovgs.problem2.VectorScalarProduct,VectorScalarProduct()V
Yajta,com.github.pedrovgs.problem2.VectorScalarProduct,validateInput(Lcom/github/pedrovgs/problem2/Vector;Lcom/github/pedrovgs/problem2/Vector;)V
Yajta,com.github.pedrovgs.problem2.Vector,Vector([I)V
Yajta,com.github.pedrovgs.problem2.Vector,size()I
Yajta,com.github.pedrovgs.problem2.Vector,getAt(I)I
Yajta,com.github.pedrovgs.problem9.Factorial,getRecursive(I)I
Yajta,com.github.pedrovgs.problem9.Factorial,Factorial()V
Yajta,com.github.pedrovgs.problem9.Factorial,getTailRecursive(I)I
Yajta,com.github.pedrovgs.problem9.Factorial,getIterative(I)I
Yajta,com.github.pedrovgs.problem9.Factorial,getTailRecursiveInner(II)I
Yajta,com.github.pedrovgs.problem9.Factorial,validateInput(I)V
Yajta,com.github.pedrovgs.problem34.DotRegularExpression,evaluate([Ljava/lang/String;Ljava/lang/String;)[Ljava/lang/String;
Yajta,com.github.pedrovgs.problem34.DotRegularExpression,matchDotRegularExpression(Ljava/lang/String;Ljava/lang/String;)Z
Yajta,com.github.pedrovgs.problem34.DotRegularExpression,DotRegularExpression()V
Yajta,com.github.pedrovgs.problem10.RemoveDuplicates,RemoveDuplicates()V
Yajta,com.github.pedrovgs.problem10.RemoveDuplicates,validateArray([Ljava/lang/Integer;)V
Yajta,com.github.pedrovgs.problem10.RemoveDuplicates,removeUsingSet([Ljava/lang/Integer;)[Ljava/lang/Integer;
Yajta,com.github.pedrovgs.problem10.RemoveDuplicates,removeUsingSorting([Ljava/lang/Integer;)[Ljava/lang/Integer;
Yajta,com.github.pedrovgs.problem23.FakeFile,FakeFile([Ljava/lang/String;)V
Yajta,com.github.pedrovgs.problem23.FakeFile,getLine()Ljava/lang/String;
Yajta,com.github.pedrovgs.problem52.ReplaceSpaces,replace([C)V
Yajta,com.github.pedrovgs.problem52.ReplaceSpaces,validateInput([C)V
Yajta,com.github.pedrovgs.problem52.ReplaceSpaces,ReplaceSpaces()V
Yajta,com.github.pedrovgs.problem52.ReplaceSpaces,copyArray([C[C)V
Yajta,com.github.pedrovgs.problem52.ReplaceSpaces,getLastCharPosition([C)I
Yajta,com.github.pedrovgs.problem52.ReplaceSpaces,replace2([C)V
Yajta,com.github.pedrovgs.problem27.ReverseSentence,reverse(Ljava/lang/String;)Ljava/lang/String;
Yajta,com.github.pedrovgs.problem27.ReverseSentence,ReverseSentence()V
Yajta,com.github.pedrovgs.problem32.Contains,evaluate(Ljava/lang/String;Ljava/lang/String;)Z
Yajta,com.github.pedrovgs.problem32.Contains,Contains()V
Yajta,com.github.pedrovgs.problem29.AreAnagrams,check(Ljava/lang/String;Ljava/lang/String;)Z
Yajta,com.github.pedrovgs.problem29.AreAnagrams,AreAnagrams()V
Yajta,com.github.pedrovgs.problem55.RewriteRowAndColumnsWithZeros,validateInput([[I)V
Yajta,com.github.pedrovgs.problem55.RewriteRowAndColumnsWithZeros,rewriteColumn([[IILjava/util/Set;)V
Yajta,com.github.pedrovgs.problem55.RewriteRowAndColumnsWithZeros,rewriteRow([[IILjava/util/Set;)V
Yajta,com.github.pedrovgs.problem55.RewriteRowAndColumnsWithZeros,RewriteRowAndColumnsWithZeros()V
Yajta,com.github.pedrovgs.problem55.RewriteRowAndColumnsWithZeros,rewrite([[I)V
Yajta,com.github.pedrovgs.problem55.RewriteRowAndColumnsWithZeros,shouldPaintRowAndColumn([[IIILjava/util/Set;Ljava/util/Set;)Z
Yajta,com.github.pedrovgs.problem23.RemoveComments,RemoveComments()V
Yajta,com.github.pedrovgs.problem23.RemoveComments,remove(Lcom/github/pedrovgs/problem23/FakeFile;)Ljava/lang/String;
Yajta,com.github.pedrovgs.problem25.Anagrams,getAnagramsInner(Ljava/lang/String;Ljava/lang/String;)Ljava/util/List;
Yajta,com.github.pedrovgs.problem25.Anagrams,get(Ljava/lang/String;)Ljava/util/List;
Yajta,com.github.pedrovgs.problem25.Anagrams,Anagrams()V
Yajta,com.github.pedrovgs.sortingalgorithm.SortingAlgorithm,validateInput([I)V
Yajta,com.github.pedrovgs.sortingalgorithm.SortingAlgorithm,SortingAlgorithm()V
Yajta,com.github.pedrovgs.sortingalgorithm.SortingAlgorithm,swap([III)V
Yajta,com.github.pedrovgs.problem67.MergeBinaryNumbers,merge(IIII)I
Yajta,com.github.pedrovgs.problem67.MergeBinaryNumbers,MergeBinaryNumbers()V
Yajta,com.github.pedrovgs.problem35.AsteriskRegularExpression,evaluate([Ljava/lang/String;Ljava/lang/String;)[Ljava/lang/String;
Yajta,com.github.pedrovgs.problem35.AsteriskRegularExpression,matchAsteriskRegularExpression(Ljava/lang/String;Ljava/lang/String;)Z
Yajta,com.github.pedrovgs.problem35.AsteriskRegularExpression,AsteriskRegularExpression()V
Yajta,com.github.pedrovgs.problem19.BinaryTreeDepth,getInner(Lcom/github/pedrovgs/binarytree/BinaryNode;)I
Yajta,com.github.pedrovgs.problem19.BinaryTreeDepth,BinaryTreeDepth()V
Yajta,com.github.pedrovgs.problem19.BinaryTreeDepth,get(Lcom/github/pedrovgs/binarytree/BinaryNode;)I
Yajta,com.github.pedrovgs.problem66.TreeToListByLevel,transform(Lcom/github/pedrovgs/binarytree/BinaryNode;)Ljava/util/List;
Yajta,com.github.pedrovgs.problem66.TreeToListByLevel,TreeToListByLevel()V
Yajta,com.github.pedrovgs.problem74.BubbleSort,sort([I)V
Yajta,com.github.pedrovgs.problem74.BubbleSort,BubbleSort()V
Yajta,com.github.pedrovgs.problem15.BinaryTreeInOrder,validateBinaryNode(Lcom/github/pedrovgs/binarytree/BinaryNode;)V
Yajta,com.github.pedrovgs.problem15.BinaryTreeInOrder,getIterative(Lcom/github/pedrovgs/binarytree/BinaryNode;)Ljava/util/List;
Yajta,com.github.pedrovgs.problem15.BinaryTreeInOrder,getInner(Lcom/github/pedrovgs/binarytree/BinaryNode;)Ljava/util/List;
Yajta,com.github.pedrovgs.problem15.BinaryTreeInOrder,getRecursive(Lcom/github/pedrovgs/binarytree/BinaryNode;)Ljava/util/List;
Yajta,com.github.pedrovgs.problem15.BinaryTreeInOrder,BinaryTreeInOrder()V
Yajta,com.github.pedrovgs.problem60.PartitionList,split(Lcom/github/pedrovgs/linkedlist/ListNode;I)Lcom/github/pedrovgs/linkedlist/ListNode;
Yajta,com.github.pedrovgs.problem60.PartitionList,validateInput(Lcom/github/pedrovgs/linkedlist/ListNode;)V
Yajta,com.github.pedrovgs.problem60.PartitionList,mergeLists(Lcom/github/pedrovgs/linkedlist/ListNode;Lcom/github/pedrovgs/linkedlist/ListNode;)Lcom/github/pedrovgs/linkedlist/ListNode;
Yajta,com.github.pedrovgs.problem60.PartitionList,PartitionList()V
Yajta,com.github.pedrovgs.problem42.FloodFill,getValueAt([[III)I
Yajta,com.github.pedrovgs.problem42.FloodFill,validatePicture([[I)V
Yajta,com.github.pedrovgs.problem42.FloodFill,FloodFill()V
Yajta,com.github.pedrovgs.problem42.FloodFill,apply([[IIIII)V
Yajta,com.github.pedrovgs.problem61.SumLists,calculateNumber(Lcom/github/pedrovgs/linkedlist/ListNode;)I
Yajta,com.github.pedrovgs.problem61.SumLists,validateInput(Lcom/github/pedrovgs/linkedlist/ListNode;Lcom/github/pedrovgs/linkedlist/ListNode;)V
Yajta,com.github.pedrovgs.problem61.SumLists,calculateReverseNumber(Lcom/github/pedrovgs/linkedlist/ListNode;)I
Yajta,com.github.pedrovgs.problem61.SumLists,sum(Lcom/github/pedrovgs/linkedlist/ListNode;Lcom/github/pedrovgs/linkedlist/ListNode;)I
Yajta,com.github.pedrovgs.problem61.SumLists,getListSize(Lcom/github/pedrovgs/linkedlist/ListNode;)I
Yajta,com.github.pedrovgs.problem61.SumLists,sumReverse(Lcom/github/pedrovgs/linkedlist/ListNode;Lcom/github/pedrovgs/linkedlist/ListNode;)I
Yajta,com.github.pedrovgs.problem61.SumLists,SumLists()V
JaCoCo,com.github.pedrovgs.problem3.SumBinaryNumbers,sumBinaryNumbersBasedOnPowersOfTwo(Ljava/lang/String;Ljava/lang/String;)Ljava/lang/String;
JaCoCo,com.github.pedrovgs.problem3.SumBinaryNumbers,sumBinaryNumbersBasedOnCount(Ljava/lang/String;Ljava/lang/String;)Ljava/lang/String;
JaCoCo,com.github.pedrovgs.problem3.SumBinaryNumbers,sumBinaryNumbersCheating(Ljava/lang/String;Ljava/lang/String;)Ljava/lang/String;
JaCoCo,com.github.pedrovgs.problem3.SumBinaryNumbers,validateInput(Ljava/lang/String;Ljava/lang/String;)V
JaCoCo,com.github.pedrovgs.problem3.SumBinaryNumbers,getValueAt(Ljava/lang/String;I)I
JaCoCo,com.github.pedrovgs.problem3.SumBinaryNumbers,<init>()V
JaCoCo,com.github.pedrovgs.pair.Pair,equals(Ljava/lang/Object;)Z
JaCoCo,com.github.pedrovgs.pair.Pair,<init>(Ljava/lang/Object;Ljava/lang/Object;)V
JaCoCo,com.github.pedrovgs.problem8.SplitArray,splitSwappingPartition([I)V
JaCoCo,com.github.pedrovgs.problem8.SplitArray,splitSorting([I)V
JaCoCo,com.github.pedrovgs.problem8.SplitArray,splitSwappingIterative([I)V
JaCoCo,com.github.pedrovgs.problem8.SplitArray,splitSwappingRecursiveInner([III)V
JaCoCo,com.github.pedrovgs.problem8.SplitArray,swap([III)V
JaCoCo,com.github.pedrovgs.problem8.SplitArray,<init>()V
JaCoCo,com.github.pedrovgs.problem8.SplitArray,splitSwappingRecursive([I)V
JaCoCo,com.github.pedrovgs.problem50.UniqueChars,evaluate(Ljava/lang/String;)Z
JaCoCo,com.github.pedrovgs.problem50.UniqueChars,evaluate2(Ljava/lang/String;)Z
JaCoCo,com.github.pedrovgs.problem50.UniqueChars,validateInput(Ljava/lang/String;)V
JaCoCo,com.github.pedrovgs.problem50.UniqueChars,<init>()V
JaCoCo,com.github.pedrovgs.problem63.ConstantComplexityOrderStack$MinValue,<init>(II)V
JaCoCo,com.github.pedrovgs.problem65.IsTreeBalanced,getRootHeight(Lcom/github/pedrovgs/binarytree/BinaryNode;)I
JaCoCo,com.github.pedrovgs.problem65.IsTreeBalanced,check(Lcom/github/pedrovgs/binarytree/BinaryNode;)Z
JaCoCo,com.github.pedrovgs.problem65.IsTreeBalanced,<init>()V
JaCoCo,com.github.pedrovgs.problem31.FindLongestConsecutiveSequence,findIterative([I)I
JaCoCo,com.github.pedrovgs.problem31.FindLongestConsecutiveSequence,validateInput([I)V
JaCoCo,com.github.pedrovgs.problem31.FindLongestConsecutiveSequence,findRecursive([I)I
JaCoCo,com.github.pedrovgs.problem31.FindLongestConsecutiveSequence,findRecursiveInner([IIII)I
JaCoCo,com.github.pedrovgs.problem31.FindLongestConsecutiveSequence,<init>()V
JaCoCo,com.github.pedrovgs.problem4.SquareRoot,calculateSquareRootRecursive(I)F
JaCoCo,com.github.pedrovgs.problem4.SquareRoot,isGoodResultForSqrt(FF)Z
JaCoCo,com.github.pedrovgs.problem4.SquareRoot,<init>()V
JaCoCo,com.github.pedrovgs.problem4.SquareRoot,calculateSquareRootIterative(I)F
JaCoCo,com.github.pedrovgs.problem4.SquareRoot,sqrtRecursiveInner(FFF)F
JaCoCo,com.github.pedrovgs.problem47.ReturnChange,calculate([II)Ljava/util/List;
JaCoCo,com.github.pedrovgs.problem47.ReturnChange,validateInputData([II)V
JaCoCo,com.github.pedrovgs.problem47.ReturnChange,<init>()V
JaCoCo,com.github.pedrovgs.problem12.MoveZerosInArray,swap([III)V
JaCoCo,com.github.pedrovgs.problem12.MoveZerosInArray,<init>()V
JaCoCo,com.github.pedrovgs.problem12.MoveZerosInArray,moveUsingTwoPointers([I)V
JaCoCo,com.github.pedrovgs.problem12.MoveZerosInArray,moveSorting([I)V
JaCoCo,com.github.pedrovgs.problem12.MoveZerosInArray,validateArray([I)V
JaCoCo,com.github.pedrovgs.problem1.BitsCounter,countBitsToOneBasedOnBinaryOperators(I)I
JaCoCo,com.github.pedrovgs.problem1.BitsCounter,<init>()V
JaCoCo,com.github.pedrovgs.problem1.BitsCounter,countBitsToOneBasedOnString(I)I
JaCoCo,com.github.pedrovgs.problem41.GoThroughMatrixInSpiral,<init>()V
JaCoCo,com.github.pedrovgs.problem41.GoThroughMatrixInSpiral,go([[I)[I
JaCoCo,com.github.pedrovgs.problem28.FindSums,validateInput([I)V
JaCoCo,com.github.pedrovgs.problem28.FindSums,findLinearComplexityOrder([II)Ljava/util/List;
JaCoCo,com.github.pedrovgs.problem28.FindSums,find([II)Ljava/util/List;
JaCoCo,com.github.pedrovgs.problem28.FindSums,<init>()V
JaCoCo,com.github.pedrovgs.problem80.QuickSort,sort([I)V
JaCoCo,com.github.pedrovgs.problem80.QuickSort,partition([III)I
JaCoCo,com.github.pedrovgs.problem80.QuickSort,<init>()V
JaCoCo,com.github.pedrovgs.problem80.QuickSort,quickSort([III)V
JaCoCo,com.github.pedrovgs.problem26.Palindromes,evaluate(Ljava/lang/String;)Z
JaCoCo,com.github.pedrovgs.problem26.Palindromes,<init>()V
JaCoCo,com.github.pedrovgs.problem63.ConstantComplexityOrderStack$Stack2,pop()Ljava/lang/Integer;
JaCoCo,com.github.pedrovgs.problem63.ConstantComplexityOrderStack$Stack2,<init>()V
JaCoCo,com.github.pedrovgs.problem63.ConstantComplexityOrderStack$Stack2,getMin()I
JaCoCo,com.github.pedrovgs.problem63.ConstantComplexityOrderStack$Stack2,push(I)V
JaCoCo,com.github.pedrovgs.problem30.ScientificNotation,calculate(Ljava/lang/String;)J
JaCoCo,com.github.pedrovgs.problem30.ScientificNotation,getNumberSign(Ljava/lang/String;)I
JaCoCo,com.github.pedrovgs.problem30.ScientificNotation,getPow(Ljava/lang/String;)I
JaCoCo,com.github.pedrovgs.problem30.ScientificNotation,splitScientificNumber(Ljava/lang/String;)[Ljava/lang/String;
JaCoCo,com.github.pedrovgs.problem30.ScientificNotation,getLeftPart(Ljava/lang/String;)D
JaCoCo,com.github.pedrovgs.problem30.ScientificNotation,<init>()V
JaCoCo,com.github.pedrovgs.problem20.MultiplicationWithoutMultiply,calculate(II)I
JaCoCo,com.github.pedrovgs.problem20.MultiplicationWithoutMultiply,<init>()V
JaCoCo,com.github.pedrovgs.problem76.InsertionSort,sort([I)V
JaCoCo,com.github.pedrovgs.problem76.InsertionSort,<init>()V
JaCoCo,com.github.pedrovgs.problem63.ConstantComplexityOrderStack$Stack1,<init>()V
JaCoCo,com.github.pedrovgs.problem63.ConstantComplexityOrderStack$Stack1,getMin()I
JaCoCo,com.github.pedrovgs.problem63.ConstantComplexityOrderStack$Stack1,push(I)V
JaCoCo,com.github.pedrovgs.problem14.BinaryTreePreOrder,validateBinaryNode(Lcom/github/pedrovgs/binarytree/BinaryNode;)V
JaCoCo,com.github.pedrovgs.problem14.BinaryTreePreOrder,getIterative(Lcom/github/pedrovgs/binarytree/BinaryNode;)Ljava/util/List;
JaCoCo,com.github.pedrovgs.problem14.BinaryTreePreOrder,getInner(Lcom/github/pedrovgs/binarytree/BinaryNode;)Ljava/util/List;
JaCoCo,com.github.pedrovgs.problem14.BinaryTreePreOrder,<init>()V
JaCoCo,com.github.pedrovgs.problem14.BinaryTreePreOrder,getRecursive(Lcom/github/pedrovgs/binarytree/BinaryNode;)Ljava/util/List;
JaCoCo,com.github.pedrovgs.problem45.FindNthMostRepeatedElement,find([II)I
JaCoCo,com.github.pedrovgs.problem45.FindNthMostRepeatedElement,<init>()V
JaCoCo,com.github.pedrovgs.problem45.FindNthMostRepeatedElement,validateInput([II)V
JaCoCo,com.github.pedrovgs.problem45.FindNthMostRepeatedElement,validateResult(Ljava/lang/Integer;)V
JaCoCo,com.github.pedrovgs.problem18.IsBST,validateInput(Lcom/github/pedrovgs/binarytree/BinaryNode;)V
JaCoCo,com.github.pedrovgs.problem18.IsBST,checkIterative(Lcom/github/pedrovgs/binarytree/BinaryNode;)Z
JaCoCo,com.github.pedrovgs.problem18.IsBST,checkRecursive(Lcom/github/pedrovgs/binarytree/BinaryNode;)Z
JaCoCo,com.github.pedrovgs.problem18.IsBST,checkRecursiveInner(Lcom/github/pedrovgs/binarytree/BinaryNode;)Z
JaCoCo,com.github.pedrovgs.problem18.IsBST,isListOrdered(Ljava/util/List;)Z
JaCoCo,com.github.pedrovgs.problem18.IsBST,<init>()V
JaCoCo,com.github.pedrovgs.problem79.MergeSort,sort([I)V
JaCoCo,com.github.pedrovgs.problem79.MergeSort,mergeSort(II)V
JaCoCo,com.github.pedrovgs.problem79.MergeSort,<init>()V
JaCoCo,com.github.pedrovgs.problem79.MergeSort,merge(III)V
JaCoCo,com.github.pedrovgs.problem21.LowestCommonAncestor,getPathTo(Lcom/github/pedrovgs/binarytree/BinaryNode;Lcom/github/pedrovgs/binarytree/BinaryNode;)Ljava/util/List;
JaCoCo,com.github.pedrovgs.problem21.LowestCommonAncestor,validateInput(Lcom/github/pedrovgs/binarytree/BinaryNode;Lcom/github/pedrovgs/binarytree/BinaryNode;Lcom/github/pedrovgs/binarytree/BinaryNode;)V
JaCoCo,com.github.pedrovgs.problem21.LowestCommonAncestor,getRecursiveInner(Lcom/github/pedrovgs/binarytree/BinaryNode;Lcom/github/pedrovgs/binarytree/BinaryNode;Lcom/github/pedrovgs/binarytree/BinaryNode;)Lcom/github/pedrovgs/binarytree/BinaryNode;
JaCoCo,com.github.pedrovgs.problem21.LowestCommonAncestor,getRecursive(Lcom/github/pedrovgs/binarytree/BinaryNode;Lcom/github/pedrovgs/binarytree/BinaryNode;Lcom/github/pedrovgs/binarytree/BinaryNode;)Lcom/github/pedrovgs/binarytree/BinaryNode;
JaCoCo,com.github.pedrovgs.problem21.LowestCommonAncestor,getIterative(Lcom/github/pedrovgs/binarytree/BinaryNode;Lcom/github/pedrovgs/binarytree/BinaryNode;Lcom/github/pedrovgs/binarytree/BinaryNode;)Lcom/github/pedrovgs/binarytree/BinaryNode;
JaCoCo,com.github.pedrovgs.problem21.LowestCommonAncestor,<init>()V
JaCoCo,com.github.pedrovgs.problem53.CompressString,appendLastCharIfNeeded(Ljava/lang/StringBuilder;IC)V
JaCoCo,com.github.pedrovgs.problem53.CompressString,compressAlternativeApproach(Ljava/lang/String;)Ljava/lang/String;
JaCoCo,com.github.pedrovgs.problem53.CompressString,validateInput(Ljava/lang/String;)V
JaCoCo,com.github.pedrovgs.problem53.CompressString,addChar(Ljava/lang/StringBuilder;C)V
JaCoCo,com.github.pedrovgs.problem53.CompressString,compressRecursiveInner(Ljava/lang/String;Ljava/lang/StringBuilder;ICI)Ljava/lang/String;
JaCoCo,com.github.pedrovgs.problem53.CompressString,addCharCounterIfNeeded(Ljava/lang/StringBuilder;I)V
JaCoCo,com.github.pedrovgs.problem53.CompressString,<init>()V
JaCoCo,com.github.pedrovgs.problem53.CompressString,isCharRepeated(CC)Z
JaCoCo,com.github.pedrovgs.problem53.CompressString,compress(Ljava/lang/String;)Ljava/lang/String;
JaCoCo,com.github.pedrovgs.problem53.CompressString,compressRecursive(Ljava/lang/String;)Ljava/lang/String;
JaCoCo,com.github.pedrovgs.linkedlist.ListNode,getData()Ljava/lang/Object;
JaCoCo,com.github.pedrovgs.linkedlist.ListNode,equals(Ljava/lang/Object;)Z
JaCoCo,com.github.pedrovgs.linkedlist.ListNode,<init>(Ljava/lang/Object;)V
JaCoCo,com.github.pedrovgs.linkedlist.ListNode,setData(Ljava/lang/Object;)V
JaCoCo,com.github.pedrovgs.linkedlist.ListNode,setNext(Lcom/github/pedrovgs/linkedlist/ListNode;)V
JaCoCo,com.github.pedrovgs.linkedlist.ListNode,getNext()Lcom/github/pedrovgs/linkedlist/ListNode;
JaCoCo,com.github.pedrovgs.problem39.MultiplyArrayElements,<init>()V
JaCoCo,com.github.pedrovgs.problem39.MultiplyArrayElements,multiply([I)[I
JaCoCo,com.github.pedrovgs.problem69.BitsToTransform,calculate(II)I
JaCoCo,com.github.pedrovgs.problem69.BitsToTransform,<init>()V
JaCoCo,com.github.pedrovgs.problem17.BinaryTreeEquals,areEqualsInner(Lcom/github/pedrovgs/binarytree/BinaryNode;Lcom/github/pedrovgs/binarytree/BinaryNode;)Z
JaCoCo,com.github.pedrovgs.problem17.BinaryTreeEquals,areEqualsRecursive(Lcom/github/pedrovgs/binarytree/BinaryNode;Lcom/github/pedrovgs/binarytree/BinaryNode;)Z
JaCoCo,com.github.pedrovgs.problem17.BinaryTreeEquals,areEqualsIterative(Lcom/github/pedrovgs/binarytree/BinaryNode;Lcom/github/pedrovgs/binarytree/BinaryNode;)Z
JaCoCo,com.github.pedrovgs.problem17.BinaryTreeEquals,validateInput(Lcom/github/pedrovgs/binarytree/BinaryNode;Lcom/github/pedrovgs/binarytree/BinaryNode;)V
JaCoCo,com.github.pedrovgs.problem17.BinaryTreeEquals,<init>()V
JaCoCo,com.github.pedrovgs.problem17.BinaryTreeEquals,addNodeToStack(Ljava/util/Stack;Lcom/github/pedrovgs/binarytree/BinaryNode;)V
JaCoCo,com.github.pedrovgs.problem64.GetTheElementInTheMiddleOfTheList,validateInput(Lcom/github/pedrovgs/linkedlist/ListNode;)V
JaCoCo,com.github.pedrovgs.problem64.GetTheElementInTheMiddleOfTheList,get(Lcom/github/pedrovgs/linkedlist/ListNode;)Lcom/github/pedrovgs/linkedlist/ListNode;
JaCoCo,com.github.pedrovgs.problem64.GetTheElementInTheMiddleOfTheList,getListSize(Lcom/github/pedrovgs/linkedlist/ListNode;)I
JaCoCo,com.github.pedrovgs.problem64.GetTheElementInTheMiddleOfTheList,get2(Lcom/github/pedrovgs/linkedlist/ListNode;)Lcom/github/pedrovgs/linkedlist/ListNode;
JaCoCo,com.github.pedrovgs.problem64.GetTheElementInTheMiddleOfTheList,<init>()V
JaCoCo,com.github.pedrovgs.problem16.BinaryTreePostOrder,getIterative(Lcom/github/pedrovgs/binarytree/BinaryNode;)Ljava/util/List;
JaCoCo,com.github.pedrovgs.problem16.BinaryTreePostOrder,getInner(Lcom/github/pedrovgs/binarytree/BinaryNode;)Ljava/util/List;
JaCoCo,com.github.pedrovgs.problem16.BinaryTreePostOrder,<init>()V
JaCoCo,com.github.pedrovgs.problem16.BinaryTreePostOrder,getRecursive(Lcom/github/pedrovgs/binarytree/BinaryNode;)Ljava/util/List;
JaCoCo,com.github.pedrovgs.problem16.BinaryTreePostOrder,validateTree(Lcom/github/pedrovgs/binarytree/BinaryNode;)V
JaCoCo,com.github.pedrovgs.binarytree.BinaryNode,getData()Ljava/lang/Object;
JaCoCo,com.github.pedrovgs.binarytree.BinaryNode,setRight(Lcom/github/pedrovgs/binarytree/BinaryNode;)V
JaCoCo,com.github.pedrovgs.binarytree.BinaryNode,equals(Ljava/lang/Object;)Z
JaCoCo,com.github.pedrovgs.binarytree.BinaryNode,getLeft()Lcom/github/pedrovgs/binarytree/BinaryNode;
JaCoCo,com.github.pedrovgs.binarytree.BinaryNode,hasLeft()Z
JaCoCo,com.github.pedrovgs.binarytree.BinaryNode,<init>(Ljava/lang/Object;)V
JaCoCo,com.github.pedrovgs.binarytree.BinaryNode,setLeft(Lcom/github/pedrovgs/binarytree/BinaryNode;)V
JaCoCo,com.github.pedrovgs.binarytree.BinaryNode,getRight()Lcom/github/pedrovgs/binarytree/BinaryNode;
JaCoCo,com.github.pedrovgs.binarytree.BinaryNode,hasRight()Z
JaCoCo,com.github.pedrovgs.problem59.DeleteListNode,<init>()V
JaCoCo,com.github.pedrovgs.problem59.DeleteListNode,delete(Lcom/github/pedrovgs/linkedlist/ListNode;)V
JaCoCo,com.github.pedrovgs.problem59.DeleteListNode,validateInputData(Lcom/github/pedrovgs/linkedlist/ListNode;)V
JaCoCo,com.github.pedrovgs.problem11.IntToString,transform(I)Ljava/lang/String;
JaCoCo,com.github.pedrovgs.problem11.IntToString,<init>()V
JaCoCo,com.github.pedrovgs.problem58.FindKthElement,find3(Lcom/github/pedrovgs/linkedlist/ListNode;I)Lcom/github/pedrovgs/linkedlist/ListNode;
JaCoCo,com.github.pedrovgs.problem58.FindKthElement,calculateListSize(Lcom/github/pedrovgs/linkedlist/ListNode;)I
JaCoCo,com.github.pedrovgs.problem58.FindKthElement,validateInput(Lcom/github/pedrovgs/linkedlist/ListNode;I)V
JaCoCo,com.github.pedrovgs.problem58.FindKthElement,find(Lcom/github/pedrovgs/linkedlist/ListNode;I)Lcom/github/pedrovgs/linkedlist/ListNode;
JaCoCo,com.github.pedrovgs.problem58.FindKthElement,find2(Lcom/github/pedrovgs/linkedlist/ListNode;I)Lcom/github/pedrovgs/linkedlist/ListNode;
JaCoCo,com.github.pedrovgs.problem58.FindKthElement,<init>()V
JaCoCo,com.github.pedrovgs.problem46.BinaryTreeSerialization,deserialize(Ljava/lang/String;)Lcom/github/pedrovgs/binarytree/BinaryNode;
JaCoCo,com.github.pedrovgs.problem46.BinaryTreeSerialization,serializeInner(Lcom/github/pedrovgs/binarytree/BinaryNode;)Ljava/lang/String;
JaCoCo,com.github.pedrovgs.problem46.BinaryTreeSerialization,serialize(Lcom/github/pedrovgs/binarytree/BinaryNode;)Ljava/lang/String;
JaCoCo,com.github.pedrovgs.problem46.BinaryTreeSerialization,<clinit>()V
JaCoCo,com.github.pedrovgs.problem46.BinaryTreeSerialization,validateInput(Ljava/lang/String;)V
JaCoCo,com.github.pedrovgs.problem46.BinaryTreeSerialization,<init>()V
JaCoCo,com.github.pedrovgs.problem46.BinaryTreeSerialization,validateInputTree(Lcom/github/pedrovgs/binarytree/BinaryNode;)V
JaCoCo,com.github.pedrovgs.problem44.FindMinNumberAtPosition,getOrderedElements(Lcom/github/pedrovgs/binarytree/BinaryNode;)Ljava/util/List;
JaCoCo,com.github.pedrovgs.problem44.FindMinNumberAtPosition,find(Lcom/github/pedrovgs/binarytree/BinaryNode;I)Ljava/lang/Integer;
JaCoCo,com.github.pedrovgs.problem44.FindMinNumberAtPosition,validatePosition(ILjava/util/List;)V
JaCoCo,com.github.pedrovgs.problem44.FindMinNumberAtPosition,validateInputData(Lcom/github/pedrovgs/binarytree/BinaryNode;I)V
JaCoCo,com.github.pedrovgs.problem44.FindMinNumberAtPosition,<init>()V
JaCoCo,com.github.pedrovgs.problem40.MoveElementsToPositions,validateInput([I)V
JaCoCo,com.github.pedrovgs.problem40.MoveElementsToPositions,swapElements([III)V
JaCoCo,com.github.pedrovgs.problem40.MoveElementsToPositions,<init>()V
JaCoCo,com.github.pedrovgs.problem40.MoveElementsToPositions,move([I)V
JaCoCo,com.github.pedrovgs.problem40.MoveElementsToPositions,checkIfElementIsInsideTheValidInterval(II)V
JaCoCo,com.github.pedrovgs.problem7.FibonacciNumbers,getRecursive(J)J
JaCoCo,com.github.pedrovgs.problem7.FibonacciNumbers,getRecursiveWithCaching(I)J
JaCoCo,com.github.pedrovgs.problem7.FibonacciNumbers,getIterative(J)J
JaCoCo,com.github.pedrovgs.problem7.FibonacciNumbers,<clinit>()V
JaCoCo,com.github.pedrovgs.problem7.FibonacciNumbers,<init>()V
JaCoCo,com.github.pedrovgs.problem7.FibonacciNumbers,validateInput(J)V
JaCoCo,com.github.pedrovgs.problem57.RemoveListDuplicatedElements,validateInput(Lcom/github/pedrovgs/linkedlist/ListNode;)V
JaCoCo,com.github.pedrovgs.problem57.RemoveListDuplicatedElements,<init>()V
JaCoCo,com.github.pedrovgs.problem57.RemoveListDuplicatedElements,removeNextNodesWithValue(Lcom/github/pedrovgs/linkedlist/ListNode;)V
JaCoCo,com.github.pedrovgs.problem57.RemoveListDuplicatedElements,remove2(Lcom/github/pedrovgs/linkedlist/ListNode;)V
JaCoCo,com.github.pedrovgs.problem57.RemoveListDuplicatedElements,remove(Lcom/github/pedrovgs/linkedlist/ListNode;)V
JaCoCo,com.github.pedrovgs.problem68.IsEven,check(I)Z
JaCoCo,com.github.pedrovgs.problem68.IsEven,<init>()V
JaCoCo,com.github.pedrovgs.problem5.DivideUsingSubtraction,divideIterative(II)F
JaCoCo,com.github.pedrovgs.problem5.DivideUsingSubtraction,<init>()V
JaCoCo,com.github.pedrovgs.problem5.DivideUsingSubtraction,divideRecursive(II)F
JaCoCo,com.github.pedrovgs.problem5.DivideUsingSubtraction,validateInput(I)V
JaCoCo,com.github.pedrovgs.problem70.ReverseOrderOfBinaryNumber,reverse(I)I
JaCoCo,com.github.pedrovgs.problem70.ReverseOrderOfBinaryNumber,<init>()V
JaCoCo,com.github.pedrovgs.problem13.BinaryTreeByLevel,getUsingQueue(Lcom/github/pedrovgs/binarytree/BinaryNode;)Ljava/util/List;
JaCoCo,com.github.pedrovgs.problem13.BinaryTreeByLevel,getNodesForLevel(Lcom/github/pedrovgs/binarytree/BinaryNode;I)Ljava/util/List;
JaCoCo,com.github.pedrovgs.problem13.BinaryTreeByLevel,validateBinaryNode(Lcom/github/pedrovgs/binarytree/BinaryNode;)V
JaCoCo,com.github.pedrovgs.problem13.BinaryTreeByLevel,getWithoutAdditionalDataStructures(Lcom/github/pedrovgs/binarytree/BinaryNode;)Ljava/util/List;
JaCoCo,com.github.pedrovgs.problem13.BinaryTreeByLevel,getDepth(Lcom/github/pedrovgs/binarytree/BinaryNode;)I
JaCoCo,com.github.pedrovgs.problem13.BinaryTreeByLevel,<init>()V
JaCoCo,com.github.pedrovgs.problem62.PalindromeList,validateInput(Lcom/github/pedrovgs/linkedlist/ListNode;)V
JaCoCo,com.github.pedrovgs.problem62.PalindromeList,checkReversing(Lcom/github/pedrovgs/linkedlist/ListNode;)Z
JaCoCo,com.github.pedrovgs.problem62.PalindromeList,<init>()V
JaCoCo,com.github.pedrovgs.problem62.PalindromeList,checkIterative(Lcom/github/pedrovgs/linkedlist/ListNode;)Z
JaCoCo,com.github.pedrovgs.problem73.SubtractAdding,subtract(II)I
JaCoCo,com.github.pedrovgs.problem73.SubtractAdding,negate(I)I
JaCoCo,com.github.pedrovgs.problem73.SubtractAdding,<init>()V
JaCoCo,com.github.pedrovgs.problem51.ReverseString,reverseIterative(Ljava/lang/String;)Ljava/lang/String;
JaCoCo,com.github.pedrovgs.problem51.ReverseString,reverseRecursive(Ljava/lang/String;)Ljava/lang/String;
JaCoCo,com.github.pedrovgs.problem51.ReverseString,validateInput(Ljava/lang/String;)V
JaCoCo,com.github.pedrovgs.problem51.ReverseString,<init>()V
JaCoCo,com.github.pedrovgs.problem51.ReverseString,reverseRecursiveInner(Ljava/lang/String;ILjava/lang/StringBuilder;)Ljava/lang/String;
JaCoCo,com.github.pedrovgs.problem37.PathCalculator,calculatePath([[Ljava/lang/String;)[Ljava/lang/String;
JaCoCo,com.github.pedrovgs.problem37.PathCalculator,calculate(Ljava/lang/String;Ljava/lang/String;Ljava/lang/String;)Ljava/lang/String;
JaCoCo,com.github.pedrovgs.problem37.PathCalculator,<init>()V
JaCoCo,com.github.pedrovgs.problem22.ReverseLinkedList,reverseRecursive(Lcom/github/pedrovgs/linkedlist/ListNode;)Lcom/github/pedrovgs/linkedlist/ListNode;
JaCoCo,com.github.pedrovgs.problem22.ReverseLinkedList,validateInput(Lcom/github/pedrovgs/linkedlist/ListNode;)V
JaCoCo,com.github.pedrovgs.problem22.ReverseLinkedList,reverseIterative(Lcom/github/pedrovgs/linkedlist/ListNode;)Lcom/github/pedrovgs/linkedlist/ListNode;
JaCoCo,com.github.pedrovgs.problem22.ReverseLinkedList,reverseRecursiveInner(Lcom/github/pedrovgs/linkedlist/ListNode;)Lcom/github/pedrovgs/linkedlist/ListNode;
JaCoCo,com.github.pedrovgs.problem22.ReverseLinkedList,<init>()V
JaCoCo,com.github.pedrovgs.problem71.ReverseBinaryNumber,reverse(I)I
JaCoCo,com.github.pedrovgs.problem71.ReverseBinaryNumber,reverseBitsOrder(I)I
JaCoCo,com.github.pedrovgs.problem71.ReverseBinaryNumber,<init>()V
JaCoCo,com.github.pedrovgs.problem71.ReverseBinaryNumber,removeFirstOne(I)I
JaCoCo,com.github.pedrovgs.problem38.PathToEveryLeaf,calculate(Lcom/github/pedrovgs/binarytree/BinaryNode;)Ljava/util/List;
JaCoCo,com.github.pedrovgs.problem38.PathToEveryLeaf,calculatePathToLeafs(Lcom/github/pedrovgs/binarytree/BinaryNode;Ljava/util/List;)Ljava/util/List;
JaCoCo,com.github.pedrovgs.problem38.PathToEveryLeaf,<init>()V
JaCoCo,com.github.pedrovgs.problem78.AutoBoxingTrick,<init>()V
JaCoCo,com.github.pedrovgs.problem78.AutoBoxingTrick,compare(Ljava/lang/Integer;Ljava/lang/Integer;)Z
JaCoCo,com.github.pedrovgs.problem33.SimpleRegularExpression,evaluate(Ljava/lang/String;Ljava/lang/String;)Z
JaCoCo,com.github.pedrovgs.problem33.SimpleRegularExpression,<init>()V
JaCoCo,com.github.pedrovgs.problem72.FindTheMissingNumber,find([I)I
JaCoCo,com.github.pedrovgs.problem72.FindTheMissingNumber,validateInput([I)V
JaCoCo,com.github.pedrovgs.problem72.FindTheMissingNumber,calculateSum([I)I
JaCoCo,com.github.pedrovgs.problem72.FindTheMissingNumber,<init>()V
JaCoCo,com.github.pedrovgs.problem43.CombinationOfIntegers,calculate(Ljava/util/Set;)Ljava/util/Set;
JaCoCo,com.github.pedrovgs.problem43.CombinationOfIntegers,validateInputSet(Ljava/util/Set;)V
JaCoCo,com.github.pedrovgs.problem43.CombinationOfIntegers,<init>()V
JaCoCo,com.github.pedrovgs.problem6.MergeSortedArrays,validateArrays([I[I)V
JaCoCo,com.github.pedrovgs.problem6.MergeSortedArrays,merge([I[I)[I
JaCoCo,com.github.pedrovgs.problem6.MergeSortedArrays,<init>()V
JaCoCo,com.github.pedrovgs.problem75.SelectionSort,sort([I)V
JaCoCo,com.github.pedrovgs.problem75.SelectionSort,<init>()V
JaCoCo,com.github.pedrovgs.problem56.IsRotationUsingIsSubstring,validateInput(Ljava/lang/String;Ljava/lang/String;)V
JaCoCo,com.github.pedrovgs.problem56.IsRotationUsingIsSubstring,isSubstring(Ljava/lang/String;Ljava/lang/String;)Z
JaCoCo,com.github.pedrovgs.problem56.IsRotationUsingIsSubstring,haveSameLength(Ljava/lang/String;Ljava/lang/String;)Z
JaCoCo,com.github.pedrovgs.problem56.IsRotationUsingIsSubstring,<init>()V
JaCoCo,com.github.pedrovgs.problem56.IsRotationUsingIsSubstring,check(Ljava/lang/String;Ljava/lang/String;)Z
JaCoCo,com.github.pedrovgs.problem36.AvlTreeMedian,find(Lcom/github/pedrovgs/binarytree/BinaryNode;)D
JaCoCo,com.github.pedrovgs.problem36.AvlTreeMedian,<init>()V
JaCoCo,com.github.pedrovgs.problem24.SortedArrayToBST,transform([Ljava/lang/Integer;)Lcom/github/pedrovgs/binarytree/BinaryNode;
JaCoCo,com.github.pedrovgs.problem24.SortedArrayToBST,<init>()V
JaCoCo,com.github.pedrovgs.problem24.SortedArrayToBST,transformToBST([Ljava/lang/Integer;II)Lcom/github/pedrovgs/binarytree/BinaryNode;
JaCoCo,com.github.pedrovgs.problem49.CombinationsOfChange,get([II)Ljava/util/List;
JaCoCo,com.github.pedrovgs.problem49.CombinationsOfChange,validateInputData([II)V
JaCoCo,com.github.pedrovgs.problem49.CombinationsOfChange,<init>()V
JaCoCo,com.github.pedrovgs.problem49.CombinationsOfChange,getChange([II)Ljava/util/List;
JaCoCo,com.github.pedrovgs.problem54.RotateMatrix,validateInput([[I)V
JaCoCo,com.github.pedrovgs.problem54.RotateMatrix,moveLeftToTop([[IIIII)V
JaCoCo,com.github.pedrovgs.problem54.RotateMatrix,moveTopToRight([[IIII)V
JaCoCo,com.github.pedrovgs.problem54.RotateMatrix,moveRithToBottom([[IIII)V
JaCoCo,com.github.pedrovgs.problem54.RotateMatrix,moveBottomToLeft([[IIII)V
JaCoCo,com.github.pedrovgs.problem54.RotateMatrix,<init>()V
JaCoCo,com.github.pedrovgs.problem54.RotateMatrix,rotate([[I)V
JaCoCo,com.github.pedrovgs.problem48.WordSearch,validateInputData([[CLjava/lang/String;)V
JaCoCo,com.github.pedrovgs.problem48.WordSearch,contains([[CLjava/lang/String;)Z
JaCoCo,com.github.pedrovgs.problem48.WordSearch,matches([[CIIC)Z
JaCoCo,com.github.pedrovgs.problem48.WordSearch,isWordInWordSearchInner([[CLjava/lang/String;II)Z
JaCoCo,com.github.pedrovgs.problem48.WordSearch,<init>()V
JaCoCo,com.github.pedrovgs.problem2.VectorScalarProduct,calculateScalarProduct(Lcom/github/pedrovgs/problem2/Vector;Lcom/github/pedrovgs/problem2/Vector;)I
JaCoCo,com.github.pedrovgs.problem2.VectorScalarProduct,validateInput(Lcom/github/pedrovgs/problem2/Vector;Lcom/github/pedrovgs/problem2/Vector;)V
JaCoCo,com.github.pedrovgs.problem2.VectorScalarProduct,<init>()V
JaCoCo,com.github.pedrovgs.problem2.Vector,<init>([I)V
JaCoCo,com.github.pedrovgs.problem2.Vector,size()I
JaCoCo,com.github.pedrovgs.problem2.Vector,getAt(I)I
JaCoCo,com.github.pedrovgs.problem9.Factorial,getRecursive(I)I
JaCoCo,com.github.pedrovgs.problem9.Factorial,getTailRecursive(I)I
JaCoCo,com.github.pedrovgs.problem9.Factorial,getIterative(I)I
JaCoCo,com.github.pedrovgs.problem9.Factorial,getTailRecursiveInner(II)I
JaCoCo,com.github.pedrovgs.problem9.Factorial,<init>()V
JaCoCo,com.github.pedrovgs.problem9.Factorial,validateInput(I)V
JaCoCo,com.github.pedrovgs.problem34.DotRegularExpression,evaluate([Ljava/lang/String;Ljava/lang/String;)[Ljava/lang/String;
JaCoCo,com.github.pedrovgs.problem34.DotRegularExpression,matchDotRegularExpression(Ljava/lang/String;Ljava/lang/String;)Z
JaCoCo,com.github.pedrovgs.problem34.DotRegularExpression,<init>()V
JaCoCo,com.github.pedrovgs.problem10.RemoveDuplicates,validateArray([Ljava/lang/Integer;)V
JaCoCo,com.github.pedrovgs.problem10.RemoveDuplicates,removeUsingSet([Ljava/lang/Integer;)[Ljava/lang/Integer;
JaCoCo,com.github.pedrovgs.problem10.RemoveDuplicates,<init>()V
JaCoCo,com.github.pedrovgs.problem10.RemoveDuplicates,removeUsingSorting([Ljava/lang/Integer;)[Ljava/lang/Integer;
JaCoCo,com.github.pedrovgs.problem23.FakeFile,<init>([Ljava/lang/String;)V
JaCoCo,com.github.pedrovgs.problem23.FakeFile,getLine()Ljava/lang/String;
JaCoCo,com.github.pedrovgs.problem52.ReplaceSpaces,replace([C)V
JaCoCo,com.github.pedrovgs.problem52.ReplaceSpaces,validateInput([C)V
JaCoCo,com.github.pedrovgs.problem52.ReplaceSpaces,copyArray([C[C)V
JaCoCo,com.github.pedrovgs.problem52.ReplaceSpaces,getLastCharPosition([C)I
JaCoCo,com.github.pedrovgs.problem52.ReplaceSpaces,<init>()V
JaCoCo,com.github.pedrovgs.problem52.ReplaceSpaces,replace2([C)V
JaCoCo,com.github.pedrovgs.problem27.ReverseSentence,reverse(Ljava/lang/String;)Ljava/lang/String;
JaCoCo,com.github.pedrovgs.problem27.ReverseSentence,<init>()V
JaCoCo,com.github.pedrovgs.problem32.Contains,evaluate(Ljava/lang/String;Ljava/lang/String;)Z
JaCoCo,com.github.pedrovgs.problem32.Contains,<init>()V
JaCoCo,com.github.pedrovgs.problem29.AreAnagrams,<init>()V
JaCoCo,com.github.pedrovgs.problem29.AreAnagrams,check(Ljava/lang/String;Ljava/lang/String;)Z
JaCoCo,com.github.pedrovgs.problem55.RewriteRowAndColumnsWithZeros,validateInput([[I)V
JaCoCo,com.github.pedrovgs.problem55.RewriteRowAndColumnsWithZeros,rewriteColumn([[IILjava/util/Set;)V
JaCoCo,com.github.pedrovgs.problem55.RewriteRowAndColumnsWithZeros,rewriteRow([[IILjava/util/Set;)V
JaCoCo,com.github.pedrovgs.problem55.RewriteRowAndColumnsWithZeros,rewrite([[I)V
JaCoCo,com.github.pedrovgs.problem55.RewriteRowAndColumnsWithZeros,<init>()V
JaCoCo,com.github.pedrovgs.problem55.RewriteRowAndColumnsWithZeros,shouldPaintRowAndColumn([[IIILjava/util/Set;Ljava/util/Set;)Z
JaCoCo,com.github.pedrovgs.problem23.RemoveComments,remove(Lcom/github/pedrovgs/problem23/FakeFile;)Ljava/lang/String;
JaCoCo,com.github.pedrovgs.problem23.RemoveComments,<init>()V
JaCoCo,com.github.pedrovgs.sortingalgorithm.SortingAlgorithm,validateInput([I)V
JaCoCo,com.github.pedrovgs.sortingalgorithm.SortingAlgorithm,swap([III)V
JaCoCo,com.github.pedrovgs.sortingalgorithm.SortingAlgorithm,<init>()V
JaCoCo,com.github.pedrovgs.problem25.Anagrams,getAnagramsInner(Ljava/lang/String;Ljava/lang/String;)Ljava/util/List;
JaCoCo,com.github.pedrovgs.problem25.Anagrams,get(Ljava/lang/String;)Ljava/util/List;
JaCoCo,com.github.pedrovgs.problem25.Anagrams,<init>()V
JaCoCo,com.github.pedrovgs.problem67.MergeBinaryNumbers,merge(IIII)I
JaCoCo,com.github.pedrovgs.problem67.MergeBinaryNumbers,<init>()V
JaCoCo,com.github.pedrovgs.problem19.BinaryTreeDepth,getInner(Lcom/github/pedrovgs/binarytree/BinaryNode;)I
JaCoCo,com.github.pedrovgs.problem19.BinaryTreeDepth,<init>()V
JaCoCo,com.github.pedrovgs.problem19.BinaryTreeDepth,get(Lcom/github/pedrovgs/binarytree/BinaryNode;)I
JaCoCo,com.github.pedrovgs.problem35.AsteriskRegularExpression,evaluate([Ljava/lang/String;Ljava/lang/String;)[Ljava/lang/String;
JaCoCo,com.github.pedrovgs.problem35.AsteriskRegularExpression,<init>()V
JaCoCo,com.github.pedrovgs.problem35.AsteriskRegularExpression,matchAsteriskRegularExpression(Ljava/lang/String;Ljava/lang/String;)Z
JaCoCo,com.github.pedrovgs.problem66.TreeToListByLevel,transform(Lcom/github/pedrovgs/binarytree/BinaryNode;)Ljava/util/List;
JaCoCo,com.github.pedrovgs.problem66.TreeToListByLevel,<init>()V
JaCoCo,com.github.pedrovgs.problem74.BubbleSort,sort([I)V
JaCoCo,com.github.pedrovgs.problem74.BubbleSort,<init>()V
JaCoCo,com.github.pedrovgs.problem15.BinaryTreeInOrder,validateBinaryNode(Lcom/github/pedrovgs/binarytree/BinaryNode;)V
JaCoCo,com.github.pedrovgs.problem15.BinaryTreeInOrder,getIterative(Lcom/github/pedrovgs/binarytree/BinaryNode;)Ljava/util/List;
JaCoCo,com.github.pedrovgs.problem15.BinaryTreeInOrder,getInner(Lcom/github/pedrovgs/binarytree/BinaryNode;)Ljava/util/List;
JaCoCo,com.github.pedrovgs.problem15.BinaryTreeInOrder,<init>()V
JaCoCo,com.github.pedrovgs.problem15.BinaryTreeInOrder,getRecursive(Lcom/github/pedrovgs/binarytree/BinaryNode;)Ljava/util/List;
JaCoCo,com.github.pedrovgs.problem60.PartitionList,split(Lcom/github/pedrovgs/linkedlist/ListNode;I)Lcom/github/pedrovgs/linkedlist/ListNode;
JaCoCo,com.github.pedrovgs.problem60.PartitionList,validateInput(Lcom/github/pedrovgs/linkedlist/ListNode;)V
JaCoCo,com.github.pedrovgs.problem60.PartitionList,mergeLists(Lcom/github/pedrovgs/linkedlist/ListNode;Lcom/github/pedrovgs/linkedlist/ListNode;)Lcom/github/pedrovgs/linkedlist/ListNode;
JaCoCo,com.github.pedrovgs.problem60.PartitionList,<init>()V
JaCoCo,com.github.pedrovgs.problem42.FloodFill,getValueAt([[III)I
JaCoCo,com.github.pedrovgs.problem42.FloodFill,validatePicture([[I)V
JaCoCo,com.github.pedrovgs.problem42.FloodFill,<init>()V
JaCoCo,com.github.pedrovgs.problem42.FloodFill,apply([[IIIII)V
JaCoCo,com.github.pedrovgs.problem61.SumLists,calculateNumber(Lcom/github/pedrovgs/linkedlist/ListNode;)I
JaCoCo,com.github.pedrovgs.problem61.SumLists,calculateReverseNumber(Lcom/github/pedrovgs/linkedlist/ListNode;)I
JaCoCo,com.github.pedrovgs.problem61.SumLists,validateInput(Lcom/github/pedrovgs/linkedlist/ListNode;Lcom/github/pedrovgs/linkedlist/ListNode;)V
JaCoCo,com.github.pedrovgs.problem61.SumLists,sum(Lcom/github/pedrovgs/linkedlist/ListNode;Lcom/github/pedrovgs/linkedlist/ListNode;)I
JaCoCo,com.github.pedrovgs.problem61.SumLists,getListSize(Lcom/github/pedrovgs/linkedlist/ListNode;)I
JaCoCo,com.github.pedrovgs.problem61.SumLists,sumReverse(Lcom/github/pedrovgs/linkedlist/ListNode;Lcom/github/pedrovgs/linkedlist/ListNode;)I
JaCoCo,com.github.pedrovgs.problem61.SumLists,<init>()V
JVM,com.github.pedrovgs.problem9.Factorial,UNKNOWN
JVM,com.github.pedrovgs.problem56.IsRotationUsingIsSubstring,UNKNOWN
JVM,com.github.pedrovgs.problem47.ReturnChange,UNKNOWN
JVM,com.github.pedrovgs.problem37.PathCalculator,UNKNOWN
JVM,com.github.pedrovgs.problem49.CombinationsOfChange,UNKNOWN
JVM,com.github.pedrovgs.problem17.BinaryTreeEquals,UNKNOWN
JVM,com.github.pedrovgs.problem68.IsEven,UNKNOWN
JVM,com.github.pedrovgs.problem55.RewriteRowAndColumnsWithZeros,UNKNOWN
JVM,com.github.pedrovgs.problem72.FindTheMissingNumber,UNKNOWN
JVM,com.github.pedrovgs.problem50.UniqueChars,UNKNOWN
JVM,com.github.pedrovgs.problem58.FindKthElement,UNKNOWN
JVM,com.github.pedrovgs.linkedlist.ListNode,UNKNOWN
JVM,com.github.pedrovgs.sortingalgorithm.SortingAlgorithm,UNKNOWN
JVM,com.github.pedrovgs.problem43.CombinationOfIntegers,UNKNOWN
JVM,com.github.pedrovgs.problem8.SplitArray,UNKNOWN
JVM,com.github.pedrovgs.problem69.BitsToTransform,UNKNOWN
JVM,com.github.pedrovgs.problem42.FloodFill,UNKNOWN
JVM,com.github.pedrovgs.problem76.InsertionSort,UNKNOWN
JVM,com.github.pedrovgs.problem59.DeleteListNode,UNKNOWN
JVM,com.github.pedrovgs.problem35.AsteriskRegularExpression,UNKNOWN
JVM,com.github.pedrovgs.problem31.FindLongestConsecutiveSequence,UNKNOWN
JVM,com.github.pedrovgs.problem15.BinaryTreeInOrder,UNKNOWN
JVM,com.github.pedrovgs.problem41.GoThroughMatrixInSpiral,UNKNOWN
JVM,com.github.pedrovgs.problem4.SquareRoot,UNKNOWN
JVM,com.github.pedrovgs.problem6.MergeSortedArrays,UNKNOWN
JVM,com.github.pedrovgs.problem14.BinaryTreePreOrder,UNKNOWN
JVM,com.github.pedrovgs.problem30.ScientificNotation,UNKNOWN
JVM,com.github.pedrovgs.problem66.TreeToListByLevel,UNKNOWN
JVM,com.github.pedrovgs.problem39.MultiplyArrayElements,UNKNOWN
JVM,com.github.pedrovgs.problem60.PartitionList,UNKNOWN
JVM,com.github.pedrovgs.problem63.ConstantComplexityOrderStack$MinValue,UNKNOWN
JVM,com.github.pedrovgs.problem33.SimpleRegularExpression,UNKNOWN
JVM,com.github.pedrovgs.problem67.MergeBinaryNumbers,UNKNOWN
JVM,com.github.pedrovgs.problem65.IsTreeBalanced,UNKNOWN
JVM,com.github.pedrovgs.problem45.FindNthMostRepeatedElement,UNKNOWN
JVM,com.github.pedrovgs.problem38.PathToEveryLeaf,UNKNOWN
JVM,com.github.pedrovgs.problem29.AreAnagrams,UNKNOWN
JVM,com.github.pedrovgs.problem10.RemoveDuplicates,UNKNOWN
JVM,com.github.pedrovgs.problem74.BubbleSort,UNKNOWN
JVM,com.github.pedrovgs.problem70.ReverseOrderOfBinaryNumber,UNKNOWN
JVM,com.github.pedrovgs.problem46.BinaryTreeSerialization,UNKNOWN
JVM,com.github.pedrovgs.problem23.RemoveComments,UNKNOWN
JVM,com.github.pedrovgs.problem75.SelectionSort,UNKNOWN
JVM,com.github.pedrovgs.problem48.WordSearch,UNKNOWN
JVM,com.github.pedrovgs.problem3.SumBinaryNumbers,UNKNOWN
JVM,com.github.pedrovgs.problem2.VectorScalarProduct,UNKNOWN
JVM,com.github.pedrovgs.problem44.FindMinNumberAtPosition,UNKNOWN
JVM,com.github.pedrovgs.problem73.SubtractAdding,UNKNOWN
JVM,com.github.pedrovgs.problem2.Vector,UNKNOWN
JVM,com.github.pedrovgs.problem53.CompressString,UNKNOWN
JVM,com.github.pedrovgs.problem62.PalindromeList,UNKNOWN
JVM,com.github.pedrovgs.problem22.ReverseLinkedList,UNKNOWN
JVM,com.github.pedrovgs.problem25.Anagrams,UNKNOWN
JVM,com.github.pedrovgs.problem64.GetTheElementInTheMiddleOfTheList,UNKNOWN
JVM,com.github.pedrovgs.problem27.ReverseSentence,UNKNOWN
JVM,com.github.pedrovgs.problem40.MoveElementsToPositions,UNKNOWN
JVM,com.github.pedrovgs.problem18.IsBST,UNKNOWN
JVM,com.github.pedrovgs.binarytree.BinaryNode,UNKNOWN
JVM,com.github.pedrovgs.problem52.ReplaceSpaces,UNKNOWN
JVM,com.github.pedrovgs.problem21.LowestCommonAncestor,UNKNOWN
JVM,com.github.pedrovgs.problem28.FindSums,UNKNOWN
JVM,com.github.pedrovgs.problem13.BinaryTreeByLevel,UNKNOWN
JVM,com.github.pedrovgs.problem54.RotateMatrix,UNKNOWN
JVM,com.github.pedrovgs.problem23.FakeFile,UNKNOWN
JVM,com.github.pedrovgs.problem71.ReverseBinaryNumber,UNKNOWN
JVM,com.github.pedrovgs.problem19.BinaryTreeDepth,UNKNOWN
JVM,com.github.pedrovgs.problem63.ConstantComplexityOrderStack$Stack1,UNKNOWN
JVM,com.github.pedrovgs.problem1.BitsCounter,UNKNOWN
JVM,com.github.pedrovgs.problem63.ConstantComplexityOrderStack$Stack2,UNKNOWN
JVM,com.github.pedrovgs.pair.Pair,UNKNOWN
JVM,com.github.pedrovgs.problem24.SortedArrayToBST,UNKNOWN
JVM,com.github.pedrovgs.problem12.MoveZerosInArray,UNKNOWN
JVM,com.github.pedrovgs.problem7.FibonacciNumbers,UNKNOWN
JVM,com.github.pedrovgs.problem5.DivideUsingSubtraction,UNKNOWN
JVM,com.github.pedrovgs.problem34.DotRegularExpression,UNKNOWN
JVM,com.github.pedrovgs.problem16.BinaryTreePostOrder,UNKNOWN
JVM,com.github.pedrovgs.problem61.SumLists,UNKNOWN
JVM,com.github.pedrovgs.problem79.MergeSort,UNKNOWN
JVM,com.github.pedrovgs.problem80.QuickSort,UNKNOWN
JVM,com.github.pedrovgs.problem20.MultiplicationWithoutMultiply,UNKNOWN
JVM,com.github.pedrovgs.problem32.Contains,UNKNOWN
JVM,com.github.pedrovgs.problem26.Palindromes,UNKNOWN
JVM,com.github.pedrovgs.problem11.IntToString,UNKNOWN
JVM,com.github.pedrovgs.problem51.ReverseString,UNKNOWN
JVM,com.github.pedrovgs.problem36.AvlTreeMedian,UNKNOWN
JVM,com.github.pedrovgs.problem78.AutoBoxingTrick,UNKNOWN
JVM,com.github.pedrovgs.problem57.RemoveListDuplicatedElements,UNKNOWN
