UsedClass,com.github.pedrovgs.problem55.RewriteRowAndColumnsWithZeros,CLASS
UsedClass,com.github.pedrovgs.problem52.ReplaceSpaces,CLASS
UsedClass,com.github.pedrovgs.problem64.GetTheElementInTheMiddleOfTheList,CLASS
UsedClass,com.github.pedrovgs.problem63.ConstantComplexityOrderStack$MinValue,SINGLETON
UsedClass,com.github.pedrovgs.problem63.ConstantComplexityOrderStack$Stack1,CLASS
UsedClass,com.github.pedrovgs.problem63.ConstantComplexityOrderStack$Stack2,CLASS
BloatedClass,com.github.pedrovgs.problem63.ConstantComplexityOrderStack,CLASS
UsedClass,com.github.pedrovgs.problem37.PathCalculator,CLASS
UsedClass,com.github.pedrovgs.problem30.ScientificNotation,CLASS
UsedClass,com.github.pedrovgs.problem39.MultiplyArrayElements,CLASS
UsedClass,com.github.pedrovgs.problem62.PalindromeList,CLASS
UsedClass,com.github.pedrovgs.problem65.IsTreeBalanced,CLASS
UsedClass,com.github.pedrovgs.problem53.CompressString,CLASS
UsedClass,com.github.pedrovgs.problem54.RotateMatrix,CLASS
UsedClass,com.github.pedrovgs.problem38.PathToEveryLeaf,CLASS
UsedClass,com.github.pedrovgs.problem31.FindLongestConsecutiveSequence,CLASS
UsedClass,com.github.pedrovgs.problem36.AvlTreeMedian,CLASS
UsedClass,com.github.pedrovgs.linkedlist.ListNode,CLASS
UsedClass,com.github.pedrovgs.problem14.BinaryTreePreOrder,CLASS
UsedClass,com.github.pedrovgs.problem13.BinaryTreeByLevel,CLASS
UsedClass,com.github.pedrovgs.problem25.Anagrams,CLASS
UsedClass,com.github.pedrovgs.problem22.ReverseLinkedList,CLASS
UsedClass,com.github.pedrovgs.problem49.CombinationsOfChange,CLASS
UsedClass,com.github.pedrovgs.problem76.InsertionSort,CLASS
UsedClass,com.github.pedrovgs.problem1.BitsCounter,CLASS
UsedClass,com.github.pedrovgs.problem6.MergeSortedArrays,CLASS
UsedClass,com.github.pedrovgs.problem71.ReverseBinaryNumber,CLASS
UsedClass,com.github.pedrovgs.problem78.AutoBoxingTrick,CLASS
UsedClass,com.github.pedrovgs.problem47.ReturnChange,CLASS
UsedClass,com.github.pedrovgs.problem8.SplitArray,CLASS
UsedClass,com.github.pedrovgs.problem40.MoveElementsToPositions,CLASS
UsedClass,com.github.pedrovgs.problem23.RemoveComments,CLASS
UsedClass,com.github.pedrovgs.problem23.FakeFile,SINGLETON
UsedClass,com.github.pedrovgs.problem24.SortedArrayToBST,CLASS
UsedClass,com.github.pedrovgs.problem12.MoveZerosInArray,CLASS
UsedClass,com.github.pedrovgs.problem15.BinaryTreeInOrder,CLASS
UsedClass,com.github.pedrovgs.problem9.Factorial,CLASS
UsedClass,com.github.pedrovgs.problem41.GoThroughMatrixInSpiral,CLASS
UsedClass,com.github.pedrovgs.problem79.MergeSort,CLASS
UsedClass,com.github.pedrovgs.problem46.BinaryTreeSerialization,CLASS
UsedClass,com.github.pedrovgs.problem7.FibonacciNumbers,CLASS
UsedClass,com.github.pedrovgs.problem70.ReverseOrderOfBinaryNumber,CLASS
UsedClass,com.github.pedrovgs.problem48.WordSearch,CLASS
BloatedClass,com.github.pedrovgs.problem77.HelloWorldWithoutSemicolon,CLASS
UsedClass,com.github.pedrovgs.problem33.SimpleRegularExpression,CLASS
UsedClass,com.github.pedrovgs.sortingalgorithm.SortingAlgorithm,CLASS_ABSTRACT
UsedClass,com.github.pedrovgs.problem34.DotRegularExpression,CLASS
UsedClass,com.github.pedrovgs.problem51.ReverseString,CLASS
UsedClass,com.github.pedrovgs.problem56.IsRotationUsingIsSubstring,CLASS
UsedClass,com.github.pedrovgs.problem69.BitsToTransform,CLASS
UsedClass,com.github.pedrovgs.problem60.PartitionList,CLASS
UsedClass,com.github.pedrovgs.problem67.MergeBinaryNumbers,CLASS
UsedClass,com.github.pedrovgs.problem58.FindKthElement,CLASS
UsedClass,com.github.pedrovgs.problem35.AsteriskRegularExpression,CLASS
UsedClass,com.github.pedrovgs.problem32.Contains,CLASS
UsedClass,com.github.pedrovgs.problem66.TreeToListByLevel,CLASS
UsedClass,com.github.pedrovgs.problem59.DeleteListNode,CLASS
UsedClass,com.github.pedrovgs.problem61.SumLists,CLASS
UsedClass,com.github.pedrovgs.problem57.RemoveListDuplicatedElements,CLASS
UsedClass,com.github.pedrovgs.problem68.IsEven,CLASS
UsedClass,com.github.pedrovgs.problem50.UniqueChars,CLASS
UsedClass,com.github.pedrovgs.binarytree.BinaryNode,CLASS
UsedClass,com.github.pedrovgs.problem5.DivideUsingSubtraction,CLASS
UsedClass,com.github.pedrovgs.problem72.FindTheMissingNumber,CLASS
UsedClass,com.github.pedrovgs.problem75.SelectionSort,CLASS
UsedClass,com.github.pedrovgs.problem2.Vector,CLASS
UsedClass,com.github.pedrovgs.problem2.VectorScalarProduct,CLASS
UsedClass,com.github.pedrovgs.problem43.CombinationOfIntegers,CLASS
UsedClass,com.github.pedrovgs.problem44.FindMinNumberAtPosition,CLASS
UsedClass,com.github.pedrovgs.problem10.RemoveDuplicates,CLASS
UsedClass,com.github.pedrovgs.problem17.BinaryTreeEquals,CLASS
UsedClass,com.github.pedrovgs.problem28.FindSums,CLASS
UsedClass,com.github.pedrovgs.problem21.LowestCommonAncestor,CLASS
UsedClass,com.github.pedrovgs.problem26.Palindromes,CLASS
UsedClass,com.github.pedrovgs.problem19.BinaryTreeDepth,CLASS
UsedClass,com.github.pedrovgs.problem45.FindNthMostRepeatedElement,CLASS
UsedClass,com.github.pedrovgs.problem42.FloodFill,CLASS
UsedClass,com.github.pedrovgs.problem74.BubbleSort,CLASS
UsedClass,com.github.pedrovgs.problem3.SumBinaryNumbers,CLASS
UsedClass,com.github.pedrovgs.problem80.QuickSort,CLASS
UsedClass,com.github.pedrovgs.problem4.SquareRoot,CLASS
UsedClass,com.github.pedrovgs.problem73.SubtractAdding,CLASS
UsedClass,com.github.pedrovgs.problem27.ReverseSentence,CLASS
UsedClass,com.github.pedrovgs.problem18.IsBST,CLASS
UsedClass,com.github.pedrovgs.problem20.MultiplicationWithoutMultiply,CLASS
UsedClass,com.github.pedrovgs.problem16.BinaryTreePostOrder,CLASS
UsedClass,com.github.pedrovgs.problem29.AreAnagrams,CLASS
UsedClass,com.github.pedrovgs.problem11.IntToString,CLASS
UsedClass,com.github.pedrovgs.pair.Pair,CLASS
UsedMethod,com.github.pedrovgs.pair.Pair:<init>(Ljava/lang/Object;Ljava/lang/Object;)V,UNKNOWN
UsedMethod,com.github.pedrovgs.pair.Pair:equals(Ljava/lang/Object;)Z,UNKNOWN
BloatedMethod,com.github.pedrovgs.pair.Pair:hashCode()I,UNKNOWN
UsedMethod,com.github.pedrovgs.problem3.SumBinaryNumbers:<init>()V,UNKNOWN
UsedMethod,com.github.pedrovgs.problem3.SumBinaryNumbers:sumBinaryNumbersCheating(Ljava/lang/String;Ljava/lang/String;)Ljava/lang/String;,UNKNOWN
UsedMethod,com.github.pedrovgs.problem3.SumBinaryNumbers:sumBinaryNumbersBasedOnPowersOfTwo(Ljava/lang/String;Ljava/lang/String;)Ljava/lang/String;,UNKNOWN
UsedMethod,com.github.pedrovgs.problem3.SumBinaryNumbers:getValueAt(Ljava/lang/String;I)I,UNKNOWN
UsedMethod,com.github.pedrovgs.problem3.SumBinaryNumbers:sumBinaryNumbersBasedOnCount(Ljava/lang/String;Ljava/lang/String;)Ljava/lang/String;,UNKNOWN
UsedMethod,com.github.pedrovgs.problem3.SumBinaryNumbers:validateInput(Ljava/lang/String;Ljava/lang/String;)V,UNKNOWN
UsedMethod,com.github.pedrovgs.problem8.SplitArray:<init>()V,UNKNOWN
UsedMethod,com.github.pedrovgs.problem8.SplitArray:splitSorting([I)V,UNKNOWN
UsedMethod,com.github.pedrovgs.problem8.SplitArray:splitSwappingIterative([I)V,UNKNOWN
UsedMethod,com.github.pedrovgs.problem8.SplitArray:splitSwappingPartition([I)V,UNKNOWN
UsedMethod,com.github.pedrovgs.problem8.SplitArray:splitSwappingRecursive([I)V,UNKNOWN
UsedMethod,com.github.pedrovgs.problem8.SplitArray:splitSwappingRecursiveInner([III)V,UNKNOWN
UsedMethod,com.github.pedrovgs.problem8.SplitArray:swap([III)V,UNKNOWN
UsedMethod,com.github.pedrovgs.problem50.UniqueChars:<init>()V,UNKNOWN
UsedMethod,com.github.pedrovgs.problem50.UniqueChars:evaluate(Ljava/lang/String;)Z,UNKNOWN
UsedMethod,com.github.pedrovgs.problem50.UniqueChars:evaluate2(Ljava/lang/String;)Z,UNKNOWN
UsedMethod,com.github.pedrovgs.problem50.UniqueChars:validateInput(Ljava/lang/String;)V,UNKNOWN
UsedMethod,com.github.pedrovgs.problem63.ConstantComplexityOrderStack$MinValue:<init>(II)V,UNKNOWN
UsedMethod,com.github.pedrovgs.problem65.IsTreeBalanced:<init>()V,UNKNOWN
UsedMethod,com.github.pedrovgs.problem65.IsTreeBalanced:check(Lcom/github/pedrovgs/binarytree/BinaryNode;)Z,UNKNOWN
UsedMethod,com.github.pedrovgs.problem65.IsTreeBalanced:getRootHeight(Lcom/github/pedrovgs/binarytree/BinaryNode;)I,UNKNOWN
UsedMethod,com.github.pedrovgs.problem31.FindLongestConsecutiveSequence:<init>()V,UNKNOWN
UsedMethod,com.github.pedrovgs.problem31.FindLongestConsecutiveSequence:findIterative([I)I,UNKNOWN
UsedMethod,com.github.pedrovgs.problem31.FindLongestConsecutiveSequence:findRecursive([I)I,UNKNOWN
UsedMethod,com.github.pedrovgs.problem31.FindLongestConsecutiveSequence:findRecursiveInner([IIII)I,UNKNOWN
UsedMethod,com.github.pedrovgs.problem31.FindLongestConsecutiveSequence:validateInput([I)V,UNKNOWN
UsedMethod,com.github.pedrovgs.problem4.SquareRoot:<init>()V,UNKNOWN
UsedMethod,com.github.pedrovgs.problem4.SquareRoot:calculateSquareRootIterative(I)F,UNKNOWN
UsedMethod,com.github.pedrovgs.problem4.SquareRoot:calculateSquareRootRecursive(I)F,UNKNOWN
UsedMethod,com.github.pedrovgs.problem4.SquareRoot:sqrtRecursiveInner(FFF)F,UNKNOWN
UsedMethod,com.github.pedrovgs.problem4.SquareRoot:isGoodResultForSqrt(FF)Z,UNKNOWN
UsedMethod,com.github.pedrovgs.problem47.ReturnChange:<init>()V,UNKNOWN
UsedMethod,com.github.pedrovgs.problem47.ReturnChange:calculate([II)Ljava/util/List;,UNKNOWN
UsedMethod,com.github.pedrovgs.problem47.ReturnChange:validateInputData([II)V,UNKNOWN
UsedMethod,com.github.pedrovgs.problem1.BitsCounter:<init>()V,UNKNOWN
UsedMethod,com.github.pedrovgs.problem1.BitsCounter:countBitsToOneBasedOnString(I)I,UNKNOWN
UsedMethod,com.github.pedrovgs.problem1.BitsCounter:countBitsToOneBasedOnBinaryOperators(I)I,UNKNOWN
UsedMethod,com.github.pedrovgs.problem12.MoveZerosInArray:<init>()V,UNKNOWN
UsedMethod,com.github.pedrovgs.problem12.MoveZerosInArray:moveSorting([I)V,UNKNOWN
UsedMethod,com.github.pedrovgs.problem12.MoveZerosInArray:moveUsingTwoPointers([I)V,UNKNOWN
UsedMethod,com.github.pedrovgs.problem12.MoveZerosInArray:validateArray([I)V,UNKNOWN
UsedMethod,com.github.pedrovgs.problem12.MoveZerosInArray:swap([III)V,UNKNOWN
UsedMethod,com.github.pedrovgs.problem41.GoThroughMatrixInSpiral:<init>()V,UNKNOWN
UsedMethod,com.github.pedrovgs.problem41.GoThroughMatrixInSpiral:go([[I)[I,UNKNOWN
UsedMethod,com.github.pedrovgs.problem28.FindSums:<init>()V,UNKNOWN
UsedMethod,com.github.pedrovgs.problem28.FindSums:find([II)Ljava/util/List;,UNKNOWN
UsedMethod,com.github.pedrovgs.problem28.FindSums:findLinearComplexityOrder([II)Ljava/util/List;,UNKNOWN
UsedMethod,com.github.pedrovgs.problem28.FindSums:validateInput([I)V,UNKNOWN
UsedMethod,com.github.pedrovgs.problem26.Palindromes:<init>()V,UNKNOWN
UsedMethod,com.github.pedrovgs.problem26.Palindromes:evaluate(Ljava/lang/String;)Z,UNKNOWN
UsedMethod,com.github.pedrovgs.problem80.QuickSort:<init>()V,UNKNOWN
UsedMethod,com.github.pedrovgs.problem80.QuickSort:sort([I)V,UNKNOWN
UsedMethod,com.github.pedrovgs.problem80.QuickSort:quickSort([III)V,UNKNOWN
UsedMethod,com.github.pedrovgs.problem80.QuickSort:partition([III)I,UNKNOWN
UsedMethod,com.github.pedrovgs.problem63.ConstantComplexityOrderStack$Stack2:<init>()V,UNKNOWN
UsedMethod,com.github.pedrovgs.problem63.ConstantComplexityOrderStack$Stack2:push(I)V,UNKNOWN
UsedMethod,com.github.pedrovgs.problem63.ConstantComplexityOrderStack$Stack2:pop()Ljava/lang/Integer;,UNKNOWN
UsedMethod,com.github.pedrovgs.problem63.ConstantComplexityOrderStack$Stack2:getMin()I,UNKNOWN
UsedMethod,com.github.pedrovgs.problem63.ConstantComplexityOrderStack$Stack2:pop()Ljava/lang/Object;,UNKNOWN
UsedMethod,com.github.pedrovgs.problem30.ScientificNotation:<init>()V,UNKNOWN
UsedMethod,com.github.pedrovgs.problem30.ScientificNotation:calculate(Ljava/lang/String;)J,UNKNOWN
UsedMethod,com.github.pedrovgs.problem30.ScientificNotation:getPow(Ljava/lang/String;)I,UNKNOWN
UsedMethod,com.github.pedrovgs.problem30.ScientificNotation:getNumberSign(Ljava/lang/String;)I,UNKNOWN
UsedMethod,com.github.pedrovgs.problem30.ScientificNotation:getLeftPart(Ljava/lang/String;)D,UNKNOWN
UsedMethod,com.github.pedrovgs.problem30.ScientificNotation:splitScientificNumber(Ljava/lang/String;)[Ljava/lang/String;,UNKNOWN
UsedMethod,com.github.pedrovgs.problem20.MultiplicationWithoutMultiply:<init>()V,UNKNOWN
UsedMethod,com.github.pedrovgs.problem20.MultiplicationWithoutMultiply:calculate(II)I,UNKNOWN
UsedMethod,com.github.pedrovgs.problem63.ConstantComplexityOrderStack$Stack1:<init>()V,UNKNOWN
UsedMethod,com.github.pedrovgs.problem63.ConstantComplexityOrderStack$Stack1:push(I)V,UNKNOWN
UsedMethod,com.github.pedrovgs.problem63.ConstantComplexityOrderStack$Stack1:getMin()I,UNKNOWN
UsedMethod,com.github.pedrovgs.problem76.InsertionSort:<init>()V,UNKNOWN
UsedMethod,com.github.pedrovgs.problem76.InsertionSort:sort([I)V,UNKNOWN
UsedMethod,com.github.pedrovgs.problem14.BinaryTreePreOrder:<init>()V,UNKNOWN
UsedMethod,com.github.pedrovgs.problem14.BinaryTreePreOrder:getRecursive(Lcom/github/pedrovgs/binarytree/BinaryNode;)Ljava/util/List;,UNKNOWN
UsedMethod,com.github.pedrovgs.problem14.BinaryTreePreOrder:getInner(Lcom/github/pedrovgs/binarytree/BinaryNode;)Ljava/util/List;,UNKNOWN
UsedMethod,com.github.pedrovgs.problem14.BinaryTreePreOrder:getIterative(Lcom/github/pedrovgs/binarytree/BinaryNode;)Ljava/util/List;,UNKNOWN
UsedMethod,com.github.pedrovgs.problem14.BinaryTreePreOrder:validateBinaryNode(Lcom/github/pedrovgs/binarytree/BinaryNode;)V,UNKNOWN
UsedMethod,com.github.pedrovgs.problem45.FindNthMostRepeatedElement:<init>()V,UNKNOWN
UsedMethod,com.github.pedrovgs.problem45.FindNthMostRepeatedElement:find([II)I,UNKNOWN
UsedMethod,com.github.pedrovgs.problem45.FindNthMostRepeatedElement:validateInput([II)V,UNKNOWN
UsedMethod,com.github.pedrovgs.problem45.FindNthMostRepeatedElement:validateResult(Ljava/lang/Integer;)V,UNKNOWN
UsedMethod,com.github.pedrovgs.problem79.MergeSort:<init>()V,UNKNOWN
UsedMethod,com.github.pedrovgs.problem79.MergeSort:sort([I)V,UNKNOWN
UsedMethod,com.github.pedrovgs.problem79.MergeSort:mergeSort(II)V,UNKNOWN
UsedMethod,com.github.pedrovgs.problem79.MergeSort:merge(III)V,UNKNOWN
UsedMethod,com.github.pedrovgs.problem18.IsBST:<init>()V,UNKNOWN
UsedMethod,com.github.pedrovgs.problem18.IsBST:checkRecursive(Lcom/github/pedrovgs/binarytree/BinaryNode;)Z,UNKNOWN
UsedMethod,com.github.pedrovgs.problem18.IsBST:checkRecursiveInner(Lcom/github/pedrovgs/binarytree/BinaryNode;)Z,UNKNOWN
UsedMethod,com.github.pedrovgs.problem18.IsBST:checkIterative(Lcom/github/pedrovgs/binarytree/BinaryNode;)Z,UNKNOWN
UsedMethod,com.github.pedrovgs.problem18.IsBST:isListOrdered(Ljava/util/List;)Z,UNKNOWN
UsedMethod,com.github.pedrovgs.problem18.IsBST:validateInput(Lcom/github/pedrovgs/binarytree/BinaryNode;)V,UNKNOWN
UsedMethod,com.github.pedrovgs.problem21.LowestCommonAncestor:<init>()V,UNKNOWN
UsedMethod,com.github.pedrovgs.problem21.LowestCommonAncestor:getRecursive(Lcom/github/pedrovgs/binarytree/BinaryNode;Lcom/github/pedrovgs/binarytree/BinaryNode;Lcom/github/pedrovgs/binarytree/BinaryNode;)Lcom/github/pedrovgs/binarytree/BinaryNode;,UNKNOWN
UsedMethod,com.github.pedrovgs.problem21.LowestCommonAncestor:getRecursiveInner(Lcom/github/pedrovgs/binarytree/BinaryNode;Lcom/github/pedrovgs/binarytree/BinaryNode;Lcom/github/pedrovgs/binarytree/BinaryNode;)Lcom/github/pedrovgs/binarytree/BinaryNode;,UNKNOWN
UsedMethod,com.github.pedrovgs.problem21.LowestCommonAncestor:getIterative(Lcom/github/pedrovgs/binarytree/BinaryNode;Lcom/github/pedrovgs/binarytree/BinaryNode;Lcom/github/pedrovgs/binarytree/BinaryNode;)Lcom/github/pedrovgs/binarytree/BinaryNode;,UNKNOWN
UsedMethod,com.github.pedrovgs.problem21.LowestCommonAncestor:getPathTo(Lcom/github/pedrovgs/binarytree/BinaryNode;Lcom/github/pedrovgs/binarytree/BinaryNode;)Ljava/util/List;,UNKNOWN
UsedMethod,com.github.pedrovgs.problem21.LowestCommonAncestor:validateInput(Lcom/github/pedrovgs/binarytree/BinaryNode;Lcom/github/pedrovgs/binarytree/BinaryNode;Lcom/github/pedrovgs/binarytree/BinaryNode;)V,UNKNOWN
UsedMethod,com.github.pedrovgs.problem53.CompressString:<init>()V,UNKNOWN
UsedMethod,com.github.pedrovgs.problem53.CompressString:compress(Ljava/lang/String;)Ljava/lang/String;,UNKNOWN
UsedMethod,com.github.pedrovgs.problem53.CompressString:compressAlternativeApproach(Ljava/lang/String;)Ljava/lang/String;,UNKNOWN
UsedMethod,com.github.pedrovgs.problem53.CompressString:isCharRepeated(CC)Z,UNKNOWN
UsedMethod,com.github.pedrovgs.problem53.CompressString:appendLastCharIfNeeded(Ljava/lang/StringBuilder;IC)V,UNKNOWN
UsedMethod,com.github.pedrovgs.problem53.CompressString:compressRecursive(Ljava/lang/String;)Ljava/lang/String;,UNKNOWN
UsedMethod,com.github.pedrovgs.problem53.CompressString:compressRecursiveInner(Ljava/lang/String;Ljava/lang/StringBuilder;ICI)Ljava/lang/String;,UNKNOWN
UsedMethod,com.github.pedrovgs.problem53.CompressString:addCharCounterIfNeeded(Ljava/lang/StringBuilder;I)V,UNKNOWN
UsedMethod,com.github.pedrovgs.problem53.CompressString:addChar(Ljava/lang/StringBuilder;C)V,UNKNOWN
UsedMethod,com.github.pedrovgs.problem53.CompressString:validateInput(Ljava/lang/String;)V,UNKNOWN
UsedMethod,com.github.pedrovgs.linkedlist.ListNode:<init>(Ljava/lang/Object;)V,UNKNOWN
UsedMethod,com.github.pedrovgs.linkedlist.ListNode:getData()Ljava/lang/Object;,UNKNOWN
UsedMethod,com.github.pedrovgs.linkedlist.ListNode:setData(Ljava/lang/Object;)V,UNKNOWN
UsedMethod,com.github.pedrovgs.linkedlist.ListNode:getNext()Lcom/github/pedrovgs/linkedlist/ListNode;,UNKNOWN
UsedMethod,com.github.pedrovgs.linkedlist.ListNode:setNext(Lcom/github/pedrovgs/linkedlist/ListNode;)V,UNKNOWN
UsedMethod,com.github.pedrovgs.linkedlist.ListNode:equals(Ljava/lang/Object;)Z,UNKNOWN
UsedMethod,com.github.pedrovgs.linkedlist.ListNode:hashCode()I,UNKNOWN
UsedMethod,com.github.pedrovgs.linkedlist.ListNode:toString()Ljava/lang/String;,UNKNOWN
UsedMethod,com.github.pedrovgs.problem39.MultiplyArrayElements:<init>()V,UNKNOWN
UsedMethod,com.github.pedrovgs.problem39.MultiplyArrayElements:multiply([I)[I,UNKNOWN
UsedMethod,com.github.pedrovgs.problem69.BitsToTransform:<init>()V,UNKNOWN
UsedMethod,com.github.pedrovgs.problem69.BitsToTransform:calculate(II)I,UNKNOWN
UsedMethod,com.github.pedrovgs.problem17.BinaryTreeEquals:<init>()V,UNKNOWN
UsedMethod,com.github.pedrovgs.problem17.BinaryTreeEquals:areEqualsRecursive(Lcom/github/pedrovgs/binarytree/BinaryNode;Lcom/github/pedrovgs/binarytree/BinaryNode;)Z,UNKNOWN
UsedMethod,com.github.pedrovgs.problem17.BinaryTreeEquals:areEqualsInner(Lcom/github/pedrovgs/binarytree/BinaryNode;Lcom/github/pedrovgs/binarytree/BinaryNode;)Z,UNKNOWN
UsedMethod,com.github.pedrovgs.problem17.BinaryTreeEquals:areEqualsIterative(Lcom/github/pedrovgs/binarytree/BinaryNode;Lcom/github/pedrovgs/binarytree/BinaryNode;)Z,UNKNOWN
UsedMethod,com.github.pedrovgs.problem17.BinaryTreeEquals:addNodeToStack(Ljava/util/Stack;Lcom/github/pedrovgs/binarytree/BinaryNode;)V,UNKNOWN
UsedMethod,com.github.pedrovgs.problem17.BinaryTreeEquals:validateInput(Lcom/github/pedrovgs/binarytree/BinaryNode;Lcom/github/pedrovgs/binarytree/BinaryNode;)V,UNKNOWN
UsedMethod,com.github.pedrovgs.problem64.GetTheElementInTheMiddleOfTheList:<init>()V,UNKNOWN
UsedMethod,com.github.pedrovgs.problem64.GetTheElementInTheMiddleOfTheList:get(Lcom/github/pedrovgs/linkedlist/ListNode;)Lcom/github/pedrovgs/linkedlist/ListNode;,UNKNOWN
UsedMethod,com.github.pedrovgs.problem64.GetTheElementInTheMiddleOfTheList:getListSize(Lcom/github/pedrovgs/linkedlist/ListNode;)I,UNKNOWN
UsedMethod,com.github.pedrovgs.problem64.GetTheElementInTheMiddleOfTheList:get2(Lcom/github/pedrovgs/linkedlist/ListNode;)Lcom/github/pedrovgs/linkedlist/ListNode;,UNKNOWN
UsedMethod,com.github.pedrovgs.problem64.GetTheElementInTheMiddleOfTheList:validateInput(Lcom/github/pedrovgs/linkedlist/ListNode;)V,UNKNOWN
UsedMethod,com.github.pedrovgs.binarytree.BinaryNode:<init>(Ljava/lang/Object;)V,UNKNOWN
UsedMethod,com.github.pedrovgs.binarytree.BinaryNode:getData()Ljava/lang/Object;,UNKNOWN
UsedMethod,com.github.pedrovgs.binarytree.BinaryNode:getLeft()Lcom/github/pedrovgs/binarytree/BinaryNode;,UNKNOWN
UsedMethod,com.github.pedrovgs.binarytree.BinaryNode:setLeft(Lcom/github/pedrovgs/binarytree/BinaryNode;)V,UNKNOWN
UsedMethod,com.github.pedrovgs.binarytree.BinaryNode:getRight()Lcom/github/pedrovgs/binarytree/BinaryNode;,UNKNOWN
UsedMethod,com.github.pedrovgs.binarytree.BinaryNode:setRight(Lcom/github/pedrovgs/binarytree/BinaryNode;)V,UNKNOWN
UsedMethod,com.github.pedrovgs.binarytree.BinaryNode:hasLeft()Z,UNKNOWN
UsedMethod,com.github.pedrovgs.binarytree.BinaryNode:hasRight()Z,UNKNOWN
UsedMethod,com.github.pedrovgs.binarytree.BinaryNode:equals(Ljava/lang/Object;)Z,UNKNOWN
BloatedMethod,com.github.pedrovgs.binarytree.BinaryNode:hashCode()I,UNKNOWN
UsedMethod,com.github.pedrovgs.binarytree.BinaryNode:toString()Ljava/lang/String;,UNKNOWN
UsedMethod,com.github.pedrovgs.problem16.BinaryTreePostOrder:<init>()V,UNKNOWN
UsedMethod,com.github.pedrovgs.problem16.BinaryTreePostOrder:getRecursive(Lcom/github/pedrovgs/binarytree/BinaryNode;)Ljava/util/List;,UNKNOWN
UsedMethod,com.github.pedrovgs.problem16.BinaryTreePostOrder:getInner(Lcom/github/pedrovgs/binarytree/BinaryNode;)Ljava/util/List;,UNKNOWN
UsedMethod,com.github.pedrovgs.problem16.BinaryTreePostOrder:getIterative(Lcom/github/pedrovgs/binarytree/BinaryNode;)Ljava/util/List;,UNKNOWN
UsedMethod,com.github.pedrovgs.problem16.BinaryTreePostOrder:validateTree(Lcom/github/pedrovgs/binarytree/BinaryNode;)V,UNKNOWN
UsedMethod,com.github.pedrovgs.problem59.DeleteListNode:<init>()V,UNKNOWN
UsedMethod,com.github.pedrovgs.problem59.DeleteListNode:delete(Lcom/github/pedrovgs/linkedlist/ListNode;)V,UNKNOWN
UsedMethod,com.github.pedrovgs.problem59.DeleteListNode:validateInputData(Lcom/github/pedrovgs/linkedlist/ListNode;)V,UNKNOWN
UsedMethod,com.github.pedrovgs.problem46.BinaryTreeSerialization:<init>()V,UNKNOWN
UsedMethod,com.github.pedrovgs.problem46.BinaryTreeSerialization:serialize(Lcom/github/pedrovgs/binarytree/BinaryNode;)Ljava/lang/String;,UNKNOWN
UsedMethod,com.github.pedrovgs.problem46.BinaryTreeSerialization:serializeInner(Lcom/github/pedrovgs/binarytree/BinaryNode;)Ljava/lang/String;,UNKNOWN
UsedMethod,com.github.pedrovgs.problem46.BinaryTreeSerialization:deserialize(Ljava/lang/String;)Lcom/github/pedrovgs/binarytree/BinaryNode;,UNKNOWN
UsedMethod,com.github.pedrovgs.problem46.BinaryTreeSerialization:validateInputTree(Lcom/github/pedrovgs/binarytree/BinaryNode;)V,UNKNOWN
UsedMethod,com.github.pedrovgs.problem46.BinaryTreeSerialization:validateInput(Ljava/lang/String;)V,UNKNOWN
UsedMethod,com.github.pedrovgs.problem46.BinaryTreeSerialization:<clinit>()V,UNKNOWN
UsedMethod,com.github.pedrovgs.problem58.FindKthElement:<init>()V,UNKNOWN
UsedMethod,com.github.pedrovgs.problem58.FindKthElement:find(Lcom/github/pedrovgs/linkedlist/ListNode;I)Lcom/github/pedrovgs/linkedlist/ListNode;,UNKNOWN
UsedMethod,com.github.pedrovgs.problem58.FindKthElement:find2(Lcom/github/pedrovgs/linkedlist/ListNode;I)Lcom/github/pedrovgs/linkedlist/ListNode;,UNKNOWN
UsedMethod,com.github.pedrovgs.problem58.FindKthElement:find3(Lcom/github/pedrovgs/linkedlist/ListNode;I)Lcom/github/pedrovgs/linkedlist/ListNode;,UNKNOWN
UsedMethod,com.github.pedrovgs.problem58.FindKthElement:calculateListSize(Lcom/github/pedrovgs/linkedlist/ListNode;)I,UNKNOWN
UsedMethod,com.github.pedrovgs.problem58.FindKthElement:validateInput(Lcom/github/pedrovgs/linkedlist/ListNode;I)V,UNKNOWN
UsedMethod,com.github.pedrovgs.problem11.IntToString:<init>()V,UNKNOWN
UsedMethod,com.github.pedrovgs.problem11.IntToString:transform(I)Ljava/lang/String;,UNKNOWN
UsedMethod,com.github.pedrovgs.problem40.MoveElementsToPositions:<init>()V,UNKNOWN
UsedMethod,com.github.pedrovgs.problem40.MoveElementsToPositions:move([I)V,UNKNOWN
UsedMethod,com.github.pedrovgs.problem40.MoveElementsToPositions:validateInput([I)V,UNKNOWN
UsedMethod,com.github.pedrovgs.problem40.MoveElementsToPositions:checkIfElementIsInsideTheValidInterval(II)V,UNKNOWN
UsedMethod,com.github.pedrovgs.problem40.MoveElementsToPositions:swapElements([III)V,UNKNOWN
UsedMethod,com.github.pedrovgs.problem44.FindMinNumberAtPosition:<init>()V,UNKNOWN
UsedMethod,com.github.pedrovgs.problem44.FindMinNumberAtPosition:find(Lcom/github/pedrovgs/binarytree/BinaryNode;I)Ljava/lang/Integer;,UNKNOWN
UsedMethod,com.github.pedrovgs.problem44.FindMinNumberAtPosition:getOrderedElements(Lcom/github/pedrovgs/binarytree/BinaryNode;)Ljava/util/List;,UNKNOWN
UsedMethod,com.github.pedrovgs.problem44.FindMinNumberAtPosition:validatePosition(ILjava/util/List;)V,UNKNOWN
UsedMethod,com.github.pedrovgs.problem44.FindMinNumberAtPosition:validateInputData(Lcom/github/pedrovgs/binarytree/BinaryNode;I)V,UNKNOWN
UsedMethod,com.github.pedrovgs.problem7.FibonacciNumbers:<init>()V,UNKNOWN
UsedMethod,com.github.pedrovgs.problem7.FibonacciNumbers:getRecursive(J)J,UNKNOWN
UsedMethod,com.github.pedrovgs.problem7.FibonacciNumbers:getIterative(J)J,UNKNOWN
UsedMethod,com.github.pedrovgs.problem7.FibonacciNumbers:getRecursiveWithCaching(I)J,UNKNOWN
UsedMethod,com.github.pedrovgs.problem7.FibonacciNumbers:validateInput(J)V,UNKNOWN
UsedMethod,com.github.pedrovgs.problem7.FibonacciNumbers:<clinit>()V,UNKNOWN
UsedMethod,com.github.pedrovgs.problem57.RemoveListDuplicatedElements:<init>()V,UNKNOWN
UsedMethod,com.github.pedrovgs.problem57.RemoveListDuplicatedElements:remove(Lcom/github/pedrovgs/linkedlist/ListNode;)V,UNKNOWN
UsedMethod,com.github.pedrovgs.problem57.RemoveListDuplicatedElements:remove2(Lcom/github/pedrovgs/linkedlist/ListNode;)V,UNKNOWN
UsedMethod,com.github.pedrovgs.problem57.RemoveListDuplicatedElements:validateInput(Lcom/github/pedrovgs/linkedlist/ListNode;)V,UNKNOWN
UsedMethod,com.github.pedrovgs.problem57.RemoveListDuplicatedElements:removeNextNodesWithValue(Lcom/github/pedrovgs/linkedlist/ListNode;)V,UNKNOWN
UsedMethod,com.github.pedrovgs.problem68.IsEven:<init>()V,UNKNOWN
UsedMethod,com.github.pedrovgs.problem68.IsEven:check(I)Z,UNKNOWN
UsedMethod,com.github.pedrovgs.problem70.ReverseOrderOfBinaryNumber:<init>()V,UNKNOWN
UsedMethod,com.github.pedrovgs.problem70.ReverseOrderOfBinaryNumber:reverse(I)I,UNKNOWN
UsedMethod,com.github.pedrovgs.problem5.DivideUsingSubtraction:<init>()V,UNKNOWN
UsedMethod,com.github.pedrovgs.problem5.DivideUsingSubtraction:divideIterative(II)F,UNKNOWN
UsedMethod,com.github.pedrovgs.problem5.DivideUsingSubtraction:divideRecursive(II)F,UNKNOWN
UsedMethod,com.github.pedrovgs.problem5.DivideUsingSubtraction:validateInput(I)V,UNKNOWN
UsedMethod,com.github.pedrovgs.problem13.BinaryTreeByLevel:<init>()V,UNKNOWN
UsedMethod,com.github.pedrovgs.problem13.BinaryTreeByLevel:getUsingQueue(Lcom/github/pedrovgs/binarytree/BinaryNode;)Ljava/util/List;,UNKNOWN
UsedMethod,com.github.pedrovgs.problem13.BinaryTreeByLevel:getWithoutAdditionalDataStructures(Lcom/github/pedrovgs/binarytree/BinaryNode;)Ljava/util/List;,UNKNOWN
UsedMethod,com.github.pedrovgs.problem13.BinaryTreeByLevel:validateBinaryNode(Lcom/github/pedrovgs/binarytree/BinaryNode;)V,UNKNOWN
UsedMethod,com.github.pedrovgs.problem13.BinaryTreeByLevel:getDepth(Lcom/github/pedrovgs/binarytree/BinaryNode;)I,UNKNOWN
UsedMethod,com.github.pedrovgs.problem13.BinaryTreeByLevel:getNodesForLevel(Lcom/github/pedrovgs/binarytree/BinaryNode;I)Ljava/util/List;,UNKNOWN
UsedMethod,com.github.pedrovgs.problem62.PalindromeList:<init>()V,UNKNOWN
UsedMethod,com.github.pedrovgs.problem62.PalindromeList:checkReversing(Lcom/github/pedrovgs/linkedlist/ListNode;)Z,UNKNOWN
UsedMethod,com.github.pedrovgs.problem62.PalindromeList:checkIterative(Lcom/github/pedrovgs/linkedlist/ListNode;)Z,UNKNOWN
UsedMethod,com.github.pedrovgs.problem62.PalindromeList:validateInput(Lcom/github/pedrovgs/linkedlist/ListNode;)V,UNKNOWN
UsedMethod,com.github.pedrovgs.problem73.SubtractAdding:<init>()V,UNKNOWN
UsedMethod,com.github.pedrovgs.problem73.SubtractAdding:subtract(II)I,UNKNOWN
UsedMethod,com.github.pedrovgs.problem73.SubtractAdding:negate(I)I,UNKNOWN
UsedMethod,com.github.pedrovgs.problem51.ReverseString:<init>()V,UNKNOWN
UsedMethod,com.github.pedrovgs.problem51.ReverseString:reverseIterative(Ljava/lang/String;)Ljava/lang/String;,UNKNOWN
UsedMethod,com.github.pedrovgs.problem51.ReverseString:reverseRecursive(Ljava/lang/String;)Ljava/lang/String;,UNKNOWN
UsedMethod,com.github.pedrovgs.problem51.ReverseString:reverseRecursiveInner(Ljava/lang/String;ILjava/lang/StringBuilder;)Ljava/lang/String;,UNKNOWN
UsedMethod,com.github.pedrovgs.problem51.ReverseString:validateInput(Ljava/lang/String;)V,UNKNOWN
UsedMethod,com.github.pedrovgs.problem37.PathCalculator:<init>()V,UNKNOWN
UsedMethod,com.github.pedrovgs.problem37.PathCalculator:calculate(Ljava/lang/String;Ljava/lang/String;Ljava/lang/String;)Ljava/lang/String;,UNKNOWN
UsedMethod,com.github.pedrovgs.problem37.PathCalculator:calculatePath([[Ljava/lang/String;)[Ljava/lang/String;,UNKNOWN
UsedMethod,com.github.pedrovgs.problem22.ReverseLinkedList:<init>()V,UNKNOWN
UsedMethod,com.github.pedrovgs.problem22.ReverseLinkedList:reverseIterative(Lcom/github/pedrovgs/linkedlist/ListNode;)Lcom/github/pedrovgs/linkedlist/ListNode;,UNKNOWN
UsedMethod,com.github.pedrovgs.problem22.ReverseLinkedList:reverseRecursive(Lcom/github/pedrovgs/linkedlist/ListNode;)Lcom/github/pedrovgs/linkedlist/ListNode;,UNKNOWN
UsedMethod,com.github.pedrovgs.problem22.ReverseLinkedList:reverseRecursiveInner(Lcom/github/pedrovgs/linkedlist/ListNode;)Lcom/github/pedrovgs/linkedlist/ListNode;,UNKNOWN
UsedMethod,com.github.pedrovgs.problem22.ReverseLinkedList:validateInput(Lcom/github/pedrovgs/linkedlist/ListNode;)V,UNKNOWN
UsedMethod,com.github.pedrovgs.problem71.ReverseBinaryNumber:<init>()V,UNKNOWN
UsedMethod,com.github.pedrovgs.problem71.ReverseBinaryNumber:reverse(I)I,UNKNOWN
UsedMethod,com.github.pedrovgs.problem71.ReverseBinaryNumber:removeFirstOne(I)I,UNKNOWN
UsedMethod,com.github.pedrovgs.problem71.ReverseBinaryNumber:reverseBitsOrder(I)I,UNKNOWN
UsedMethod,com.github.pedrovgs.problem38.PathToEveryLeaf:<init>()V,UNKNOWN
UsedMethod,com.github.pedrovgs.problem38.PathToEveryLeaf:calculate(Lcom/github/pedrovgs/binarytree/BinaryNode;)Ljava/util/List;,UNKNOWN
UsedMethod,com.github.pedrovgs.problem38.PathToEveryLeaf:calculatePathToLeafs(Lcom/github/pedrovgs/binarytree/BinaryNode;Ljava/util/List;)Ljava/util/List;,UNKNOWN
UsedMethod,com.github.pedrovgs.problem78.AutoBoxingTrick:<init>()V,UNKNOWN
UsedMethod,com.github.pedrovgs.problem78.AutoBoxingTrick:compare(Ljava/lang/Integer;Ljava/lang/Integer;)Z,UNKNOWN
UsedMethod,com.github.pedrovgs.problem33.SimpleRegularExpression:<init>()V,UNKNOWN
UsedMethod,com.github.pedrovgs.problem33.SimpleRegularExpression:evaluate(Ljava/lang/String;Ljava/lang/String;)Z,UNKNOWN
UsedMethod,com.github.pedrovgs.problem72.FindTheMissingNumber:<init>()V,UNKNOWN
UsedMethod,com.github.pedrovgs.problem72.FindTheMissingNumber:find([I)I,UNKNOWN
UsedMethod,com.github.pedrovgs.problem72.FindTheMissingNumber:calculateSum([I)I,UNKNOWN
UsedMethod,com.github.pedrovgs.problem72.FindTheMissingNumber:validateInput([I)V,UNKNOWN
UsedMethod,com.github.pedrovgs.problem43.CombinationOfIntegers:<init>()V,UNKNOWN
UsedMethod,com.github.pedrovgs.problem43.CombinationOfIntegers:calculate(Ljava/util/Set;)Ljava/util/Set;,UNKNOWN
UsedMethod,com.github.pedrovgs.problem43.CombinationOfIntegers:validateInputSet(Ljava/util/Set;)V,UNKNOWN
UsedMethod,com.github.pedrovgs.problem6.MergeSortedArrays:<init>()V,UNKNOWN
UsedMethod,com.github.pedrovgs.problem6.MergeSortedArrays:merge([I[I)[I,UNKNOWN
UsedMethod,com.github.pedrovgs.problem6.MergeSortedArrays:validateArrays([I[I)V,UNKNOWN
UsedMethod,com.github.pedrovgs.problem75.SelectionSort:<init>()V,UNKNOWN
UsedMethod,com.github.pedrovgs.problem75.SelectionSort:sort([I)V,UNKNOWN
UsedMethod,com.github.pedrovgs.problem56.IsRotationUsingIsSubstring:<init>()V,UNKNOWN
UsedMethod,com.github.pedrovgs.problem56.IsRotationUsingIsSubstring:check(Ljava/lang/String;Ljava/lang/String;)Z,UNKNOWN
UsedMethod,com.github.pedrovgs.problem56.IsRotationUsingIsSubstring:isSubstring(Ljava/lang/String;Ljava/lang/String;)Z,UNKNOWN
UsedMethod,com.github.pedrovgs.problem56.IsRotationUsingIsSubstring:validateInput(Ljava/lang/String;Ljava/lang/String;)V,UNKNOWN
UsedMethod,com.github.pedrovgs.problem56.IsRotationUsingIsSubstring:haveSameLength(Ljava/lang/String;Ljava/lang/String;)Z,UNKNOWN
UsedMethod,com.github.pedrovgs.problem36.AvlTreeMedian:<init>()V,UNKNOWN
UsedMethod,com.github.pedrovgs.problem36.AvlTreeMedian:find(Lcom/github/pedrovgs/binarytree/BinaryNode;)D,UNKNOWN
UsedMethod,com.github.pedrovgs.problem24.SortedArrayToBST:<init>()V,UNKNOWN
UsedMethod,com.github.pedrovgs.problem24.SortedArrayToBST:transform([Ljava/lang/Integer;)Lcom/github/pedrovgs/binarytree/BinaryNode;,UNKNOWN
UsedMethod,com.github.pedrovgs.problem24.SortedArrayToBST:transformToBST([Ljava/lang/Integer;II)Lcom/github/pedrovgs/binarytree/BinaryNode;,UNKNOWN
UsedMethod,com.github.pedrovgs.problem49.CombinationsOfChange:<init>()V,UNKNOWN
UsedMethod,com.github.pedrovgs.problem49.CombinationsOfChange:get([II)Ljava/util/List;,UNKNOWN
UsedMethod,com.github.pedrovgs.problem49.CombinationsOfChange:getChange([II)Ljava/util/List;,UNKNOWN
UsedMethod,com.github.pedrovgs.problem49.CombinationsOfChange:validateInputData([II)V,UNKNOWN
UsedMethod,com.github.pedrovgs.problem54.RotateMatrix:<init>()V,UNKNOWN
UsedMethod,com.github.pedrovgs.problem54.RotateMatrix:rotate([[I)V,UNKNOWN
UsedMethod,com.github.pedrovgs.problem54.RotateMatrix:moveTopToRight([[IIII)V,UNKNOWN
UsedMethod,com.github.pedrovgs.problem54.RotateMatrix:moveRithToBottom([[IIII)V,UNKNOWN
UsedMethod,com.github.pedrovgs.problem54.RotateMatrix:moveBottomToLeft([[IIII)V,UNKNOWN
UsedMethod,com.github.pedrovgs.problem54.RotateMatrix:moveLeftToTop([[IIIII)V,UNKNOWN
UsedMethod,com.github.pedrovgs.problem54.RotateMatrix:validateInput([[I)V,UNKNOWN
UsedMethod,com.github.pedrovgs.problem48.WordSearch:<init>()V,UNKNOWN
UsedMethod,com.github.pedrovgs.problem48.WordSearch:contains([[CLjava/lang/String;)Z,UNKNOWN
UsedMethod,com.github.pedrovgs.problem48.WordSearch:isWordInWordSearchInner([[CLjava/lang/String;II)Z,UNKNOWN
UsedMethod,com.github.pedrovgs.problem48.WordSearch:matches([[CIIC)Z,UNKNOWN
UsedMethod,com.github.pedrovgs.problem48.WordSearch:validateInputData([[CLjava/lang/String;)V,UNKNOWN
UsedMethod,com.github.pedrovgs.problem2.VectorScalarProduct:<init>()V,UNKNOWN
UsedMethod,com.github.pedrovgs.problem2.VectorScalarProduct:calculateScalarProduct(Lcom/github/pedrovgs/problem2/Vector;Lcom/github/pedrovgs/problem2/Vector;)I,UNKNOWN
UsedMethod,com.github.pedrovgs.problem2.VectorScalarProduct:validateInput(Lcom/github/pedrovgs/problem2/Vector;Lcom/github/pedrovgs/problem2/Vector;)V,UNKNOWN
UsedMethod,com.github.pedrovgs.problem2.Vector:<init>([I)V,UNKNOWN
UsedMethod,com.github.pedrovgs.problem2.Vector:getAt(I)I,UNKNOWN
UsedMethod,com.github.pedrovgs.problem2.Vector:size()I,UNKNOWN
UsedMethod,com.github.pedrovgs.problem9.Factorial:<init>()V,UNKNOWN
UsedMethod,com.github.pedrovgs.problem9.Factorial:getIterative(I)I,UNKNOWN
UsedMethod,com.github.pedrovgs.problem9.Factorial:getRecursive(I)I,UNKNOWN
UsedMethod,com.github.pedrovgs.problem9.Factorial:getTailRecursive(I)I,UNKNOWN
UsedMethod,com.github.pedrovgs.problem9.Factorial:getTailRecursiveInner(II)I,UNKNOWN
UsedMethod,com.github.pedrovgs.problem9.Factorial:validateInput(I)V,UNKNOWN
UsedMethod,com.github.pedrovgs.problem34.DotRegularExpression:<init>()V,UNKNOWN
UsedMethod,com.github.pedrovgs.problem34.DotRegularExpression:evaluate([Ljava/lang/String;Ljava/lang/String;)[Ljava/lang/String;,UNKNOWN
UsedMethod,com.github.pedrovgs.problem34.DotRegularExpression:matchDotRegularExpression(Ljava/lang/String;Ljava/lang/String;)Z,UNKNOWN
UsedMethod,com.github.pedrovgs.problem10.RemoveDuplicates:<init>()V,UNKNOWN
UsedMethod,com.github.pedrovgs.problem10.RemoveDuplicates:removeUsingSet([Ljava/lang/Integer;)[Ljava/lang/Integer;,UNKNOWN
UsedMethod,com.github.pedrovgs.problem10.RemoveDuplicates:removeUsingSorting([Ljava/lang/Integer;)[Ljava/lang/Integer;,UNKNOWN
UsedMethod,com.github.pedrovgs.problem10.RemoveDuplicates:validateArray([Ljava/lang/Integer;)V,UNKNOWN
UsedMethod,com.github.pedrovgs.problem23.FakeFile:<init>([Ljava/lang/String;)V,UNKNOWN
UsedMethod,com.github.pedrovgs.problem23.FakeFile:getLine()Ljava/lang/String;,UNKNOWN
UsedMethod,com.github.pedrovgs.problem52.ReplaceSpaces:<init>()V,UNKNOWN
UsedMethod,com.github.pedrovgs.problem52.ReplaceSpaces:replace([C)V,UNKNOWN
UsedMethod,com.github.pedrovgs.problem52.ReplaceSpaces:copyArray([C[C)V,UNKNOWN
UsedMethod,com.github.pedrovgs.problem52.ReplaceSpaces:replace2([C)V,UNKNOWN
UsedMethod,com.github.pedrovgs.problem52.ReplaceSpaces:getLastCharPosition([C)I,UNKNOWN
UsedMethod,com.github.pedrovgs.problem52.ReplaceSpaces:validateInput([C)V,UNKNOWN
UsedMethod,com.github.pedrovgs.problem27.ReverseSentence:<init>()V,UNKNOWN
UsedMethod,com.github.pedrovgs.problem27.ReverseSentence:reverse(Ljava/lang/String;)Ljava/lang/String;,UNKNOWN
UsedMethod,com.github.pedrovgs.problem32.Contains:<init>()V,UNKNOWN
UsedMethod,com.github.pedrovgs.problem32.Contains:evaluate(Ljava/lang/String;Ljava/lang/String;)Z,UNKNOWN
UsedMethod,com.github.pedrovgs.problem29.AreAnagrams:<init>()V,UNKNOWN
UsedMethod,com.github.pedrovgs.problem29.AreAnagrams:check(Ljava/lang/String;Ljava/lang/String;)Z,UNKNOWN
UsedMethod,com.github.pedrovgs.problem55.RewriteRowAndColumnsWithZeros:<init>()V,UNKNOWN
UsedMethod,com.github.pedrovgs.problem55.RewriteRowAndColumnsWithZeros:rewrite([[I)V,UNKNOWN
UsedMethod,com.github.pedrovgs.problem55.RewriteRowAndColumnsWithZeros:rewriteRow([[IILjava/util/Set;)V,UNKNOWN
UsedMethod,com.github.pedrovgs.problem55.RewriteRowAndColumnsWithZeros:rewriteColumn([[IILjava/util/Set;)V,UNKNOWN
UsedMethod,com.github.pedrovgs.problem55.RewriteRowAndColumnsWithZeros:shouldPaintRowAndColumn([[IIILjava/util/Set;Ljava/util/Set;)Z,UNKNOWN
UsedMethod,com.github.pedrovgs.problem55.RewriteRowAndColumnsWithZeros:validateInput([[I)V,UNKNOWN
UsedMethod,com.github.pedrovgs.problem23.RemoveComments:<init>()V,UNKNOWN
UsedMethod,com.github.pedrovgs.problem23.RemoveComments:remove(Lcom/github/pedrovgs/problem23/FakeFile;)Ljava/lang/String;,UNKNOWN
UsedMethod,com.github.pedrovgs.problem25.Anagrams:<init>()V,UNKNOWN
UsedMethod,com.github.pedrovgs.problem25.Anagrams:get(Ljava/lang/String;)Ljava/util/List;,UNKNOWN
UsedMethod,com.github.pedrovgs.problem25.Anagrams:getAnagramsInner(Ljava/lang/String;Ljava/lang/String;)Ljava/util/List;,UNKNOWN
UsedMethod,com.github.pedrovgs.sortingalgorithm.SortingAlgorithm:<init>()V,UNKNOWN
UsedMethod,com.github.pedrovgs.sortingalgorithm.SortingAlgorithm:sort([I)V,UNKNOWN
UsedMethod,com.github.pedrovgs.sortingalgorithm.SortingAlgorithm:swap([III)V,UNKNOWN
UsedMethod,com.github.pedrovgs.sortingalgorithm.SortingAlgorithm:validateInput([I)V,UNKNOWN
UsedMethod,com.github.pedrovgs.problem67.MergeBinaryNumbers:<init>()V,UNKNOWN
UsedMethod,com.github.pedrovgs.problem67.MergeBinaryNumbers:merge(IIII)I,UNKNOWN
UsedMethod,com.github.pedrovgs.problem35.AsteriskRegularExpression:<init>()V,UNKNOWN
UsedMethod,com.github.pedrovgs.problem35.AsteriskRegularExpression:evaluate([Ljava/lang/String;Ljava/lang/String;)[Ljava/lang/String;,UNKNOWN
UsedMethod,com.github.pedrovgs.problem35.AsteriskRegularExpression:matchAsteriskRegularExpression(Ljava/lang/String;Ljava/lang/String;)Z,UNKNOWN
UsedMethod,com.github.pedrovgs.problem19.BinaryTreeDepth:<init>()V,UNKNOWN
UsedMethod,com.github.pedrovgs.problem19.BinaryTreeDepth:get(Lcom/github/pedrovgs/binarytree/BinaryNode;)I,UNKNOWN
UsedMethod,com.github.pedrovgs.problem19.BinaryTreeDepth:getInner(Lcom/github/pedrovgs/binarytree/BinaryNode;)I,UNKNOWN
UsedMethod,com.github.pedrovgs.problem66.TreeToListByLevel:<init>()V,UNKNOWN
UsedMethod,com.github.pedrovgs.problem66.TreeToListByLevel:transform(Lcom/github/pedrovgs/binarytree/BinaryNode;)Ljava/util/List;,UNKNOWN
UsedMethod,com.github.pedrovgs.problem74.BubbleSort:<init>()V,UNKNOWN
UsedMethod,com.github.pedrovgs.problem74.BubbleSort:sort([I)V,UNKNOWN
UsedMethod,com.github.pedrovgs.problem15.BinaryTreeInOrder:<init>()V,UNKNOWN
UsedMethod,com.github.pedrovgs.problem15.BinaryTreeInOrder:getRecursive(Lcom/github/pedrovgs/binarytree/BinaryNode;)Ljava/util/List;,UNKNOWN
UsedMethod,com.github.pedrovgs.problem15.BinaryTreeInOrder:getInner(Lcom/github/pedrovgs/binarytree/BinaryNode;)Ljava/util/List;,UNKNOWN
UsedMethod,com.github.pedrovgs.problem15.BinaryTreeInOrder:getIterative(Lcom/github/pedrovgs/binarytree/BinaryNode;)Ljava/util/List;,UNKNOWN
UsedMethod,com.github.pedrovgs.problem15.BinaryTreeInOrder:validateBinaryNode(Lcom/github/pedrovgs/binarytree/BinaryNode;)V,UNKNOWN
UsedMethod,com.github.pedrovgs.problem60.PartitionList:<init>()V,UNKNOWN
UsedMethod,com.github.pedrovgs.problem60.PartitionList:split(Lcom/github/pedrovgs/linkedlist/ListNode;I)Lcom/github/pedrovgs/linkedlist/ListNode;,UNKNOWN
UsedMethod,com.github.pedrovgs.problem60.PartitionList:mergeLists(Lcom/github/pedrovgs/linkedlist/ListNode;Lcom/github/pedrovgs/linkedlist/ListNode;)Lcom/github/pedrovgs/linkedlist/ListNode;,UNKNOWN
UsedMethod,com.github.pedrovgs.problem60.PartitionList:validateInput(Lcom/github/pedrovgs/linkedlist/ListNode;)V,UNKNOWN
UsedMethod,com.github.pedrovgs.problem42.FloodFill:<init>()V,UNKNOWN
UsedMethod,com.github.pedrovgs.problem42.FloodFill:apply([[IIIII)V,UNKNOWN
UsedMethod,com.github.pedrovgs.problem42.FloodFill:validatePicture([[I)V,UNKNOWN
UsedMethod,com.github.pedrovgs.problem42.FloodFill:getValueAt([[III)I,UNKNOWN
UsedMethod,com.github.pedrovgs.problem61.SumLists:<init>()V,UNKNOWN
UsedMethod,com.github.pedrovgs.problem61.SumLists:sumReverse(Lcom/github/pedrovgs/linkedlist/ListNode;Lcom/github/pedrovgs/linkedlist/ListNode;)I,UNKNOWN
UsedMethod,com.github.pedrovgs.problem61.SumLists:calculateReverseNumber(Lcom/github/pedrovgs/linkedlist/ListNode;)I,UNKNOWN
UsedMethod,com.github.pedrovgs.problem61.SumLists:sum(Lcom/github/pedrovgs/linkedlist/ListNode;Lcom/github/pedrovgs/linkedlist/ListNode;)I,UNKNOWN
UsedMethod,com.github.pedrovgs.problem61.SumLists:calculateNumber(Lcom/github/pedrovgs/linkedlist/ListNode;)I,UNKNOWN
UsedMethod,com.github.pedrovgs.problem61.SumLists:getListSize(Lcom/github/pedrovgs/linkedlist/ListNode;)I,UNKNOWN
UsedMethod,com.github.pedrovgs.problem61.SumLists:validateInput(Lcom/github/pedrovgs/linkedlist/ListNode;Lcom/github/pedrovgs/linkedlist/ListNode;)V,UNKNOWN
