{
"com.github.pedrovgs.problem55.RewriteRowAndColumnsWithZeros": ["RewriteRowAndColumnsWithZeros()V","rewrite([[I)V","validateInput([[I)V","shouldPaintRowAndColumn([[IIILjava/util/Set;Ljava/util/Set;)Z","rewriteRow([[IILjava/util/Set;)V","rewriteColumn([[IILjava/util/Set;)V"],
"com.github.pedrovgs.problem52.ReplaceSpaces": ["ReplaceSpaces()V","replace([C)V","validateInput([C)V","replace2([C)V","getLastCharPosition([C)I","copyArray([C[C)V"],
"com.github.pedrovgs.problem64.GetTheElementInTheMiddleOfTheList": ["GetTheElementInTheMiddleOfTheList()V","get(Lcom/github/pedrovgs/linkedlist/ListNode;)Lcom/github/pedrovgs/linkedlist/ListNode;","validateInput(Lcom/github/pedrovgs/linkedlist/ListNode;)V","getListSize(Lcom/github/pedrovgs/linkedlist/ListNode;)I","get2(Lcom/github/pedrovgs/linkedlist/ListNode;)Lcom/github/pedrovgs/linkedlist/ListNode;"],
"com.github.pedrovgs.linkedlist.ListNode": ["ListNode(Ljava/lang/Object;)V","setNext(Lcom/github/pedrovgs/linkedlist/ListNode;)V","getNext()Lcom/github/pedrovgs/linkedlist/ListNode;","getData()Ljava/lang/Object;","equals(Ljava/lang/Object;)Z","setData(Ljava/lang/Object;)V"],
"com.github.pedrovgs.problem63.ConstantComplexityOrderStack$Stack1": ["ConstantComplexityOrderStack$Stack1()V","push(I)V","getMin()I"],
"com.github.pedrovgs.problem63.ConstantComplexityOrderStack$Stack2": ["ConstantComplexityOrderStack$Stack2()V","push(I)V","getMin()I","pop()Ljava/lang/Integer;"],
"com.github.pedrovgs.problem63.ConstantComplexityOrderStack$MinValue": ["ConstantComplexityOrderStack$MinValue(II)V"],
"com.github.pedrovgs.problem37.PathCalculator": ["PathCalculator()V","calculate(Ljava/lang/String;Ljava/lang/String;Ljava/lang/String;)Ljava/lang/String;","calculatePath([[Ljava/lang/String;)[Ljava/lang/String;"],
"com.github.pedrovgs.problem30.ScientificNotation": ["ScientificNotation()V","calculate(Ljava/lang/String;)J","splitScientificNumber(Ljava/lang/String;)[Ljava/lang/String;","getLeftPart(Ljava/lang/String;)D","getNumberSign(Ljava/lang/String;)I","getPow(Ljava/lang/String;)I"],
"com.github.pedrovgs.problem39.MultiplyArrayElements": ["MultiplyArrayElements()V","multiply([I)[I"],
"com.github.pedrovgs.problem62.PalindromeList": ["PalindromeList()V","checkReversing(Lcom/github/pedrovgs/linkedlist/ListNode;)Z","validateInput(Lcom/github/pedrovgs/linkedlist/ListNode;)V","checkIterative(Lcom/github/pedrovgs/linkedlist/ListNode;)Z"],
"com.github.pedrovgs.problem22.ReverseLinkedList": ["ReverseLinkedList()V","reverseIterative(Lcom/github/pedrovgs/linkedlist/ListNode;)Lcom/github/pedrovgs/linkedlist/ListNode;","validateInput(Lcom/github/pedrovgs/linkedlist/ListNode;)V","reverseRecursive(Lcom/github/pedrovgs/linkedlist/ListNode;)Lcom/github/pedrovgs/linkedlist/ListNode;","reverseRecursiveInner(Lcom/github/pedrovgs/linkedlist/ListNode;)Lcom/github/pedrovgs/linkedlist/ListNode;"],
"com.github.pedrovgs.problem65.IsTreeBalanced": ["IsTreeBalanced()V","check(Lcom/github/pedrovgs/binarytree/BinaryNode;)Z","getRootHeight(Lcom/github/pedrovgs/binarytree/BinaryNode;)I"],
"com.github.pedrovgs.binarytree.BinaryNode": ["BinaryNode(Ljava/lang/Object;)V","setLeft(Lcom/github/pedrovgs/binarytree/BinaryNode;)V","setRight(Lcom/github/pedrovgs/binarytree/BinaryNode;)V","getLeft()Lcom/github/pedrovgs/binarytree/BinaryNode;","getRight()Lcom/github/pedrovgs/binarytree/BinaryNode;","equals(Ljava/lang/Object;)Z","getData()Ljava/lang/Object;","hasRight()Z","hasLeft()Z"],
"com.github.pedrovgs.problem53.CompressString": ["CompressString()V","compressRecursive(Ljava/lang/String;)Ljava/lang/String;","validateInput(Ljava/lang/String;)V","compressRecursiveInner(Ljava/lang/String;Ljava/lang/StringBuilder;ICI)Ljava/lang/String;","isCharRepeated(CC)Z","addChar(Ljava/lang/StringBuilder;C)V","addCharCounterIfNeeded(Ljava/lang/StringBuilder;I)V","compressAlternativeApproach(Ljava/lang/String;)Ljava/lang/String;","compress(Ljava/lang/String;)Ljava/lang/String;","appendLastCharIfNeeded(Ljava/lang/StringBuilder;IC)V"],
"com.github.pedrovgs.problem54.RotateMatrix": ["RotateMatrix()V","rotate([[I)V","validateInput([[I)V","moveLeftToTop([[IIIII)V","moveBottomToLeft([[IIII)V","moveRithToBottom([[IIII)V","moveTopToRight([[IIII)V"],
"com.github.pedrovgs.problem38.PathToEveryLeaf": ["PathToEveryLeaf()V","calculate(Lcom/github/pedrovgs/binarytree/BinaryNode;)Ljava/util/List;","calculatePathToLeafs(Lcom/github/pedrovgs/binarytree/BinaryNode;Ljava/util/List;)Ljava/util/List;"],
"com.github.pedrovgs.problem31.FindLongestConsecutiveSequence": ["FindLongestConsecutiveSequence()V","findRecursive([I)I","validateInput([I)V","findRecursiveInner([IIII)I","findIterative([I)I"],
"com.github.pedrovgs.problem36.AvlTreeMedian": ["AvlTreeMedian()V","find(Lcom/github/pedrovgs/binarytree/BinaryNode;)D"],
"com.github.pedrovgs.problem15.BinaryTreeInOrder": ["BinaryTreeInOrder()V","getIterative(Lcom/github/pedrovgs/binarytree/BinaryNode;)Ljava/util/List;","validateBinaryNode(Lcom/github/pedrovgs/binarytree/BinaryNode;)V","getRecursive(Lcom/github/pedrovgs/binarytree/BinaryNode;)Ljava/util/List;","getInner(Lcom/github/pedrovgs/binarytree/BinaryNode;)Ljava/util/List;"],
"com.github.pedrovgs.problem14.BinaryTreePreOrder": ["BinaryTreePreOrder()V","getRecursive(Lcom/github/pedrovgs/binarytree/BinaryNode;)Ljava/util/List;","validateBinaryNode(Lcom/github/pedrovgs/binarytree/BinaryNode;)V","getInner(Lcom/github/pedrovgs/binarytree/BinaryNode;)Ljava/util/List;","getIterative(Lcom/github/pedrovgs/binarytree/BinaryNode;)Ljava/util/List;"],
"com.github.pedrovgs.problem13.BinaryTreeByLevel": ["BinaryTreeByLevel()V","getWithoutAdditionalDataStructures(Lcom/github/pedrovgs/binarytree/BinaryNode;)Ljava/util/List;","validateBinaryNode(Lcom/github/pedrovgs/binarytree/BinaryNode;)V","getDepth(Lcom/github/pedrovgs/binarytree/BinaryNode;)I","getNodesForLevel(Lcom/github/pedrovgs/binarytree/BinaryNode;I)Ljava/util/List;","getUsingQueue(Lcom/github/pedrovgs/binarytree/BinaryNode;)Ljava/util/List;"],
"com.github.pedrovgs.problem25.Anagrams": ["Anagrams()V","get(Ljava/lang/String;)Ljava/util/List;","getAnagramsInner(Ljava/lang/String;Ljava/lang/String;)Ljava/util/List;"],
"com.github.pedrovgs.problem49.CombinationsOfChange": ["CombinationsOfChange()V","get([II)Ljava/util/List;","validateInputData([II)V","getChange([II)Ljava/util/List;"],
"com.github.pedrovgs.problem47.ReturnChange": ["ReturnChange()V","calculate([II)Ljava/util/List;","validateInputData([II)V"],
"com.github.pedrovgs.problem76.InsertionSort": ["InsertionSort()V","sort([I)V"],
"com.github.pedrovgs.sortingalgorithm.SortingAlgorithm": ["SortingAlgorithm()V","validateInput([I)V","swap([III)V"],
"com.github.pedrovgs.problem1.BitsCounter": ["BitsCounter()V","countBitsToOneBasedOnBinaryOperators(I)I","countBitsToOneBasedOnString(I)I"],
"com.github.pedrovgs.problem6.MergeSortedArrays": ["MergeSortedArrays()V","merge([I[I)[I","validateArrays([I[I)V"],
"com.github.pedrovgs.problem71.ReverseBinaryNumber": ["ReverseBinaryNumber()V","reverse(I)I","reverseBitsOrder(I)I","removeFirstOne(I)I"],
"com.github.pedrovgs.problem70.ReverseOrderOfBinaryNumber": ["ReverseOrderOfBinaryNumber()V","reverse(I)I"],
"com.github.pedrovgs.problem78.AutoBoxingTrick": ["AutoBoxingTrick()V","compare(Ljava/lang/Integer;Ljava/lang/Integer;)Z"],
"com.github.pedrovgs.problem8.SplitArray": ["SplitArray()V","splitSwappingPartition([I)V","swap([III)V","splitSorting([I)V","splitSwappingIterative([I)V","splitSwappingRecursive([I)V","splitSwappingRecursiveInner([III)V"],
"com.github.pedrovgs.problem40.MoveElementsToPositions": ["MoveElementsToPositions()V","move([I)V","validateInput([I)V","checkIfElementIsInsideTheValidInterval(II)V","swapElements([III)V"],
"com.github.pedrovgs.problem23.RemoveComments": ["RemoveComments()V","remove(Lcom/github/pedrovgs/problem23/FakeFile;)Ljava/lang/String;"],
"com.github.pedrovgs.problem23.FakeFile": ["FakeFile([Ljava/lang/String;)V","getLine()Ljava/lang/String;"],
"com.github.pedrovgs.problem24.SortedArrayToBST": ["SortedArrayToBST()V","transform([Ljava/lang/Integer;)Lcom/github/pedrovgs/binarytree/BinaryNode;","transformToBST([Ljava/lang/Integer;II)Lcom/github/pedrovgs/binarytree/BinaryNode;"],
"com.github.pedrovgs.problem12.MoveZerosInArray": ["MoveZerosInArray()V","moveSorting([I)V","validateArray([I)V","moveUsingTwoPointers([I)V","swap([III)V"],
"com.github.pedrovgs.problem9.Factorial": ["Factorial()V","getRecursive(I)I","validateInput(I)V","getIterative(I)I","getTailRecursive(I)I","getTailRecursiveInner(II)I"],
"com.github.pedrovgs.problem41.GoThroughMatrixInSpiral": ["GoThroughMatrixInSpiral()V","go([[I)[I"],
"com.github.pedrovgs.problem79.MergeSort": ["MergeSort()V","sort([I)V","mergeSort(II)V","merge(III)V"],
"com.github.pedrovgs.problem46.BinaryTreeSerialization": ["<clinit>()V","BinaryTreeSerialization()V","serialize(Lcom/github/pedrovgs/binarytree/BinaryNode;)Ljava/lang/String;","validateInputTree(Lcom/github/pedrovgs/binarytree/BinaryNode;)V","deserialize(Ljava/lang/String;)Lcom/github/pedrovgs/binarytree/BinaryNode;","validateInput(Ljava/lang/String;)V","serializeInner(Lcom/github/pedrovgs/binarytree/BinaryNode;)Ljava/lang/String;"],
"com.github.pedrovgs.problem7.FibonacciNumbers": ["<clinit>()V","FibonacciNumbers()V","getRecursiveWithCaching(I)J","validateInput(J)V","getRecursive(J)J","getIterative(J)J"],
"com.github.pedrovgs.problem48.WordSearch": ["WordSearch()V","contains([[CLjava/lang/String;)Z","validateInputData([[CLjava/lang/String;)V","matches([[CIIC)Z","isWordInWordSearchInner([[CLjava/lang/String;II)Z"],
"com.github.pedrovgs.problem33.SimpleRegularExpression": ["SimpleRegularExpression()V","evaluate(Ljava/lang/String;Ljava/lang/String;)Z"],
"com.github.pedrovgs.problem34.DotRegularExpression": ["DotRegularExpression()V","evaluate([Ljava/lang/String;Ljava/lang/String;)[Ljava/lang/String;","matchDotRegularExpression(Ljava/lang/String;Ljava/lang/String;)Z"],
"com.github.pedrovgs.problem51.ReverseString": ["ReverseString()V","reverseIterative(Ljava/lang/String;)Ljava/lang/String;","validateInput(Ljava/lang/String;)V","reverseRecursive(Ljava/lang/String;)Ljava/lang/String;","reverseRecursiveInner(Ljava/lang/String;ILjava/lang/StringBuilder;)Ljava/lang/String;"],
"com.github.pedrovgs.problem56.IsRotationUsingIsSubstring": ["IsRotationUsingIsSubstring()V","check(Ljava/lang/String;Ljava/lang/String;)Z","validateInput(Ljava/lang/String;Ljava/lang/String;)V","haveSameLength(Ljava/lang/String;Ljava/lang/String;)Z","isSubstring(Ljava/lang/String;Ljava/lang/String;)Z"],
"com.github.pedrovgs.problem69.BitsToTransform": ["BitsToTransform()V","calculate(II)I"],
"com.github.pedrovgs.problem60.PartitionList": ["PartitionList()V","split(Lcom/github/pedrovgs/linkedlist/ListNode;I)Lcom/github/pedrovgs/linkedlist/ListNode;","validateInput(Lcom/github/pedrovgs/linkedlist/ListNode;)V","mergeLists(Lcom/github/pedrovgs/linkedlist/ListNode;Lcom/github/pedrovgs/linkedlist/ListNode;)Lcom/github/pedrovgs/linkedlist/ListNode;"],
"com.github.pedrovgs.problem67.MergeBinaryNumbers": ["MergeBinaryNumbers()V","merge(IIII)I"],
"com.github.pedrovgs.problem58.FindKthElement": ["FindKthElement()V","find2(Lcom/github/pedrovgs/linkedlist/ListNode;I)Lcom/github/pedrovgs/linkedlist/ListNode;","validateInput(Lcom/github/pedrovgs/linkedlist/ListNode;I)V","calculateListSize(Lcom/github/pedrovgs/linkedlist/ListNode;)I","find3(Lcom/github/pedrovgs/linkedlist/ListNode;I)Lcom/github/pedrovgs/linkedlist/ListNode;","find(Lcom/github/pedrovgs/linkedlist/ListNode;I)Lcom/github/pedrovgs/linkedlist/ListNode;"],
"com.github.pedrovgs.problem35.AsteriskRegularExpression": ["AsteriskRegularExpression()V","evaluate([Ljava/lang/String;Ljava/lang/String;)[Ljava/lang/String;","matchAsteriskRegularExpression(Ljava/lang/String;Ljava/lang/String;)Z"],
"com.github.pedrovgs.problem32.Contains": ["Contains()V","evaluate(Ljava/lang/String;Ljava/lang/String;)Z"],
"com.github.pedrovgs.problem66.TreeToListByLevel": ["TreeToListByLevel()V","transform(Lcom/github/pedrovgs/binarytree/BinaryNode;)Ljava/util/List;"],
"com.github.pedrovgs.problem59.DeleteListNode": ["DeleteListNode()V","delete(Lcom/github/pedrovgs/linkedlist/ListNode;)V","validateInputData(Lcom/github/pedrovgs/linkedlist/ListNode;)V"],
"com.github.pedrovgs.problem61.SumLists": ["SumLists()V","sum(Lcom/github/pedrovgs/linkedlist/ListNode;Lcom/github/pedrovgs/linkedlist/ListNode;)I","validateInput(Lcom/github/pedrovgs/linkedlist/ListNode;Lcom/github/pedrovgs/linkedlist/ListNode;)V","calculateNumber(Lcom/github/pedrovgs/linkedlist/ListNode;)I","getListSize(Lcom/github/pedrovgs/linkedlist/ListNode;)I","sumReverse(Lcom/github/pedrovgs/linkedlist/ListNode;Lcom/github/pedrovgs/linkedlist/ListNode;)I","calculateReverseNumber(Lcom/github/pedrovgs/linkedlist/ListNode;)I"],
"com.github.pedrovgs.problem57.RemoveListDuplicatedElements": ["RemoveListDuplicatedElements()V","remove2(Lcom/github/pedrovgs/linkedlist/ListNode;)V","validateInput(Lcom/github/pedrovgs/linkedlist/ListNode;)V","removeNextNodesWithValue(Lcom/github/pedrovgs/linkedlist/ListNode;)V","remove(Lcom/github/pedrovgs/linkedlist/ListNode;)V"],
"com.github.pedrovgs.problem68.IsEven": ["IsEven()V","check(I)Z"],
"com.github.pedrovgs.problem50.UniqueChars": ["UniqueChars()V","evaluate(Ljava/lang/String;)Z","validateInput(Ljava/lang/String;)V","evaluate2(Ljava/lang/String;)Z"],
"com.github.pedrovgs.problem5.DivideUsingSubtraction": ["DivideUsingSubtraction()V","divideIterative(II)F","validateInput(I)V","divideRecursive(II)F"],
"com.github.pedrovgs.problem72.FindTheMissingNumber": ["FindTheMissingNumber()V","find([I)I","validateInput([I)V","calculateSum([I)I"],
"com.github.pedrovgs.problem75.SelectionSort": ["SelectionSort()V","sort([I)V"],
"com.github.pedrovgs.problem2.VectorScalarProduct": ["VectorScalarProduct()V","calculateScalarProduct(Lcom/github/pedrovgs/problem2/Vector;Lcom/github/pedrovgs/problem2/Vector;)I","validateInput(Lcom/github/pedrovgs/problem2/Vector;Lcom/github/pedrovgs/problem2/Vector;)V"],
"com.github.pedrovgs.problem2.Vector": ["Vector([I)V","size()I","getAt(I)I"],
"com.github.pedrovgs.problem43.CombinationOfIntegers": ["CombinationOfIntegers()V","calculate(Ljava/util/Set;)Ljava/util/Set;","validateInputSet(Ljava/util/Set;)V"],
"com.github.pedrovgs.problem44.FindMinNumberAtPosition": ["FindMinNumberAtPosition()V","find(Lcom/github/pedrovgs/binarytree/BinaryNode;I)Ljava/lang/Integer;","validateInputData(Lcom/github/pedrovgs/binarytree/BinaryNode;I)V","getOrderedElements(Lcom/github/pedrovgs/binarytree/BinaryNode;)Ljava/util/List;","validatePosition(ILjava/util/List;)V"],
"com.github.pedrovgs.problem10.RemoveDuplicates": ["RemoveDuplicates()V","removeUsingSet([Ljava/lang/Integer;)[Ljava/lang/Integer;","validateArray([Ljava/lang/Integer;)V","removeUsingSorting([Ljava/lang/Integer;)[Ljava/lang/Integer;"],
"com.github.pedrovgs.problem17.BinaryTreeEquals": ["BinaryTreeEquals()V","areEqualsRecursive(Lcom/github/pedrovgs/binarytree/BinaryNode;Lcom/github/pedrovgs/binarytree/BinaryNode;)Z","validateInput(Lcom/github/pedrovgs/binarytree/BinaryNode;Lcom/github/pedrovgs/binarytree/BinaryNode;)V","areEqualsInner(Lcom/github/pedrovgs/binarytree/BinaryNode;Lcom/github/pedrovgs/binarytree/BinaryNode;)Z","areEqualsIterative(Lcom/github/pedrovgs/binarytree/BinaryNode;Lcom/github/pedrovgs/binarytree/BinaryNode;)Z","addNodeToStack(Ljava/util/Stack;Lcom/github/pedrovgs/binarytree/BinaryNode;)V"],
"com.github.pedrovgs.problem28.FindSums": ["FindSums()V","find([II)Ljava/util/List;","validateInput([I)V","findLinearComplexityOrder([II)Ljava/util/List;"],
"com.github.pedrovgs.pair.Pair": ["Pair(Ljava/lang/Object;Ljava/lang/Object;)V","equals(Ljava/lang/Object;)Z"],
"com.github.pedrovgs.problem21.LowestCommonAncestor": ["LowestCommonAncestor()V","getIterative(Lcom/github/pedrovgs/binarytree/BinaryNode;Lcom/github/pedrovgs/binarytree/BinaryNode;Lcom/github/pedrovgs/binarytree/BinaryNode;)Lcom/github/pedrovgs/binarytree/BinaryNode;","validateInput(Lcom/github/pedrovgs/binarytree/BinaryNode;Lcom/github/pedrovgs/binarytree/BinaryNode;Lcom/github/pedrovgs/binarytree/BinaryNode;)V","getRecursive(Lcom/github/pedrovgs/binarytree/BinaryNode;Lcom/github/pedrovgs/binarytree/BinaryNode;Lcom/github/pedrovgs/binarytree/BinaryNode;)Lcom/github/pedrovgs/binarytree/BinaryNode;","getRecursiveInner(Lcom/github/pedrovgs/binarytree/BinaryNode;Lcom/github/pedrovgs/binarytree/BinaryNode;Lcom/github/pedrovgs/binarytree/BinaryNode;)Lcom/github/pedrovgs/binarytree/BinaryNode;","getPathTo(Lcom/github/pedrovgs/binarytree/BinaryNode;Lcom/github/pedrovgs/binarytree/BinaryNode;)Ljava/util/List;"],
"com.github.pedrovgs.problem26.Palindromes": ["Palindromes()V","evaluate(Ljava/lang/String;)Z"],
"com.github.pedrovgs.problem19.BinaryTreeDepth": ["BinaryTreeDepth()V","get(Lcom/github/pedrovgs/binarytree/BinaryNode;)I","getInner(Lcom/github/pedrovgs/binarytree/BinaryNode;)I"],
"com.github.pedrovgs.problem45.FindNthMostRepeatedElement": ["FindNthMostRepeatedElement()V","find([II)I","validateInput([II)V","validateResult(Ljava/lang/Integer;)V"],
"com.github.pedrovgs.problem42.FloodFill": ["FloodFill()V","apply([[IIIII)V","validatePicture([[I)V","getValueAt([[III)I"],
"com.github.pedrovgs.problem74.BubbleSort": ["BubbleSort()V","sort([I)V"],
"com.github.pedrovgs.problem3.SumBinaryNumbers": ["SumBinaryNumbers()V","sumBinaryNumbersBasedOnPowersOfTwo(Ljava/lang/String;Ljava/lang/String;)Ljava/lang/String;","validateInput(Ljava/lang/String;Ljava/lang/String;)V","getValueAt(Ljava/lang/String;I)I","sumBinaryNumbersCheating(Ljava/lang/String;Ljava/lang/String;)Ljava/lang/String;","sumBinaryNumbersBasedOnCount(Ljava/lang/String;Ljava/lang/String;)Ljava/lang/String;"],
"com.github.pedrovgs.problem80.QuickSort": ["QuickSort()V","sort([I)V","quickSort([III)V","partition([III)I"],
"com.github.pedrovgs.problem4.SquareRoot": ["SquareRoot()V","calculateSquareRootRecursive(I)F","sqrtRecursiveInner(FFF)F","calculateSquareRootIterative(I)F","isGoodResultForSqrt(FF)Z"],
"com.github.pedrovgs.problem73.SubtractAdding": ["SubtractAdding()V","subtract(II)I","negate(I)I"],
"com.github.pedrovgs.problem27.ReverseSentence": ["ReverseSentence()V","reverse(Ljava/lang/String;)Ljava/lang/String;"],
"com.github.pedrovgs.problem18.IsBST": ["IsBST()V","checkRecursive(Lcom/github/pedrovgs/binarytree/BinaryNode;)Z","validateInput(Lcom/github/pedrovgs/binarytree/BinaryNode;)V","checkRecursiveInner(Lcom/github/pedrovgs/binarytree/BinaryNode;)Z","checkIterative(Lcom/github/pedrovgs/binarytree/BinaryNode;)Z","isListOrdered(Ljava/util/List;)Z"],
"com.github.pedrovgs.problem20.MultiplicationWithoutMultiply": ["MultiplicationWithoutMultiply()V","calculate(II)I"],
"com.github.pedrovgs.problem16.BinaryTreePostOrder": ["BinaryTreePostOrder()V","getRecursive(Lcom/github/pedrovgs/binarytree/BinaryNode;)Ljava/util/List;","validateTree(Lcom/github/pedrovgs/binarytree/BinaryNode;)V","getInner(Lcom/github/pedrovgs/binarytree/BinaryNode;)Ljava/util/List;","getIterative(Lcom/github/pedrovgs/binarytree/BinaryNode;)Ljava/util/List;"],
"com.github.pedrovgs.problem29.AreAnagrams": ["AreAnagrams()V","check(Ljava/lang/String;Ljava/lang/String;)Z"],
"com.github.pedrovgs.problem11.IntToString": ["IntToString()V","transform(I)Ljava/lang/String;"]
}