JCov,com.taobao.profile.config.ConfigureProperties,<init>(Ljava/util/Properties;Ljava/util/Properties;)V
JCov,com.taobao.profile.config.ConfigureProperties,getProperty(Ljava/lang/String;)Ljava/lang/String;
JCov,com.taobao.profile.utils.Utilities,repleseVariables(Ljava/lang/String;Ljava/util/Map;)Ljava/lang/String;
Yajta,com.taobao.profile.config.ConfigureProperties,ConfigureProperties(Ljava/util/Properties;Ljava/util/Properties;)V
Yajta,com.taobao.profile.config.ConfigureProperties,getProperty(Ljava/lang/String;)Ljava/lang/String;
Yajta,com.taobao.profile.utils.Utilities,repleseVariables(Ljava/lang/String;Ljava/util/Map;)Ljava/lang/String;
JaCoCo,com.taobao.profile.config.ConfigureProperties,<init>(Ljava/util/Properties;Ljava/util/Properties;)V
JaCoCo,com.taobao.profile.config.ConfigureProperties,getProperty(Ljava/lang/String;)Ljava/lang/String;
JaCoCo,com.taobao.profile.utils.Utilities,repleseVariables(Ljava/lang/String;Ljava/util/Map;)Ljava/lang/String;
JVM,com.taobao.profile.utils.Utilities,UNKNOWN
JVM,com.taobao.profile.config.ConfigureProperties,UNKNOWN
JVM,com.taobao.profile.utils.VariableNotFoundException,UNKNOWN
