BloatedClass,org.objectweb.asm.MethodAdapter,CLASS
BloatedClass,org.objectweb.asm.ClassWriter,CLASS
BloatedClass,org.objectweb.asm.Label,CLASS
BloatedClass,org.objectweb.asm.Edge,SINGLETON
BloatedClass,org.objectweb.asm.signature.SignatureWriter,CLASS
BloatedClass,org.objectweb.asm.signature.SignatureReader,CLASS
PreservedClass,org.objectweb.asm.signature.SignatureVisitor,INTERFACE
PreservedClass,org.objectweb.asm.FieldWriter,CONSTANT
PreservedClass,org.objectweb.asm.Opcodes,INTERFACE
PreservedClass,org.objectweb.asm.Item,CONSTANT
BloatedClass,org.objectweb.asm.Type,SINGLETON
PreservedClass,org.objectweb.asm.ClassVisitor,INTERFACE
PreservedClass,org.objectweb.asm.FieldVisitor,INTERFACE
PreservedClass,org.objectweb.asm.AnnotationWriter,CONSTANT
PreservedClass,org.objectweb.asm.Frame,CONSTANT
BloatedClass,org.objectweb.asm.MethodWriter,SINGLETON
BloatedClass,org.objectweb.asm.ClassAdapter,CLASS
BloatedClass,org.objectweb.asm.Handler,SINGLETON
PreservedClass,org.objectweb.asm.MethodVisitor,INTERFACE
PreservedClass,org.objectweb.asm.AnnotationVisitor,INTERFACE
BloatedClass,org.objectweb.asm.ByteVector,CLASS
BloatedClass,org.objectweb.asm.Attribute,SINGLETON
BloatedClass,org.objectweb.asm.ClassReader,CLASS
BloatedClass,com.taobao.profile.Manager,SINGLETON
BloatedClass,com.taobao.profile.dependence_query.RecordSlowQuery,CLASS
BloatedClass,com.taobao.profile.dependence_query.IMethodAdapter,UNKNOWN
BloatedClass,com.taobao.profile.dependence_query.mysql.MysqlProfFilter,SINGLETON
BloatedClass,com.taobao.profile.dependence_query.mysql.MysqlProfClassAdapter$1,UNKNOWN
BloatedClass,com.taobao.profile.dependence_query.mysql.MysqlProfClassAdapter,UNKNOWN
BloatedClass,com.taobao.profile.dependence_query.IClassAdapter,UNKNOWN
BloatedClass,com.taobao.profile.dependence_query.SlowQueryData,CLASS
BloatedClass,com.taobao.profile.analysis.TimeSortData,CLASS
BloatedClass,com.taobao.profile.analysis.SamplerLogAnalysis,CLASS
BloatedClass,com.taobao.profile.analysis.ProfilerLogAnalysis,CLASS
BloatedClass,com.taobao.profile.analysis.ProfilerLogAnalysis$1,SINGLETON
BloatedClass,com.taobao.profile.analysis.ProfilerLogAnalysis$MethodStack,SINGLETON
BloatedClass,com.taobao.profile.analysis.CompareObject,CLASS
BloatedClass,com.taobao.profile.instrument.ProfMethodAdapter,UNKNOWN
BloatedClass,com.taobao.profile.instrument.ProfTransformer,CLASS
BloatedClass,com.taobao.profile.instrument.ProfClassAdapter,UNKNOWN
BloatedClass,com.taobao.profile.config.ProfFilter,CLASS
UsedClass,com.taobao.profile.config.ConfigureProperties,CLASS
BloatedClass,com.taobao.profile.config.ProfConfig,CLASS
BloatedClass,com.taobao.profile.runtime.ProfStack,CLASS
BloatedClass,com.taobao.profile.runtime.MethodInfo,CLASS
BloatedClass,com.taobao.profile.runtime.ThreadData,CLASS
BloatedClass,com.taobao.profile.runtime.MethodCache,CLASS
UsedClass,com.taobao.profile.utils.Utilities,SINGLETON
BloatedClass,com.taobao.profile.utils.MathUtils,SINGLETON
BloatedClass,com.taobao.profile.utils.DailyRollingFileWriter$RollingCalendar,SINGLETON
BloatedClass,com.taobao.profile.utils.DailyRollingFileWriter$1,SINGLETON
BloatedClass,com.taobao.profile.utils.DailyRollingFileWriter,CLASS
UsedClass,com.taobao.profile.utils.VariableNotFoundException,EXCEPTION
BloatedClass,com.taobao.profile.Profiler,UNKNOWN
BloatedClass,com.taobao.profile.Main,CLASS
BloatedClass,com.taobao.profile.thread.TimeControlThread$InnerControlTime,SINGLETON
BloatedClass,com.taobao.profile.thread.TimeControlThread$1,SINGLETON
BloatedClass,com.taobao.profile.thread.InnerSocketThread,CLASS
BloatedClass,com.taobao.profile.thread.DataDumpThread,UNKNOWN
BloatedClass,com.taobao.profile.thread.TimeControlThread,UNKNOWN
BloatedClass,com.taobao.profile.thread.SamplerThread,UNKNOWN
BloatedClass,com.taobao.profile.client.TProfilerClient,CLASS
UsedMethod,com.taobao.profile.config.ConfigureProperties:<init>(Ljava/util/Properties;Ljava/util/Properties;)V,UNKNOWN
UsedMethod,com.taobao.profile.config.ConfigureProperties:setProperty(Ljava/lang/String;Ljava/lang/String;)Ljava/lang/Object;,UNKNOWN
BloatedMethod,com.taobao.profile.config.ConfigureProperties:load(Ljava/io/Reader;)V,UNKNOWN
UsedMethod,com.taobao.profile.config.ConfigureProperties:size()I,UNKNOWN
UsedMethod,com.taobao.profile.config.ConfigureProperties:isEmpty()Z,UNKNOWN
UsedMethod,com.taobao.profile.config.ConfigureProperties:keys()Ljava/util/Enumeration;,UNKNOWN
UsedMethod,com.taobao.profile.config.ConfigureProperties:elements()Ljava/util/Enumeration;,UNKNOWN
BloatedMethod,com.taobao.profile.config.ConfigureProperties:load(Ljava/io/InputStream;)V,UNKNOWN
UsedMethod,com.taobao.profile.config.ConfigureProperties:contains(Ljava/lang/Object;)Z,UNKNOWN
UsedMethod,com.taobao.profile.config.ConfigureProperties:containsValue(Ljava/lang/Object;)Z,UNKNOWN
UsedMethod,com.taobao.profile.config.ConfigureProperties:containsKey(Ljava/lang/Object;)Z,UNKNOWN
UsedMethod,com.taobao.profile.config.ConfigureProperties:get(Ljava/lang/Object;)Ljava/lang/Object;,UNKNOWN
UsedMethod,com.taobao.profile.config.ConfigureProperties:put(Ljava/lang/Object;Ljava/lang/Object;)Ljava/lang/Object;,UNKNOWN
UsedMethod,com.taobao.profile.config.ConfigureProperties:remove(Ljava/lang/Object;)Ljava/lang/Object;,UNKNOWN
BloatedMethod,com.taobao.profile.config.ConfigureProperties:putAll(Ljava/util/Map;)V,UNKNOWN
BloatedMethod,com.taobao.profile.config.ConfigureProperties:clear()V,UNKNOWN
UsedMethod,com.taobao.profile.config.ConfigureProperties:clone()Ljava/lang/Object;,UNKNOWN
UsedMethod,com.taobao.profile.config.ConfigureProperties:toString()Ljava/lang/String;,UNKNOWN
UsedMethod,com.taobao.profile.config.ConfigureProperties:keySet()Ljava/util/Set;,UNKNOWN
UsedMethod,com.taobao.profile.config.ConfigureProperties:entrySet()Ljava/util/Set;,UNKNOWN
BloatedMethod,com.taobao.profile.config.ConfigureProperties:save(Ljava/io/OutputStream;Ljava/lang/String;)V,UNKNOWN
BloatedMethod,com.taobao.profile.config.ConfigureProperties:store(Ljava/io/Writer;Ljava/lang/String;)V,UNKNOWN
UsedMethod,com.taobao.profile.config.ConfigureProperties:values()Ljava/util/Collection;,UNKNOWN
BloatedMethod,com.taobao.profile.config.ConfigureProperties:store(Ljava/io/OutputStream;Ljava/lang/String;)V,UNKNOWN
UsedMethod,com.taobao.profile.config.ConfigureProperties:equals(Ljava/lang/Object;)Z,UNKNOWN
UsedMethod,com.taobao.profile.config.ConfigureProperties:hashCode()I,UNKNOWN
BloatedMethod,com.taobao.profile.config.ConfigureProperties:loadFromXML(Ljava/io/InputStream;)V,UNKNOWN
BloatedMethod,com.taobao.profile.config.ConfigureProperties:storeToXML(Ljava/io/OutputStream;Ljava/lang/String;)V,UNKNOWN
BloatedMethod,com.taobao.profile.config.ConfigureProperties:storeToXML(Ljava/io/OutputStream;Ljava/lang/String;Ljava/lang/String;)V,UNKNOWN
UsedMethod,com.taobao.profile.config.ConfigureProperties:getProperty(Ljava/lang/String;)Ljava/lang/String;,UNKNOWN
BloatedMethod,com.taobao.profile.config.ConfigureProperties:getProperty(Ljava/lang/String;Ljava/lang/String;)Ljava/lang/String;,UNKNOWN
UsedMethod,com.taobao.profile.config.ConfigureProperties:propertyNames()Ljava/util/Enumeration;,UNKNOWN
UsedMethod,com.taobao.profile.config.ConfigureProperties:stringPropertyNames()Ljava/util/Set;,UNKNOWN
BloatedMethod,com.taobao.profile.config.ConfigureProperties:list(Ljava/io/PrintStream;)V,UNKNOWN
BloatedMethod,com.taobao.profile.config.ConfigureProperties:list(Ljava/io/PrintWriter;)V,UNKNOWN
UsedMethod,com.taobao.profile.utils.Utilities:<init>()V,UNKNOWN
UsedMethod,com.taobao.profile.utils.Utilities:repleseVariables(Ljava/lang/String;Ljava/util/Map;)Ljava/lang/String;,UNKNOWN
