asm-3.3.1,BloatedClass,org.objectweb.asm.ClassWriter
asm-3.3.1,BloatedClass,org.objectweb.asm.AnnotationVisitor
asm-3.3.1,BloatedClass,org.objectweb.asm.ByteVector
asm-3.3.1,BloatedClass,org.objectweb.asm.Opcodes
asm-3.3.1,BloatedClass,org.objectweb.asm.MethodVisitor
asm-3.3.1,BloatedClass,org.objectweb.asm.Edge
asm-3.3.1,BloatedClass,org.objectweb.asm.FieldWriter
asm-3.3.1,BloatedClass,org.objectweb.asm.ClassAdapter
asm-3.3.1,BloatedClass,org.objectweb.asm.FieldVisitor
asm-3.3.1,BloatedClass,org.objectweb.asm.Label
asm-3.3.1,BloatedClass,org.objectweb.asm.Handler
asm-3.3.1,BloatedClass,org.objectweb.asm.signature.SignatureReader
asm-3.3.1,BloatedClass,org.objectweb.asm.Type
asm-3.3.1,BloatedClass,org.objectweb.asm.Item
asm-3.3.1,BloatedClass,org.objectweb.asm.ClassReader
asm-3.3.1,BloatedClass,org.objectweb.asm.MethodAdapter
asm-3.3.1,BloatedClass,org.objectweb.asm.Attribute
asm-3.3.1,BloatedClass,org.objectweb.asm.signature.SignatureWriter
asm-3.3.1,BloatedClass,org.objectweb.asm.AnnotationWriter
asm-3.3.1,BloatedClass,org.objectweb.asm.MethodWriter
asm-3.3.1,BloatedClass,org.objectweb.asm.signature.SignatureVisitor
asm-3.3.1,BloatedClass,org.objectweb.asm.ClassVisitor
asm-3.3.1,BloatedClass,org.objectweb.asm.Frame
asm-3.3.1,BloatedClass,org.objectweb.asm.ClassWriter
asm-3.3.1,BloatedClass,org.objectweb.asm.AnnotationVisitor
asm-3.3.1,BloatedClass,org.objectweb.asm.ByteVector
asm-3.3.1,BloatedClass,org.objectweb.asm.Opcodes
asm-3.3.1,BloatedClass,org.objectweb.asm.MethodVisitor
asm-3.3.1,BloatedClass,org.objectweb.asm.Edge
asm-3.3.1,BloatedClass,org.objectweb.asm.FieldWriter
asm-3.3.1,BloatedClass,org.objectweb.asm.ClassAdapter
asm-3.3.1,BloatedClass,org.objectweb.asm.FieldVisitor
asm-3.3.1,BloatedClass,org.objectweb.asm.Label
asm-3.3.1,BloatedClass,org.objectweb.asm.Handler
asm-3.3.1,BloatedClass,org.objectweb.asm.signature.SignatureReader
asm-3.3.1,BloatedClass,org.objectweb.asm.Type
asm-3.3.1,BloatedClass,org.objectweb.asm.Item
asm-3.3.1,BloatedClass,org.objectweb.asm.ClassReader
asm-3.3.1,BloatedClass,org.objectweb.asm.MethodAdapter
asm-3.3.1,BloatedClass,org.objectweb.asm.Attribute
asm-3.3.1,BloatedClass,org.objectweb.asm.signature.SignatureWriter
asm-3.3.1,BloatedClass,org.objectweb.asm.AnnotationWriter
asm-3.3.1,BloatedClass,org.objectweb.asm.MethodWriter
asm-3.3.1,BloatedClass,org.objectweb.asm.signature.SignatureVisitor
asm-3.3.1,BloatedClass,org.objectweb.asm.ClassVisitor
asm-3.3.1,BloatedClass,org.objectweb.asm.Frame
asm-3.3.1,BloatedClass,org.objectweb.asm.ClassWriter
asm-3.3.1,BloatedClass,org.objectweb.asm.AnnotationVisitor
asm-3.3.1,BloatedClass,org.objectweb.asm.ByteVector
asm-3.3.1,BloatedClass,org.objectweb.asm.Opcodes
asm-3.3.1,BloatedClass,org.objectweb.asm.MethodVisitor
asm-3.3.1,BloatedClass,org.objectweb.asm.Edge
asm-3.3.1,BloatedClass,org.objectweb.asm.FieldWriter
asm-3.3.1,BloatedClass,org.objectweb.asm.ClassAdapter
asm-3.3.1,BloatedClass,org.objectweb.asm.FieldVisitor
asm-3.3.1,BloatedClass,org.objectweb.asm.Label
asm-3.3.1,BloatedClass,org.objectweb.asm.Handler
asm-3.3.1,BloatedClass,org.objectweb.asm.signature.SignatureReader
asm-3.3.1,BloatedClass,org.objectweb.asm.Type
asm-3.3.1,BloatedClass,org.objectweb.asm.Item
asm-3.3.1,BloatedClass,org.objectweb.asm.ClassReader
asm-3.3.1,BloatedClass,org.objectweb.asm.MethodAdapter
asm-3.3.1,BloatedClass,org.objectweb.asm.Attribute
asm-3.3.1,BloatedClass,org.objectweb.asm.signature.SignatureWriter
asm-3.3.1,BloatedClass,org.objectweb.asm.AnnotationWriter
asm-3.3.1,BloatedClass,org.objectweb.asm.MethodWriter
asm-3.3.1,BloatedClass,org.objectweb.asm.signature.SignatureVisitor
asm-3.3.1,BloatedClass,org.objectweb.asm.ClassVisitor
asm-3.3.1,BloatedClass,org.objectweb.asm.Frame
jcov-file-saver-1.0,BloatedClass,com.sun.tdk.jcov.tools.JcovVersion
jcov-file-saver-1.0,BloatedClass,com.sun.tdk.jcov.runtime.TemplateFileSaver
jcov-file-saver-1.0,BloatedClass,com.sun.tdk.jcov.runtime.CollectDetect$ThreadInfo
jcov-file-saver-1.0,BloatedClass,com.sun.tdk.jcov.runtime.Collect
jcov-file-saver-1.0,BloatedClass,com.sun.tdk.jcov.constants.MiscConstants
jcov-file-saver-1.0,BloatedClass,com.sun.tdk.jcov.runtime.SaverDecorator
jcov-file-saver-1.0,BloatedClass,com.sun.tdk.jcov.runtime.CollectDetect
jcov-file-saver-1.0,BloatedClass,com.sun.tdk.jcov.runtime.JCovSaver
jcov-file-saver-1.0,BloatedClass,com.sun.tdk.jcov.runtime.PropertyFinder$1
jcov-file-saver-1.0,BloatedClass,com.sun.tdk.jcov.runtime.PropertyFinder
jcov-file-saver-1.0,BloatedClass,com.sun.tdk.jcov.util.MapHelper
jcov-file-saver-1.0,BloatedClass,com.sun.tdk.jcov.util.RuntimeUtils
