<?xml version="1.0" encoding="UTF-8"?>
<beans xmlns="http://www.springframework.org/schema/beans"
       xmlns:xsi="http://www.w3.org/2001/XMLSchema-instance"
       xmlns:dubbo="http://code.alibabatech.com/schema/dubbo"
       xsi:schemaLocation="http://www.springframework.org/schema/beans
        http://www.springframework.org/schema/beans/spring-beans.xsd
        http://code.alibabatech.com/schema/dubbo http://code.alibabatech.com/schema/dubbo/dubbo.xsd">
    
    <dubbo:application name="${dubbo.application.name}" owner="${dubbo.application.owner}"/>

    <bean class="com.dubboclub.dk.web.utils.ContextHolder" />
    <bean class="com.dubboclub.dk.web.properties.DubboKeeperConfigurer">
        <property name="locations">
            <value>
                classpath*:/dubbo.properties
            </value>
        </property>
    </bean>

    <dubbo:reference interface="com.dubboclub.dk.storage.StatisticsStorage" check="false"  id="statisticsStorage"/>

</beans>